<?xml version="1.0" encoding="UTF-8" standalone="no" ?>
<gpx xmlns="http://www.topografix.com/GPX/1/1" xmlns:gpxx="http://www.garmin.com/xmlschemas/GpxExtensions/v3" xmlns:gpxtpx="http://www.garmin.com/xmlschemas/TrackPointExtension/v1" creator="mapstogpx.com" version="1.1" xmlns:xsi="http://www.w3.org/2001/XMLSchema-instance" xsi:schemaLocation="http://www.topografix.com/GPX/1/1 http://www.topografix.com/GPX/1/1/gpx.xsd http://www.garmin.com/xmlschemas/GpxExtensions/v3 http://www.garmin.com/xmlschemas/GpxExtensionsv3.xsd http://www.garmin.com/xmlschemas/TrackPointExtension/v1 http://www.garmin.com/xmlschemas/TrackPointExtensionv1.xsd">
  <metadata>
    <link href="http://www.mapstogpx.com">
      <text>Sverrir Sigmundarson</text>
    </link>
    <!--desc>Map data ©2024 GeoBasis-DE/BKG (©2009), Google</desc-->
    <!--copyright author="Google Inc">
    	<year>2024</year>
    	<license>https://developers.google.com/maps/terms</license>
    </copyright-->
    <!--url>https://www.google.de/maps/dir/48.452984,10.0549242/Cognizant+Mobility+GmbH,+Ingolst%C3%A4dter+Stra%C3%9Fe,+M%C3%BCnchen-Milbertshofen-Am+Hart/@48.1312519,9.5050235,161235m/data=!3m1!1e3!4m9!4m8!1m0!1m5!1m1!1s0x479e744153e55555:0x5509d2effe5e125f!2m2!1d11.5832379!2d48.1891751!3e0?entry=tts&g_ep=EgoyMDI0MTAyNy4wKgBIAVAD&hl=en</url-->
    <time>2024-10-31T14:02:39Z</time>
  </metadata>
<trk>
  <name>89275 Elchingen to Cognizant Mobility GmbH</name>
  <number>1</number>
  <trkseg>
  <trkpt lat="48.4529446" lon="10.0549257">
    <name>TP001</name>
  </trkpt>
  <trkpt lat="48.45295" lon="10.055">
    <name>TP002</name>
  </trkpt>
  <trkpt lat="48.45295" lon="10.05502">
    <name>TP003</name>
  </trkpt>
  <trkpt lat="48.45296" lon="10.05529">
    <name>TP004</name>
  </trkpt>
  <trkpt lat="48.45296" lon="10.05532">
    <name>TP005</name>
  </trkpt>
  <trkpt lat="48.45296" lon="10.05537">
    <name>TP006</name>
  </trkpt>
  <trkpt lat="48.45298" lon="10.05558">
    <name>TP007</name>
  </trkpt>
  <trkpt lat="48.45298" lon="10.05561">
    <name>TP008</name>
  </trkpt>
  <trkpt lat="48.45299" lon="10.05564">
    <name>TP009</name>
  </trkpt>
  <trkpt lat="48.45303" lon="10.05586">
    <name>TP010</name>
  </trkpt>
  <trkpt lat="48.45303" lon="10.05587">
    <name>TP011</name>
  </trkpt>
  <trkpt lat="48.45303" lon="10.0559">
    <name>TP012</name>
  </trkpt>
  <trkpt lat="48.45307" lon="10.05615">
    <name>TP013</name>
  </trkpt>
  <trkpt lat="48.45308" lon="10.05616">
    <name>TP014</name>
  </trkpt>
  <trkpt lat="48.45309" lon="10.05621">
    <name>TP015</name>
  </trkpt>
  <trkpt lat="48.45312" lon="10.0564">
    <name>TP016</name>
  </trkpt>
  <trkpt lat="48.45313" lon="10.05643">
    <name>TP017</name>
  </trkpt>
  <trkpt lat="48.45317" lon="10.05658">
    <name>TP018</name>
  </trkpt>
  <trkpt lat="48.45318" lon="10.05661">
    <name>TP019</name>
  </trkpt>
  <trkpt lat="48.45321" lon="10.05673">
    <name>TP020</name>
  </trkpt>
  <trkpt lat="48.45324" lon="10.05685">
    <name>TP021</name>
  </trkpt>
  <trkpt lat="48.45328" lon="10.05699">
    <name>TP022</name>
  </trkpt>
  <trkpt lat="48.4533" lon="10.05714">
    <name>TP023</name>
  </trkpt>
  <trkpt lat="48.4533" lon="10.05715">
    <name>TP024</name>
  </trkpt>
  <trkpt lat="48.45337" lon="10.05731">
    <name>TP025</name>
  </trkpt>
  <trkpt lat="48.4533722" lon="10.0573057">
    <name>TP026</name>
  </trkpt>
  <trkpt lat="48.45339" lon="10.05749">
    <name>TP027</name>
  </trkpt>
  <trkpt lat="48.45344" lon="10.05796">
    <name>TP028</name>
  </trkpt>
  <trkpt lat="48.4535" lon="10.05845">
    <name>TP029</name>
  </trkpt>
  <trkpt lat="48.45352" lon="10.05863">
    <name>TP030</name>
  </trkpt>
  <trkpt lat="48.45355" lon="10.05891">
    <name>TP031</name>
  </trkpt>
  <trkpt lat="48.45357" lon="10.05916">
    <name>TP032</name>
  </trkpt>
  <trkpt lat="48.45363" lon="10.05964">
    <name>TP033</name>
  </trkpt>
  <trkpt lat="48.45368" lon="10.06011">
    <name>TP034</name>
  </trkpt>
  <trkpt lat="48.45371" lon="10.06034">
    <name>TP035</name>
  </trkpt>
  <trkpt lat="48.45373" lon="10.06056">
    <name>TP036</name>
  </trkpt>
  <trkpt lat="48.45379" lon="10.06105">
    <name>TP037</name>
  </trkpt>
  <trkpt lat="48.45384" lon="10.0615">
    <name>TP038</name>
  </trkpt>
  <trkpt lat="48.4539" lon="10.06199">
    <name>TP039</name>
  </trkpt>
  <trkpt lat="48.45407" lon="10.06335">
    <name>TP040</name>
  </trkpt>
  <trkpt lat="48.45418" lon="10.06426">
    <name>TP041</name>
  </trkpt>
  <trkpt lat="48.45428" lon="10.06506">
    <name>TP042</name>
  </trkpt>
  <trkpt lat="48.45438" lon="10.06579">
    <name>TP043</name>
  </trkpt>
  <trkpt lat="48.45453" lon="10.06682">
    <name>TP044</name>
  </trkpt>
  <trkpt lat="48.4547" lon="10.06796">
    <name>TP045</name>
  </trkpt>
  <trkpt lat="48.45473" lon="10.06814">
    <name>TP046</name>
  </trkpt>
  <trkpt lat="48.45478" lon="10.06838">
    <name>TP047</name>
  </trkpt>
  <trkpt lat="48.45489" lon="10.06899">
    <name>TP048</name>
  </trkpt>
  <trkpt lat="48.45501" lon="10.06958">
    <name>TP049</name>
  </trkpt>
  <trkpt lat="48.45506" lon="10.06983">
    <name>TP050</name>
  </trkpt>
  <trkpt lat="48.45515" lon="10.07026">
    <name>TP051</name>
  </trkpt>
  <trkpt lat="48.45515" lon="10.07027">
    <name>TP052</name>
  </trkpt>
  <trkpt lat="48.45522" lon="10.07058">
    <name>TP053</name>
  </trkpt>
  <trkpt lat="48.45523" lon="10.0706">
    <name>TP054</name>
  </trkpt>
  <trkpt lat="48.45528" lon="10.07079">
    <name>TP055</name>
  </trkpt>
  <trkpt lat="48.45534" lon="10.07107">
    <name>TP056</name>
  </trkpt>
  <trkpt lat="48.45546" lon="10.07159">
    <name>TP057</name>
  </trkpt>
  <trkpt lat="48.45548" lon="10.07168">
    <name>TP058</name>
  </trkpt>
  <trkpt lat="48.45551" lon="10.07178">
    <name>TP059</name>
  </trkpt>
  <trkpt lat="48.45555" lon="10.07196">
    <name>TP060</name>
  </trkpt>
  <trkpt lat="48.4556" lon="10.07215">
    <name>TP061</name>
  </trkpt>
  <trkpt lat="48.45567" lon="10.07243">
    <name>TP062</name>
  </trkpt>
  <trkpt lat="48.45576" lon="10.07277">
    <name>TP063</name>
  </trkpt>
  <trkpt lat="48.45587" lon="10.07318">
    <name>TP064</name>
  </trkpt>
  <trkpt lat="48.45605" lon="10.07387">
    <name>TP065</name>
  </trkpt>
  <trkpt lat="48.45618" lon="10.07433">
    <name>TP066</name>
  </trkpt>
  <trkpt lat="48.45625" lon="10.07454">
    <name>TP067</name>
  </trkpt>
  <trkpt lat="48.45631" lon="10.07475">
    <name>TP068</name>
  </trkpt>
  <trkpt lat="48.45637" lon="10.07494">
    <name>TP069</name>
  </trkpt>
  <trkpt lat="48.45644" lon="10.07516">
    <name>TP070</name>
  </trkpt>
  <trkpt lat="48.45652" lon="10.07539">
    <name>TP071</name>
  </trkpt>
  <trkpt lat="48.45664" lon="10.07576">
    <name>TP072</name>
  </trkpt>
  <trkpt lat="48.4568" lon="10.07625">
    <name>TP073</name>
  </trkpt>
  <trkpt lat="48.45692" lon="10.07661">
    <name>TP074</name>
  </trkpt>
  <trkpt lat="48.45693" lon="10.07665">
    <name>TP075</name>
  </trkpt>
  <trkpt lat="48.45705" lon="10.07697">
    <name>TP076</name>
  </trkpt>
  <trkpt lat="48.45717" lon="10.07733">
    <name>TP077</name>
  </trkpt>
  <trkpt lat="48.45719" lon="10.07737">
    <name>TP078</name>
  </trkpt>
  <trkpt lat="48.45725" lon="10.07754">
    <name>TP079</name>
  </trkpt>
  <trkpt lat="48.45731" lon="10.07769">
    <name>TP080</name>
  </trkpt>
  <trkpt lat="48.4574" lon="10.07792">
    <name>TP081</name>
  </trkpt>
  <trkpt lat="48.45743" lon="10.078">
    <name>TP082</name>
  </trkpt>
  <trkpt lat="48.45752" lon="10.07824">
    <name>TP083</name>
  </trkpt>
  <trkpt lat="48.45764" lon="10.07855">
    <name>TP084</name>
  </trkpt>
  <trkpt lat="48.45767" lon="10.07861">
    <name>TP085</name>
  </trkpt>
  <trkpt lat="48.45777" lon="10.07885">
    <name>TP086</name>
  </trkpt>
  <trkpt lat="48.45786" lon="10.07909">
    <name>TP087</name>
  </trkpt>
  <trkpt lat="48.45805" lon="10.07953">
    <name>TP088</name>
  </trkpt>
  <trkpt lat="48.45812" lon="10.0797">
    <name>TP089</name>
  </trkpt>
  <trkpt lat="48.45823" lon="10.07999">
    <name>TP090</name>
  </trkpt>
  <trkpt lat="48.45838" lon="10.08035">
    <name>TP091</name>
  </trkpt>
  <trkpt lat="48.45851" lon="10.08069">
    <name>TP092</name>
  </trkpt>
  <trkpt lat="48.45861" lon="10.08092">
    <name>TP093</name>
  </trkpt>
  <trkpt lat="48.45877" lon="10.08132">
    <name>TP094</name>
  </trkpt>
  <trkpt lat="48.45878" lon="10.08134">
    <name>TP095</name>
  </trkpt>
  <trkpt lat="48.45885" lon="10.08151">
    <name>TP096</name>
  </trkpt>
  <trkpt lat="48.45889" lon="10.08162">
    <name>TP097</name>
  </trkpt>
  <trkpt lat="48.45893" lon="10.08171">
    <name>TP098</name>
  </trkpt>
  <trkpt lat="48.45897" lon="10.08182">
    <name>TP099</name>
  </trkpt>
  <trkpt lat="48.45909" lon="10.08209">
    <name>TP100</name>
  </trkpt>
  <trkpt lat="48.45913" lon="10.08219">
    <name>TP101</name>
  </trkpt>
  <trkpt lat="48.45916" lon="10.08226">
    <name>TP102</name>
  </trkpt>
  <trkpt lat="48.45918" lon="10.08231">
    <name>TP103</name>
  </trkpt>
  <trkpt lat="48.45924" lon="10.08246">
    <name>TP104</name>
  </trkpt>
  <trkpt lat="48.45925" lon="10.08249">
    <name>TP105</name>
  </trkpt>
  <trkpt lat="48.45926" lon="10.0825">
    <name>TP106</name>
  </trkpt>
  <trkpt lat="48.45933" lon="10.08267">
    <name>TP107</name>
  </trkpt>
  <trkpt lat="48.45937" lon="10.08278">
    <name>TP108</name>
  </trkpt>
  <trkpt lat="48.45943" lon="10.08291">
    <name>TP109</name>
  </trkpt>
  <trkpt lat="48.45954" lon="10.08319">
    <name>TP110</name>
  </trkpt>
  <trkpt lat="48.45973" lon="10.08364">
    <name>TP111</name>
  </trkpt>
  <trkpt lat="48.45973" lon="10.08365">
    <name>TP112</name>
  </trkpt>
  <trkpt lat="48.45983" lon="10.08388">
    <name>TP113</name>
  </trkpt>
  <trkpt lat="48.45994" lon="10.08415">
    <name>TP114</name>
  </trkpt>
  <trkpt lat="48.46018" lon="10.08472">
    <name>TP115</name>
  </trkpt>
  <trkpt lat="48.46019" lon="10.08474">
    <name>TP116</name>
  </trkpt>
  <trkpt lat="48.46028" lon="10.08496">
    <name>TP117</name>
  </trkpt>
  <trkpt lat="48.46038" lon="10.0852">
    <name>TP118</name>
  </trkpt>
  <trkpt lat="48.46047" lon="10.08545">
    <name>TP119</name>
  </trkpt>
  <trkpt lat="48.46059" lon="10.08577">
    <name>TP120</name>
  </trkpt>
  <trkpt lat="48.46074" lon="10.08613">
    <name>TP121</name>
  </trkpt>
  <trkpt lat="48.46084" lon="10.08638">
    <name>TP122</name>
  </trkpt>
  <trkpt lat="48.46093" lon="10.08662">
    <name>TP123</name>
  </trkpt>
  <trkpt lat="48.46094" lon="10.08664">
    <name>TP124</name>
  </trkpt>
  <trkpt lat="48.46102" lon="10.08687">
    <name>TP125</name>
  </trkpt>
  <trkpt lat="48.4611" lon="10.08709">
    <name>TP126</name>
  </trkpt>
  <trkpt lat="48.46121" lon="10.08738">
    <name>TP127</name>
  </trkpt>
  <trkpt lat="48.46134" lon="10.08774">
    <name>TP128</name>
  </trkpt>
  <trkpt lat="48.46141" lon="10.08794">
    <name>TP129</name>
  </trkpt>
  <trkpt lat="48.4615" lon="10.08819">
    <name>TP130</name>
  </trkpt>
  <trkpt lat="48.4616" lon="10.08845">
    <name>TP131</name>
  </trkpt>
  <trkpt lat="48.46187" lon="10.08925">
    <name>TP132</name>
  </trkpt>
  <trkpt lat="48.46211" lon="10.09001">
    <name>TP133</name>
  </trkpt>
  <trkpt lat="48.46224" lon="10.09041">
    <name>TP134</name>
  </trkpt>
  <trkpt lat="48.46237" lon="10.09084">
    <name>TP135</name>
  </trkpt>
  <trkpt lat="48.46249" lon="10.09123">
    <name>TP136</name>
  </trkpt>
  <trkpt lat="48.46257" lon="10.09151">
    <name>TP137</name>
  </trkpt>
  <trkpt lat="48.46264" lon="10.09172">
    <name>TP138</name>
  </trkpt>
  <trkpt lat="48.4627" lon="10.09193">
    <name>TP139</name>
  </trkpt>
  <trkpt lat="48.46279" lon="10.09228">
    <name>TP140</name>
  </trkpt>
  <trkpt lat="48.46289" lon="10.09263">
    <name>TP141</name>
  </trkpt>
  <trkpt lat="48.46297" lon="10.09295">
    <name>TP142</name>
  </trkpt>
  <trkpt lat="48.46302" lon="10.09314">
    <name>TP143</name>
  </trkpt>
  <trkpt lat="48.46321" lon="10.0939">
    <name>TP144</name>
  </trkpt>
  <trkpt lat="48.46323" lon="10.09397">
    <name>TP145</name>
  </trkpt>
  <trkpt lat="48.46336" lon="10.09452">
    <name>TP146</name>
  </trkpt>
  <trkpt lat="48.46355" lon="10.09537">
    <name>TP147</name>
  </trkpt>
  <trkpt lat="48.46369" lon="10.09603">
    <name>TP148</name>
  </trkpt>
  <trkpt lat="48.46375" lon="10.09632">
    <name>TP149</name>
  </trkpt>
  <trkpt lat="48.4638" lon="10.09656">
    <name>TP150</name>
  </trkpt>
  <trkpt lat="48.46386" lon="10.09688">
    <name>TP151</name>
  </trkpt>
  <trkpt lat="48.46389" lon="10.09703">
    <name>TP152</name>
  </trkpt>
  <trkpt lat="48.46395" lon="10.09732">
    <name>TP153</name>
  </trkpt>
  <trkpt lat="48.46399" lon="10.09755">
    <name>TP154</name>
  </trkpt>
  <trkpt lat="48.46403" lon="10.09774">
    <name>TP155</name>
  </trkpt>
  <trkpt lat="48.46405" lon="10.09783">
    <name>TP156</name>
  </trkpt>
  <trkpt lat="48.46407" lon="10.09797">
    <name>TP157</name>
  </trkpt>
  <trkpt lat="48.46415" lon="10.09844">
    <name>TP158</name>
  </trkpt>
  <trkpt lat="48.46423" lon="10.09888">
    <name>TP159</name>
  </trkpt>
  <trkpt lat="48.4643" lon="10.09932">
    <name>TP160</name>
  </trkpt>
  <trkpt lat="48.46443" lon="10.10017">
    <name>TP161</name>
  </trkpt>
  <trkpt lat="48.46453" lon="10.1009">
    <name>TP162</name>
  </trkpt>
  <trkpt lat="48.4646" lon="10.10146">
    <name>TP163</name>
  </trkpt>
  <trkpt lat="48.4647" lon="10.10225">
    <name>TP164</name>
  </trkpt>
  <trkpt lat="48.46479" lon="10.10308">
    <name>TP165</name>
  </trkpt>
  <trkpt lat="48.4648" lon="10.10323">
    <name>TP166</name>
  </trkpt>
  <trkpt lat="48.46481" lon="10.10332">
    <name>TP167</name>
  </trkpt>
  <trkpt lat="48.46481" lon="10.10333">
    <name>TP168</name>
  </trkpt>
  <trkpt lat="48.46483" lon="10.10347">
    <name>TP169</name>
  </trkpt>
  <trkpt lat="48.46484" lon="10.10358">
    <name>TP170</name>
  </trkpt>
  <trkpt lat="48.46489" lon="10.10414">
    <name>TP171</name>
  </trkpt>
  <trkpt lat="48.4649" lon="10.10432">
    <name>TP172</name>
  </trkpt>
  <trkpt lat="48.46493" lon="10.10475">
    <name>TP173</name>
  </trkpt>
  <trkpt lat="48.46499" lon="10.10548">
    <name>TP174</name>
  </trkpt>
  <trkpt lat="48.46501" lon="10.10584">
    <name>TP175</name>
  </trkpt>
  <trkpt lat="48.46501" lon="10.10585">
    <name>TP176</name>
  </trkpt>
  <trkpt lat="48.46503" lon="10.10605">
    <name>TP177</name>
  </trkpt>
  <trkpt lat="48.46504" lon="10.10632">
    <name>TP178</name>
  </trkpt>
  <trkpt lat="48.46505" lon="10.10642">
    <name>TP179</name>
  </trkpt>
  <trkpt lat="48.46507" lon="10.10683">
    <name>TP180</name>
  </trkpt>
  <trkpt lat="48.46509" lon="10.10724">
    <name>TP181</name>
  </trkpt>
  <trkpt lat="48.46511" lon="10.10784">
    <name>TP182</name>
  </trkpt>
  <trkpt lat="48.46511" lon="10.10798">
    <name>TP183</name>
  </trkpt>
  <trkpt lat="48.46512" lon="10.10812">
    <name>TP184</name>
  </trkpt>
  <trkpt lat="48.46512" lon="10.10823">
    <name>TP185</name>
  </trkpt>
  <trkpt lat="48.46513" lon="10.10879">
    <name>TP186</name>
  </trkpt>
  <trkpt lat="48.46514" lon="10.10941">
    <name>TP187</name>
  </trkpt>
  <trkpt lat="48.46515" lon="10.11015">
    <name>TP188</name>
  </trkpt>
  <trkpt lat="48.46515" lon="10.11036">
    <name>TP189</name>
  </trkpt>
  <trkpt lat="48.46515" lon="10.11039">
    <name>TP190</name>
  </trkpt>
  <trkpt lat="48.46515" lon="10.11063">
    <name>TP191</name>
  </trkpt>
  <trkpt lat="48.46514" lon="10.11101">
    <name>TP192</name>
  </trkpt>
  <trkpt lat="48.46514" lon="10.11102">
    <name>TP193</name>
  </trkpt>
  <trkpt lat="48.46514" lon="10.11135">
    <name>TP194</name>
  </trkpt>
  <trkpt lat="48.46514" lon="10.11138">
    <name>TP195</name>
  </trkpt>
  <trkpt lat="48.46513" lon="10.11183">
    <name>TP196</name>
  </trkpt>
  <trkpt lat="48.46513" lon="10.11189">
    <name>TP197</name>
  </trkpt>
  <trkpt lat="48.46511" lon="10.11236">
    <name>TP198</name>
  </trkpt>
  <trkpt lat="48.46511" lon="10.11262">
    <name>TP199</name>
  </trkpt>
  <trkpt lat="48.4651" lon="10.11271">
    <name>TP200</name>
  </trkpt>
  <trkpt lat="48.4651" lon="10.11285">
    <name>TP201</name>
  </trkpt>
  <trkpt lat="48.46509" lon="10.1131">
    <name>TP202</name>
  </trkpt>
  <trkpt lat="48.46507" lon="10.1136">
    <name>TP203</name>
  </trkpt>
  <trkpt lat="48.46506" lon="10.11385">
    <name>TP204</name>
  </trkpt>
  <trkpt lat="48.46505" lon="10.11406">
    <name>TP205</name>
  </trkpt>
  <trkpt lat="48.46504" lon="10.11429">
    <name>TP206</name>
  </trkpt>
  <trkpt lat="48.46503" lon="10.11456">
    <name>TP207</name>
  </trkpt>
  <trkpt lat="48.46501" lon="10.1148">
    <name>TP208</name>
  </trkpt>
  <trkpt lat="48.465" lon="10.11499">
    <name>TP209</name>
  </trkpt>
  <trkpt lat="48.46495" lon="10.11567">
    <name>TP210</name>
  </trkpt>
  <trkpt lat="48.46495" lon="10.1158">
    <name>TP211</name>
  </trkpt>
  <trkpt lat="48.46493" lon="10.11607">
    <name>TP212</name>
  </trkpt>
  <trkpt lat="48.46493" lon="10.11608">
    <name>TP213</name>
  </trkpt>
  <trkpt lat="48.4649" lon="10.11636">
    <name>TP214</name>
  </trkpt>
  <trkpt lat="48.4649" lon="10.11646">
    <name>TP215</name>
  </trkpt>
  <trkpt lat="48.46484" lon="10.11712">
    <name>TP216</name>
  </trkpt>
  <trkpt lat="48.46484" lon="10.11713">
    <name>TP217</name>
  </trkpt>
  <trkpt lat="48.46481" lon="10.11741">
    <name>TP218</name>
  </trkpt>
  <trkpt lat="48.46479" lon="10.11765">
    <name>TP219</name>
  </trkpt>
  <trkpt lat="48.46479" lon="10.11766">
    <name>TP220</name>
  </trkpt>
  <trkpt lat="48.46477" lon="10.11785">
    <name>TP221</name>
  </trkpt>
  <trkpt lat="48.46475" lon="10.11809">
    <name>TP222</name>
  </trkpt>
  <trkpt lat="48.46471" lon="10.11848">
    <name>TP223</name>
  </trkpt>
  <trkpt lat="48.46468" lon="10.11883">
    <name>TP224</name>
  </trkpt>
  <trkpt lat="48.46466" lon="10.11911">
    <name>TP225</name>
  </trkpt>
  <trkpt lat="48.46463" lon="10.11941">
    <name>TP226</name>
  </trkpt>
  <trkpt lat="48.46458" lon="10.11989">
    <name>TP227</name>
  </trkpt>
  <trkpt lat="48.46455" lon="10.12019">
    <name>TP228</name>
  </trkpt>
  <trkpt lat="48.46448" lon="10.12086">
    <name>TP229</name>
  </trkpt>
  <trkpt lat="48.46447" lon="10.12098">
    <name>TP230</name>
  </trkpt>
  <trkpt lat="48.46442" lon="10.12146">
    <name>TP231</name>
  </trkpt>
  <trkpt lat="48.46431" lon="10.12249">
    <name>TP232</name>
  </trkpt>
  <trkpt lat="48.46427" lon="10.12289">
    <name>TP233</name>
  </trkpt>
  <trkpt lat="48.46416" lon="10.12395">
    <name>TP234</name>
  </trkpt>
  <trkpt lat="48.46413" lon="10.12432">
    <name>TP235</name>
  </trkpt>
  <trkpt lat="48.46409" lon="10.1247">
    <name>TP236</name>
  </trkpt>
  <trkpt lat="48.46405" lon="10.1251">
    <name>TP237</name>
  </trkpt>
  <trkpt lat="48.46402" lon="10.12541">
    <name>TP238</name>
  </trkpt>
  <trkpt lat="48.46399" lon="10.12566">
    <name>TP239</name>
  </trkpt>
  <trkpt lat="48.46398" lon="10.12585">
    <name>TP240</name>
  </trkpt>
  <trkpt lat="48.46393" lon="10.12633">
    <name>TP241</name>
  </trkpt>
  <trkpt lat="48.46389" lon="10.12675">
    <name>TP242</name>
  </trkpt>
  <trkpt lat="48.46388" lon="10.12679">
    <name>TP243</name>
  </trkpt>
  <trkpt lat="48.46385" lon="10.1271">
    <name>TP244</name>
  </trkpt>
  <trkpt lat="48.46384" lon="10.12723">
    <name>TP245</name>
  </trkpt>
  <trkpt lat="48.46382" lon="10.12738">
    <name>TP246</name>
  </trkpt>
  <trkpt lat="48.46379" lon="10.1277">
    <name>TP247</name>
  </trkpt>
  <trkpt lat="48.46376" lon="10.12792">
    <name>TP248</name>
  </trkpt>
  <trkpt lat="48.46375" lon="10.12802">
    <name>TP249</name>
  </trkpt>
  <trkpt lat="48.46368" lon="10.12867">
    <name>TP250</name>
  </trkpt>
  <trkpt lat="48.46364" lon="10.12905">
    <name>TP251</name>
  </trkpt>
  <trkpt lat="48.46362" lon="10.1292">
    <name>TP252</name>
  </trkpt>
  <trkpt lat="48.4636" lon="10.12943">
    <name>TP253</name>
  </trkpt>
  <trkpt lat="48.4636" lon="10.12947">
    <name>TP254</name>
  </trkpt>
  <trkpt lat="48.4636" lon="10.1295">
    <name>TP255</name>
  </trkpt>
  <trkpt lat="48.46357" lon="10.12974">
    <name>TP256</name>
  </trkpt>
  <trkpt lat="48.46356" lon="10.12986">
    <name>TP257</name>
  </trkpt>
  <trkpt lat="48.46348" lon="10.13066">
    <name>TP258</name>
  </trkpt>
  <trkpt lat="48.46345" lon="10.13093">
    <name>TP259</name>
  </trkpt>
  <trkpt lat="48.46343" lon="10.1312">
    <name>TP260</name>
  </trkpt>
  <trkpt lat="48.46339" lon="10.13152">
    <name>TP261</name>
  </trkpt>
  <trkpt lat="48.46334" lon="10.132">
    <name>TP262</name>
  </trkpt>
  <trkpt lat="48.46333" lon="10.13214">
    <name>TP263</name>
  </trkpt>
  <trkpt lat="48.46327" lon="10.13273">
    <name>TP264</name>
  </trkpt>
  <trkpt lat="48.46322" lon="10.13315">
    <name>TP265</name>
  </trkpt>
  <trkpt lat="48.46318" lon="10.13359">
    <name>TP266</name>
  </trkpt>
  <trkpt lat="48.46298" lon="10.13553">
    <name>TP267</name>
  </trkpt>
  <trkpt lat="48.46291" lon="10.13617">
    <name>TP268</name>
  </trkpt>
  <trkpt lat="48.46289" lon="10.13642">
    <name>TP269</name>
  </trkpt>
  <trkpt lat="48.46288" lon="10.13654">
    <name>TP270</name>
  </trkpt>
  <trkpt lat="48.46287" lon="10.1366">
    <name>TP271</name>
  </trkpt>
  <trkpt lat="48.46285" lon="10.13677">
    <name>TP272</name>
  </trkpt>
  <trkpt lat="48.46284" lon="10.13691">
    <name>TP273</name>
  </trkpt>
  <trkpt lat="48.46283" lon="10.13703">
    <name>TP274</name>
  </trkpt>
  <trkpt lat="48.4628" lon="10.13726">
    <name>TP275</name>
  </trkpt>
  <trkpt lat="48.46279" lon="10.13735">
    <name>TP276</name>
  </trkpt>
  <trkpt lat="48.46277" lon="10.13762">
    <name>TP277</name>
  </trkpt>
  <trkpt lat="48.46273" lon="10.13803">
    <name>TP278</name>
  </trkpt>
  <trkpt lat="48.46265" lon="10.13878">
    <name>TP279</name>
  </trkpt>
  <trkpt lat="48.46258" lon="10.1395">
    <name>TP280</name>
  </trkpt>
  <trkpt lat="48.46251" lon="10.14019">
    <name>TP281</name>
  </trkpt>
  <trkpt lat="48.46251" lon="10.14023">
    <name>TP282</name>
  </trkpt>
  <trkpt lat="48.46238" lon="10.1414">
    <name>TP283</name>
  </trkpt>
  <trkpt lat="48.46227" lon="10.14251">
    <name>TP284</name>
  </trkpt>
  <trkpt lat="48.46216" lon="10.14368">
    <name>TP285</name>
  </trkpt>
  <trkpt lat="48.46212" lon="10.14401">
    <name>TP286</name>
  </trkpt>
  <trkpt lat="48.46207" lon="10.14446">
    <name>TP287</name>
  </trkpt>
  <trkpt lat="48.46204" lon="10.14478">
    <name>TP288</name>
  </trkpt>
  <trkpt lat="48.46194" lon="10.14579">
    <name>TP289</name>
  </trkpt>
  <trkpt lat="48.46173" lon="10.14782">
    <name>TP290</name>
  </trkpt>
  <trkpt lat="48.4617" lon="10.14821">
    <name>TP291</name>
  </trkpt>
  <trkpt lat="48.46167" lon="10.14845">
    <name>TP292</name>
  </trkpt>
  <trkpt lat="48.46153" lon="10.14985">
    <name>TP293</name>
  </trkpt>
  <trkpt lat="48.46152" lon="10.14997">
    <name>TP294</name>
  </trkpt>
  <trkpt lat="48.46147" lon="10.15048">
    <name>TP295</name>
  </trkpt>
  <trkpt lat="48.46141" lon="10.15099">
    <name>TP296</name>
  </trkpt>
  <trkpt lat="48.46131" lon="10.15206">
    <name>TP297</name>
  </trkpt>
  <trkpt lat="48.46128" lon="10.15233">
    <name>TP298</name>
  </trkpt>
  <trkpt lat="48.46125" lon="10.15258">
    <name>TP299</name>
  </trkpt>
  <trkpt lat="48.46115" lon="10.15355">
    <name>TP300</name>
  </trkpt>
  <trkpt lat="48.46111" lon="10.15401">
    <name>TP301</name>
  </trkpt>
  <trkpt lat="48.46107" lon="10.15434">
    <name>TP302</name>
  </trkpt>
  <trkpt lat="48.46101" lon="10.15499">
    <name>TP303</name>
  </trkpt>
  <trkpt lat="48.46073" lon="10.15775">
    <name>TP304</name>
  </trkpt>
  <trkpt lat="48.46057" lon="10.15929">
    <name>TP305</name>
  </trkpt>
  <trkpt lat="48.46052" lon="10.15975">
    <name>TP306</name>
  </trkpt>
  <trkpt lat="48.46043" lon="10.1607">
    <name>TP307</name>
  </trkpt>
  <trkpt lat="48.46036" lon="10.16135">
    <name>TP308</name>
  </trkpt>
  <trkpt lat="48.46028" lon="10.16213">
    <name>TP309</name>
  </trkpt>
  <trkpt lat="48.46027" lon="10.16231">
    <name>TP310</name>
  </trkpt>
  <trkpt lat="48.46021" lon="10.16289">
    <name>TP311</name>
  </trkpt>
  <trkpt lat="48.46014" lon="10.16354">
    <name>TP312</name>
  </trkpt>
  <trkpt lat="48.46011" lon="10.16384">
    <name>TP313</name>
  </trkpt>
  <trkpt lat="48.46" lon="10.16491">
    <name>TP314</name>
  </trkpt>
  <trkpt lat="48.45986" lon="10.16625">
    <name>TP315</name>
  </trkpt>
  <trkpt lat="48.45979" lon="10.16698">
    <name>TP316</name>
  </trkpt>
  <trkpt lat="48.45974" lon="10.16741">
    <name>TP317</name>
  </trkpt>
  <trkpt lat="48.45969" lon="10.16793">
    <name>TP318</name>
  </trkpt>
  <trkpt lat="48.45962" lon="10.16864">
    <name>TP319</name>
  </trkpt>
  <trkpt lat="48.45959" lon="10.16897">
    <name>TP320</name>
  </trkpt>
  <trkpt lat="48.45957" lon="10.16921">
    <name>TP321</name>
  </trkpt>
  <trkpt lat="48.45955" lon="10.16931">
    <name>TP322</name>
  </trkpt>
  <trkpt lat="48.45949" lon="10.16991">
    <name>TP323</name>
  </trkpt>
  <trkpt lat="48.45945" lon="10.17032">
    <name>TP324</name>
  </trkpt>
  <trkpt lat="48.45936" lon="10.17119">
    <name>TP325</name>
  </trkpt>
  <trkpt lat="48.45936" lon="10.1712">
    <name>TP326</name>
  </trkpt>
  <trkpt lat="48.45935" lon="10.17126">
    <name>TP327</name>
  </trkpt>
  <trkpt lat="48.45933" lon="10.17145">
    <name>TP328</name>
  </trkpt>
  <trkpt lat="48.45933" lon="10.17146">
    <name>TP329</name>
  </trkpt>
  <trkpt lat="48.45932" lon="10.17154">
    <name>TP330</name>
  </trkpt>
  <trkpt lat="48.45925" lon="10.17225">
    <name>TP331</name>
  </trkpt>
  <trkpt lat="48.45923" lon="10.17247">
    <name>TP332</name>
  </trkpt>
  <trkpt lat="48.45921" lon="10.17264">
    <name>TP333</name>
  </trkpt>
  <trkpt lat="48.45919" lon="10.17293">
    <name>TP334</name>
  </trkpt>
  <trkpt lat="48.45913" lon="10.17344">
    <name>TP335</name>
  </trkpt>
  <trkpt lat="48.45907" lon="10.17407">
    <name>TP336</name>
  </trkpt>
  <trkpt lat="48.45894" lon="10.17525">
    <name>TP337</name>
  </trkpt>
  <trkpt lat="48.45882" lon="10.17656">
    <name>TP338</name>
  </trkpt>
  <trkpt lat="48.4588" lon="10.17676">
    <name>TP339</name>
  </trkpt>
  <trkpt lat="48.45879" lon="10.17679">
    <name>TP340</name>
  </trkpt>
  <trkpt lat="48.45876" lon="10.17712">
    <name>TP341</name>
  </trkpt>
  <trkpt lat="48.45872" lon="10.1775">
    <name>TP342</name>
  </trkpt>
  <trkpt lat="48.45867" lon="10.17791">
    <name>TP343</name>
  </trkpt>
  <trkpt lat="48.45862" lon="10.17853">
    <name>TP344</name>
  </trkpt>
  <trkpt lat="48.45862" lon="10.17854">
    <name>TP345</name>
  </trkpt>
  <trkpt lat="48.45856" lon="10.17909">
    <name>TP346</name>
  </trkpt>
  <trkpt lat="48.45855" lon="10.17913">
    <name>TP347</name>
  </trkpt>
  <trkpt lat="48.45848" lon="10.17989">
    <name>TP348</name>
  </trkpt>
  <trkpt lat="48.45845" lon="10.18016">
    <name>TP349</name>
  </trkpt>
  <trkpt lat="48.45844" lon="10.18024">
    <name>TP350</name>
  </trkpt>
  <trkpt lat="48.45843" lon="10.18043">
    <name>TP351</name>
  </trkpt>
  <trkpt lat="48.45837" lon="10.18096">
    <name>TP352</name>
  </trkpt>
  <trkpt lat="48.45833" lon="10.1814">
    <name>TP353</name>
  </trkpt>
  <trkpt lat="48.45831" lon="10.1816">
    <name>TP354</name>
  </trkpt>
  <trkpt lat="48.45829" lon="10.18177">
    <name>TP355</name>
  </trkpt>
  <trkpt lat="48.45823" lon="10.1823">
    <name>TP356</name>
  </trkpt>
  <trkpt lat="48.45821" lon="10.18257">
    <name>TP357</name>
  </trkpt>
  <trkpt lat="48.45819" lon="10.18275">
    <name>TP358</name>
  </trkpt>
  <trkpt lat="48.45817" lon="10.1829">
    <name>TP359</name>
  </trkpt>
  <trkpt lat="48.45816" lon="10.18302">
    <name>TP360</name>
  </trkpt>
  <trkpt lat="48.45814" lon="10.1832">
    <name>TP361</name>
  </trkpt>
  <trkpt lat="48.45813" lon="10.18328">
    <name>TP362</name>
  </trkpt>
  <trkpt lat="48.4581" lon="10.18354">
    <name>TP363</name>
  </trkpt>
  <trkpt lat="48.45806" lon="10.18387">
    <name>TP364</name>
  </trkpt>
  <trkpt lat="48.45804" lon="10.18409">
    <name>TP365</name>
  </trkpt>
  <trkpt lat="48.45803" lon="10.18414">
    <name>TP366</name>
  </trkpt>
  <trkpt lat="48.458" lon="10.18441">
    <name>TP367</name>
  </trkpt>
  <trkpt lat="48.45795" lon="10.1848">
    <name>TP368</name>
  </trkpt>
  <trkpt lat="48.45791" lon="10.18508">
    <name>TP369</name>
  </trkpt>
  <trkpt lat="48.45779" lon="10.18595">
    <name>TP370</name>
  </trkpt>
  <trkpt lat="48.45773" lon="10.1864">
    <name>TP371</name>
  </trkpt>
  <trkpt lat="48.45765" lon="10.1869">
    <name>TP372</name>
  </trkpt>
  <trkpt lat="48.45761" lon="10.18713">
    <name>TP373</name>
  </trkpt>
  <trkpt lat="48.45759" lon="10.18727">
    <name>TP374</name>
  </trkpt>
  <trkpt lat="48.45754" lon="10.18754">
    <name>TP375</name>
  </trkpt>
  <trkpt lat="48.45753" lon="10.18759">
    <name>TP376</name>
  </trkpt>
  <trkpt lat="48.45746" lon="10.18798">
    <name>TP377</name>
  </trkpt>
  <trkpt lat="48.45744" lon="10.18811">
    <name>TP378</name>
  </trkpt>
  <trkpt lat="48.45742" lon="10.1882">
    <name>TP379</name>
  </trkpt>
  <trkpt lat="48.45741" lon="10.18824">
    <name>TP380</name>
  </trkpt>
  <trkpt lat="48.45739" lon="10.18833">
    <name>TP381</name>
  </trkpt>
  <trkpt lat="48.45737" lon="10.18846">
    <name>TP382</name>
  </trkpt>
  <trkpt lat="48.45729" lon="10.18887">
    <name>TP383</name>
  </trkpt>
  <trkpt lat="48.45723" lon="10.18909">
    <name>TP384</name>
  </trkpt>
  <trkpt lat="48.45717" lon="10.18935">
    <name>TP385</name>
  </trkpt>
  <trkpt lat="48.45709" lon="10.18972">
    <name>TP386</name>
  </trkpt>
  <trkpt lat="48.45705" lon="10.18986">
    <name>TP387</name>
  </trkpt>
  <trkpt lat="48.45697" lon="10.19019">
    <name>TP388</name>
  </trkpt>
  <trkpt lat="48.45686" lon="10.19062">
    <name>TP389</name>
  </trkpt>
  <trkpt lat="48.4568" lon="10.19086">
    <name>TP390</name>
  </trkpt>
  <trkpt lat="48.4568" lon="10.19087">
    <name>TP391</name>
  </trkpt>
  <trkpt lat="48.45679" lon="10.19088">
    <name>TP392</name>
  </trkpt>
  <trkpt lat="48.45674" lon="10.19109">
    <name>TP393</name>
  </trkpt>
  <trkpt lat="48.45673" lon="10.19112">
    <name>TP394</name>
  </trkpt>
  <trkpt lat="48.45673" lon="10.19113">
    <name>TP395</name>
  </trkpt>
  <trkpt lat="48.45667" lon="10.19131">
    <name>TP396</name>
  </trkpt>
  <trkpt lat="48.45666" lon="10.19137">
    <name>TP397</name>
  </trkpt>
  <trkpt lat="48.45666" lon="10.19138">
    <name>TP398</name>
  </trkpt>
  <trkpt lat="48.45661" lon="10.19154">
    <name>TP399</name>
  </trkpt>
  <trkpt lat="48.45654" lon="10.19176">
    <name>TP400</name>
  </trkpt>
  <trkpt lat="48.45648" lon="10.19197">
    <name>TP401</name>
  </trkpt>
  <trkpt lat="48.45641" lon="10.1922">
    <name>TP402</name>
  </trkpt>
  <trkpt lat="48.45636" lon="10.19236">
    <name>TP403</name>
  </trkpt>
  <trkpt lat="48.45634" lon="10.19242">
    <name>TP404</name>
  </trkpt>
  <trkpt lat="48.45627" lon="10.19263">
    <name>TP405</name>
  </trkpt>
  <trkpt lat="48.45622" lon="10.19278">
    <name>TP406</name>
  </trkpt>
  <trkpt lat="48.45619" lon="10.19286">
    <name>TP407</name>
  </trkpt>
  <trkpt lat="48.45612" lon="10.19307">
    <name>TP408</name>
  </trkpt>
  <trkpt lat="48.45612" lon="10.19309">
    <name>TP409</name>
  </trkpt>
  <trkpt lat="48.45605" lon="10.19329">
    <name>TP410</name>
  </trkpt>
  <trkpt lat="48.45597" lon="10.19351">
    <name>TP411</name>
  </trkpt>
  <trkpt lat="48.45589" lon="10.19372">
    <name>TP412</name>
  </trkpt>
  <trkpt lat="48.45581" lon="10.19393">
    <name>TP413</name>
  </trkpt>
  <trkpt lat="48.45577" lon="10.19404">
    <name>TP414</name>
  </trkpt>
  <trkpt lat="48.45574" lon="10.19414">
    <name>TP415</name>
  </trkpt>
  <trkpt lat="48.45558" lon="10.19455">
    <name>TP416</name>
  </trkpt>
  <trkpt lat="48.45549" lon="10.19477">
    <name>TP417</name>
  </trkpt>
  <trkpt lat="48.45545" lon="10.19487">
    <name>TP418</name>
  </trkpt>
  <trkpt lat="48.45541" lon="10.19497">
    <name>TP419</name>
  </trkpt>
  <trkpt lat="48.45532" lon="10.19517">
    <name>TP420</name>
  </trkpt>
  <trkpt lat="48.45524" lon="10.19537">
    <name>TP421</name>
  </trkpt>
  <trkpt lat="48.45515" lon="10.19556">
    <name>TP422</name>
  </trkpt>
  <trkpt lat="48.45514" lon="10.19559">
    <name>TP423</name>
  </trkpt>
  <trkpt lat="48.45505" lon="10.19579">
    <name>TP424</name>
  </trkpt>
  <trkpt lat="48.45501" lon="10.19588">
    <name>TP425</name>
  </trkpt>
  <trkpt lat="48.45496" lon="10.196">
    <name>TP426</name>
  </trkpt>
  <trkpt lat="48.45486" lon="10.1962">
    <name>TP427</name>
  </trkpt>
  <trkpt lat="48.45477" lon="10.1964">
    <name>TP428</name>
  </trkpt>
  <trkpt lat="48.45468" lon="10.1966">
    <name>TP429</name>
  </trkpt>
  <trkpt lat="48.45458" lon="10.1968">
    <name>TP430</name>
  </trkpt>
  <trkpt lat="48.45453" lon="10.19689">
    <name>TP431</name>
  </trkpt>
  <trkpt lat="48.45449" lon="10.19699">
    <name>TP432</name>
  </trkpt>
  <trkpt lat="48.45443" lon="10.19711">
    <name>TP433</name>
  </trkpt>
  <trkpt lat="48.45441" lon="10.19714">
    <name>TP434</name>
  </trkpt>
  <trkpt lat="48.45439" lon="10.19718">
    <name>TP435</name>
  </trkpt>
  <trkpt lat="48.45438" lon="10.1972">
    <name>TP436</name>
  </trkpt>
  <trkpt lat="48.45432" lon="10.19732">
    <name>TP437</name>
  </trkpt>
  <trkpt lat="48.45428" lon="10.19739">
    <name>TP438</name>
  </trkpt>
  <trkpt lat="48.45419" lon="10.19756">
    <name>TP439</name>
  </trkpt>
  <trkpt lat="48.4541" lon="10.19774">
    <name>TP440</name>
  </trkpt>
  <trkpt lat="48.454" lon="10.19792">
    <name>TP441</name>
  </trkpt>
  <trkpt lat="48.4539" lon="10.1981">
    <name>TP442</name>
  </trkpt>
  <trkpt lat="48.45379" lon="10.19829">
    <name>TP443</name>
  </trkpt>
  <trkpt lat="48.4537" lon="10.19846">
    <name>TP444</name>
  </trkpt>
  <trkpt lat="48.45359" lon="10.19865">
    <name>TP445</name>
  </trkpt>
  <trkpt lat="48.45348" lon="10.19883">
    <name>TP446</name>
  </trkpt>
  <trkpt lat="48.45337" lon="10.199">
    <name>TP447</name>
  </trkpt>
  <trkpt lat="48.45327" lon="10.19916">
    <name>TP448</name>
  </trkpt>
  <trkpt lat="48.45305" lon="10.19952">
    <name>TP449</name>
  </trkpt>
  <trkpt lat="48.45302" lon="10.19957">
    <name>TP450</name>
  </trkpt>
  <trkpt lat="48.453" lon="10.1996">
    <name>TP451</name>
  </trkpt>
  <trkpt lat="48.45296" lon="10.19965">
    <name>TP452</name>
  </trkpt>
  <trkpt lat="48.45296" lon="10.19966">
    <name>TP453</name>
  </trkpt>
  <trkpt lat="48.45294" lon="10.19969">
    <name>TP454</name>
  </trkpt>
  <trkpt lat="48.45289" lon="10.19976">
    <name>TP455</name>
  </trkpt>
  <trkpt lat="48.45282" lon="10.19987">
    <name>TP456</name>
  </trkpt>
  <trkpt lat="48.45271" lon="10.20004">
    <name>TP457</name>
  </trkpt>
  <trkpt lat="48.4526" lon="10.2002">
    <name>TP458</name>
  </trkpt>
  <trkpt lat="48.45248" lon="10.20037">
    <name>TP459</name>
  </trkpt>
  <trkpt lat="48.45236" lon="10.20055">
    <name>TP460</name>
  </trkpt>
  <trkpt lat="48.45225" lon="10.2007">
    <name>TP461</name>
  </trkpt>
  <trkpt lat="48.45219" lon="10.20078">
    <name>TP462</name>
  </trkpt>
  <trkpt lat="48.45213" lon="10.20087">
    <name>TP463</name>
  </trkpt>
  <trkpt lat="48.45201" lon="10.20102">
    <name>TP464</name>
  </trkpt>
  <trkpt lat="48.45192" lon="10.20115">
    <name>TP465</name>
  </trkpt>
  <trkpt lat="48.45189" lon="10.20118">
    <name>TP466</name>
  </trkpt>
  <trkpt lat="48.45177" lon="10.20134">
    <name>TP467</name>
  </trkpt>
  <trkpt lat="48.45165" lon="10.2015">
    <name>TP468</name>
  </trkpt>
  <trkpt lat="48.45157" lon="10.2016">
    <name>TP469</name>
  </trkpt>
  <trkpt lat="48.45143" lon="10.20177">
    <name>TP470</name>
  </trkpt>
  <trkpt lat="48.4514" lon="10.20181">
    <name>TP471</name>
  </trkpt>
  <trkpt lat="48.45125" lon="10.20198">
    <name>TP472</name>
  </trkpt>
  <trkpt lat="48.45116" lon="10.20209">
    <name>TP473</name>
  </trkpt>
  <trkpt lat="48.45103" lon="10.20224">
    <name>TP474</name>
  </trkpt>
  <trkpt lat="48.4509" lon="10.2024">
    <name>TP475</name>
  </trkpt>
  <trkpt lat="48.45076" lon="10.20255">
    <name>TP476</name>
  </trkpt>
  <trkpt lat="48.45063" lon="10.20269">
    <name>TP477</name>
  </trkpt>
  <trkpt lat="48.45054" lon="10.2028">
    <name>TP478</name>
  </trkpt>
  <trkpt lat="48.45049" lon="10.20285">
    <name>TP479</name>
  </trkpt>
  <trkpt lat="48.45035" lon="10.20299">
    <name>TP480</name>
  </trkpt>
  <trkpt lat="48.45022" lon="10.20313">
    <name>TP481</name>
  </trkpt>
  <trkpt lat="48.45008" lon="10.20327">
    <name>TP482</name>
  </trkpt>
  <trkpt lat="48.44994" lon="10.20341">
    <name>TP483</name>
  </trkpt>
  <trkpt lat="48.4498" lon="10.20355">
    <name>TP484</name>
  </trkpt>
  <trkpt lat="48.44966" lon="10.20369">
    <name>TP485</name>
  </trkpt>
  <trkpt lat="48.44952" lon="10.20382">
    <name>TP486</name>
  </trkpt>
  <trkpt lat="48.44949" lon="10.20386">
    <name>TP487</name>
  </trkpt>
  <trkpt lat="48.44938" lon="10.20396">
    <name>TP488</name>
  </trkpt>
  <trkpt lat="48.44925" lon="10.20409">
    <name>TP489</name>
  </trkpt>
  <trkpt lat="48.44911" lon="10.20423">
    <name>TP490</name>
  </trkpt>
  <trkpt lat="48.44896" lon="10.20436">
    <name>TP491</name>
  </trkpt>
  <trkpt lat="48.44882" lon="10.2045">
    <name>TP492</name>
  </trkpt>
  <trkpt lat="48.44873" lon="10.20458">
    <name>TP493</name>
  </trkpt>
  <trkpt lat="48.4487" lon="10.20461">
    <name>TP494</name>
  </trkpt>
  <trkpt lat="48.44866" lon="10.20465">
    <name>TP495</name>
  </trkpt>
  <trkpt lat="48.44863" lon="10.20468">
    <name>TP496</name>
  </trkpt>
  <trkpt lat="48.44858" lon="10.20472">
    <name>TP497</name>
  </trkpt>
  <trkpt lat="48.4485" lon="10.2048">
    <name>TP498</name>
  </trkpt>
  <trkpt lat="48.44848" lon="10.20482">
    <name>TP499</name>
  </trkpt>
  <trkpt lat="48.44841" lon="10.20489">
    <name>TP500</name>
  </trkpt>
  <trkpt lat="48.44837" lon="10.20492">
    <name>TP501</name>
  </trkpt>
  <trkpt lat="48.44833" lon="10.20497">
    <name>TP502</name>
  </trkpt>
  <trkpt lat="48.44827" lon="10.20503">
    <name>TP503</name>
  </trkpt>
  <trkpt lat="48.44821" lon="10.20508">
    <name>TP504</name>
  </trkpt>
  <trkpt lat="48.44802" lon="10.20526">
    <name>TP505</name>
  </trkpt>
  <trkpt lat="48.44771" lon="10.20554">
    <name>TP506</name>
  </trkpt>
  <trkpt lat="48.44756" lon="10.20569">
    <name>TP507</name>
  </trkpt>
  <trkpt lat="48.4475" lon="10.20574">
    <name>TP508</name>
  </trkpt>
  <trkpt lat="48.44742" lon="10.20581">
    <name>TP509</name>
  </trkpt>
  <trkpt lat="48.44729" lon="10.20593">
    <name>TP510</name>
  </trkpt>
  <trkpt lat="48.44726" lon="10.20596">
    <name>TP511</name>
  </trkpt>
  <trkpt lat="48.44718" lon="10.20603">
    <name>TP512</name>
  </trkpt>
  <trkpt lat="48.44714" lon="10.20607">
    <name>TP513</name>
  </trkpt>
  <trkpt lat="48.44703" lon="10.20618">
    <name>TP514</name>
  </trkpt>
  <trkpt lat="48.44696" lon="10.20625">
    <name>TP515</name>
  </trkpt>
  <trkpt lat="48.44685" lon="10.20635">
    <name>TP516</name>
  </trkpt>
  <trkpt lat="48.4468" lon="10.2064">
    <name>TP517</name>
  </trkpt>
  <trkpt lat="48.44665" lon="10.20654">
    <name>TP518</name>
  </trkpt>
  <trkpt lat="48.4466" lon="10.20659">
    <name>TP519</name>
  </trkpt>
  <trkpt lat="48.44655" lon="10.20664">
    <name>TP520</name>
  </trkpt>
  <trkpt lat="48.44635" lon="10.20683">
    <name>TP521</name>
  </trkpt>
  <trkpt lat="48.44626" lon="10.20692">
    <name>TP522</name>
  </trkpt>
  <trkpt lat="48.44616" lon="10.20702">
    <name>TP523</name>
  </trkpt>
  <trkpt lat="48.44591" lon="10.20724">
    <name>TP524</name>
  </trkpt>
  <trkpt lat="48.44585" lon="10.2073">
    <name>TP525</name>
  </trkpt>
  <trkpt lat="48.44568" lon="10.20746">
    <name>TP526</name>
  </trkpt>
  <trkpt lat="48.44532" lon="10.2078">
    <name>TP527</name>
  </trkpt>
  <trkpt lat="48.44519" lon="10.20794">
    <name>TP528</name>
  </trkpt>
  <trkpt lat="48.44505" lon="10.20806">
    <name>TP529</name>
  </trkpt>
  <trkpt lat="48.44492" lon="10.20818">
    <name>TP530</name>
  </trkpt>
  <trkpt lat="48.44479" lon="10.2083">
    <name>TP531</name>
  </trkpt>
  <trkpt lat="48.44467" lon="10.20841">
    <name>TP532</name>
  </trkpt>
  <trkpt lat="48.44461" lon="10.20847">
    <name>TP533</name>
  </trkpt>
  <trkpt lat="48.44454" lon="10.20854">
    <name>TP534</name>
  </trkpt>
  <trkpt lat="48.44446" lon="10.20862">
    <name>TP535</name>
  </trkpt>
  <trkpt lat="48.44434" lon="10.20873">
    <name>TP536</name>
  </trkpt>
  <trkpt lat="48.44431" lon="10.20875">
    <name>TP537</name>
  </trkpt>
  <trkpt lat="48.44419" lon="10.20888">
    <name>TP538</name>
  </trkpt>
  <trkpt lat="48.44417" lon="10.20889">
    <name>TP539</name>
  </trkpt>
  <trkpt lat="48.44404" lon="10.20902">
    <name>TP540</name>
  </trkpt>
  <trkpt lat="48.44403" lon="10.20902">
    <name>TP541</name>
  </trkpt>
  <trkpt lat="48.4439" lon="10.20915">
    <name>TP542</name>
  </trkpt>
  <trkpt lat="48.44388" lon="10.20916">
    <name>TP543</name>
  </trkpt>
  <trkpt lat="48.44377" lon="10.20927">
    <name>TP544</name>
  </trkpt>
  <trkpt lat="48.44364" lon="10.20939">
    <name>TP545</name>
  </trkpt>
  <trkpt lat="48.4436" lon="10.20943">
    <name>TP546</name>
  </trkpt>
  <trkpt lat="48.44352" lon="10.2095">
    <name>TP547</name>
  </trkpt>
  <trkpt lat="48.44346" lon="10.20956">
    <name>TP548</name>
  </trkpt>
  <trkpt lat="48.44339" lon="10.20962">
    <name>TP549</name>
  </trkpt>
  <trkpt lat="48.44326" lon="10.20974">
    <name>TP550</name>
  </trkpt>
  <trkpt lat="48.4432" lon="10.20981">
    <name>TP551</name>
  </trkpt>
  <trkpt lat="48.44314" lon="10.20986">
    <name>TP552</name>
  </trkpt>
  <trkpt lat="48.44302" lon="10.20997">
    <name>TP553</name>
  </trkpt>
  <trkpt lat="48.44292" lon="10.21006">
    <name>TP554</name>
  </trkpt>
  <trkpt lat="48.44289" lon="10.2101">
    <name>TP555</name>
  </trkpt>
  <trkpt lat="48.44277" lon="10.2102">
    <name>TP556</name>
  </trkpt>
  <trkpt lat="48.44265" lon="10.21033">
    <name>TP557</name>
  </trkpt>
  <trkpt lat="48.44253" lon="10.21044">
    <name>TP558</name>
  </trkpt>
  <trkpt lat="48.44236" lon="10.2106">
    <name>TP559</name>
  </trkpt>
  <trkpt lat="48.44227" lon="10.21068">
    <name>TP560</name>
  </trkpt>
  <trkpt lat="48.44221" lon="10.21073">
    <name>TP561</name>
  </trkpt>
  <trkpt lat="48.4422" lon="10.21074">
    <name>TP562</name>
  </trkpt>
  <trkpt lat="48.44214" lon="10.2108">
    <name>TP563</name>
  </trkpt>
  <trkpt lat="48.44203" lon="10.21091">
    <name>TP564</name>
  </trkpt>
  <trkpt lat="48.4419" lon="10.21103">
    <name>TP565</name>
  </trkpt>
  <trkpt lat="48.44177" lon="10.21115">
    <name>TP566</name>
  </trkpt>
  <trkpt lat="48.44165" lon="10.21127">
    <name>TP567</name>
  </trkpt>
  <trkpt lat="48.44152" lon="10.21138">
    <name>TP568</name>
  </trkpt>
  <trkpt lat="48.4414" lon="10.2115">
    <name>TP569</name>
  </trkpt>
  <trkpt lat="48.44128" lon="10.21162">
    <name>TP570</name>
  </trkpt>
  <trkpt lat="48.44116" lon="10.21173">
    <name>TP571</name>
  </trkpt>
  <trkpt lat="48.44104" lon="10.21184">
    <name>TP572</name>
  </trkpt>
  <trkpt lat="48.44097" lon="10.2119">
    <name>TP573</name>
  </trkpt>
  <trkpt lat="48.44091" lon="10.21196">
    <name>TP574</name>
  </trkpt>
  <trkpt lat="48.44072" lon="10.21214">
    <name>TP575</name>
  </trkpt>
  <trkpt lat="48.4407" lon="10.21216">
    <name>TP576</name>
  </trkpt>
  <trkpt lat="48.44057" lon="10.21228">
    <name>TP577</name>
  </trkpt>
  <trkpt lat="48.44041" lon="10.21243">
    <name>TP578</name>
  </trkpt>
  <trkpt lat="48.44035" lon="10.21249">
    <name>TP579</name>
  </trkpt>
  <trkpt lat="48.44021" lon="10.21262">
    <name>TP580</name>
  </trkpt>
  <trkpt lat="48.44007" lon="10.21275">
    <name>TP581</name>
  </trkpt>
  <trkpt lat="48.43994" lon="10.21288">
    <name>TP582</name>
  </trkpt>
  <trkpt lat="48.4398" lon="10.21302">
    <name>TP583</name>
  </trkpt>
  <trkpt lat="48.43966" lon="10.21314">
    <name>TP584</name>
  </trkpt>
  <trkpt lat="48.4396" lon="10.2132">
    <name>TP585</name>
  </trkpt>
  <trkpt lat="48.43953" lon="10.21327">
    <name>TP586</name>
  </trkpt>
  <trkpt lat="48.43939" lon="10.2134">
    <name>TP587</name>
  </trkpt>
  <trkpt lat="48.43925" lon="10.21353">
    <name>TP588</name>
  </trkpt>
  <trkpt lat="48.43904" lon="10.21373">
    <name>TP589</name>
  </trkpt>
  <trkpt lat="48.43891" lon="10.21385">
    <name>TP590</name>
  </trkpt>
  <trkpt lat="48.43863" lon="10.21411">
    <name>TP591</name>
  </trkpt>
  <trkpt lat="48.43843" lon="10.2143">
    <name>TP592</name>
  </trkpt>
  <trkpt lat="48.43839" lon="10.21434">
    <name>TP593</name>
  </trkpt>
  <trkpt lat="48.43835" lon="10.21437">
    <name>TP594</name>
  </trkpt>
  <trkpt lat="48.43765" lon="10.21504">
    <name>TP595</name>
  </trkpt>
  <trkpt lat="48.4376" lon="10.21509">
    <name>TP596</name>
  </trkpt>
  <trkpt lat="48.43743" lon="10.21525">
    <name>TP597</name>
  </trkpt>
  <trkpt lat="48.43721" lon="10.21546">
    <name>TP598</name>
  </trkpt>
  <trkpt lat="48.43708" lon="10.21558">
    <name>TP599</name>
  </trkpt>
  <trkpt lat="48.43694" lon="10.21571">
    <name>TP600</name>
  </trkpt>
  <trkpt lat="48.4368" lon="10.21584">
    <name>TP601</name>
  </trkpt>
  <trkpt lat="48.43666" lon="10.21597">
    <name>TP602</name>
  </trkpt>
  <trkpt lat="48.43652" lon="10.2161">
    <name>TP603</name>
  </trkpt>
  <trkpt lat="48.43638" lon="10.21623">
    <name>TP604</name>
  </trkpt>
  <trkpt lat="48.43626" lon="10.21635">
    <name>TP605</name>
  </trkpt>
  <trkpt lat="48.43613" lon="10.21647">
    <name>TP606</name>
  </trkpt>
  <trkpt lat="48.4361" lon="10.2165">
    <name>TP607</name>
  </trkpt>
  <trkpt lat="48.436" lon="10.21659">
    <name>TP608</name>
  </trkpt>
  <trkpt lat="48.43596" lon="10.21663">
    <name>TP609</name>
  </trkpt>
  <trkpt lat="48.43586" lon="10.21672">
    <name>TP610</name>
  </trkpt>
  <trkpt lat="48.43576" lon="10.21682">
    <name>TP611</name>
  </trkpt>
  <trkpt lat="48.43562" lon="10.21695">
    <name>TP612</name>
  </trkpt>
  <trkpt lat="48.43556" lon="10.21701">
    <name>TP613</name>
  </trkpt>
  <trkpt lat="48.43536" lon="10.21721">
    <name>TP614</name>
  </trkpt>
  <trkpt lat="48.43521" lon="10.21736">
    <name>TP615</name>
  </trkpt>
  <trkpt lat="48.43488" lon="10.21767">
    <name>TP616</name>
  </trkpt>
  <trkpt lat="48.43428" lon="10.21831">
    <name>TP617</name>
  </trkpt>
  <trkpt lat="48.43416" lon="10.21844">
    <name>TP618</name>
  </trkpt>
  <trkpt lat="48.43403" lon="10.2186">
    <name>TP619</name>
  </trkpt>
  <trkpt lat="48.43395" lon="10.21869">
    <name>TP620</name>
  </trkpt>
  <trkpt lat="48.43387" lon="10.21879">
    <name>TP621</name>
  </trkpt>
  <trkpt lat="48.43379" lon="10.2189">
    <name>TP622</name>
  </trkpt>
  <trkpt lat="48.43366" lon="10.21905">
    <name>TP623</name>
  </trkpt>
  <trkpt lat="48.43355" lon="10.2192">
    <name>TP624</name>
  </trkpt>
  <trkpt lat="48.43353" lon="10.21922">
    <name>TP625</name>
  </trkpt>
  <trkpt lat="48.4335" lon="10.21927">
    <name>TP626</name>
  </trkpt>
  <trkpt lat="48.43342" lon="10.21937">
    <name>TP627</name>
  </trkpt>
  <trkpt lat="48.43329" lon="10.21954">
    <name>TP628</name>
  </trkpt>
  <trkpt lat="48.43304" lon="10.2199">
    <name>TP629</name>
  </trkpt>
  <trkpt lat="48.43298" lon="10.21998">
    <name>TP630</name>
  </trkpt>
  <trkpt lat="48.43292" lon="10.22008">
    <name>TP631</name>
  </trkpt>
  <trkpt lat="48.4328" lon="10.22025">
    <name>TP632</name>
  </trkpt>
  <trkpt lat="48.43269" lon="10.22042">
    <name>TP633</name>
  </trkpt>
  <trkpt lat="48.43259" lon="10.22057">
    <name>TP634</name>
  </trkpt>
  <trkpt lat="48.43248" lon="10.22075">
    <name>TP635</name>
  </trkpt>
  <trkpt lat="48.43244" lon="10.22081">
    <name>TP636</name>
  </trkpt>
  <trkpt lat="48.43234" lon="10.22098">
    <name>TP637</name>
  </trkpt>
  <trkpt lat="48.43223" lon="10.22116">
    <name>TP638</name>
  </trkpt>
  <trkpt lat="48.43211" lon="10.22136">
    <name>TP639</name>
  </trkpt>
  <trkpt lat="48.43209" lon="10.2214">
    <name>TP640</name>
  </trkpt>
  <trkpt lat="48.432" lon="10.22155">
    <name>TP641</name>
  </trkpt>
  <trkpt lat="48.43189" lon="10.22176">
    <name>TP642</name>
  </trkpt>
  <trkpt lat="48.43179" lon="10.22194">
    <name>TP643</name>
  </trkpt>
  <trkpt lat="48.43159" lon="10.22233">
    <name>TP644</name>
  </trkpt>
  <trkpt lat="48.43148" lon="10.22254">
    <name>TP645</name>
  </trkpt>
  <trkpt lat="48.43132" lon="10.22287">
    <name>TP646</name>
  </trkpt>
  <trkpt lat="48.43113" lon="10.22328">
    <name>TP647</name>
  </trkpt>
  <trkpt lat="48.43092" lon="10.22378">
    <name>TP648</name>
  </trkpt>
  <trkpt lat="48.43083" lon="10.224">
    <name>TP649</name>
  </trkpt>
  <trkpt lat="48.43068" lon="10.22439">
    <name>TP650</name>
  </trkpt>
  <trkpt lat="48.43059" lon="10.22463">
    <name>TP651</name>
  </trkpt>
  <trkpt lat="48.43035" lon="10.22528">
    <name>TP652</name>
  </trkpt>
  <trkpt lat="48.4302" lon="10.22575">
    <name>TP653</name>
  </trkpt>
  <trkpt lat="48.43005" lon="10.22629">
    <name>TP654</name>
  </trkpt>
  <trkpt lat="48.43001" lon="10.22643">
    <name>TP655</name>
  </trkpt>
  <trkpt lat="48.42996" lon="10.22663">
    <name>TP656</name>
  </trkpt>
  <trkpt lat="48.42986" lon="10.22699">
    <name>TP657</name>
  </trkpt>
  <trkpt lat="48.42983" lon="10.22709">
    <name>TP658</name>
  </trkpt>
  <trkpt lat="48.42976" lon="10.22733">
    <name>TP659</name>
  </trkpt>
  <trkpt lat="48.42971" lon="10.22755">
    <name>TP660</name>
  </trkpt>
  <trkpt lat="48.42963" lon="10.22785">
    <name>TP661</name>
  </trkpt>
  <trkpt lat="48.42955" lon="10.22821">
    <name>TP662</name>
  </trkpt>
  <trkpt lat="48.42949" lon="10.22845">
    <name>TP663</name>
  </trkpt>
  <trkpt lat="48.42944" lon="10.2287">
    <name>TP664</name>
  </trkpt>
  <trkpt lat="48.42935" lon="10.22914">
    <name>TP665</name>
  </trkpt>
  <trkpt lat="48.42931" lon="10.22938">
    <name>TP666</name>
  </trkpt>
  <trkpt lat="48.42925" lon="10.22974">
    <name>TP667</name>
  </trkpt>
  <trkpt lat="48.42919" lon="10.23009">
    <name>TP668</name>
  </trkpt>
  <trkpt lat="48.42914" lon="10.23043">
    <name>TP669</name>
  </trkpt>
  <trkpt lat="48.4291" lon="10.23073">
    <name>TP670</name>
  </trkpt>
  <trkpt lat="48.42904" lon="10.23126">
    <name>TP671</name>
  </trkpt>
  <trkpt lat="48.42901" lon="10.23153">
    <name>TP672</name>
  </trkpt>
  <trkpt lat="48.42898" lon="10.23176">
    <name>TP673</name>
  </trkpt>
  <trkpt lat="48.42898" lon="10.23179">
    <name>TP674</name>
  </trkpt>
  <trkpt lat="48.42896" lon="10.23207">
    <name>TP675</name>
  </trkpt>
  <trkpt lat="48.42892" lon="10.23251">
    <name>TP676</name>
  </trkpt>
  <trkpt lat="48.4289" lon="10.233">
    <name>TP677</name>
  </trkpt>
  <trkpt lat="48.4289" lon="10.23301">
    <name>TP678</name>
  </trkpt>
  <trkpt lat="48.42887" lon="10.23346">
    <name>TP679</name>
  </trkpt>
  <trkpt lat="48.42887" lon="10.2337">
    <name>TP680</name>
  </trkpt>
  <trkpt lat="48.42886" lon="10.23393">
    <name>TP681</name>
  </trkpt>
  <trkpt lat="48.42885" lon="10.2342">
    <name>TP682</name>
  </trkpt>
  <trkpt lat="48.42885" lon="10.23442">
    <name>TP683</name>
  </trkpt>
  <trkpt lat="48.42885" lon="10.23466">
    <name>TP684</name>
  </trkpt>
  <trkpt lat="48.42885" lon="10.23474">
    <name>TP685</name>
  </trkpt>
  <trkpt lat="48.42885" lon="10.2349">
    <name>TP686</name>
  </trkpt>
  <trkpt lat="48.42885" lon="10.23501">
    <name>TP687</name>
  </trkpt>
  <trkpt lat="48.42886" lon="10.23529">
    <name>TP688</name>
  </trkpt>
  <trkpt lat="48.42886" lon="10.23554">
    <name>TP689</name>
  </trkpt>
  <trkpt lat="48.42886" lon="10.23561">
    <name>TP690</name>
  </trkpt>
  <trkpt lat="48.42886" lon="10.23563">
    <name>TP691</name>
  </trkpt>
  <trkpt lat="48.42886" lon="10.23568">
    <name>TP692</name>
  </trkpt>
  <trkpt lat="48.42888" lon="10.23611">
    <name>TP693</name>
  </trkpt>
  <trkpt lat="48.42888" lon="10.23638">
    <name>TP694</name>
  </trkpt>
  <trkpt lat="48.42891" lon="10.23746">
    <name>TP695</name>
  </trkpt>
  <trkpt lat="48.42891" lon="10.23759">
    <name>TP696</name>
  </trkpt>
  <trkpt lat="48.42891" lon="10.23761">
    <name>TP697</name>
  </trkpt>
  <trkpt lat="48.42892" lon="10.23773">
    <name>TP698</name>
  </trkpt>
  <trkpt lat="48.42892" lon="10.238">
    <name>TP699</name>
  </trkpt>
  <trkpt lat="48.42894" lon="10.23854">
    <name>TP700</name>
  </trkpt>
  <trkpt lat="48.42895" lon="10.23881">
    <name>TP701</name>
  </trkpt>
  <trkpt lat="48.42895" lon="10.23882">
    <name>TP702</name>
  </trkpt>
  <trkpt lat="48.42895" lon="10.23895">
    <name>TP703</name>
  </trkpt>
  <trkpt lat="48.42897" lon="10.23952">
    <name>TP704</name>
  </trkpt>
  <trkpt lat="48.42899" lon="10.24017">
    <name>TP705</name>
  </trkpt>
  <trkpt lat="48.42901" lon="10.24074">
    <name>TP706</name>
  </trkpt>
  <trkpt lat="48.42903" lon="10.24152">
    <name>TP707</name>
  </trkpt>
  <trkpt lat="48.42905" lon="10.24216">
    <name>TP708</name>
  </trkpt>
  <trkpt lat="48.42908" lon="10.24314">
    <name>TP709</name>
  </trkpt>
  <trkpt lat="48.42909" lon="10.24328">
    <name>TP710</name>
  </trkpt>
  <trkpt lat="48.42909" lon="10.24337">
    <name>TP711</name>
  </trkpt>
  <trkpt lat="48.42909" lon="10.24342">
    <name>TP712</name>
  </trkpt>
  <trkpt lat="48.4291" lon="10.24369">
    <name>TP713</name>
  </trkpt>
  <trkpt lat="48.42911" lon="10.24396">
    <name>TP714</name>
  </trkpt>
  <trkpt lat="48.42911" lon="10.24409">
    <name>TP715</name>
  </trkpt>
  <trkpt lat="48.42911" lon="10.24423">
    <name>TP716</name>
  </trkpt>
  <trkpt lat="48.42912" lon="10.24424">
    <name>TP717</name>
  </trkpt>
  <trkpt lat="48.42916" lon="10.24531">
    <name>TP718</name>
  </trkpt>
  <trkpt lat="48.42916" lon="10.24543">
    <name>TP719</name>
  </trkpt>
  <trkpt lat="48.42916" lon="10.24545">
    <name>TP720</name>
  </trkpt>
  <trkpt lat="48.42917" lon="10.24558">
    <name>TP721</name>
  </trkpt>
  <trkpt lat="48.42917" lon="10.24573">
    <name>TP722</name>
  </trkpt>
  <trkpt lat="48.42918" lon="10.24605">
    <name>TP723</name>
  </trkpt>
  <trkpt lat="48.42918" lon="10.24639">
    <name>TP724</name>
  </trkpt>
  <trkpt lat="48.42919" lon="10.24693">
    <name>TP725</name>
  </trkpt>
  <trkpt lat="48.4292" lon="10.24742">
    <name>TP726</name>
  </trkpt>
  <trkpt lat="48.42922" lon="10.24816">
    <name>TP727</name>
  </trkpt>
  <trkpt lat="48.42922" lon="10.24829">
    <name>TP728</name>
  </trkpt>
  <trkpt lat="48.42922" lon="10.24834">
    <name>TP729</name>
  </trkpt>
  <trkpt lat="48.42923" lon="10.24843">
    <name>TP730</name>
  </trkpt>
  <trkpt lat="48.42924" lon="10.24884">
    <name>TP731</name>
  </trkpt>
  <trkpt lat="48.42924" lon="10.2493">
    <name>TP732</name>
  </trkpt>
  <trkpt lat="48.42926" lon="10.24992">
    <name>TP733</name>
  </trkpt>
  <trkpt lat="48.42926" lon="10.25005">
    <name>TP734</name>
  </trkpt>
  <trkpt lat="48.42926" lon="10.25007">
    <name>TP735</name>
  </trkpt>
  <trkpt lat="48.42928" lon="10.25046">
    <name>TP736</name>
  </trkpt>
  <trkpt lat="48.42928" lon="10.25074">
    <name>TP737</name>
  </trkpt>
  <trkpt lat="48.42929" lon="10.251">
    <name>TP738</name>
  </trkpt>
  <trkpt lat="48.4293" lon="10.25146">
    <name>TP739</name>
  </trkpt>
  <trkpt lat="48.42932" lon="10.25195">
    <name>TP740</name>
  </trkpt>
  <trkpt lat="48.42932" lon="10.2522">
    <name>TP741</name>
  </trkpt>
  <trkpt lat="48.42932" lon="10.25246">
    <name>TP742</name>
  </trkpt>
  <trkpt lat="48.42933" lon="10.25269">
    <name>TP743</name>
  </trkpt>
  <trkpt lat="48.42941" lon="10.25555">
    <name>TP744</name>
  </trkpt>
  <trkpt lat="48.42942" lon="10.25584">
    <name>TP745</name>
  </trkpt>
  <trkpt lat="48.42943" lon="10.25612">
    <name>TP746</name>
  </trkpt>
  <trkpt lat="48.42946" lon="10.25717">
    <name>TP747</name>
  </trkpt>
  <trkpt lat="48.42947" lon="10.25761">
    <name>TP748</name>
  </trkpt>
  <trkpt lat="48.42947" lon="10.25787">
    <name>TP749</name>
  </trkpt>
  <trkpt lat="48.42948" lon="10.25791">
    <name>TP750</name>
  </trkpt>
  <trkpt lat="48.42948" lon="10.25819">
    <name>TP751</name>
  </trkpt>
  <trkpt lat="48.4295" lon="10.25875">
    <name>TP752</name>
  </trkpt>
  <trkpt lat="48.42951" lon="10.259">
    <name>TP753</name>
  </trkpt>
  <trkpt lat="48.42952" lon="10.25955">
    <name>TP754</name>
  </trkpt>
  <trkpt lat="48.42954" lon="10.26022">
    <name>TP755</name>
  </trkpt>
  <trkpt lat="48.42956" lon="10.26081">
    <name>TP756</name>
  </trkpt>
  <trkpt lat="48.42956" lon="10.261">
    <name>TP757</name>
  </trkpt>
  <trkpt lat="48.42957" lon="10.26141">
    <name>TP758</name>
  </trkpt>
  <trkpt lat="48.42959" lon="10.26191">
    <name>TP759</name>
  </trkpt>
  <trkpt lat="48.4296" lon="10.26214">
    <name>TP760</name>
  </trkpt>
  <trkpt lat="48.42961" lon="10.26252">
    <name>TP761</name>
  </trkpt>
  <trkpt lat="48.42961" lon="10.26258">
    <name>TP762</name>
  </trkpt>
  <trkpt lat="48.42962" lon="10.26285">
    <name>TP763</name>
  </trkpt>
  <trkpt lat="48.42967" lon="10.26425">
    <name>TP764</name>
  </trkpt>
  <trkpt lat="48.42967" lon="10.2643">
    <name>TP765</name>
  </trkpt>
  <trkpt lat="48.42967" lon="10.26448">
    <name>TP766</name>
  </trkpt>
  <trkpt lat="48.42968" lon="10.26457">
    <name>TP767</name>
  </trkpt>
  <trkpt lat="48.42968" lon="10.26468">
    <name>TP768</name>
  </trkpt>
  <trkpt lat="48.42968" lon="10.26475">
    <name>TP769</name>
  </trkpt>
  <trkpt lat="48.42969" lon="10.26495">
    <name>TP770</name>
  </trkpt>
  <trkpt lat="48.4297" lon="10.26524">
    <name>TP771</name>
  </trkpt>
  <trkpt lat="48.42971" lon="10.26571">
    <name>TP772</name>
  </trkpt>
  <trkpt lat="48.42972" lon="10.26592">
    <name>TP773</name>
  </trkpt>
  <trkpt lat="48.42972" lon="10.26601">
    <name>TP774</name>
  </trkpt>
  <trkpt lat="48.42973" lon="10.26619">
    <name>TP775</name>
  </trkpt>
  <trkpt lat="48.42973" lon="10.26622">
    <name>TP776</name>
  </trkpt>
  <trkpt lat="48.42973" lon="10.26637">
    <name>TP777</name>
  </trkpt>
  <trkpt lat="48.42975" lon="10.2669">
    <name>TP778</name>
  </trkpt>
  <trkpt lat="48.42975" lon="10.26712">
    <name>TP779</name>
  </trkpt>
  <trkpt lat="48.42976" lon="10.26739">
    <name>TP780</name>
  </trkpt>
  <trkpt lat="48.42977" lon="10.26783">
    <name>TP781</name>
  </trkpt>
  <trkpt lat="48.42978" lon="10.268">
    <name>TP782</name>
  </trkpt>
  <trkpt lat="48.42978" lon="10.26809">
    <name>TP783</name>
  </trkpt>
  <trkpt lat="48.42979" lon="10.26833">
    <name>TP784</name>
  </trkpt>
  <trkpt lat="48.42979" lon="10.26859">
    <name>TP785</name>
  </trkpt>
  <trkpt lat="48.4298" lon="10.26881">
    <name>TP786</name>
  </trkpt>
  <trkpt lat="48.4298" lon="10.26906">
    <name>TP787</name>
  </trkpt>
  <trkpt lat="48.42981" lon="10.26928">
    <name>TP788</name>
  </trkpt>
  <trkpt lat="48.42982" lon="10.26952">
    <name>TP789</name>
  </trkpt>
  <trkpt lat="48.42983" lon="10.26983">
    <name>TP790</name>
  </trkpt>
  <trkpt lat="48.42983" lon="10.26999">
    <name>TP791</name>
  </trkpt>
  <trkpt lat="48.42983" lon="10.27">
    <name>TP792</name>
  </trkpt>
  <trkpt lat="48.42984" lon="10.27025">
    <name>TP793</name>
  </trkpt>
  <trkpt lat="48.42984" lon="10.27047">
    <name>TP794</name>
  </trkpt>
  <trkpt lat="48.42984" lon="10.27072">
    <name>TP795</name>
  </trkpt>
  <trkpt lat="48.42985" lon="10.27096">
    <name>TP796</name>
  </trkpt>
  <trkpt lat="48.42985" lon="10.27119">
    <name>TP797</name>
  </trkpt>
  <trkpt lat="48.42986" lon="10.27145">
    <name>TP798</name>
  </trkpt>
  <trkpt lat="48.42986" lon="10.27169">
    <name>TP799</name>
  </trkpt>
  <trkpt lat="48.42987" lon="10.27192">
    <name>TP800</name>
  </trkpt>
  <trkpt lat="48.42987" lon="10.27213">
    <name>TP801</name>
  </trkpt>
  <trkpt lat="48.42988" lon="10.27218">
    <name>TP802</name>
  </trkpt>
  <trkpt lat="48.42989" lon="10.2727">
    <name>TP803</name>
  </trkpt>
  <trkpt lat="48.42989" lon="10.27283">
    <name>TP804</name>
  </trkpt>
  <trkpt lat="48.4299" lon="10.27321">
    <name>TP805</name>
  </trkpt>
  <trkpt lat="48.4299" lon="10.27331">
    <name>TP806</name>
  </trkpt>
  <trkpt lat="48.42992" lon="10.27402">
    <name>TP807</name>
  </trkpt>
  <trkpt lat="48.42994" lon="10.27471">
    <name>TP808</name>
  </trkpt>
  <trkpt lat="48.42995" lon="10.27504">
    <name>TP809</name>
  </trkpt>
  <trkpt lat="48.42995" lon="10.27524">
    <name>TP810</name>
  </trkpt>
  <trkpt lat="48.42996" lon="10.27552">
    <name>TP811</name>
  </trkpt>
  <trkpt lat="48.42997" lon="10.27597">
    <name>TP812</name>
  </trkpt>
  <trkpt lat="48.42998" lon="10.27632">
    <name>TP813</name>
  </trkpt>
  <trkpt lat="48.42999" lon="10.27634">
    <name>TP814</name>
  </trkpt>
  <trkpt lat="48.43" lon="10.27679">
    <name>TP815</name>
  </trkpt>
  <trkpt lat="48.43001" lon="10.27706">
    <name>TP816</name>
  </trkpt>
  <trkpt lat="48.43001" lon="10.27738">
    <name>TP817</name>
  </trkpt>
  <trkpt lat="48.43002" lon="10.27739">
    <name>TP818</name>
  </trkpt>
  <trkpt lat="48.43002" lon="10.27765">
    <name>TP819</name>
  </trkpt>
  <trkpt lat="48.43004" lon="10.27834">
    <name>TP820</name>
  </trkpt>
  <trkpt lat="48.43006" lon="10.27932">
    <name>TP821</name>
  </trkpt>
  <trkpt lat="48.4301" lon="10.28036">
    <name>TP822</name>
  </trkpt>
  <trkpt lat="48.43012" lon="10.28125">
    <name>TP823</name>
  </trkpt>
  <trkpt lat="48.43014" lon="10.28185">
    <name>TP824</name>
  </trkpt>
  <trkpt lat="48.43015" lon="10.28233">
    <name>TP825</name>
  </trkpt>
  <trkpt lat="48.43018" lon="10.28285">
    <name>TP826</name>
  </trkpt>
  <trkpt lat="48.43019" lon="10.28319">
    <name>TP827</name>
  </trkpt>
  <trkpt lat="48.43021" lon="10.28357">
    <name>TP828</name>
  </trkpt>
  <trkpt lat="48.43024" lon="10.28405">
    <name>TP829</name>
  </trkpt>
  <trkpt lat="48.43027" lon="10.28444">
    <name>TP830</name>
  </trkpt>
  <trkpt lat="48.43028" lon="10.28458">
    <name>TP831</name>
  </trkpt>
  <trkpt lat="48.43031" lon="10.28494">
    <name>TP832</name>
  </trkpt>
  <trkpt lat="48.43035" lon="10.28534">
    <name>TP833</name>
  </trkpt>
  <trkpt lat="48.43037" lon="10.28555">
    <name>TP834</name>
  </trkpt>
  <trkpt lat="48.4304" lon="10.28578">
    <name>TP835</name>
  </trkpt>
  <trkpt lat="48.43043" lon="10.28603">
    <name>TP836</name>
  </trkpt>
  <trkpt lat="48.43046" lon="10.28626">
    <name>TP837</name>
  </trkpt>
  <trkpt lat="48.43049" lon="10.28653">
    <name>TP838</name>
  </trkpt>
  <trkpt lat="48.4305" lon="10.28658">
    <name>TP839</name>
  </trkpt>
  <trkpt lat="48.43053" lon="10.28685">
    <name>TP840</name>
  </trkpt>
  <trkpt lat="48.43055" lon="10.28699">
    <name>TP841</name>
  </trkpt>
  <trkpt lat="48.43059" lon="10.28725">
    <name>TP842</name>
  </trkpt>
  <trkpt lat="48.43062" lon="10.28747">
    <name>TP843</name>
  </trkpt>
  <trkpt lat="48.43065" lon="10.28764">
    <name>TP844</name>
  </trkpt>
  <trkpt lat="48.43066" lon="10.28769">
    <name>TP845</name>
  </trkpt>
  <trkpt lat="48.43074" lon="10.28819">
    <name>TP846</name>
  </trkpt>
  <trkpt lat="48.43082" lon="10.28862">
    <name>TP847</name>
  </trkpt>
  <trkpt lat="48.43085" lon="10.28877">
    <name>TP848</name>
  </trkpt>
  <trkpt lat="48.4309" lon="10.28903">
    <name>TP849</name>
  </trkpt>
  <trkpt lat="48.43094" lon="10.28924">
    <name>TP850</name>
  </trkpt>
  <trkpt lat="48.43098" lon="10.28943">
    <name>TP851</name>
  </trkpt>
  <trkpt lat="48.43099" lon="10.28948">
    <name>TP852</name>
  </trkpt>
  <trkpt lat="48.431" lon="10.28952">
    <name>TP853</name>
  </trkpt>
  <trkpt lat="48.43103" lon="10.28963">
    <name>TP854</name>
  </trkpt>
  <trkpt lat="48.43108" lon="10.28987">
    <name>TP855</name>
  </trkpt>
  <trkpt lat="48.4311" lon="10.28999">
    <name>TP856</name>
  </trkpt>
  <trkpt lat="48.43119" lon="10.29036">
    <name>TP857</name>
  </trkpt>
  <trkpt lat="48.4313" lon="10.29084">
    <name>TP858</name>
  </trkpt>
  <trkpt lat="48.43141" lon="10.2913">
    <name>TP859</name>
  </trkpt>
  <trkpt lat="48.43168" lon="10.29235">
    <name>TP860</name>
  </trkpt>
  <trkpt lat="48.43183" lon="10.29291">
    <name>TP861</name>
  </trkpt>
  <trkpt lat="48.43199" lon="10.29352">
    <name>TP862</name>
  </trkpt>
  <trkpt lat="48.43203" lon="10.29365">
    <name>TP863</name>
  </trkpt>
  <trkpt lat="48.43218" lon="10.29422">
    <name>TP864</name>
  </trkpt>
  <trkpt lat="48.43228" lon="10.29458">
    <name>TP865</name>
  </trkpt>
  <trkpt lat="48.43232" lon="10.29476">
    <name>TP866</name>
  </trkpt>
  <trkpt lat="48.43245" lon="10.29524">
    <name>TP867</name>
  </trkpt>
  <trkpt lat="48.43268" lon="10.2961">
    <name>TP868</name>
  </trkpt>
  <trkpt lat="48.43275" lon="10.29635">
    <name>TP869</name>
  </trkpt>
  <trkpt lat="48.43316" lon="10.29786">
    <name>TP870</name>
  </trkpt>
  <trkpt lat="48.43328" lon="10.2983">
    <name>TP871</name>
  </trkpt>
  <trkpt lat="48.43331" lon="10.29844">
    <name>TP872</name>
  </trkpt>
  <trkpt lat="48.43336" lon="10.29861">
    <name>TP873</name>
  </trkpt>
  <trkpt lat="48.43342" lon="10.29882">
    <name>TP874</name>
  </trkpt>
  <trkpt lat="48.43346" lon="10.299">
    <name>TP875</name>
  </trkpt>
  <trkpt lat="48.43348" lon="10.29905">
    <name>TP876</name>
  </trkpt>
  <trkpt lat="48.43355" lon="10.29931">
    <name>TP877</name>
  </trkpt>
  <trkpt lat="48.43361" lon="10.29953">
    <name>TP878</name>
  </trkpt>
  <trkpt lat="48.43372" lon="10.29993">
    <name>TP879</name>
  </trkpt>
  <trkpt lat="48.43374" lon="10.3">
    <name>TP880</name>
  </trkpt>
  <trkpt lat="48.43383" lon="10.30037">
    <name>TP881</name>
  </trkpt>
  <trkpt lat="48.43387" lon="10.30051">
    <name>TP882</name>
  </trkpt>
  <trkpt lat="48.43389" lon="10.30058">
    <name>TP883</name>
  </trkpt>
  <trkpt lat="48.434" lon="10.30096">
    <name>TP884</name>
  </trkpt>
  <trkpt lat="48.4341" lon="10.30136">
    <name>TP885</name>
  </trkpt>
  <trkpt lat="48.43422" lon="10.3018">
    <name>TP886</name>
  </trkpt>
  <trkpt lat="48.43428" lon="10.30201">
    <name>TP887</name>
  </trkpt>
  <trkpt lat="48.43435" lon="10.30226">
    <name>TP888</name>
  </trkpt>
  <trkpt lat="48.43436" lon="10.30233">
    <name>TP889</name>
  </trkpt>
  <trkpt lat="48.4344" lon="10.30248">
    <name>TP890</name>
  </trkpt>
  <trkpt lat="48.43443" lon="10.30258">
    <name>TP891</name>
  </trkpt>
  <trkpt lat="48.43452" lon="10.30293">
    <name>TP892</name>
  </trkpt>
  <trkpt lat="48.43464" lon="10.30337">
    <name>TP893</name>
  </trkpt>
  <trkpt lat="48.43477" lon="10.30385">
    <name>TP894</name>
  </trkpt>
  <trkpt lat="48.43486" lon="10.30416">
    <name>TP895</name>
  </trkpt>
  <trkpt lat="48.43488" lon="10.30424">
    <name>TP896</name>
  </trkpt>
  <trkpt lat="48.43494" lon="10.30449">
    <name>TP897</name>
  </trkpt>
  <trkpt lat="48.435" lon="10.30468">
    <name>TP898</name>
  </trkpt>
  <trkpt lat="48.43506" lon="10.30493">
    <name>TP899</name>
  </trkpt>
  <trkpt lat="48.43513" lon="10.30517">
    <name>TP900</name>
  </trkpt>
  <trkpt lat="48.43518" lon="10.30538">
    <name>TP901</name>
  </trkpt>
  <trkpt lat="48.43525" lon="10.30561">
    <name>TP902</name>
  </trkpt>
  <trkpt lat="48.43533" lon="10.30594">
    <name>TP903</name>
  </trkpt>
  <trkpt lat="48.4354" lon="10.30619">
    <name>TP904</name>
  </trkpt>
  <trkpt lat="48.43549" lon="10.30655">
    <name>TP905</name>
  </trkpt>
  <trkpt lat="48.43553" lon="10.3067">
    <name>TP906</name>
  </trkpt>
  <trkpt lat="48.43559" lon="10.30695">
    <name>TP907</name>
  </trkpt>
  <trkpt lat="48.4356" lon="10.30701">
    <name>TP908</name>
  </trkpt>
  <trkpt lat="48.43565" lon="10.30721">
    <name>TP909</name>
  </trkpt>
  <trkpt lat="48.43571" lon="10.30746">
    <name>TP910</name>
  </trkpt>
  <trkpt lat="48.43587" lon="10.30814">
    <name>TP911</name>
  </trkpt>
  <trkpt lat="48.43591" lon="10.30834">
    <name>TP912</name>
  </trkpt>
  <trkpt lat="48.43597" lon="10.30858">
    <name>TP913</name>
  </trkpt>
  <trkpt lat="48.43602" lon="10.30883">
    <name>TP914</name>
  </trkpt>
  <trkpt lat="48.43605" lon="10.309">
    <name>TP915</name>
  </trkpt>
  <trkpt lat="48.43605" lon="10.30901">
    <name>TP916</name>
  </trkpt>
  <trkpt lat="48.43611" lon="10.3093">
    <name>TP917</name>
  </trkpt>
  <trkpt lat="48.43615" lon="10.30953">
    <name>TP918</name>
  </trkpt>
  <trkpt lat="48.43619" lon="10.30972">
    <name>TP919</name>
  </trkpt>
  <trkpt lat="48.43623" lon="10.30996">
    <name>TP920</name>
  </trkpt>
  <trkpt lat="48.43628" lon="10.31024">
    <name>TP921</name>
  </trkpt>
  <trkpt lat="48.43639" lon="10.31091">
    <name>TP922</name>
  </trkpt>
  <trkpt lat="48.43644" lon="10.31119">
    <name>TP923</name>
  </trkpt>
  <trkpt lat="48.43646" lon="10.31137">
    <name>TP924</name>
  </trkpt>
  <trkpt lat="48.4365" lon="10.31162">
    <name>TP925</name>
  </trkpt>
  <trkpt lat="48.4365" lon="10.31163">
    <name>TP926</name>
  </trkpt>
  <trkpt lat="48.43654" lon="10.3119">
    <name>TP927</name>
  </trkpt>
  <trkpt lat="48.43656" lon="10.31209">
    <name>TP928</name>
  </trkpt>
  <trkpt lat="48.43661" lon="10.31243">
    <name>TP929</name>
  </trkpt>
  <trkpt lat="48.43663" lon="10.31263">
    <name>TP930</name>
  </trkpt>
  <trkpt lat="48.43664" lon="10.3127">
    <name>TP931</name>
  </trkpt>
  <trkpt lat="48.43665" lon="10.31281">
    <name>TP932</name>
  </trkpt>
  <trkpt lat="48.43666" lon="10.31285">
    <name>TP933</name>
  </trkpt>
  <trkpt lat="48.43667" lon="10.31296">
    <name>TP934</name>
  </trkpt>
  <trkpt lat="48.43671" lon="10.31335">
    <name>TP935</name>
  </trkpt>
  <trkpt lat="48.43676" lon="10.31384">
    <name>TP936</name>
  </trkpt>
  <trkpt lat="48.43677" lon="10.3139">
    <name>TP937</name>
  </trkpt>
  <trkpt lat="48.43677" lon="10.31394">
    <name>TP938</name>
  </trkpt>
  <trkpt lat="48.43681" lon="10.31432">
    <name>TP939</name>
  </trkpt>
  <trkpt lat="48.43682" lon="10.31453">
    <name>TP940</name>
  </trkpt>
  <trkpt lat="48.43684" lon="10.31477">
    <name>TP941</name>
  </trkpt>
  <trkpt lat="48.43686" lon="10.31497">
    <name>TP942</name>
  </trkpt>
  <trkpt lat="48.43686" lon="10.31505">
    <name>TP943</name>
  </trkpt>
  <trkpt lat="48.43687" lon="10.3152">
    <name>TP944</name>
  </trkpt>
  <trkpt lat="48.4369" lon="10.31553">
    <name>TP945</name>
  </trkpt>
  <trkpt lat="48.43691" lon="10.31578">
    <name>TP946</name>
  </trkpt>
  <trkpt lat="48.43691" lon="10.31582">
    <name>TP947</name>
  </trkpt>
  <trkpt lat="48.43692" lon="10.31602">
    <name>TP948</name>
  </trkpt>
  <trkpt lat="48.43695" lon="10.31649">
    <name>TP949</name>
  </trkpt>
  <trkpt lat="48.43695" lon="10.31673">
    <name>TP950</name>
  </trkpt>
  <trkpt lat="48.43697" lon="10.31713">
    <name>TP951</name>
  </trkpt>
  <trkpt lat="48.43698" lon="10.31747">
    <name>TP952</name>
  </trkpt>
  <trkpt lat="48.43699" lon="10.31787">
    <name>TP953</name>
  </trkpt>
  <trkpt lat="48.43699" lon="10.31854">
    <name>TP954</name>
  </trkpt>
  <trkpt lat="48.43699" lon="10.31885">
    <name>TP955</name>
  </trkpt>
  <trkpt lat="48.43699" lon="10.31937">
    <name>TP956</name>
  </trkpt>
  <trkpt lat="48.43698" lon="10.31955">
    <name>TP957</name>
  </trkpt>
  <trkpt lat="48.43698" lon="10.3198">
    <name>TP958</name>
  </trkpt>
  <trkpt lat="48.43698" lon="10.31982">
    <name>TP959</name>
  </trkpt>
  <trkpt lat="48.43697" lon="10.32002">
    <name>TP960</name>
  </trkpt>
  <trkpt lat="48.43695" lon="10.32054">
    <name>TP961</name>
  </trkpt>
  <trkpt lat="48.43694" lon="10.32086">
    <name>TP962</name>
  </trkpt>
  <trkpt lat="48.43692" lon="10.32134">
    <name>TP963</name>
  </trkpt>
  <trkpt lat="48.43689" lon="10.32175">
    <name>TP964</name>
  </trkpt>
  <trkpt lat="48.43688" lon="10.32201">
    <name>TP965</name>
  </trkpt>
  <trkpt lat="48.43687" lon="10.32218">
    <name>TP966</name>
  </trkpt>
  <trkpt lat="48.43685" lon="10.32245">
    <name>TP967</name>
  </trkpt>
  <trkpt lat="48.4368" lon="10.32303">
    <name>TP968</name>
  </trkpt>
  <trkpt lat="48.43676" lon="10.32343">
    <name>TP969</name>
  </trkpt>
  <trkpt lat="48.4367" lon="10.32403">
    <name>TP970</name>
  </trkpt>
  <trkpt lat="48.43668" lon="10.32423">
    <name>TP971</name>
  </trkpt>
  <trkpt lat="48.43666" lon="10.32441">
    <name>TP972</name>
  </trkpt>
  <trkpt lat="48.43664" lon="10.3246">
    <name>TP973</name>
  </trkpt>
  <trkpt lat="48.43657" lon="10.32513">
    <name>TP974</name>
  </trkpt>
  <trkpt lat="48.43651" lon="10.32555">
    <name>TP975</name>
  </trkpt>
  <trkpt lat="48.4365" lon="10.32566">
    <name>TP976</name>
  </trkpt>
  <trkpt lat="48.43647" lon="10.32588">
    <name>TP977</name>
  </trkpt>
  <trkpt lat="48.43641" lon="10.32626">
    <name>TP978</name>
  </trkpt>
  <trkpt lat="48.43635" lon="10.32661">
    <name>TP979</name>
  </trkpt>
  <trkpt lat="48.43627" lon="10.32709">
    <name>TP980</name>
  </trkpt>
  <trkpt lat="48.43622" lon="10.32736">
    <name>TP981</name>
  </trkpt>
  <trkpt lat="48.43619" lon="10.32755">
    <name>TP982</name>
  </trkpt>
  <trkpt lat="48.43612" lon="10.32792">
    <name>TP983</name>
  </trkpt>
  <trkpt lat="48.43605" lon="10.32825">
    <name>TP984</name>
  </trkpt>
  <trkpt lat="48.436" lon="10.3285">
    <name>TP985</name>
  </trkpt>
  <trkpt lat="48.43595" lon="10.32874">
    <name>TP986</name>
  </trkpt>
  <trkpt lat="48.43581" lon="10.32939">
    <name>TP987</name>
  </trkpt>
  <trkpt lat="48.43576" lon="10.3296">
    <name>TP988</name>
  </trkpt>
  <trkpt lat="48.43571" lon="10.32984">
    <name>TP989</name>
  </trkpt>
  <trkpt lat="48.43567" lon="10.33001">
    <name>TP990</name>
  </trkpt>
  <trkpt lat="48.4356" lon="10.33029">
    <name>TP991</name>
  </trkpt>
  <trkpt lat="48.43549" lon="10.33076">
    <name>TP992</name>
  </trkpt>
  <trkpt lat="48.4353" lon="10.33155">
    <name>TP993</name>
  </trkpt>
  <trkpt lat="48.43524" lon="10.3318">
    <name>TP994</name>
  </trkpt>
  <trkpt lat="48.43517" lon="10.3321">
    <name>TP995</name>
  </trkpt>
  <trkpt lat="48.43514" lon="10.33222">
    <name>TP996</name>
  </trkpt>
  <trkpt lat="48.43511" lon="10.33236">
    <name>TP997</name>
  </trkpt>
  <trkpt lat="48.43491" lon="10.33318">
    <name>TP998</name>
  </trkpt>
  <trkpt lat="48.43479" lon="10.33366">
    <name>TP999</name>
  </trkpt>
  <trkpt lat="48.43469" lon="10.33413">
    <name>TP1000</name>
  </trkpt>
  <trkpt lat="48.43449" lon="10.33501">
    <name>TP1001</name>
  </trkpt>
  <trkpt lat="48.43429" lon="10.33596">
    <name>TP1002</name>
  </trkpt>
  <trkpt lat="48.43419" lon="10.33641">
    <name>TP1003</name>
  </trkpt>
  <trkpt lat="48.43411" lon="10.33686">
    <name>TP1004</name>
  </trkpt>
  <trkpt lat="48.43405" lon="10.3371">
    <name>TP1005</name>
  </trkpt>
  <trkpt lat="48.43403" lon="10.33724">
    <name>TP1006</name>
  </trkpt>
  <trkpt lat="48.4339" lon="10.3379">
    <name>TP1007</name>
  </trkpt>
  <trkpt lat="48.4338" lon="10.3384">
    <name>TP1008</name>
  </trkpt>
  <trkpt lat="48.4337" lon="10.33895">
    <name>TP1009</name>
  </trkpt>
  <trkpt lat="48.43366" lon="10.33919">
    <name>TP1010</name>
  </trkpt>
  <trkpt lat="48.43364" lon="10.33927">
    <name>TP1011</name>
  </trkpt>
  <trkpt lat="48.43356" lon="10.33971">
    <name>TP1012</name>
  </trkpt>
  <trkpt lat="48.43347" lon="10.34024">
    <name>TP1013</name>
  </trkpt>
  <trkpt lat="48.43345" lon="10.3404">
    <name>TP1014</name>
  </trkpt>
  <trkpt lat="48.43342" lon="10.34056">
    <name>TP1015</name>
  </trkpt>
  <trkpt lat="48.43334" lon="10.34105">
    <name>TP1016</name>
  </trkpt>
  <trkpt lat="48.43329" lon="10.34135">
    <name>TP1017</name>
  </trkpt>
  <trkpt lat="48.43327" lon="10.34144">
    <name>TP1018</name>
  </trkpt>
  <trkpt lat="48.43325" lon="10.34162">
    <name>TP1019</name>
  </trkpt>
  <trkpt lat="48.43322" lon="10.34183">
    <name>TP1020</name>
  </trkpt>
  <trkpt lat="48.43317" lon="10.34214">
    <name>TP1021</name>
  </trkpt>
  <trkpt lat="48.43315" lon="10.34227">
    <name>TP1022</name>
  </trkpt>
  <trkpt lat="48.43309" lon="10.34267">
    <name>TP1023</name>
  </trkpt>
  <trkpt lat="48.43305" lon="10.34293">
    <name>TP1024</name>
  </trkpt>
  <trkpt lat="48.43298" lon="10.34347">
    <name>TP1025</name>
  </trkpt>
  <trkpt lat="48.43294" lon="10.34373">
    <name>TP1026</name>
  </trkpt>
  <trkpt lat="48.43294" lon="10.34374">
    <name>TP1027</name>
  </trkpt>
  <trkpt lat="48.43285" lon="10.34437">
    <name>TP1028</name>
  </trkpt>
  <trkpt lat="48.43277" lon="10.34506">
    <name>TP1029</name>
  </trkpt>
  <trkpt lat="48.4327" lon="10.3456">
    <name>TP1030</name>
  </trkpt>
  <trkpt lat="48.43267" lon="10.34588">
    <name>TP1031</name>
  </trkpt>
  <trkpt lat="48.43261" lon="10.3464">
    <name>TP1032</name>
  </trkpt>
  <trkpt lat="48.4326" lon="10.34652">
    <name>TP1033</name>
  </trkpt>
  <trkpt lat="48.43253" lon="10.3472">
    <name>TP1034</name>
  </trkpt>
  <trkpt lat="48.4325" lon="10.34746">
    <name>TP1035</name>
  </trkpt>
  <trkpt lat="48.4325" lon="10.34747">
    <name>TP1036</name>
  </trkpt>
  <trkpt lat="48.43242" lon="10.34827">
    <name>TP1037</name>
  </trkpt>
  <trkpt lat="48.43241" lon="10.34831">
    <name>TP1038</name>
  </trkpt>
  <trkpt lat="48.43235" lon="10.34908">
    <name>TP1039</name>
  </trkpt>
  <trkpt lat="48.43235" lon="10.34916">
    <name>TP1040</name>
  </trkpt>
  <trkpt lat="48.43233" lon="10.34935">
    <name>TP1041</name>
  </trkpt>
  <trkpt lat="48.43231" lon="10.34962">
    <name>TP1042</name>
  </trkpt>
  <trkpt lat="48.4323" lon="10.34974">
    <name>TP1043</name>
  </trkpt>
  <trkpt lat="48.43228" lon="10.35001">
    <name>TP1044</name>
  </trkpt>
  <trkpt lat="48.43226" lon="10.35019">
    <name>TP1045</name>
  </trkpt>
  <trkpt lat="48.43223" lon="10.35055">
    <name>TP1046</name>
  </trkpt>
  <trkpt lat="48.43222" lon="10.35067">
    <name>TP1047</name>
  </trkpt>
  <trkpt lat="48.43222" lon="10.35074">
    <name>TP1048</name>
  </trkpt>
  <trkpt lat="48.43219" lon="10.35115">
    <name>TP1049</name>
  </trkpt>
  <trkpt lat="48.43218" lon="10.35132">
    <name>TP1050</name>
  </trkpt>
  <trkpt lat="48.43217" lon="10.35162">
    <name>TP1051</name>
  </trkpt>
  <trkpt lat="48.43214" lon="10.35212">
    <name>TP1052</name>
  </trkpt>
  <trkpt lat="48.43212" lon="10.35237">
    <name>TP1053</name>
  </trkpt>
  <trkpt lat="48.4321" lon="10.35278">
    <name>TP1054</name>
  </trkpt>
  <trkpt lat="48.43209" lon="10.35286">
    <name>TP1055</name>
  </trkpt>
  <trkpt lat="48.43208" lon="10.35311">
    <name>TP1056</name>
  </trkpt>
  <trkpt lat="48.43206" lon="10.3535">
    <name>TP1057</name>
  </trkpt>
  <trkpt lat="48.43204" lon="10.35385">
    <name>TP1058</name>
  </trkpt>
  <trkpt lat="48.43203" lon="10.35394">
    <name>TP1059</name>
  </trkpt>
  <trkpt lat="48.43201" lon="10.35432">
    <name>TP1060</name>
  </trkpt>
  <trkpt lat="48.43199" lon="10.35481">
    <name>TP1061</name>
  </trkpt>
  <trkpt lat="48.43198" lon="10.355">
    <name>TP1062</name>
  </trkpt>
  <trkpt lat="48.43196" lon="10.35547">
    <name>TP1063</name>
  </trkpt>
  <trkpt lat="48.4319" lon="10.35667">
    <name>TP1064</name>
  </trkpt>
  <trkpt lat="48.43186" lon="10.35752">
    <name>TP1065</name>
  </trkpt>
  <trkpt lat="48.43186" lon="10.35753">
    <name>TP1066</name>
  </trkpt>
  <trkpt lat="48.43185" lon="10.35779">
    <name>TP1067</name>
  </trkpt>
  <trkpt lat="48.43181" lon="10.35915">
    <name>TP1068</name>
  </trkpt>
  <trkpt lat="48.4318" lon="10.35942">
    <name>TP1069</name>
  </trkpt>
  <trkpt lat="48.4318" lon="10.35953">
    <name>TP1070</name>
  </trkpt>
  <trkpt lat="48.43179" lon="10.35961">
    <name>TP1071</name>
  </trkpt>
  <trkpt lat="48.43179" lon="10.3598">
    <name>TP1072</name>
  </trkpt>
  <trkpt lat="48.43178" lon="10.36008">
    <name>TP1073</name>
  </trkpt>
  <trkpt lat="48.43174" lon="10.36143">
    <name>TP1074</name>
  </trkpt>
  <trkpt lat="48.43171" lon="10.36234">
    <name>TP1075</name>
  </trkpt>
  <trkpt lat="48.4317" lon="10.36282">
    <name>TP1076</name>
  </trkpt>
  <trkpt lat="48.43169" lon="10.36305">
    <name>TP1077</name>
  </trkpt>
  <trkpt lat="48.43168" lon="10.36333">
    <name>TP1078</name>
  </trkpt>
  <trkpt lat="48.43166" lon="10.3637">
    <name>TP1079</name>
  </trkpt>
  <trkpt lat="48.43163" lon="10.36423">
    <name>TP1080</name>
  </trkpt>
  <trkpt lat="48.43161" lon="10.3647">
    <name>TP1081</name>
  </trkpt>
  <trkpt lat="48.43151" lon="10.36598">
    <name>TP1082</name>
  </trkpt>
  <trkpt lat="48.4315" lon="10.36615">
    <name>TP1083</name>
  </trkpt>
  <trkpt lat="48.4315" lon="10.36617">
    <name>TP1084</name>
  </trkpt>
  <trkpt lat="48.43142" lon="10.36685">
    <name>TP1085</name>
  </trkpt>
  <trkpt lat="48.43139" lon="10.36708">
    <name>TP1086</name>
  </trkpt>
  <trkpt lat="48.43136" lon="10.36732">
    <name>TP1087</name>
  </trkpt>
  <trkpt lat="48.4313" lon="10.36775">
    <name>TP1088</name>
  </trkpt>
  <trkpt lat="48.43129" lon="10.36784">
    <name>TP1089</name>
  </trkpt>
  <trkpt lat="48.43127" lon="10.36802">
    <name>TP1090</name>
  </trkpt>
  <trkpt lat="48.43123" lon="10.36827">
    <name>TP1091</name>
  </trkpt>
  <trkpt lat="48.43123" lon="10.36828">
    <name>TP1092</name>
  </trkpt>
  <trkpt lat="48.4312" lon="10.36849">
    <name>TP1093</name>
  </trkpt>
  <trkpt lat="48.43112" lon="10.36895">
    <name>TP1094</name>
  </trkpt>
  <trkpt lat="48.43109" lon="10.3691">
    <name>TP1095</name>
  </trkpt>
  <trkpt lat="48.43107" lon="10.36924">
    <name>TP1096</name>
  </trkpt>
  <trkpt lat="48.43097" lon="10.36976">
    <name>TP1097</name>
  </trkpt>
  <trkpt lat="48.43091" lon="10.37006">
    <name>TP1098</name>
  </trkpt>
  <trkpt lat="48.43086" lon="10.37028">
    <name>TP1099</name>
  </trkpt>
  <trkpt lat="48.43083" lon="10.37044">
    <name>TP1100</name>
  </trkpt>
  <trkpt lat="48.43075" lon="10.3708">
    <name>TP1101</name>
  </trkpt>
  <trkpt lat="48.43073" lon="10.37091">
    <name>TP1102</name>
  </trkpt>
  <trkpt lat="48.4307" lon="10.37105">
    <name>TP1103</name>
  </trkpt>
  <trkpt lat="48.4307" lon="10.37106">
    <name>TP1104</name>
  </trkpt>
  <trkpt lat="48.4306" lon="10.37146">
    <name>TP1105</name>
  </trkpt>
  <trkpt lat="48.43053" lon="10.37176">
    <name>TP1106</name>
  </trkpt>
  <trkpt lat="48.43045" lon="10.37207">
    <name>TP1107</name>
  </trkpt>
  <trkpt lat="48.43041" lon="10.3722">
    <name>TP1108</name>
  </trkpt>
  <trkpt lat="48.43038" lon="10.37232">
    <name>TP1109</name>
  </trkpt>
  <trkpt lat="48.43031" lon="10.37257">
    <name>TP1110</name>
  </trkpt>
  <trkpt lat="48.43028" lon="10.37269">
    <name>TP1111</name>
  </trkpt>
  <trkpt lat="48.43024" lon="10.37282">
    <name>TP1112</name>
  </trkpt>
  <trkpt lat="48.43016" lon="10.37308">
    <name>TP1113</name>
  </trkpt>
  <trkpt lat="48.43003" lon="10.37353">
    <name>TP1114</name>
  </trkpt>
  <trkpt lat="48.42994" lon="10.37381">
    <name>TP1115</name>
  </trkpt>
  <trkpt lat="48.42989" lon="10.37398">
    <name>TP1116</name>
  </trkpt>
  <trkpt lat="48.42981" lon="10.37423">
    <name>TP1117</name>
  </trkpt>
  <trkpt lat="48.42971" lon="10.3745">
    <name>TP1118</name>
  </trkpt>
  <trkpt lat="48.42963" lon="10.37473">
    <name>TP1119</name>
  </trkpt>
  <trkpt lat="48.42949" lon="10.37513">
    <name>TP1120</name>
  </trkpt>
  <trkpt lat="48.42936" lon="10.37548">
    <name>TP1121</name>
  </trkpt>
  <trkpt lat="48.42936" lon="10.37549">
    <name>TP1122</name>
  </trkpt>
  <trkpt lat="48.42925" lon="10.37577">
    <name>TP1123</name>
  </trkpt>
  <trkpt lat="48.42912" lon="10.3761">
    <name>TP1124</name>
  </trkpt>
  <trkpt lat="48.42908" lon="10.37619">
    <name>TP1125</name>
  </trkpt>
  <trkpt lat="48.42903" lon="10.37631">
    <name>TP1126</name>
  </trkpt>
  <trkpt lat="48.42889" lon="10.37665">
    <name>TP1127</name>
  </trkpt>
  <trkpt lat="48.42879" lon="10.37688">
    <name>TP1128</name>
  </trkpt>
  <trkpt lat="48.42872" lon="10.37706">
    <name>TP1129</name>
  </trkpt>
  <trkpt lat="48.4287" lon="10.37711">
    <name>TP1130</name>
  </trkpt>
  <trkpt lat="48.4286" lon="10.37733">
    <name>TP1131</name>
  </trkpt>
  <trkpt lat="48.4285" lon="10.37756">
    <name>TP1132</name>
  </trkpt>
  <trkpt lat="48.4283" lon="10.37802">
    <name>TP1133</name>
  </trkpt>
  <trkpt lat="48.42826" lon="10.3781">
    <name>TP1134</name>
  </trkpt>
  <trkpt lat="48.42823" lon="10.37817">
    <name>TP1135</name>
  </trkpt>
  <trkpt lat="48.42816" lon="10.37833">
    <name>TP1136</name>
  </trkpt>
  <trkpt lat="48.42811" lon="10.37843">
    <name>TP1137</name>
  </trkpt>
  <trkpt lat="48.42804" lon="10.37858">
    <name>TP1138</name>
  </trkpt>
  <trkpt lat="48.42785" lon="10.379">
    <name>TP1139</name>
  </trkpt>
  <trkpt lat="48.42777" lon="10.37917">
    <name>TP1140</name>
  </trkpt>
  <trkpt lat="48.42769" lon="10.37935">
    <name>TP1141</name>
  </trkpt>
  <trkpt lat="48.42724" lon="10.38035">
    <name>TP1142</name>
  </trkpt>
  <trkpt lat="48.42709" lon="10.38067">
    <name>TP1143</name>
  </trkpt>
  <trkpt lat="48.42707" lon="10.38073">
    <name>TP1144</name>
  </trkpt>
  <trkpt lat="48.427" lon="10.38089">
    <name>TP1145</name>
  </trkpt>
  <trkpt lat="48.42678" lon="10.38138">
    <name>TP1146</name>
  </trkpt>
  <trkpt lat="48.42643" lon="10.38215">
    <name>TP1147</name>
  </trkpt>
  <trkpt lat="48.42614" lon="10.3828">
    <name>TP1148</name>
  </trkpt>
  <trkpt lat="48.4259" lon="10.38334">
    <name>TP1149</name>
  </trkpt>
  <trkpt lat="48.42589" lon="10.38336">
    <name>TP1150</name>
  </trkpt>
  <trkpt lat="48.42572" lon="10.38373">
    <name>TP1151</name>
  </trkpt>
  <trkpt lat="48.42562" lon="10.38397">
    <name>TP1152</name>
  </trkpt>
  <trkpt lat="48.42549" lon="10.38425">
    <name>TP1153</name>
  </trkpt>
  <trkpt lat="48.42536" lon="10.38454">
    <name>TP1154</name>
  </trkpt>
  <trkpt lat="48.42509" lon="10.38514">
    <name>TP1155</name>
  </trkpt>
  <trkpt lat="48.42499" lon="10.38537">
    <name>TP1156</name>
  </trkpt>
  <trkpt lat="48.42498" lon="10.38538">
    <name>TP1157</name>
  </trkpt>
  <trkpt lat="48.42482" lon="10.38574">
    <name>TP1158</name>
  </trkpt>
  <trkpt lat="48.42464" lon="10.38614">
    <name>TP1159</name>
  </trkpt>
  <trkpt lat="48.42454" lon="10.38636">
    <name>TP1160</name>
  </trkpt>
  <trkpt lat="48.42448" lon="10.38648">
    <name>TP1161</name>
  </trkpt>
  <trkpt lat="48.42448" lon="10.3865">
    <name>TP1162</name>
  </trkpt>
  <trkpt lat="48.42444" lon="10.38659">
    <name>TP1163</name>
  </trkpt>
  <trkpt lat="48.42438" lon="10.38671">
    <name>TP1164</name>
  </trkpt>
  <trkpt lat="48.42438" lon="10.38672">
    <name>TP1165</name>
  </trkpt>
  <trkpt lat="48.42428" lon="10.38693">
    <name>TP1166</name>
  </trkpt>
  <trkpt lat="48.42418" lon="10.38716">
    <name>TP1167</name>
  </trkpt>
  <trkpt lat="48.42397" lon="10.3876">
    <name>TP1168</name>
  </trkpt>
  <trkpt lat="48.42396" lon="10.38761">
    <name>TP1169</name>
  </trkpt>
  <trkpt lat="48.4238" lon="10.38796">
    <name>TP1170</name>
  </trkpt>
  <trkpt lat="48.42369" lon="10.38817">
    <name>TP1171</name>
  </trkpt>
  <trkpt lat="48.42365" lon="10.38826">
    <name>TP1172</name>
  </trkpt>
  <trkpt lat="48.42355" lon="10.38848">
    <name>TP1173</name>
  </trkpt>
  <trkpt lat="48.4235" lon="10.38858">
    <name>TP1174</name>
  </trkpt>
  <trkpt lat="48.42345" lon="10.3887">
    <name>TP1175</name>
  </trkpt>
  <trkpt lat="48.42344" lon="10.38871">
    <name>TP1176</name>
  </trkpt>
  <trkpt lat="48.42334" lon="10.38892">
    <name>TP1177</name>
  </trkpt>
  <trkpt lat="48.42334" lon="10.38893">
    <name>TP1178</name>
  </trkpt>
  <trkpt lat="48.42332" lon="10.38896">
    <name>TP1179</name>
  </trkpt>
  <trkpt lat="48.42302" lon="10.38958">
    <name>TP1180</name>
  </trkpt>
  <trkpt lat="48.42289" lon="10.38986">
    <name>TP1181</name>
  </trkpt>
  <trkpt lat="48.4227" lon="10.39024">
    <name>TP1182</name>
  </trkpt>
  <trkpt lat="48.42267" lon="10.3903">
    <name>TP1183</name>
  </trkpt>
  <trkpt lat="48.42258" lon="10.39049">
    <name>TP1184</name>
  </trkpt>
  <trkpt lat="48.42242" lon="10.3908">
    <name>TP1185</name>
  </trkpt>
  <trkpt lat="48.42229" lon="10.39107">
    <name>TP1186</name>
  </trkpt>
  <trkpt lat="48.42226" lon="10.39112">
    <name>TP1187</name>
  </trkpt>
  <trkpt lat="48.4221" lon="10.39145">
    <name>TP1188</name>
  </trkpt>
  <trkpt lat="48.42198" lon="10.39168">
    <name>TP1189</name>
  </trkpt>
  <trkpt lat="48.42192" lon="10.39181">
    <name>TP1190</name>
  </trkpt>
  <trkpt lat="48.4217" lon="10.39223">
    <name>TP1191</name>
  </trkpt>
  <trkpt lat="48.42159" lon="10.39243">
    <name>TP1192</name>
  </trkpt>
  <trkpt lat="48.42139" lon="10.39283">
    <name>TP1193</name>
  </trkpt>
  <trkpt lat="48.42118" lon="10.39323">
    <name>TP1194</name>
  </trkpt>
  <trkpt lat="48.42106" lon="10.39347">
    <name>TP1195</name>
  </trkpt>
  <trkpt lat="48.42102" lon="10.39353">
    <name>TP1196</name>
  </trkpt>
  <trkpt lat="48.42089" lon="10.39379">
    <name>TP1197</name>
  </trkpt>
  <trkpt lat="48.42088" lon="10.3938">
    <name>TP1198</name>
  </trkpt>
  <trkpt lat="48.42066" lon="10.39423">
    <name>TP1199</name>
  </trkpt>
  <trkpt lat="48.42056" lon="10.39441">
    <name>TP1200</name>
  </trkpt>
  <trkpt lat="48.42047" lon="10.3946">
    <name>TP1201</name>
  </trkpt>
  <trkpt lat="48.42013" lon="10.39523">
    <name>TP1202</name>
  </trkpt>
  <trkpt lat="48.41991" lon="10.39566">
    <name>TP1203</name>
  </trkpt>
  <trkpt lat="48.41979" lon="10.39588">
    <name>TP1204</name>
  </trkpt>
  <trkpt lat="48.41947" lon="10.39649">
    <name>TP1205</name>
  </trkpt>
  <trkpt lat="48.41933" lon="10.39674">
    <name>TP1206</name>
  </trkpt>
  <trkpt lat="48.41907" lon="10.39723">
    <name>TP1207</name>
  </trkpt>
  <trkpt lat="48.41878" lon="10.39778">
    <name>TP1208</name>
  </trkpt>
  <trkpt lat="48.41845" lon="10.39841">
    <name>TP1209</name>
  </trkpt>
  <trkpt lat="48.41844" lon="10.39841">
    <name>TP1210</name>
  </trkpt>
  <trkpt lat="48.41811" lon="10.39904">
    <name>TP1211</name>
  </trkpt>
  <trkpt lat="48.41801" lon="10.39924">
    <name>TP1212</name>
  </trkpt>
  <trkpt lat="48.418" lon="10.39926">
    <name>TP1213</name>
  </trkpt>
  <trkpt lat="48.41788" lon="10.39947">
    <name>TP1214</name>
  </trkpt>
  <trkpt lat="48.41766" lon="10.39988">
    <name>TP1215</name>
  </trkpt>
  <trkpt lat="48.41755" lon="10.4001">
    <name>TP1216</name>
  </trkpt>
  <trkpt lat="48.4172" lon="10.40075">
    <name>TP1217</name>
  </trkpt>
  <trkpt lat="48.417" lon="10.40114">
    <name>TP1218</name>
  </trkpt>
  <trkpt lat="48.41691" lon="10.40131">
    <name>TP1219</name>
  </trkpt>
  <trkpt lat="48.41689" lon="10.40135">
    <name>TP1220</name>
  </trkpt>
  <trkpt lat="48.41685" lon="10.40141">
    <name>TP1221</name>
  </trkpt>
  <trkpt lat="48.41674" lon="10.40161">
    <name>TP1222</name>
  </trkpt>
  <trkpt lat="48.41656" lon="10.40195">
    <name>TP1223</name>
  </trkpt>
  <trkpt lat="48.41639" lon="10.40226">
    <name>TP1224</name>
  </trkpt>
  <trkpt lat="48.41635" lon="10.40234">
    <name>TP1225</name>
  </trkpt>
  <trkpt lat="48.41627" lon="10.4025">
    <name>TP1226</name>
  </trkpt>
  <trkpt lat="48.41617" lon="10.40269">
    <name>TP1227</name>
  </trkpt>
  <trkpt lat="48.41615" lon="10.40272">
    <name>TP1228</name>
  </trkpt>
  <trkpt lat="48.41614" lon="10.40274">
    <name>TP1229</name>
  </trkpt>
  <trkpt lat="48.41604" lon="10.40294">
    <name>TP1230</name>
  </trkpt>
  <trkpt lat="48.41602" lon="10.40298">
    <name>TP1231</name>
  </trkpt>
  <trkpt lat="48.41595" lon="10.40312">
    <name>TP1232</name>
  </trkpt>
  <trkpt lat="48.41584" lon="10.40334">
    <name>TP1233</name>
  </trkpt>
  <trkpt lat="48.41575" lon="10.40352">
    <name>TP1234</name>
  </trkpt>
  <trkpt lat="48.41561" lon="10.4038">
    <name>TP1235</name>
  </trkpt>
  <trkpt lat="48.41559" lon="10.40386">
    <name>TP1236</name>
  </trkpt>
  <trkpt lat="48.41553" lon="10.40399">
    <name>TP1237</name>
  </trkpt>
  <trkpt lat="48.41552" lon="10.404">
    <name>TP1238</name>
  </trkpt>
  <trkpt lat="48.41551" lon="10.40402">
    <name>TP1239</name>
  </trkpt>
  <trkpt lat="48.41542" lon="10.40421">
    <name>TP1240</name>
  </trkpt>
  <trkpt lat="48.41542" lon="10.40422">
    <name>TP1241</name>
  </trkpt>
  <trkpt lat="48.41541" lon="10.40424">
    <name>TP1242</name>
  </trkpt>
  <trkpt lat="48.41528" lon="10.40452">
    <name>TP1243</name>
  </trkpt>
  <trkpt lat="48.4152" lon="10.40472">
    <name>TP1244</name>
  </trkpt>
  <trkpt lat="48.41511" lon="10.40492">
    <name>TP1245</name>
  </trkpt>
  <trkpt lat="48.41505" lon="10.40506">
    <name>TP1246</name>
  </trkpt>
  <trkpt lat="48.4148" lon="10.40569">
    <name>TP1247</name>
  </trkpt>
  <trkpt lat="48.41463" lon="10.40611">
    <name>TP1248</name>
  </trkpt>
  <trkpt lat="48.41456" lon="10.40632">
    <name>TP1249</name>
  </trkpt>
  <trkpt lat="48.4145" lon="10.40646">
    <name>TP1250</name>
  </trkpt>
  <trkpt lat="48.4144" lon="10.40675">
    <name>TP1251</name>
  </trkpt>
  <trkpt lat="48.41423" lon="10.40726">
    <name>TP1252</name>
  </trkpt>
  <trkpt lat="48.41412" lon="10.4076">
    <name>TP1253</name>
  </trkpt>
  <trkpt lat="48.41405" lon="10.4078">
    <name>TP1254</name>
  </trkpt>
  <trkpt lat="48.41398" lon="10.40801">
    <name>TP1255</name>
  </trkpt>
  <trkpt lat="48.4139" lon="10.40828">
    <name>TP1256</name>
  </trkpt>
  <trkpt lat="48.41371" lon="10.40896">
    <name>TP1257</name>
  </trkpt>
  <trkpt lat="48.41366" lon="10.40912">
    <name>TP1258</name>
  </trkpt>
  <trkpt lat="48.41362" lon="10.40929">
    <name>TP1259</name>
  </trkpt>
  <trkpt lat="48.4136" lon="10.40937">
    <name>TP1260</name>
  </trkpt>
  <trkpt lat="48.41354" lon="10.40958">
    <name>TP1261</name>
  </trkpt>
  <trkpt lat="48.41344" lon="10.40999">
    <name>TP1262</name>
  </trkpt>
  <trkpt lat="48.41341" lon="10.41013">
    <name>TP1263</name>
  </trkpt>
  <trkpt lat="48.41335" lon="10.41039">
    <name>TP1264</name>
  </trkpt>
  <trkpt lat="48.41334" lon="10.4104">
    <name>TP1265</name>
  </trkpt>
  <trkpt lat="48.41329" lon="10.41064">
    <name>TP1266</name>
  </trkpt>
  <trkpt lat="48.41325" lon="10.41083">
    <name>TP1267</name>
  </trkpt>
  <trkpt lat="48.41318" lon="10.41116">
    <name>TP1268</name>
  </trkpt>
  <trkpt lat="48.41317" lon="10.41119">
    <name>TP1269</name>
  </trkpt>
  <trkpt lat="48.41314" lon="10.41133">
    <name>TP1270</name>
  </trkpt>
  <trkpt lat="48.41313" lon="10.41142">
    <name>TP1271</name>
  </trkpt>
  <trkpt lat="48.41307" lon="10.4117">
    <name>TP1272</name>
  </trkpt>
  <trkpt lat="48.41302" lon="10.41194">
    <name>TP1273</name>
  </trkpt>
  <trkpt lat="48.41302" lon="10.41195">
    <name>TP1274</name>
  </trkpt>
  <trkpt lat="48.41299" lon="10.41212">
    <name>TP1275</name>
  </trkpt>
  <trkpt lat="48.41298" lon="10.4122">
    <name>TP1276</name>
  </trkpt>
  <trkpt lat="48.41292" lon="10.41257">
    <name>TP1277</name>
  </trkpt>
  <trkpt lat="48.41284" lon="10.41307">
    <name>TP1278</name>
  </trkpt>
  <trkpt lat="48.41278" lon="10.41352">
    <name>TP1279</name>
  </trkpt>
  <trkpt lat="48.41268" lon="10.41423">
    <name>TP1280</name>
  </trkpt>
  <trkpt lat="48.41261" lon="10.4149">
    <name>TP1281</name>
  </trkpt>
  <trkpt lat="48.41256" lon="10.4154">
    <name>TP1282</name>
  </trkpt>
  <trkpt lat="48.41252" lon="10.41589">
    <name>TP1283</name>
  </trkpt>
  <trkpt lat="48.41248" lon="10.4165">
    <name>TP1284</name>
  </trkpt>
  <trkpt lat="48.41245" lon="10.417">
    <name>TP1285</name>
  </trkpt>
  <trkpt lat="48.41243" lon="10.41752">
    <name>TP1286</name>
  </trkpt>
  <trkpt lat="48.41242" lon="10.41799">
    <name>TP1287</name>
  </trkpt>
  <trkpt lat="48.41241" lon="10.41855">
    <name>TP1288</name>
  </trkpt>
  <trkpt lat="48.41242" lon="10.41937">
    <name>TP1289</name>
  </trkpt>
  <trkpt lat="48.41242" lon="10.42009">
    <name>TP1290</name>
  </trkpt>
  <trkpt lat="48.41246" lon="10.42222">
    <name>TP1291</name>
  </trkpt>
  <trkpt lat="48.41246" lon="10.42228">
    <name>TP1292</name>
  </trkpt>
  <trkpt lat="48.41246" lon="10.42242">
    <name>TP1293</name>
  </trkpt>
  <trkpt lat="48.41246" lon="10.42245">
    <name>TP1294</name>
  </trkpt>
  <trkpt lat="48.41246" lon="10.42248">
    <name>TP1295</name>
  </trkpt>
  <trkpt lat="48.41248" lon="10.42342">
    <name>TP1296</name>
  </trkpt>
  <trkpt lat="48.41249" lon="10.42407">
    <name>TP1297</name>
  </trkpt>
  <trkpt lat="48.41249" lon="10.42453">
    <name>TP1298</name>
  </trkpt>
  <trkpt lat="48.4125" lon="10.42486">
    <name>TP1299</name>
  </trkpt>
  <trkpt lat="48.4125" lon="10.42509">
    <name>TP1300</name>
  </trkpt>
  <trkpt lat="48.41251" lon="10.42535">
    <name>TP1301</name>
  </trkpt>
  <trkpt lat="48.41252" lon="10.42608">
    <name>TP1302</name>
  </trkpt>
  <trkpt lat="48.41253" lon="10.42662">
    <name>TP1303</name>
  </trkpt>
  <trkpt lat="48.41253" lon="10.42669">
    <name>TP1304</name>
  </trkpt>
  <trkpt lat="48.41253" lon="10.42676">
    <name>TP1305</name>
  </trkpt>
  <trkpt lat="48.41259" lon="10.43074">
    <name>TP1306</name>
  </trkpt>
  <trkpt lat="48.4126" lon="10.43128">
    <name>TP1307</name>
  </trkpt>
  <trkpt lat="48.4126" lon="10.43154">
    <name>TP1308</name>
  </trkpt>
  <trkpt lat="48.41261" lon="10.43197">
    <name>TP1309</name>
  </trkpt>
  <trkpt lat="48.41261" lon="10.43224">
    <name>TP1310</name>
  </trkpt>
  <trkpt lat="48.41262" lon="10.43251">
    <name>TP1311</name>
  </trkpt>
  <trkpt lat="48.41262" lon="10.43264">
    <name>TP1312</name>
  </trkpt>
  <trkpt lat="48.41262" lon="10.43305">
    <name>TP1313</name>
  </trkpt>
  <trkpt lat="48.41264" lon="10.43387">
    <name>TP1314</name>
  </trkpt>
  <trkpt lat="48.41265" lon="10.43455">
    <name>TP1315</name>
  </trkpt>
  <trkpt lat="48.41266" lon="10.43508">
    <name>TP1316</name>
  </trkpt>
  <trkpt lat="48.41267" lon="10.4356">
    <name>TP1317</name>
  </trkpt>
  <trkpt lat="48.41267" lon="10.43587">
    <name>TP1318</name>
  </trkpt>
  <trkpt lat="48.41267" lon="10.43592">
    <name>TP1319</name>
  </trkpt>
  <trkpt lat="48.41267" lon="10.43595">
    <name>TP1320</name>
  </trkpt>
  <trkpt lat="48.41267" lon="10.43598">
    <name>TP1321</name>
  </trkpt>
  <trkpt lat="48.41267" lon="10.436">
    <name>TP1322</name>
  </trkpt>
  <trkpt lat="48.41267" lon="10.43601">
    <name>TP1323</name>
  </trkpt>
  <trkpt lat="48.41267" lon="10.43604">
    <name>TP1324</name>
  </trkpt>
  <trkpt lat="48.41267" lon="10.43611">
    <name>TP1325</name>
  </trkpt>
  <trkpt lat="48.41268" lon="10.43614">
    <name>TP1326</name>
  </trkpt>
  <trkpt lat="48.41268" lon="10.43617">
    <name>TP1327</name>
  </trkpt>
  <trkpt lat="48.41268" lon="10.4362">
    <name>TP1328</name>
  </trkpt>
  <trkpt lat="48.41268" lon="10.43627">
    <name>TP1329</name>
  </trkpt>
  <trkpt lat="48.41268" lon="10.43648">
    <name>TP1330</name>
  </trkpt>
  <trkpt lat="48.41268" lon="10.43676">
    <name>TP1331</name>
  </trkpt>
  <trkpt lat="48.41269" lon="10.43703">
    <name>TP1332</name>
  </trkpt>
  <trkpt lat="48.41269" lon="10.4373">
    <name>TP1333</name>
  </trkpt>
  <trkpt lat="48.4127" lon="10.43783">
    <name>TP1334</name>
  </trkpt>
  <trkpt lat="48.4127" lon="10.43784">
    <name>TP1335</name>
  </trkpt>
  <trkpt lat="48.41271" lon="10.43831">
    <name>TP1336</name>
  </trkpt>
  <trkpt lat="48.41272" lon="10.43918">
    <name>TP1337</name>
  </trkpt>
  <trkpt lat="48.41273" lon="10.43964">
    <name>TP1338</name>
  </trkpt>
  <trkpt lat="48.41273" lon="10.43972">
    <name>TP1339</name>
  </trkpt>
  <trkpt lat="48.41273" lon="10.43978">
    <name>TP1340</name>
  </trkpt>
  <trkpt lat="48.41273" lon="10.43982">
    <name>TP1341</name>
  </trkpt>
  <trkpt lat="48.41274" lon="10.43999">
    <name>TP1342</name>
  </trkpt>
  <trkpt lat="48.41274" lon="10.44005">
    <name>TP1343</name>
  </trkpt>
  <trkpt lat="48.41274" lon="10.44009">
    <name>TP1344</name>
  </trkpt>
  <trkpt lat="48.41274" lon="10.44032">
    <name>TP1345</name>
  </trkpt>
  <trkpt lat="48.41275" lon="10.44085">
    <name>TP1346</name>
  </trkpt>
  <trkpt lat="48.41275" lon="10.44086">
    <name>TP1347</name>
  </trkpt>
  <trkpt lat="48.41276" lon="10.44113">
    <name>TP1348</name>
  </trkpt>
  <trkpt lat="48.41276" lon="10.44117">
    <name>TP1349</name>
  </trkpt>
  <trkpt lat="48.41276" lon="10.4414">
    <name>TP1350</name>
  </trkpt>
  <trkpt lat="48.41276" lon="10.44167">
    <name>TP1351</name>
  </trkpt>
  <trkpt lat="48.41277" lon="10.44231">
    <name>TP1352</name>
  </trkpt>
  <trkpt lat="48.41278" lon="10.44267">
    <name>TP1353</name>
  </trkpt>
  <trkpt lat="48.41279" lon="10.44363">
    <name>TP1354</name>
  </trkpt>
  <trkpt lat="48.4128" lon="10.44384">
    <name>TP1355</name>
  </trkpt>
  <trkpt lat="48.4128" lon="10.44388">
    <name>TP1356</name>
  </trkpt>
  <trkpt lat="48.4128" lon="10.444">
    <name>TP1357</name>
  </trkpt>
  <trkpt lat="48.4128" lon="10.44415">
    <name>TP1358</name>
  </trkpt>
  <trkpt lat="48.41281" lon="10.44442">
    <name>TP1359</name>
  </trkpt>
  <trkpt lat="48.41282" lon="10.44491">
    <name>TP1360</name>
  </trkpt>
  <trkpt lat="48.41283" lon="10.44564">
    <name>TP1361</name>
  </trkpt>
  <trkpt lat="48.41284" lon="10.44637">
    <name>TP1362</name>
  </trkpt>
  <trkpt lat="48.41285" lon="10.44701">
    <name>TP1363</name>
  </trkpt>
  <trkpt lat="48.41286" lon="10.44758">
    <name>TP1364</name>
  </trkpt>
  <trkpt lat="48.41287" lon="10.44822">
    <name>TP1365</name>
  </trkpt>
  <trkpt lat="48.41289" lon="10.4487">
    <name>TP1366</name>
  </trkpt>
  <trkpt lat="48.4129" lon="10.44927">
    <name>TP1367</name>
  </trkpt>
  <trkpt lat="48.41292" lon="10.44992">
    <name>TP1368</name>
  </trkpt>
  <trkpt lat="48.41294" lon="10.45024">
    <name>TP1369</name>
  </trkpt>
  <trkpt lat="48.41295" lon="10.45048">
    <name>TP1370</name>
  </trkpt>
  <trkpt lat="48.41301" lon="10.45193">
    <name>TP1371</name>
  </trkpt>
  <trkpt lat="48.41305" lon="10.45268">
    <name>TP1372</name>
  </trkpt>
  <trkpt lat="48.41307" lon="10.45316">
    <name>TP1373</name>
  </trkpt>
  <trkpt lat="48.41309" lon="10.45338">
    <name>TP1374</name>
  </trkpt>
  <trkpt lat="48.41314" lon="10.45436">
    <name>TP1375</name>
  </trkpt>
  <trkpt lat="48.41315" lon="10.45454">
    <name>TP1376</name>
  </trkpt>
  <trkpt lat="48.41321" lon="10.4555">
    <name>TP1377</name>
  </trkpt>
  <trkpt lat="48.41324" lon="10.45616">
    <name>TP1378</name>
  </trkpt>
  <trkpt lat="48.41324" lon="10.45633">
    <name>TP1379</name>
  </trkpt>
  <trkpt lat="48.41325" lon="10.45643">
    <name>TP1380</name>
  </trkpt>
  <trkpt lat="48.41326" lon="10.4567">
    <name>TP1381</name>
  </trkpt>
  <trkpt lat="48.41327" lon="10.45699">
    <name>TP1382</name>
  </trkpt>
  <trkpt lat="48.41328" lon="10.45732">
    <name>TP1383</name>
  </trkpt>
  <trkpt lat="48.41329" lon="10.45779">
    <name>TP1384</name>
  </trkpt>
  <trkpt lat="48.4133" lon="10.45826">
    <name>TP1385</name>
  </trkpt>
  <trkpt lat="48.41331" lon="10.45868">
    <name>TP1386</name>
  </trkpt>
  <trkpt lat="48.41331" lon="10.45875">
    <name>TP1387</name>
  </trkpt>
  <trkpt lat="48.41331" lon="10.45914">
    <name>TP1388</name>
  </trkpt>
  <trkpt lat="48.41331" lon="10.45941">
    <name>TP1389</name>
  </trkpt>
  <trkpt lat="48.41331" lon="10.45947">
    <name>TP1390</name>
  </trkpt>
  <trkpt lat="48.41331" lon="10.45984">
    <name>TP1391</name>
  </trkpt>
  <trkpt lat="48.4133" lon="10.45995">
    <name>TP1392</name>
  </trkpt>
  <trkpt lat="48.4133" lon="10.46045">
    <name>TP1393</name>
  </trkpt>
  <trkpt lat="48.41329" lon="10.46085">
    <name>TP1394</name>
  </trkpt>
  <trkpt lat="48.41328" lon="10.46109">
    <name>TP1395</name>
  </trkpt>
  <trkpt lat="48.41328" lon="10.46121">
    <name>TP1396</name>
  </trkpt>
  <trkpt lat="48.41327" lon="10.46134">
    <name>TP1397</name>
  </trkpt>
  <trkpt lat="48.41325" lon="10.46191">
    <name>TP1398</name>
  </trkpt>
  <trkpt lat="48.41321" lon="10.46254">
    <name>TP1399</name>
  </trkpt>
  <trkpt lat="48.41315" lon="10.46355">
    <name>TP1400</name>
  </trkpt>
  <trkpt lat="48.41311" lon="10.46411">
    <name>TP1401</name>
  </trkpt>
  <trkpt lat="48.41307" lon="10.46455">
    <name>TP1402</name>
  </trkpt>
  <trkpt lat="48.41307" lon="10.46458">
    <name>TP1403</name>
  </trkpt>
  <trkpt lat="48.41301" lon="10.46521">
    <name>TP1404</name>
  </trkpt>
  <trkpt lat="48.41296" lon="10.46578">
    <name>TP1405</name>
  </trkpt>
  <trkpt lat="48.4129" lon="10.46633">
    <name>TP1406</name>
  </trkpt>
  <trkpt lat="48.41282" lon="10.46705">
    <name>TP1407</name>
  </trkpt>
  <trkpt lat="48.4128" lon="10.46725">
    <name>TP1408</name>
  </trkpt>
  <trkpt lat="48.41275" lon="10.46777">
    <name>TP1409</name>
  </trkpt>
  <trkpt lat="48.41267" lon="10.46844">
    <name>TP1410</name>
  </trkpt>
  <trkpt lat="48.41266" lon="10.46858">
    <name>TP1411</name>
  </trkpt>
  <trkpt lat="48.41263" lon="10.46887">
    <name>TP1412</name>
  </trkpt>
  <trkpt lat="48.41257" lon="10.46943">
    <name>TP1413</name>
  </trkpt>
  <trkpt lat="48.41242" lon="10.47076">
    <name>TP1414</name>
  </trkpt>
  <trkpt lat="48.41237" lon="10.47128">
    <name>TP1415</name>
  </trkpt>
  <trkpt lat="48.41233" lon="10.47166">
    <name>TP1416</name>
  </trkpt>
  <trkpt lat="48.41231" lon="10.47181">
    <name>TP1417</name>
  </trkpt>
  <trkpt lat="48.4122" lon="10.47288">
    <name>TP1418</name>
  </trkpt>
  <trkpt lat="48.41219" lon="10.47296">
    <name>TP1419</name>
  </trkpt>
  <trkpt lat="48.41211" lon="10.47362">
    <name>TP1420</name>
  </trkpt>
  <trkpt lat="48.41206" lon="10.4741">
    <name>TP1421</name>
  </trkpt>
  <trkpt lat="48.41201" lon="10.47459">
    <name>TP1422</name>
  </trkpt>
  <trkpt lat="48.41187" lon="10.47582">
    <name>TP1423</name>
  </trkpt>
  <trkpt lat="48.41184" lon="10.47609">
    <name>TP1424</name>
  </trkpt>
  <trkpt lat="48.41174" lon="10.47698">
    <name>TP1425</name>
  </trkpt>
  <trkpt lat="48.41168" lon="10.47743">
    <name>TP1426</name>
  </trkpt>
  <trkpt lat="48.41167" lon="10.47752">
    <name>TP1427</name>
  </trkpt>
  <trkpt lat="48.41164" lon="10.4777">
    <name>TP1428</name>
  </trkpt>
  <trkpt lat="48.41161" lon="10.47802">
    <name>TP1429</name>
  </trkpt>
  <trkpt lat="48.41155" lon="10.4785">
    <name>TP1430</name>
  </trkpt>
  <trkpt lat="48.41153" lon="10.47869">
    <name>TP1431</name>
  </trkpt>
  <trkpt lat="48.41146" lon="10.47922">
    <name>TP1432</name>
  </trkpt>
  <trkpt lat="48.41141" lon="10.47969">
    <name>TP1433</name>
  </trkpt>
  <trkpt lat="48.41136" lon="10.48017">
    <name>TP1434</name>
  </trkpt>
  <trkpt lat="48.4113" lon="10.48065">
    <name>TP1435</name>
  </trkpt>
  <trkpt lat="48.41126" lon="10.48106">
    <name>TP1436</name>
  </trkpt>
  <trkpt lat="48.4111" lon="10.48258">
    <name>TP1437</name>
  </trkpt>
  <trkpt lat="48.41108" lon="10.48275">
    <name>TP1438</name>
  </trkpt>
  <trkpt lat="48.41105" lon="10.48302">
    <name>TP1439</name>
  </trkpt>
  <trkpt lat="48.41101" lon="10.4834">
    <name>TP1440</name>
  </trkpt>
  <trkpt lat="48.41093" lon="10.48417">
    <name>TP1441</name>
  </trkpt>
  <trkpt lat="48.41091" lon="10.48434">
    <name>TP1442</name>
  </trkpt>
  <trkpt lat="48.41085" lon="10.48489">
    <name>TP1443</name>
  </trkpt>
  <trkpt lat="48.4108" lon="10.48531">
    <name>TP1444</name>
  </trkpt>
  <trkpt lat="48.4107" lon="10.48631">
    <name>TP1445</name>
  </trkpt>
  <trkpt lat="48.41064" lon="10.48681">
    <name>TP1446</name>
  </trkpt>
  <trkpt lat="48.41062" lon="10.48705">
    <name>TP1447</name>
  </trkpt>
  <trkpt lat="48.41061" lon="10.48715">
    <name>TP1448</name>
  </trkpt>
  <trkpt lat="48.41059" lon="10.4873">
    <name>TP1449</name>
  </trkpt>
  <trkpt lat="48.41058" lon="10.4874">
    <name>TP1450</name>
  </trkpt>
  <trkpt lat="48.41057" lon="10.48745">
    <name>TP1451</name>
  </trkpt>
  <trkpt lat="48.41054" lon="10.48772">
    <name>TP1452</name>
  </trkpt>
  <trkpt lat="48.41053" lon="10.48789">
    <name>TP1453</name>
  </trkpt>
  <trkpt lat="48.4105" lon="10.4881">
    <name>TP1454</name>
  </trkpt>
  <trkpt lat="48.41034" lon="10.48963">
    <name>TP1455</name>
  </trkpt>
  <trkpt lat="48.41023" lon="10.49059">
    <name>TP1456</name>
  </trkpt>
  <trkpt lat="48.41021" lon="10.49083">
    <name>TP1457</name>
  </trkpt>
  <trkpt lat="48.41017" lon="10.49118">
    <name>TP1458</name>
  </trkpt>
  <trkpt lat="48.41015" lon="10.49136">
    <name>TP1459</name>
  </trkpt>
  <trkpt lat="48.41014" lon="10.49146">
    <name>TP1460</name>
  </trkpt>
  <trkpt lat="48.41008" lon="10.49203">
    <name>TP1461</name>
  </trkpt>
  <trkpt lat="48.40996" lon="10.49312">
    <name>TP1462</name>
  </trkpt>
  <trkpt lat="48.4099" lon="10.49365">
    <name>TP1463</name>
  </trkpt>
  <trkpt lat="48.4099" lon="10.49366">
    <name>TP1464</name>
  </trkpt>
  <trkpt lat="48.40973" lon="10.49526">
    <name>TP1465</name>
  </trkpt>
  <trkpt lat="48.40967" lon="10.49581">
    <name>TP1466</name>
  </trkpt>
  <trkpt lat="48.40964" lon="10.49605">
    <name>TP1467</name>
  </trkpt>
  <trkpt lat="48.40956" lon="10.49675">
    <name>TP1468</name>
  </trkpt>
  <trkpt lat="48.40952" lon="10.49714">
    <name>TP1469</name>
  </trkpt>
  <trkpt lat="48.40949" lon="10.4974">
    <name>TP1470</name>
  </trkpt>
  <trkpt lat="48.40946" lon="10.49767">
    <name>TP1471</name>
  </trkpt>
  <trkpt lat="48.40941" lon="10.4982">
    <name>TP1472</name>
  </trkpt>
  <trkpt lat="48.40938" lon="10.49847">
    <name>TP1473</name>
  </trkpt>
  <trkpt lat="48.40936" lon="10.49863">
    <name>TP1474</name>
  </trkpt>
  <trkpt lat="48.40935" lon="10.49874">
    <name>TP1475</name>
  </trkpt>
  <trkpt lat="48.40934" lon="10.49888">
    <name>TP1476</name>
  </trkpt>
  <trkpt lat="48.40915" lon="10.50062">
    <name>TP1477</name>
  </trkpt>
  <trkpt lat="48.40904" lon="10.50164">
    <name>TP1478</name>
  </trkpt>
  <trkpt lat="48.40898" lon="10.50217">
    <name>TP1479</name>
  </trkpt>
  <trkpt lat="48.40897" lon="10.50227">
    <name>TP1480</name>
  </trkpt>
  <trkpt lat="48.40894" lon="10.50252">
    <name>TP1481</name>
  </trkpt>
  <trkpt lat="48.40892" lon="10.50277">
    <name>TP1482</name>
  </trkpt>
  <trkpt lat="48.4089" lon="10.50292">
    <name>TP1483</name>
  </trkpt>
  <trkpt lat="48.40889" lon="10.50302">
    <name>TP1484</name>
  </trkpt>
  <trkpt lat="48.40888" lon="10.50313">
    <name>TP1485</name>
  </trkpt>
  <trkpt lat="48.40887" lon="10.50319">
    <name>TP1486</name>
  </trkpt>
  <trkpt lat="48.40886" lon="10.50328">
    <name>TP1487</name>
  </trkpt>
  <trkpt lat="48.40882" lon="10.50363">
    <name>TP1488</name>
  </trkpt>
  <trkpt lat="48.40878" lon="10.50401">
    <name>TP1489</name>
  </trkpt>
  <trkpt lat="48.40875" lon="10.50426">
    <name>TP1490</name>
  </trkpt>
  <trkpt lat="48.40868" lon="10.50481">
    <name>TP1491</name>
  </trkpt>
  <trkpt lat="48.40857" lon="10.50563">
    <name>TP1492</name>
  </trkpt>
  <trkpt lat="48.40856" lon="10.5057">
    <name>TP1493</name>
  </trkpt>
  <trkpt lat="48.40841" lon="10.50677">
    <name>TP1494</name>
  </trkpt>
  <trkpt lat="48.40824" lon="10.50796">
    <name>TP1495</name>
  </trkpt>
  <trkpt lat="48.40815" lon="10.50851">
    <name>TP1496</name>
  </trkpt>
  <trkpt lat="48.40814" lon="10.50856">
    <name>TP1497</name>
  </trkpt>
  <trkpt lat="48.40807" lon="10.50894">
    <name>TP1498</name>
  </trkpt>
  <trkpt lat="48.40802" lon="10.50926">
    <name>TP1499</name>
  </trkpt>
  <trkpt lat="48.40796" lon="10.50962">
    <name>TP1500</name>
  </trkpt>
  <trkpt lat="48.40782" lon="10.51045">
    <name>TP1501</name>
  </trkpt>
  <trkpt lat="48.40772" lon="10.51096">
    <name>TP1502</name>
  </trkpt>
  <trkpt lat="48.40768" lon="10.51118">
    <name>TP1503</name>
  </trkpt>
  <trkpt lat="48.40752" lon="10.51203">
    <name>TP1504</name>
  </trkpt>
  <trkpt lat="48.40728" lon="10.51321">
    <name>TP1505</name>
  </trkpt>
  <trkpt lat="48.40723" lon="10.51347">
    <name>TP1506</name>
  </trkpt>
  <trkpt lat="48.40713" lon="10.5139">
    <name>TP1507</name>
  </trkpt>
  <trkpt lat="48.40689" lon="10.515">
    <name>TP1508</name>
  </trkpt>
  <trkpt lat="48.40685" lon="10.51519">
    <name>TP1509</name>
  </trkpt>
  <trkpt lat="48.40679" lon="10.51546">
    <name>TP1510</name>
  </trkpt>
  <trkpt lat="48.40671" lon="10.51579">
    <name>TP1511</name>
  </trkpt>
  <trkpt lat="48.40662" lon="10.51618">
    <name>TP1512</name>
  </trkpt>
  <trkpt lat="48.40655" lon="10.51652">
    <name>TP1513</name>
  </trkpt>
  <trkpt lat="48.40637" lon="10.5173">
    <name>TP1514</name>
  </trkpt>
  <trkpt lat="48.40634" lon="10.51742">
    <name>TP1515</name>
  </trkpt>
  <trkpt lat="48.40631" lon="10.51753">
    <name>TP1516</name>
  </trkpt>
  <trkpt lat="48.40612" lon="10.51837">
    <name>TP1517</name>
  </trkpt>
  <trkpt lat="48.40591" lon="10.51925">
    <name>TP1518</name>
  </trkpt>
  <trkpt lat="48.40571" lon="10.52012">
    <name>TP1519</name>
  </trkpt>
  <trkpt lat="48.40558" lon="10.52067">
    <name>TP1520</name>
  </trkpt>
  <trkpt lat="48.40541" lon="10.52139">
    <name>TP1521</name>
  </trkpt>
  <trkpt lat="48.40531" lon="10.52181">
    <name>TP1522</name>
  </trkpt>
  <trkpt lat="48.40529" lon="10.5219">
    <name>TP1523</name>
  </trkpt>
  <trkpt lat="48.40523" lon="10.52215">
    <name>TP1524</name>
  </trkpt>
  <trkpt lat="48.40519" lon="10.52228">
    <name>TP1525</name>
  </trkpt>
  <trkpt lat="48.40505" lon="10.52284">
    <name>TP1526</name>
  </trkpt>
  <trkpt lat="48.40498" lon="10.52309">
    <name>TP1527</name>
  </trkpt>
  <trkpt lat="48.40491" lon="10.52334">
    <name>TP1528</name>
  </trkpt>
  <trkpt lat="48.40489" lon="10.52342">
    <name>TP1529</name>
  </trkpt>
  <trkpt lat="48.40485" lon="10.5236">
    <name>TP1530</name>
  </trkpt>
  <trkpt lat="48.4046" lon="10.52452">
    <name>TP1531</name>
  </trkpt>
  <trkpt lat="48.40451" lon="10.52485">
    <name>TP1532</name>
  </trkpt>
  <trkpt lat="48.40444" lon="10.5251">
    <name>TP1533</name>
  </trkpt>
  <trkpt lat="48.4044" lon="10.52524">
    <name>TP1534</name>
  </trkpt>
  <trkpt lat="48.40433" lon="10.52547">
    <name>TP1535</name>
  </trkpt>
  <trkpt lat="48.40418" lon="10.526">
    <name>TP1536</name>
  </trkpt>
  <trkpt lat="48.40415" lon="10.52609">
    <name>TP1537</name>
  </trkpt>
  <trkpt lat="48.40386" lon="10.52709">
    <name>TP1538</name>
  </trkpt>
  <trkpt lat="48.40385" lon="10.52714">
    <name>TP1539</name>
  </trkpt>
  <trkpt lat="48.40379" lon="10.52734">
    <name>TP1540</name>
  </trkpt>
  <trkpt lat="48.40356" lon="10.52812">
    <name>TP1541</name>
  </trkpt>
  <trkpt lat="48.40347" lon="10.52845">
    <name>TP1542</name>
  </trkpt>
  <trkpt lat="48.40331" lon="10.529">
    <name>TP1543</name>
  </trkpt>
  <trkpt lat="48.40307" lon="10.52984">
    <name>TP1544</name>
  </trkpt>
  <trkpt lat="48.403" lon="10.53007">
    <name>TP1545</name>
  </trkpt>
  <trkpt lat="48.40279" lon="10.53081">
    <name>TP1546</name>
  </trkpt>
  <trkpt lat="48.40272" lon="10.53106">
    <name>TP1547</name>
  </trkpt>
  <trkpt lat="48.40266" lon="10.53126">
    <name>TP1548</name>
  </trkpt>
  <trkpt lat="48.40257" lon="10.53156">
    <name>TP1549</name>
  </trkpt>
  <trkpt lat="48.40253" lon="10.53171">
    <name>TP1550</name>
  </trkpt>
  <trkpt lat="48.40226" lon="10.53263">
    <name>TP1551</name>
  </trkpt>
  <trkpt lat="48.40214" lon="10.53305">
    <name>TP1552</name>
  </trkpt>
  <trkpt lat="48.40213" lon="10.53308">
    <name>TP1553</name>
  </trkpt>
  <trkpt lat="48.40171" lon="10.53454">
    <name>TP1554</name>
  </trkpt>
  <trkpt lat="48.40169" lon="10.5346">
    <name>TP1555</name>
  </trkpt>
  <trkpt lat="48.4013" lon="10.53598">
    <name>TP1556</name>
  </trkpt>
  <trkpt lat="48.40129" lon="10.53603">
    <name>TP1557</name>
  </trkpt>
  <trkpt lat="48.4011" lon="10.53671">
    <name>TP1558</name>
  </trkpt>
  <trkpt lat="48.40093" lon="10.53732">
    <name>TP1559</name>
  </trkpt>
  <trkpt lat="48.4008" lon="10.53785">
    <name>TP1560</name>
  </trkpt>
  <trkpt lat="48.4007" lon="10.53824">
    <name>TP1561</name>
  </trkpt>
  <trkpt lat="48.40069" lon="10.53827">
    <name>TP1562</name>
  </trkpt>
  <trkpt lat="48.4006" lon="10.53866">
    <name>TP1563</name>
  </trkpt>
  <trkpt lat="48.40057" lon="10.5388">
    <name>TP1564</name>
  </trkpt>
  <trkpt lat="48.40051" lon="10.53906">
    <name>TP1565</name>
  </trkpt>
  <trkpt lat="48.40049" lon="10.53917">
    <name>TP1566</name>
  </trkpt>
  <trkpt lat="48.40042" lon="10.53949">
    <name>TP1567</name>
  </trkpt>
  <trkpt lat="48.40041" lon="10.53957">
    <name>TP1568</name>
  </trkpt>
  <trkpt lat="48.40032" lon="10.54002">
    <name>TP1569</name>
  </trkpt>
  <trkpt lat="48.40027" lon="10.54036">
    <name>TP1570</name>
  </trkpt>
  <trkpt lat="48.40021" lon="10.54071">
    <name>TP1571</name>
  </trkpt>
  <trkpt lat="48.40015" lon="10.54107">
    <name>TP1572</name>
  </trkpt>
  <trkpt lat="48.40006" lon="10.54176">
    <name>TP1573</name>
  </trkpt>
  <trkpt lat="48.40003" lon="10.54202">
    <name>TP1574</name>
  </trkpt>
  <trkpt lat="48.4" lon="10.54225">
    <name>TP1575</name>
  </trkpt>
  <trkpt lat="48.39997" lon="10.54258">
    <name>TP1576</name>
  </trkpt>
  <trkpt lat="48.39996" lon="10.54271">
    <name>TP1577</name>
  </trkpt>
  <trkpt lat="48.39994" lon="10.54292">
    <name>TP1578</name>
  </trkpt>
  <trkpt lat="48.39992" lon="10.54312">
    <name>TP1579</name>
  </trkpt>
  <trkpt lat="48.39991" lon="10.54332">
    <name>TP1580</name>
  </trkpt>
  <trkpt lat="48.3999" lon="10.54348">
    <name>TP1581</name>
  </trkpt>
  <trkpt lat="48.39989" lon="10.54367">
    <name>TP1582</name>
  </trkpt>
  <trkpt lat="48.39988" lon="10.54386">
    <name>TP1583</name>
  </trkpt>
  <trkpt lat="48.39987" lon="10.54411">
    <name>TP1584</name>
  </trkpt>
  <trkpt lat="48.39986" lon="10.54434">
    <name>TP1585</name>
  </trkpt>
  <trkpt lat="48.39986" lon="10.54456">
    <name>TP1586</name>
  </trkpt>
  <trkpt lat="48.39985" lon="10.54481">
    <name>TP1587</name>
  </trkpt>
  <trkpt lat="48.39984" lon="10.54507">
    <name>TP1588</name>
  </trkpt>
  <trkpt lat="48.39984" lon="10.54534">
    <name>TP1589</name>
  </trkpt>
  <trkpt lat="48.39984" lon="10.54556">
    <name>TP1590</name>
  </trkpt>
  <trkpt lat="48.39984" lon="10.54589">
    <name>TP1591</name>
  </trkpt>
  <trkpt lat="48.39984" lon="10.54595">
    <name>TP1592</name>
  </trkpt>
  <trkpt lat="48.39985" lon="10.54605">
    <name>TP1593</name>
  </trkpt>
  <trkpt lat="48.39985" lon="10.54622">
    <name>TP1594</name>
  </trkpt>
  <trkpt lat="48.39986" lon="10.54649">
    <name>TP1595</name>
  </trkpt>
  <trkpt lat="48.39986" lon="10.54659">
    <name>TP1596</name>
  </trkpt>
  <trkpt lat="48.39986" lon="10.54676">
    <name>TP1597</name>
  </trkpt>
  <trkpt lat="48.39988" lon="10.54704">
    <name>TP1598</name>
  </trkpt>
  <trkpt lat="48.39988" lon="10.54717">
    <name>TP1599</name>
  </trkpt>
  <trkpt lat="48.3999" lon="10.54753">
    <name>TP1600</name>
  </trkpt>
  <trkpt lat="48.39992" lon="10.54785">
    <name>TP1601</name>
  </trkpt>
  <trkpt lat="48.39992" lon="10.54786">
    <name>TP1602</name>
  </trkpt>
  <trkpt lat="48.39995" lon="10.54811">
    <name>TP1603</name>
  </trkpt>
  <trkpt lat="48.39997" lon="10.54838">
    <name>TP1604</name>
  </trkpt>
  <trkpt lat="48.40002" lon="10.54886">
    <name>TP1605</name>
  </trkpt>
  <trkpt lat="48.40003" lon="10.54897">
    <name>TP1606</name>
  </trkpt>
  <trkpt lat="48.40009" lon="10.5494">
    <name>TP1607</name>
  </trkpt>
  <trkpt lat="48.40012" lon="10.54963">
    <name>TP1608</name>
  </trkpt>
  <trkpt lat="48.40021" lon="10.55029">
    <name>TP1609</name>
  </trkpt>
  <trkpt lat="48.40026" lon="10.55053">
    <name>TP1610</name>
  </trkpt>
  <trkpt lat="48.40032" lon="10.55086">
    <name>TP1611</name>
  </trkpt>
  <trkpt lat="48.40042" lon="10.55138">
    <name>TP1612</name>
  </trkpt>
  <trkpt lat="48.40042" lon="10.55141">
    <name>TP1613</name>
  </trkpt>
  <trkpt lat="48.40043" lon="10.55146">
    <name>TP1614</name>
  </trkpt>
  <trkpt lat="48.40046" lon="10.55156">
    <name>TP1615</name>
  </trkpt>
  <trkpt lat="48.40051" lon="10.55181">
    <name>TP1616</name>
  </trkpt>
  <trkpt lat="48.40058" lon="10.55214">
    <name>TP1617</name>
  </trkpt>
  <trkpt lat="48.40064" lon="10.55235">
    <name>TP1618</name>
  </trkpt>
  <trkpt lat="48.40069" lon="10.55259">
    <name>TP1619</name>
  </trkpt>
  <trkpt lat="48.40074" lon="10.55276">
    <name>TP1620</name>
  </trkpt>
  <trkpt lat="48.40078" lon="10.55293">
    <name>TP1621</name>
  </trkpt>
  <trkpt lat="48.40085" lon="10.55316">
    <name>TP1622</name>
  </trkpt>
  <trkpt lat="48.40093" lon="10.55344">
    <name>TP1623</name>
  </trkpt>
  <trkpt lat="48.40099" lon="10.55366">
    <name>TP1624</name>
  </trkpt>
  <trkpt lat="48.401" lon="10.55371">
    <name>TP1625</name>
  </trkpt>
  <trkpt lat="48.40103" lon="10.55382">
    <name>TP1626</name>
  </trkpt>
  <trkpt lat="48.40108" lon="10.55398">
    <name>TP1627</name>
  </trkpt>
  <trkpt lat="48.40115" lon="10.55418">
    <name>TP1628</name>
  </trkpt>
  <trkpt lat="48.40128" lon="10.5546">
    <name>TP1629</name>
  </trkpt>
  <trkpt lat="48.40143" lon="10.555">
    <name>TP1630</name>
  </trkpt>
  <trkpt lat="48.40153" lon="10.55529">
    <name>TP1631</name>
  </trkpt>
  <trkpt lat="48.40159" lon="10.55547">
    <name>TP1632</name>
  </trkpt>
  <trkpt lat="48.40166" lon="10.55564">
    <name>TP1633</name>
  </trkpt>
  <trkpt lat="48.40168" lon="10.55568">
    <name>TP1634</name>
  </trkpt>
  <trkpt lat="48.40179" lon="10.55598">
    <name>TP1635</name>
  </trkpt>
  <trkpt lat="48.40183" lon="10.55608">
    <name>TP1636</name>
  </trkpt>
  <trkpt lat="48.40202" lon="10.55652">
    <name>TP1637</name>
  </trkpt>
  <trkpt lat="48.40203" lon="10.55654">
    <name>TP1638</name>
  </trkpt>
  <trkpt lat="48.40221" lon="10.55694">
    <name>TP1639</name>
  </trkpt>
  <trkpt lat="48.40233" lon="10.5572">
    <name>TP1640</name>
  </trkpt>
  <trkpt lat="48.40247" lon="10.5575">
    <name>TP1641</name>
  </trkpt>
  <trkpt lat="48.40252" lon="10.55761">
    <name>TP1642</name>
  </trkpt>
  <trkpt lat="48.40255" lon="10.55767">
    <name>TP1643</name>
  </trkpt>
  <trkpt lat="48.40265" lon="10.55786">
    <name>TP1644</name>
  </trkpt>
  <trkpt lat="48.40267" lon="10.5579">
    <name>TP1645</name>
  </trkpt>
  <trkpt lat="48.40285" lon="10.55828">
    <name>TP1646</name>
  </trkpt>
  <trkpt lat="48.40302" lon="10.55862">
    <name>TP1647</name>
  </trkpt>
  <trkpt lat="48.40331" lon="10.55921">
    <name>TP1648</name>
  </trkpt>
  <trkpt lat="48.4035" lon="10.55963">
    <name>TP1649</name>
  </trkpt>
  <trkpt lat="48.40351" lon="10.55966">
    <name>TP1650</name>
  </trkpt>
  <trkpt lat="48.40374" lon="10.5602">
    <name>TP1651</name>
  </trkpt>
  <trkpt lat="48.40394" lon="10.56067">
    <name>TP1652</name>
  </trkpt>
  <trkpt lat="48.40412" lon="10.56114">
    <name>TP1653</name>
  </trkpt>
  <trkpt lat="48.40417" lon="10.56128">
    <name>TP1654</name>
  </trkpt>
  <trkpt lat="48.40421" lon="10.56137">
    <name>TP1655</name>
  </trkpt>
  <trkpt lat="48.40425" lon="10.56149">
    <name>TP1656</name>
  </trkpt>
  <trkpt lat="48.40436" lon="10.5618">
    <name>TP1657</name>
  </trkpt>
  <trkpt lat="48.40442" lon="10.56197">
    <name>TP1658</name>
  </trkpt>
  <trkpt lat="48.4045" lon="10.56221">
    <name>TP1659</name>
  </trkpt>
  <trkpt lat="48.40452" lon="10.56226">
    <name>TP1660</name>
  </trkpt>
  <trkpt lat="48.40458" lon="10.56245">
    <name>TP1661</name>
  </trkpt>
  <trkpt lat="48.40464" lon="10.56261">
    <name>TP1662</name>
  </trkpt>
  <trkpt lat="48.40465" lon="10.56265">
    <name>TP1663</name>
  </trkpt>
  <trkpt lat="48.40472" lon="10.56286">
    <name>TP1664</name>
  </trkpt>
  <trkpt lat="48.40479" lon="10.56311">
    <name>TP1665</name>
  </trkpt>
  <trkpt lat="48.40486" lon="10.56335">
    <name>TP1666</name>
  </trkpt>
  <trkpt lat="48.40493" lon="10.56358">
    <name>TP1667</name>
  </trkpt>
  <trkpt lat="48.40494" lon="10.5636">
    <name>TP1668</name>
  </trkpt>
  <trkpt lat="48.40499" lon="10.56381">
    <name>TP1669</name>
  </trkpt>
  <trkpt lat="48.405" lon="10.56385">
    <name>TP1670</name>
  </trkpt>
  <trkpt lat="48.4051" lon="10.56419">
    <name>TP1671</name>
  </trkpt>
  <trkpt lat="48.40513" lon="10.56433">
    <name>TP1672</name>
  </trkpt>
  <trkpt lat="48.40518" lon="10.56452">
    <name>TP1673</name>
  </trkpt>
  <trkpt lat="48.40527" lon="10.56485">
    <name>TP1674</name>
  </trkpt>
  <trkpt lat="48.40527" lon="10.56486">
    <name>TP1675</name>
  </trkpt>
  <trkpt lat="48.40532" lon="10.56509">
    <name>TP1676</name>
  </trkpt>
  <trkpt lat="48.40533" lon="10.56511">
    <name>TP1677</name>
  </trkpt>
  <trkpt lat="48.40539" lon="10.56537">
    <name>TP1678</name>
  </trkpt>
  <trkpt lat="48.40544" lon="10.5656">
    <name>TP1679</name>
  </trkpt>
  <trkpt lat="48.40549" lon="10.56586">
    <name>TP1680</name>
  </trkpt>
  <trkpt lat="48.40554" lon="10.56609">
    <name>TP1681</name>
  </trkpt>
  <trkpt lat="48.4056" lon="10.56638">
    <name>TP1682</name>
  </trkpt>
  <trkpt lat="48.40567" lon="10.56674">
    <name>TP1683</name>
  </trkpt>
  <trkpt lat="48.4057" lon="10.56693">
    <name>TP1684</name>
  </trkpt>
  <trkpt lat="48.40575" lon="10.56719">
    <name>TP1685</name>
  </trkpt>
  <trkpt lat="48.40577" lon="10.56733">
    <name>TP1686</name>
  </trkpt>
  <trkpt lat="48.4058" lon="10.56745">
    <name>TP1687</name>
  </trkpt>
  <trkpt lat="48.4058" lon="10.56748">
    <name>TP1688</name>
  </trkpt>
  <trkpt lat="48.40584" lon="10.56771">
    <name>TP1689</name>
  </trkpt>
  <trkpt lat="48.40585" lon="10.56774">
    <name>TP1690</name>
  </trkpt>
  <trkpt lat="48.40586" lon="10.56786">
    <name>TP1691</name>
  </trkpt>
  <trkpt lat="48.40594" lon="10.56835">
    <name>TP1692</name>
  </trkpt>
  <trkpt lat="48.40604" lon="10.56902">
    <name>TP1693</name>
  </trkpt>
  <trkpt lat="48.40619" lon="10.56999">
    <name>TP1694</name>
  </trkpt>
  <trkpt lat="48.4062" lon="10.57007">
    <name>TP1695</name>
  </trkpt>
  <trkpt lat="48.40631" lon="10.57085">
    <name>TP1696</name>
  </trkpt>
  <trkpt lat="48.40633" lon="10.57097">
    <name>TP1697</name>
  </trkpt>
  <trkpt lat="48.40638" lon="10.57125">
    <name>TP1698</name>
  </trkpt>
  <trkpt lat="48.40648" lon="10.57194">
    <name>TP1699</name>
  </trkpt>
  <trkpt lat="48.4065" lon="10.57203">
    <name>TP1700</name>
  </trkpt>
  <trkpt lat="48.40657" lon="10.57248">
    <name>TP1701</name>
  </trkpt>
  <trkpt lat="48.40666" lon="10.57298">
    <name>TP1702</name>
  </trkpt>
  <trkpt lat="48.40668" lon="10.5731">
    <name>TP1703</name>
  </trkpt>
  <trkpt lat="48.40677" lon="10.57361">
    <name>TP1704</name>
  </trkpt>
  <trkpt lat="48.40691" lon="10.57431">
    <name>TP1705</name>
  </trkpt>
  <trkpt lat="48.40691" lon="10.57432">
    <name>TP1706</name>
  </trkpt>
  <trkpt lat="48.407" lon="10.57476">
    <name>TP1707</name>
  </trkpt>
  <trkpt lat="48.40704" lon="10.57494">
    <name>TP1708</name>
  </trkpt>
  <trkpt lat="48.40716" lon="10.57545">
    <name>TP1709</name>
  </trkpt>
  <trkpt lat="48.40722" lon="10.57571">
    <name>TP1710</name>
  </trkpt>
  <trkpt lat="48.40728" lon="10.57596">
    <name>TP1711</name>
  </trkpt>
  <trkpt lat="48.40731" lon="10.5761">
    <name>TP1712</name>
  </trkpt>
  <trkpt lat="48.40734" lon="10.57622">
    <name>TP1713</name>
  </trkpt>
  <trkpt lat="48.40741" lon="10.57647">
    <name>TP1714</name>
  </trkpt>
  <trkpt lat="48.40744" lon="10.57661">
    <name>TP1715</name>
  </trkpt>
  <trkpt lat="48.40753" lon="10.57698">
    <name>TP1716</name>
  </trkpt>
  <trkpt lat="48.4076" lon="10.57723">
    <name>TP1717</name>
  </trkpt>
  <trkpt lat="48.40765" lon="10.57745">
    <name>TP1718</name>
  </trkpt>
  <trkpt lat="48.4077" lon="10.57765">
    <name>TP1719</name>
  </trkpt>
  <trkpt lat="48.40772" lon="10.5777">
    <name>TP1720</name>
  </trkpt>
  <trkpt lat="48.40776" lon="10.57784">
    <name>TP1721</name>
  </trkpt>
  <trkpt lat="48.40776" lon="10.57786">
    <name>TP1722</name>
  </trkpt>
  <trkpt lat="48.40781" lon="10.57806">
    <name>TP1723</name>
  </trkpt>
  <trkpt lat="48.40782" lon="10.57811">
    <name>TP1724</name>
  </trkpt>
  <trkpt lat="48.40787" lon="10.57831">
    <name>TP1725</name>
  </trkpt>
  <trkpt lat="48.40793" lon="10.57857">
    <name>TP1726</name>
  </trkpt>
  <trkpt lat="48.40801" lon="10.57891">
    <name>TP1727</name>
  </trkpt>
  <trkpt lat="48.40806" lon="10.57913">
    <name>TP1728</name>
  </trkpt>
  <trkpt lat="48.40807" lon="10.57917">
    <name>TP1729</name>
  </trkpt>
  <trkpt lat="48.40813" lon="10.57942">
    <name>TP1730</name>
  </trkpt>
  <trkpt lat="48.40819" lon="10.57968">
    <name>TP1731</name>
  </trkpt>
  <trkpt lat="48.40827" lon="10.58006">
    <name>TP1732</name>
  </trkpt>
  <trkpt lat="48.4083" lon="10.58019">
    <name>TP1733</name>
  </trkpt>
  <trkpt lat="48.40845" lon="10.58093">
    <name>TP1734</name>
  </trkpt>
  <trkpt lat="48.40848" lon="10.5811">
    <name>TP1735</name>
  </trkpt>
  <trkpt lat="48.40855" lon="10.58145">
    <name>TP1736</name>
  </trkpt>
  <trkpt lat="48.40862" lon="10.58187">
    <name>TP1737</name>
  </trkpt>
  <trkpt lat="48.40872" lon="10.58241">
    <name>TP1738</name>
  </trkpt>
  <trkpt lat="48.4088" lon="10.58291">
    <name>TP1739</name>
  </trkpt>
  <trkpt lat="48.40891" lon="10.58359">
    <name>TP1740</name>
  </trkpt>
  <trkpt lat="48.40896" lon="10.58393">
    <name>TP1741</name>
  </trkpt>
  <trkpt lat="48.40896" lon="10.58395">
    <name>TP1742</name>
  </trkpt>
  <trkpt lat="48.409" lon="10.58425">
    <name>TP1743</name>
  </trkpt>
  <trkpt lat="48.4091" lon="10.58498">
    <name>TP1744</name>
  </trkpt>
  <trkpt lat="48.40916" lon="10.5855">
    <name>TP1745</name>
  </trkpt>
  <trkpt lat="48.40916" lon="10.58553">
    <name>TP1746</name>
  </trkpt>
  <trkpt lat="48.4092" lon="10.58584">
    <name>TP1747</name>
  </trkpt>
  <trkpt lat="48.40926" lon="10.58637">
    <name>TP1748</name>
  </trkpt>
  <trkpt lat="48.40929" lon="10.5867">
    <name>TP1749</name>
  </trkpt>
  <trkpt lat="48.40931" lon="10.58687">
    <name>TP1750</name>
  </trkpt>
  <trkpt lat="48.40931" lon="10.58691">
    <name>TP1751</name>
  </trkpt>
  <trkpt lat="48.40934" lon="10.58717">
    <name>TP1752</name>
  </trkpt>
  <trkpt lat="48.40936" lon="10.5874">
    <name>TP1753</name>
  </trkpt>
  <trkpt lat="48.40937" lon="10.58745">
    <name>TP1754</name>
  </trkpt>
  <trkpt lat="48.40945" lon="10.58825">
    <name>TP1755</name>
  </trkpt>
  <trkpt lat="48.40945" lon="10.58831">
    <name>TP1756</name>
  </trkpt>
  <trkpt lat="48.40961" lon="10.58986">
    <name>TP1757</name>
  </trkpt>
  <trkpt lat="48.40971" lon="10.59085">
    <name>TP1758</name>
  </trkpt>
  <trkpt lat="48.40977" lon="10.5916">
    <name>TP1759</name>
  </trkpt>
  <trkpt lat="48.40978" lon="10.5917">
    <name>TP1760</name>
  </trkpt>
  <trkpt lat="48.40979" lon="10.59187">
    <name>TP1761</name>
  </trkpt>
  <trkpt lat="48.40982" lon="10.59237">
    <name>TP1762</name>
  </trkpt>
  <trkpt lat="48.40984" lon="10.59286">
    <name>TP1763</name>
  </trkpt>
  <trkpt lat="48.40987" lon="10.59368">
    <name>TP1764</name>
  </trkpt>
  <trkpt lat="48.40988" lon="10.59389">
    <name>TP1765</name>
  </trkpt>
  <trkpt lat="48.40989" lon="10.59422">
    <name>TP1766</name>
  </trkpt>
  <trkpt lat="48.40991" lon="10.59477">
    <name>TP1767</name>
  </trkpt>
  <trkpt lat="48.40992" lon="10.59572">
    <name>TP1768</name>
  </trkpt>
  <trkpt lat="48.40993" lon="10.59619">
    <name>TP1769</name>
  </trkpt>
  <trkpt lat="48.40993" lon="10.59675">
    <name>TP1770</name>
  </trkpt>
  <trkpt lat="48.40992" lon="10.59716">
    <name>TP1771</name>
  </trkpt>
  <trkpt lat="48.40991" lon="10.59761">
    <name>TP1772</name>
  </trkpt>
  <trkpt lat="48.40991" lon="10.59791">
    <name>TP1773</name>
  </trkpt>
  <trkpt lat="48.4099" lon="10.59827">
    <name>TP1774</name>
  </trkpt>
  <trkpt lat="48.40989" lon="10.59858">
    <name>TP1775</name>
  </trkpt>
  <trkpt lat="48.40988" lon="10.59944">
    <name>TP1776</name>
  </trkpt>
  <trkpt lat="48.40987" lon="10.59973">
    <name>TP1777</name>
  </trkpt>
  <trkpt lat="48.40986" lon="10.60026">
    <name>TP1778</name>
  </trkpt>
  <trkpt lat="48.40986" lon="10.60053">
    <name>TP1779</name>
  </trkpt>
  <trkpt lat="48.40984" lon="10.60242">
    <name>TP1780</name>
  </trkpt>
  <trkpt lat="48.40984" lon="10.60258">
    <name>TP1781</name>
  </trkpt>
  <trkpt lat="48.40983" lon="10.60324">
    <name>TP1782</name>
  </trkpt>
  <trkpt lat="48.40983" lon="10.60358">
    <name>TP1783</name>
  </trkpt>
  <trkpt lat="48.40984" lon="10.60377">
    <name>TP1784</name>
  </trkpt>
  <trkpt lat="48.40983" lon="10.60413">
    <name>TP1785</name>
  </trkpt>
  <trkpt lat="48.40983" lon="10.60438">
    <name>TP1786</name>
  </trkpt>
  <trkpt lat="48.40982" lon="10.6046">
    <name>TP1787</name>
  </trkpt>
  <trkpt lat="48.4098" lon="10.60558">
    <name>TP1788</name>
  </trkpt>
  <trkpt lat="48.4098" lon="10.60584">
    <name>TP1789</name>
  </trkpt>
  <trkpt lat="48.4098" lon="10.60605">
    <name>TP1790</name>
  </trkpt>
  <trkpt lat="48.40979" lon="10.60634">
    <name>TP1791</name>
  </trkpt>
  <trkpt lat="48.40979" lon="10.6066">
    <name>TP1792</name>
  </trkpt>
  <trkpt lat="48.40978" lon="10.60687">
    <name>TP1793</name>
  </trkpt>
  <trkpt lat="48.40978" lon="10.6069">
    <name>TP1794</name>
  </trkpt>
  <trkpt lat="48.40977" lon="10.60717">
    <name>TP1795</name>
  </trkpt>
  <trkpt lat="48.40976" lon="10.60742">
    <name>TP1796</name>
  </trkpt>
  <trkpt lat="48.40976" lon="10.60771">
    <name>TP1797</name>
  </trkpt>
  <trkpt lat="48.40976" lon="10.60785">
    <name>TP1798</name>
  </trkpt>
  <trkpt lat="48.40976" lon="10.60787">
    <name>TP1799</name>
  </trkpt>
  <trkpt lat="48.40976" lon="10.60812">
    <name>TP1800</name>
  </trkpt>
  <trkpt lat="48.40975" lon="10.60839">
    <name>TP1801</name>
  </trkpt>
  <trkpt lat="48.40975" lon="10.60889">
    <name>TP1802</name>
  </trkpt>
  <trkpt lat="48.40975" lon="10.60893">
    <name>TP1803</name>
  </trkpt>
  <trkpt lat="48.40976" lon="10.60948">
    <name>TP1804</name>
  </trkpt>
  <trkpt lat="48.40976" lon="10.60949">
    <name>TP1805</name>
  </trkpt>
  <trkpt lat="48.40976" lon="10.61003">
    <name>TP1806</name>
  </trkpt>
  <trkpt lat="48.40978" lon="10.6107">
    <name>TP1807</name>
  </trkpt>
  <trkpt lat="48.40981" lon="10.61133">
    <name>TP1808</name>
  </trkpt>
  <trkpt lat="48.40984" lon="10.61175">
    <name>TP1809</name>
  </trkpt>
  <trkpt lat="48.40985" lon="10.61191">
    <name>TP1810</name>
  </trkpt>
  <trkpt lat="48.40987" lon="10.61217">
    <name>TP1811</name>
  </trkpt>
  <trkpt lat="48.40988" lon="10.61244">
    <name>TP1812</name>
  </trkpt>
  <trkpt lat="48.40989" lon="10.61246">
    <name>TP1813</name>
  </trkpt>
  <trkpt lat="48.40991" lon="10.61271">
    <name>TP1814</name>
  </trkpt>
  <trkpt lat="48.40992" lon="10.61292">
    <name>TP1815</name>
  </trkpt>
  <trkpt lat="48.40993" lon="10.61298">
    <name>TP1816</name>
  </trkpt>
  <trkpt lat="48.40996" lon="10.61324">
    <name>TP1817</name>
  </trkpt>
  <trkpt lat="48.41001" lon="10.61386">
    <name>TP1818</name>
  </trkpt>
  <trkpt lat="48.41004" lon="10.61419">
    <name>TP1819</name>
  </trkpt>
  <trkpt lat="48.41007" lon="10.61448">
    <name>TP1820</name>
  </trkpt>
  <trkpt lat="48.41011" lon="10.61486">
    <name>TP1821</name>
  </trkpt>
  <trkpt lat="48.41013" lon="10.61508">
    <name>TP1822</name>
  </trkpt>
  <trkpt lat="48.41016" lon="10.61536">
    <name>TP1823</name>
  </trkpt>
  <trkpt lat="48.41018" lon="10.61564">
    <name>TP1824</name>
  </trkpt>
  <trkpt lat="48.41026" lon="10.61658">
    <name>TP1825</name>
  </trkpt>
  <trkpt lat="48.41028" lon="10.61689">
    <name>TP1826</name>
  </trkpt>
  <trkpt lat="48.4103" lon="10.61723">
    <name>TP1827</name>
  </trkpt>
  <trkpt lat="48.41031" lon="10.61734">
    <name>TP1828</name>
  </trkpt>
  <trkpt lat="48.41032" lon="10.61744">
    <name>TP1829</name>
  </trkpt>
  <trkpt lat="48.41033" lon="10.61759">
    <name>TP1830</name>
  </trkpt>
  <trkpt lat="48.41033" lon="10.61761">
    <name>TP1831</name>
  </trkpt>
  <trkpt lat="48.41034" lon="10.61788">
    <name>TP1832</name>
  </trkpt>
  <trkpt lat="48.41035" lon="10.61809">
    <name>TP1833</name>
  </trkpt>
  <trkpt lat="48.41036" lon="10.61815">
    <name>TP1834</name>
  </trkpt>
  <trkpt lat="48.41037" lon="10.61859">
    <name>TP1835</name>
  </trkpt>
  <trkpt lat="48.41038" lon="10.61885">
    <name>TP1836</name>
  </trkpt>
  <trkpt lat="48.41038" lon="10.61897">
    <name>TP1837</name>
  </trkpt>
  <trkpt lat="48.41038" lon="10.61907">
    <name>TP1838</name>
  </trkpt>
  <trkpt lat="48.41039" lon="10.61935">
    <name>TP1839</name>
  </trkpt>
  <trkpt lat="48.41039" lon="10.61968">
    <name>TP1840</name>
  </trkpt>
  <trkpt lat="48.41039" lon="10.61975">
    <name>TP1841</name>
  </trkpt>
  <trkpt lat="48.41039" lon="10.61989">
    <name>TP1842</name>
  </trkpt>
  <trkpt lat="48.41039" lon="10.6199">
    <name>TP1843</name>
  </trkpt>
  <trkpt lat="48.41039" lon="10.61996">
    <name>TP1844</name>
  </trkpt>
  <trkpt lat="48.41039" lon="10.62002">
    <name>TP1845</name>
  </trkpt>
  <trkpt lat="48.41039" lon="10.62016">
    <name>TP1846</name>
  </trkpt>
  <trkpt lat="48.41039" lon="10.62017">
    <name>TP1847</name>
  </trkpt>
  <trkpt lat="48.41038" lon="10.62023">
    <name>TP1848</name>
  </trkpt>
  <trkpt lat="48.41038" lon="10.6203">
    <name>TP1849</name>
  </trkpt>
  <trkpt lat="48.41038" lon="10.6205">
    <name>TP1850</name>
  </trkpt>
  <trkpt lat="48.41038" lon="10.62063">
    <name>TP1851</name>
  </trkpt>
  <trkpt lat="48.41037" lon="10.62076">
    <name>TP1852</name>
  </trkpt>
  <trkpt lat="48.41036" lon="10.62105">
    <name>TP1853</name>
  </trkpt>
  <trkpt lat="48.41036" lon="10.62106">
    <name>TP1854</name>
  </trkpt>
  <trkpt lat="48.41035" lon="10.62138">
    <name>TP1855</name>
  </trkpt>
  <trkpt lat="48.41034" lon="10.62152">
    <name>TP1856</name>
  </trkpt>
  <trkpt lat="48.41034" lon="10.62159">
    <name>TP1857</name>
  </trkpt>
  <trkpt lat="48.41033" lon="10.62179">
    <name>TP1858</name>
  </trkpt>
  <trkpt lat="48.41033" lon="10.62185">
    <name>TP1859</name>
  </trkpt>
  <trkpt lat="48.41033" lon="10.62186">
    <name>TP1860</name>
  </trkpt>
  <trkpt lat="48.41031" lon="10.62221">
    <name>TP1861</name>
  </trkpt>
  <trkpt lat="48.4103" lon="10.62233">
    <name>TP1862</name>
  </trkpt>
  <trkpt lat="48.41029" lon="10.6224">
    <name>TP1863</name>
  </trkpt>
  <trkpt lat="48.41029" lon="10.62245">
    <name>TP1864</name>
  </trkpt>
  <trkpt lat="48.41028" lon="10.62252">
    <name>TP1865</name>
  </trkpt>
  <trkpt lat="48.41027" lon="10.62272">
    <name>TP1866</name>
  </trkpt>
  <trkpt lat="48.41026" lon="10.62283">
    <name>TP1867</name>
  </trkpt>
  <trkpt lat="48.41025" lon="10.62293">
    <name>TP1868</name>
  </trkpt>
  <trkpt lat="48.41023" lon="10.62314">
    <name>TP1869</name>
  </trkpt>
  <trkpt lat="48.41023" lon="10.62316">
    <name>TP1870</name>
  </trkpt>
  <trkpt lat="48.4102" lon="10.62347">
    <name>TP1871</name>
  </trkpt>
  <trkpt lat="48.41017" lon="10.62379">
    <name>TP1872</name>
  </trkpt>
  <trkpt lat="48.41014" lon="10.62409">
    <name>TP1873</name>
  </trkpt>
  <trkpt lat="48.41012" lon="10.62429">
    <name>TP1874</name>
  </trkpt>
  <trkpt lat="48.41008" lon="10.62458">
    <name>TP1875</name>
  </trkpt>
  <trkpt lat="48.41003" lon="10.62508">
    <name>TP1876</name>
  </trkpt>
  <trkpt lat="48.40993" lon="10.62587">
    <name>TP1877</name>
  </trkpt>
  <trkpt lat="48.40992" lon="10.62593">
    <name>TP1878</name>
  </trkpt>
  <trkpt lat="48.4099" lon="10.62611">
    <name>TP1879</name>
  </trkpt>
  <trkpt lat="48.40987" lon="10.62634">
    <name>TP1880</name>
  </trkpt>
  <trkpt lat="48.40986" lon="10.62644">
    <name>TP1881</name>
  </trkpt>
  <trkpt lat="48.40984" lon="10.62661">
    <name>TP1882</name>
  </trkpt>
  <trkpt lat="48.40982" lon="10.62678">
    <name>TP1883</name>
  </trkpt>
  <trkpt lat="48.40978" lon="10.62714">
    <name>TP1884</name>
  </trkpt>
  <trkpt lat="48.40976" lon="10.62735">
    <name>TP1885</name>
  </trkpt>
  <trkpt lat="48.40972" lon="10.62772">
    <name>TP1886</name>
  </trkpt>
  <trkpt lat="48.40968" lon="10.62805">
    <name>TP1887</name>
  </trkpt>
  <trkpt lat="48.40966" lon="10.62831">
    <name>TP1888</name>
  </trkpt>
  <trkpt lat="48.40962" lon="10.62871">
    <name>TP1889</name>
  </trkpt>
  <trkpt lat="48.40962" lon="10.62875">
    <name>TP1890</name>
  </trkpt>
  <trkpt lat="48.4096" lon="10.62905">
    <name>TP1891</name>
  </trkpt>
  <trkpt lat="48.40958" lon="10.62928">
    <name>TP1892</name>
  </trkpt>
  <trkpt lat="48.40956" lon="10.62953">
    <name>TP1893</name>
  </trkpt>
  <trkpt lat="48.40954" lon="10.62985">
    <name>TP1894</name>
  </trkpt>
  <trkpt lat="48.40953" lon="10.63018">
    <name>TP1895</name>
  </trkpt>
  <trkpt lat="48.40952" lon="10.63037">
    <name>TP1896</name>
  </trkpt>
  <trkpt lat="48.40952" lon="10.63042">
    <name>TP1897</name>
  </trkpt>
  <trkpt lat="48.40952" lon="10.63044">
    <name>TP1898</name>
  </trkpt>
  <trkpt lat="48.40951" lon="10.63049">
    <name>TP1899</name>
  </trkpt>
  <trkpt lat="48.40951" lon="10.63062">
    <name>TP1900</name>
  </trkpt>
  <trkpt lat="48.40951" lon="10.63064">
    <name>TP1901</name>
  </trkpt>
  <trkpt lat="48.4095" lon="10.63079">
    <name>TP1902</name>
  </trkpt>
  <trkpt lat="48.4095" lon="10.63091">
    <name>TP1903</name>
  </trkpt>
  <trkpt lat="48.4095" lon="10.63103">
    <name>TP1904</name>
  </trkpt>
  <trkpt lat="48.40949" lon="10.63112">
    <name>TP1905</name>
  </trkpt>
  <trkpt lat="48.40949" lon="10.63118">
    <name>TP1906</name>
  </trkpt>
  <trkpt lat="48.40949" lon="10.63128">
    <name>TP1907</name>
  </trkpt>
  <trkpt lat="48.40949" lon="10.63145">
    <name>TP1908</name>
  </trkpt>
  <trkpt lat="48.40949" lon="10.63158">
    <name>TP1909</name>
  </trkpt>
  <trkpt lat="48.40948" lon="10.6318">
    <name>TP1910</name>
  </trkpt>
  <trkpt lat="48.40948" lon="10.63212">
    <name>TP1911</name>
  </trkpt>
  <trkpt lat="48.40948" lon="10.63213">
    <name>TP1912</name>
  </trkpt>
  <trkpt lat="48.40948" lon="10.63242">
    <name>TP1913</name>
  </trkpt>
  <trkpt lat="48.40949" lon="10.63274">
    <name>TP1914</name>
  </trkpt>
  <trkpt lat="48.40949" lon="10.63294">
    <name>TP1915</name>
  </trkpt>
  <trkpt lat="48.4095" lon="10.63314">
    <name>TP1916</name>
  </trkpt>
  <trkpt lat="48.4095" lon="10.63326">
    <name>TP1917</name>
  </trkpt>
  <trkpt lat="48.4095" lon="10.63335">
    <name>TP1918</name>
  </trkpt>
  <trkpt lat="48.40951" lon="10.63354">
    <name>TP1919</name>
  </trkpt>
  <trkpt lat="48.40951" lon="10.63362">
    <name>TP1920</name>
  </trkpt>
  <trkpt lat="48.40952" lon="10.63382">
    <name>TP1921</name>
  </trkpt>
  <trkpt lat="48.40953" lon="10.63402">
    <name>TP1922</name>
  </trkpt>
  <trkpt lat="48.40954" lon="10.63419">
    <name>TP1923</name>
  </trkpt>
  <trkpt lat="48.40955" lon="10.63443">
    <name>TP1924</name>
  </trkpt>
  <trkpt lat="48.40956" lon="10.6345">
    <name>TP1925</name>
  </trkpt>
  <trkpt lat="48.40956" lon="10.63457">
    <name>TP1926</name>
  </trkpt>
  <trkpt lat="48.40957" lon="10.63475">
    <name>TP1927</name>
  </trkpt>
  <trkpt lat="48.40957" lon="10.63477">
    <name>TP1928</name>
  </trkpt>
  <trkpt lat="48.40959" lon="10.63497">
    <name>TP1929</name>
  </trkpt>
  <trkpt lat="48.40959" lon="10.63501">
    <name>TP1930</name>
  </trkpt>
  <trkpt lat="48.40962" lon="10.63533">
    <name>TP1931</name>
  </trkpt>
  <trkpt lat="48.40963" lon="10.63557">
    <name>TP1932</name>
  </trkpt>
  <trkpt lat="48.40966" lon="10.63584">
    <name>TP1933</name>
  </trkpt>
  <trkpt lat="48.40968" lon="10.6361">
    <name>TP1934</name>
  </trkpt>
  <trkpt lat="48.40971" lon="10.63628">
    <name>TP1935</name>
  </trkpt>
  <trkpt lat="48.40977" lon="10.6369">
    <name>TP1936</name>
  </trkpt>
  <trkpt lat="48.40979" lon="10.63702">
    <name>TP1937</name>
  </trkpt>
  <trkpt lat="48.40983" lon="10.63739">
    <name>TP1938</name>
  </trkpt>
  <trkpt lat="48.40989" lon="10.63777">
    <name>TP1939</name>
  </trkpt>
  <trkpt lat="48.40991" lon="10.63796">
    <name>TP1940</name>
  </trkpt>
  <trkpt lat="48.40995" lon="10.63821">
    <name>TP1941</name>
  </trkpt>
  <trkpt lat="48.40999" lon="10.63852">
    <name>TP1942</name>
  </trkpt>
  <trkpt lat="48.41002" lon="10.63866">
    <name>TP1943</name>
  </trkpt>
  <trkpt lat="48.41007" lon="10.63902">
    <name>TP1944</name>
  </trkpt>
  <trkpt lat="48.41012" lon="10.63935">
    <name>TP1945</name>
  </trkpt>
  <trkpt lat="48.41057" lon="10.64242">
    <name>TP1946</name>
  </trkpt>
  <trkpt lat="48.41064" lon="10.64287">
    <name>TP1947</name>
  </trkpt>
  <trkpt lat="48.41069" lon="10.64324">
    <name>TP1948</name>
  </trkpt>
  <trkpt lat="48.41073" lon="10.6435">
    <name>TP1949</name>
  </trkpt>
  <trkpt lat="48.41081" lon="10.64403">
    <name>TP1950</name>
  </trkpt>
  <trkpt lat="48.41082" lon="10.64412">
    <name>TP1951</name>
  </trkpt>
  <trkpt lat="48.41083" lon="10.64421">
    <name>TP1952</name>
  </trkpt>
  <trkpt lat="48.4109" lon="10.64466">
    <name>TP1953</name>
  </trkpt>
  <trkpt lat="48.41094" lon="10.64492">
    <name>TP1954</name>
  </trkpt>
  <trkpt lat="48.41105" lon="10.64572">
    <name>TP1955</name>
  </trkpt>
  <trkpt lat="48.41108" lon="10.64592">
    <name>TP1956</name>
  </trkpt>
  <trkpt lat="48.41112" lon="10.64619">
    <name>TP1957</name>
  </trkpt>
  <trkpt lat="48.41114" lon="10.64631">
    <name>TP1958</name>
  </trkpt>
  <trkpt lat="48.41116" lon="10.64645">
    <name>TP1959</name>
  </trkpt>
  <trkpt lat="48.41119" lon="10.64671">
    <name>TP1960</name>
  </trkpt>
  <trkpt lat="48.4112" lon="10.64675">
    <name>TP1961</name>
  </trkpt>
  <trkpt lat="48.41123" lon="10.64697">
    <name>TP1962</name>
  </trkpt>
  <trkpt lat="48.41131" lon="10.6475">
    <name>TP1963</name>
  </trkpt>
  <trkpt lat="48.41135" lon="10.64776">
    <name>TP1964</name>
  </trkpt>
  <trkpt lat="48.41139" lon="10.64806">
    <name>TP1965</name>
  </trkpt>
  <trkpt lat="48.41143" lon="10.64829">
    <name>TP1966</name>
  </trkpt>
  <trkpt lat="48.41143" lon="10.64831">
    <name>TP1967</name>
  </trkpt>
  <trkpt lat="48.41148" lon="10.64863">
    <name>TP1968</name>
  </trkpt>
  <trkpt lat="48.41151" lon="10.64882">
    <name>TP1969</name>
  </trkpt>
  <trkpt lat="48.41152" lon="10.64891">
    <name>TP1970</name>
  </trkpt>
  <trkpt lat="48.4116" lon="10.64944">
    <name>TP1971</name>
  </trkpt>
  <trkpt lat="48.41165" lon="10.64982">
    <name>TP1972</name>
  </trkpt>
  <trkpt lat="48.41166" lon="10.64988">
    <name>TP1973</name>
  </trkpt>
  <trkpt lat="48.41171" lon="10.65025">
    <name>TP1974</name>
  </trkpt>
  <trkpt lat="48.41176" lon="10.65059">
    <name>TP1975</name>
  </trkpt>
  <trkpt lat="48.4118" lon="10.65083">
    <name>TP1976</name>
  </trkpt>
  <trkpt lat="48.41182" lon="10.65094">
    <name>TP1977</name>
  </trkpt>
  <trkpt lat="48.41184" lon="10.65108">
    <name>TP1978</name>
  </trkpt>
  <trkpt lat="48.41184" lon="10.6511">
    <name>TP1979</name>
  </trkpt>
  <trkpt lat="48.41185" lon="10.65121">
    <name>TP1980</name>
  </trkpt>
  <trkpt lat="48.41189" lon="10.65147">
    <name>TP1981</name>
  </trkpt>
  <trkpt lat="48.41195" lon="10.65186">
    <name>TP1982</name>
  </trkpt>
  <trkpt lat="48.41199" lon="10.65213">
    <name>TP1983</name>
  </trkpt>
  <trkpt lat="48.41204" lon="10.65248">
    <name>TP1984</name>
  </trkpt>
  <trkpt lat="48.41204" lon="10.65253">
    <name>TP1985</name>
  </trkpt>
  <trkpt lat="48.41208" lon="10.65279">
    <name>TP1986</name>
  </trkpt>
  <trkpt lat="48.41211" lon="10.65298">
    <name>TP1987</name>
  </trkpt>
  <trkpt lat="48.41222" lon="10.65375">
    <name>TP1988</name>
  </trkpt>
  <trkpt lat="48.41225" lon="10.65397">
    <name>TP1989</name>
  </trkpt>
  <trkpt lat="48.41231" lon="10.65437">
    <name>TP1990</name>
  </trkpt>
  <trkpt lat="48.41235" lon="10.65465">
    <name>TP1991</name>
  </trkpt>
  <trkpt lat="48.41241" lon="10.65508">
    <name>TP1992</name>
  </trkpt>
  <trkpt lat="48.41241" lon="10.65509">
    <name>TP1993</name>
  </trkpt>
  <trkpt lat="48.41245" lon="10.65534">
    <name>TP1994</name>
  </trkpt>
  <trkpt lat="48.41245" lon="10.65538">
    <name>TP1995</name>
  </trkpt>
  <trkpt lat="48.41249" lon="10.65561">
    <name>TP1996</name>
  </trkpt>
  <trkpt lat="48.41254" lon="10.65597">
    <name>TP1997</name>
  </trkpt>
  <trkpt lat="48.41257" lon="10.65613">
    <name>TP1998</name>
  </trkpt>
  <trkpt lat="48.41257" lon="10.65614">
    <name>TP1999</name>
  </trkpt>
  <trkpt lat="48.41261" lon="10.6564">
    <name>TP2000</name>
  </trkpt>
  <trkpt lat="48.41269" lon="10.65683">
    <name>TP2001</name>
  </trkpt>
  <trkpt lat="48.41275" lon="10.65718">
    <name>TP2002</name>
  </trkpt>
  <trkpt lat="48.41275" lon="10.6572">
    <name>TP2003</name>
  </trkpt>
  <trkpt lat="48.41279" lon="10.65741">
    <name>TP2004</name>
  </trkpt>
  <trkpt lat="48.41283" lon="10.65762">
    <name>TP2005</name>
  </trkpt>
  <trkpt lat="48.41289" lon="10.65793">
    <name>TP2006</name>
  </trkpt>
  <trkpt lat="48.4129" lon="10.65796">
    <name>TP2007</name>
  </trkpt>
  <trkpt lat="48.41293" lon="10.65813">
    <name>TP2008</name>
  </trkpt>
  <trkpt lat="48.41297" lon="10.65832">
    <name>TP2009</name>
  </trkpt>
  <trkpt lat="48.41304" lon="10.65861">
    <name>TP2010</name>
  </trkpt>
  <trkpt lat="48.41311" lon="10.65892">
    <name>TP2011</name>
  </trkpt>
  <trkpt lat="48.41312" lon="10.65899">
    <name>TP2012</name>
  </trkpt>
  <trkpt lat="48.41318" lon="10.65925">
    <name>TP2013</name>
  </trkpt>
  <trkpt lat="48.41319" lon="10.65929">
    <name>TP2014</name>
  </trkpt>
  <trkpt lat="48.41325" lon="10.65952">
    <name>TP2015</name>
  </trkpt>
  <trkpt lat="48.4133" lon="10.65973">
    <name>TP2016</name>
  </trkpt>
  <trkpt lat="48.41336" lon="10.65997">
    <name>TP2017</name>
  </trkpt>
  <trkpt lat="48.41345" lon="10.66029">
    <name>TP2018</name>
  </trkpt>
  <trkpt lat="48.41351" lon="10.66051">
    <name>TP2019</name>
  </trkpt>
  <trkpt lat="48.41354" lon="10.6606">
    <name>TP2020</name>
  </trkpt>
  <trkpt lat="48.41363" lon="10.66092">
    <name>TP2021</name>
  </trkpt>
  <trkpt lat="48.41364" lon="10.66096">
    <name>TP2022</name>
  </trkpt>
  <trkpt lat="48.41376" lon="10.66136">
    <name>TP2023</name>
  </trkpt>
  <trkpt lat="48.41384" lon="10.66161">
    <name>TP2024</name>
  </trkpt>
  <trkpt lat="48.41391" lon="10.66183">
    <name>TP2025</name>
  </trkpt>
  <trkpt lat="48.41396" lon="10.66197">
    <name>TP2026</name>
  </trkpt>
  <trkpt lat="48.41399" lon="10.66207">
    <name>TP2027</name>
  </trkpt>
  <trkpt lat="48.41409" lon="10.66234">
    <name>TP2028</name>
  </trkpt>
  <trkpt lat="48.41412" lon="10.66243">
    <name>TP2029</name>
  </trkpt>
  <trkpt lat="48.4143" lon="10.66292">
    <name>TP2030</name>
  </trkpt>
  <trkpt lat="48.41439" lon="10.66317">
    <name>TP2031</name>
  </trkpt>
  <trkpt lat="48.41445" lon="10.66333">
    <name>TP2032</name>
  </trkpt>
  <trkpt lat="48.41461" lon="10.66374">
    <name>TP2033</name>
  </trkpt>
  <trkpt lat="48.41462" lon="10.66377">
    <name>TP2034</name>
  </trkpt>
  <trkpt lat="48.41487" lon="10.66439">
    <name>TP2035</name>
  </trkpt>
  <trkpt lat="48.41493" lon="10.66454">
    <name>TP2036</name>
  </trkpt>
  <trkpt lat="48.41516" lon="10.66506">
    <name>TP2037</name>
  </trkpt>
  <trkpt lat="48.41529" lon="10.66534">
    <name>TP2038</name>
  </trkpt>
  <trkpt lat="48.41551" lon="10.66584">
    <name>TP2039</name>
  </trkpt>
  <trkpt lat="48.41553" lon="10.66589">
    <name>TP2040</name>
  </trkpt>
  <trkpt lat="48.41567" lon="10.66617">
    <name>TP2041</name>
  </trkpt>
  <trkpt lat="48.41588" lon="10.66661">
    <name>TP2042</name>
  </trkpt>
  <trkpt lat="48.41598" lon="10.66683">
    <name>TP2043</name>
  </trkpt>
  <trkpt lat="48.41613" lon="10.66714">
    <name>TP2044</name>
  </trkpt>
  <trkpt lat="48.41617" lon="10.66721">
    <name>TP2045</name>
  </trkpt>
  <trkpt lat="48.41618" lon="10.66724">
    <name>TP2046</name>
  </trkpt>
  <trkpt lat="48.41631" lon="10.66751">
    <name>TP2047</name>
  </trkpt>
  <trkpt lat="48.41638" lon="10.66765">
    <name>TP2048</name>
  </trkpt>
  <trkpt lat="48.41641" lon="10.6677">
    <name>TP2049</name>
  </trkpt>
  <trkpt lat="48.41649" lon="10.66787">
    <name>TP2050</name>
  </trkpt>
  <trkpt lat="48.41665" lon="10.66818">
    <name>TP2051</name>
  </trkpt>
  <trkpt lat="48.41676" lon="10.66842">
    <name>TP2052</name>
  </trkpt>
  <trkpt lat="48.41684" lon="10.66858">
    <name>TP2053</name>
  </trkpt>
  <trkpt lat="48.41695" lon="10.66881">
    <name>TP2054</name>
  </trkpt>
  <trkpt lat="48.41705" lon="10.66902">
    <name>TP2055</name>
  </trkpt>
  <trkpt lat="48.41713" lon="10.6692">
    <name>TP2056</name>
  </trkpt>
  <trkpt lat="48.41721" lon="10.66937">
    <name>TP2057</name>
  </trkpt>
  <trkpt lat="48.41731" lon="10.66959">
    <name>TP2058</name>
  </trkpt>
  <trkpt lat="48.4174" lon="10.66979">
    <name>TP2059</name>
  </trkpt>
  <trkpt lat="48.41745" lon="10.66988">
    <name>TP2060</name>
  </trkpt>
  <trkpt lat="48.41759" lon="10.67021">
    <name>TP2061</name>
  </trkpt>
  <trkpt lat="48.41772" lon="10.67052">
    <name>TP2062</name>
  </trkpt>
  <trkpt lat="48.41777" lon="10.67064">
    <name>TP2063</name>
  </trkpt>
  <trkpt lat="48.41779" lon="10.6707">
    <name>TP2064</name>
  </trkpt>
  <trkpt lat="48.41789" lon="10.67093">
    <name>TP2065</name>
  </trkpt>
  <trkpt lat="48.41794" lon="10.67107">
    <name>TP2066</name>
  </trkpt>
  <trkpt lat="48.41809" lon="10.67147">
    <name>TP2067</name>
  </trkpt>
  <trkpt lat="48.41818" lon="10.67169">
    <name>TP2068</name>
  </trkpt>
  <trkpt lat="48.41825" lon="10.67191">
    <name>TP2069</name>
  </trkpt>
  <trkpt lat="48.41833" lon="10.67212">
    <name>TP2070</name>
  </trkpt>
  <trkpt lat="48.41848" lon="10.67256">
    <name>TP2071</name>
  </trkpt>
  <trkpt lat="48.41854" lon="10.67274">
    <name>TP2072</name>
  </trkpt>
  <trkpt lat="48.41861" lon="10.67299">
    <name>TP2073</name>
  </trkpt>
  <trkpt lat="48.41865" lon="10.67312">
    <name>TP2074</name>
  </trkpt>
  <trkpt lat="48.41878" lon="10.67358">
    <name>TP2075</name>
  </trkpt>
  <trkpt lat="48.41879" lon="10.67361">
    <name>TP2076</name>
  </trkpt>
  <trkpt lat="48.41892" lon="10.67409">
    <name>TP2077</name>
  </trkpt>
  <trkpt lat="48.41893" lon="10.67409">
    <name>TP2078</name>
  </trkpt>
  <trkpt lat="48.41904" lon="10.67456">
    <name>TP2079</name>
  </trkpt>
  <trkpt lat="48.41911" lon="10.67483">
    <name>TP2080</name>
  </trkpt>
  <trkpt lat="48.41914" lon="10.67497">
    <name>TP2081</name>
  </trkpt>
  <trkpt lat="48.41916" lon="10.67505">
    <name>TP2082</name>
  </trkpt>
  <trkpt lat="48.41927" lon="10.67557">
    <name>TP2083</name>
  </trkpt>
  <trkpt lat="48.41929" lon="10.67566">
    <name>TP2084</name>
  </trkpt>
  <trkpt lat="48.41936" lon="10.67599">
    <name>TP2085</name>
  </trkpt>
  <trkpt lat="48.41943" lon="10.67638">
    <name>TP2086</name>
  </trkpt>
  <trkpt lat="48.41947" lon="10.67661">
    <name>TP2087</name>
  </trkpt>
  <trkpt lat="48.41951" lon="10.67687">
    <name>TP2088</name>
  </trkpt>
  <trkpt lat="48.41956" lon="10.67715">
    <name>TP2089</name>
  </trkpt>
  <trkpt lat="48.41959" lon="10.6774">
    <name>TP2090</name>
  </trkpt>
  <trkpt lat="48.41962" lon="10.67761">
    <name>TP2091</name>
  </trkpt>
  <trkpt lat="48.41965" lon="10.67784">
    <name>TP2092</name>
  </trkpt>
  <trkpt lat="48.41968" lon="10.67806">
    <name>TP2093</name>
  </trkpt>
  <trkpt lat="48.41971" lon="10.67825">
    <name>TP2094</name>
  </trkpt>
  <trkpt lat="48.41972" lon="10.67841">
    <name>TP2095</name>
  </trkpt>
  <trkpt lat="48.41975" lon="10.67868">
    <name>TP2096</name>
  </trkpt>
  <trkpt lat="48.41977" lon="10.6789">
    <name>TP2097</name>
  </trkpt>
  <trkpt lat="48.41979" lon="10.67913">
    <name>TP2098</name>
  </trkpt>
  <trkpt lat="48.41982" lon="10.67951">
    <name>TP2099</name>
  </trkpt>
  <trkpt lat="48.41984" lon="10.67977">
    <name>TP2100</name>
  </trkpt>
  <trkpt lat="48.41985" lon="10.67999">
    <name>TP2101</name>
  </trkpt>
  <trkpt lat="48.41987" lon="10.68025">
    <name>TP2102</name>
  </trkpt>
  <trkpt lat="48.4199" lon="10.68101">
    <name>TP2103</name>
  </trkpt>
  <trkpt lat="48.41991" lon="10.68115">
    <name>TP2104</name>
  </trkpt>
  <trkpt lat="48.41992" lon="10.68147">
    <name>TP2105</name>
  </trkpt>
  <trkpt lat="48.41993" lon="10.68186">
    <name>TP2106</name>
  </trkpt>
  <trkpt lat="48.41993" lon="10.68192">
    <name>TP2107</name>
  </trkpt>
  <trkpt lat="48.41993" lon="10.68234">
    <name>TP2108</name>
  </trkpt>
  <trkpt lat="48.41992" lon="10.6826">
    <name>TP2109</name>
  </trkpt>
  <trkpt lat="48.41991" lon="10.68304">
    <name>TP2110</name>
  </trkpt>
  <trkpt lat="48.41987" lon="10.68374">
    <name>TP2111</name>
  </trkpt>
  <trkpt lat="48.41983" lon="10.68447">
    <name>TP2112</name>
  </trkpt>
  <trkpt lat="48.41982" lon="10.68464">
    <name>TP2113</name>
  </trkpt>
  <trkpt lat="48.41979" lon="10.68495">
    <name>TP2114</name>
  </trkpt>
  <trkpt lat="48.41975" lon="10.68544">
    <name>TP2115</name>
  </trkpt>
  <trkpt lat="48.41974" lon="10.68553">
    <name>TP2116</name>
  </trkpt>
  <trkpt lat="48.4197" lon="10.68604">
    <name>TP2117</name>
  </trkpt>
  <trkpt lat="48.41969" lon="10.68607">
    <name>TP2118</name>
  </trkpt>
  <trkpt lat="48.41964" lon="10.68656">
    <name>TP2119</name>
  </trkpt>
  <trkpt lat="48.41957" lon="10.68714">
    <name>TP2120</name>
  </trkpt>
  <trkpt lat="48.41954" lon="10.6874">
    <name>TP2121</name>
  </trkpt>
  <trkpt lat="48.41951" lon="10.68767">
    <name>TP2122</name>
  </trkpt>
  <trkpt lat="48.4195" lon="10.68772">
    <name>TP2123</name>
  </trkpt>
  <trkpt lat="48.41944" lon="10.68825">
    <name>TP2124</name>
  </trkpt>
  <trkpt lat="48.41941" lon="10.68847">
    <name>TP2125</name>
  </trkpt>
  <trkpt lat="48.41938" lon="10.68878">
    <name>TP2126</name>
  </trkpt>
  <trkpt lat="48.41932" lon="10.68927">
    <name>TP2127</name>
  </trkpt>
  <trkpt lat="48.41926" lon="10.68981">
    <name>TP2128</name>
  </trkpt>
  <trkpt lat="48.41921" lon="10.69032">
    <name>TP2129</name>
  </trkpt>
  <trkpt lat="48.41921" lon="10.69033">
    <name>TP2130</name>
  </trkpt>
  <trkpt lat="48.41911" lon="10.69142">
    <name>TP2131</name>
  </trkpt>
  <trkpt lat="48.41908" lon="10.69168">
    <name>TP2132</name>
  </trkpt>
  <trkpt lat="48.41906" lon="10.69194">
    <name>TP2133</name>
  </trkpt>
  <trkpt lat="48.41906" lon="10.69195">
    <name>TP2134</name>
  </trkpt>
  <trkpt lat="48.41904" lon="10.6922">
    <name>TP2135</name>
  </trkpt>
  <trkpt lat="48.41904" lon="10.69222">
    <name>TP2136</name>
  </trkpt>
  <trkpt lat="48.41902" lon="10.69246">
    <name>TP2137</name>
  </trkpt>
  <trkpt lat="48.41902" lon="10.69249">
    <name>TP2138</name>
  </trkpt>
  <trkpt lat="48.419" lon="10.69273">
    <name>TP2139</name>
  </trkpt>
  <trkpt lat="48.419" lon="10.69274">
    <name>TP2140</name>
  </trkpt>
  <trkpt lat="48.41898" lon="10.693">
    <name>TP2141</name>
  </trkpt>
  <trkpt lat="48.41898" lon="10.69301">
    <name>TP2142</name>
  </trkpt>
  <trkpt lat="48.41897" lon="10.69303">
    <name>TP2143</name>
  </trkpt>
  <trkpt lat="48.41895" lon="10.6933">
    <name>TP2144</name>
  </trkpt>
  <trkpt lat="48.41893" lon="10.69353">
    <name>TP2145</name>
  </trkpt>
  <trkpt lat="48.41893" lon="10.69355">
    <name>TP2146</name>
  </trkpt>
  <trkpt lat="48.41893" lon="10.69357">
    <name>TP2147</name>
  </trkpt>
  <trkpt lat="48.41892" lon="10.69369">
    <name>TP2148</name>
  </trkpt>
  <trkpt lat="48.41892" lon="10.6938">
    <name>TP2149</name>
  </trkpt>
  <trkpt lat="48.41891" lon="10.69381">
    <name>TP2150</name>
  </trkpt>
  <trkpt lat="48.41888" lon="10.69435">
    <name>TP2151</name>
  </trkpt>
  <trkpt lat="48.41886" lon="10.69464">
    <name>TP2152</name>
  </trkpt>
  <trkpt lat="48.41882" lon="10.69516">
    <name>TP2153</name>
  </trkpt>
  <trkpt lat="48.41878" lon="10.69572">
    <name>TP2154</name>
  </trkpt>
  <trkpt lat="48.41874" lon="10.69637">
    <name>TP2155</name>
  </trkpt>
  <trkpt lat="48.4187" lon="10.69689">
    <name>TP2156</name>
  </trkpt>
  <trkpt lat="48.41868" lon="10.69709">
    <name>TP2157</name>
  </trkpt>
  <trkpt lat="48.41866" lon="10.69737">
    <name>TP2158</name>
  </trkpt>
  <trkpt lat="48.41862" lon="10.69788">
    <name>TP2159</name>
  </trkpt>
  <trkpt lat="48.41859" lon="10.69843">
    <name>TP2160</name>
  </trkpt>
  <trkpt lat="48.41858" lon="10.69844">
    <name>TP2161</name>
  </trkpt>
  <trkpt lat="48.41853" lon="10.6992">
    <name>TP2162</name>
  </trkpt>
  <trkpt lat="48.41853" lon="10.69924">
    <name>TP2163</name>
  </trkpt>
  <trkpt lat="48.41851" lon="10.69949">
    <name>TP2164</name>
  </trkpt>
  <trkpt lat="48.41851" lon="10.69951">
    <name>TP2165</name>
  </trkpt>
  <trkpt lat="48.41848" lon="10.69994">
    <name>TP2166</name>
  </trkpt>
  <trkpt lat="48.41839" lon="10.70113">
    <name>TP2167</name>
  </trkpt>
  <trkpt lat="48.41837" lon="10.7014">
    <name>TP2168</name>
  </trkpt>
  <trkpt lat="48.41829" lon="10.70246">
    <name>TP2169</name>
  </trkpt>
  <trkpt lat="48.41827" lon="10.70275">
    <name>TP2170</name>
  </trkpt>
  <trkpt lat="48.41825" lon="10.70301">
    <name>TP2171</name>
  </trkpt>
  <trkpt lat="48.41823" lon="10.70328">
    <name>TP2172</name>
  </trkpt>
  <trkpt lat="48.41821" lon="10.70355">
    <name>TP2173</name>
  </trkpt>
  <trkpt lat="48.41819" lon="10.70382">
    <name>TP2174</name>
  </trkpt>
  <trkpt lat="48.41819" lon="10.70387">
    <name>TP2175</name>
  </trkpt>
  <trkpt lat="48.41818" lon="10.70404">
    <name>TP2176</name>
  </trkpt>
  <trkpt lat="48.41817" lon="10.70414">
    <name>TP2177</name>
  </trkpt>
  <trkpt lat="48.41815" lon="10.70441">
    <name>TP2178</name>
  </trkpt>
  <trkpt lat="48.41813" lon="10.70468">
    <name>TP2179</name>
  </trkpt>
  <trkpt lat="48.41811" lon="10.70495">
    <name>TP2180</name>
  </trkpt>
  <trkpt lat="48.41809" lon="10.70522">
    <name>TP2181</name>
  </trkpt>
  <trkpt lat="48.41807" lon="10.7055">
    <name>TP2182</name>
  </trkpt>
  <trkpt lat="48.41807" lon="10.70553">
    <name>TP2183</name>
  </trkpt>
  <trkpt lat="48.41804" lon="10.70596">
    <name>TP2184</name>
  </trkpt>
  <trkpt lat="48.418" lon="10.7065">
    <name>TP2185</name>
  </trkpt>
  <trkpt lat="48.41799" lon="10.70673">
    <name>TP2186</name>
  </trkpt>
  <trkpt lat="48.41794" lon="10.70738">
    <name>TP2187</name>
  </trkpt>
  <trkpt lat="48.41785" lon="10.7087">
    <name>TP2188</name>
  </trkpt>
  <trkpt lat="48.41781" lon="10.70919">
    <name>TP2189</name>
  </trkpt>
  <trkpt lat="48.41775" lon="10.71007">
    <name>TP2190</name>
  </trkpt>
  <trkpt lat="48.41769" lon="10.71087">
    <name>TP2191</name>
  </trkpt>
  <trkpt lat="48.4176" lon="10.7121">
    <name>TP2192</name>
  </trkpt>
  <trkpt lat="48.41758" lon="10.71238">
    <name>TP2193</name>
  </trkpt>
  <trkpt lat="48.41758" lon="10.71243">
    <name>TP2194</name>
  </trkpt>
  <trkpt lat="48.41756" lon="10.7127">
    <name>TP2195</name>
  </trkpt>
  <trkpt lat="48.41755" lon="10.71276">
    <name>TP2196</name>
  </trkpt>
  <trkpt lat="48.41755" lon="10.71277">
    <name>TP2197</name>
  </trkpt>
  <trkpt lat="48.41754" lon="10.71301">
    <name>TP2198</name>
  </trkpt>
  <trkpt lat="48.41754" lon="10.71303">
    <name>TP2199</name>
  </trkpt>
  <trkpt lat="48.41751" lon="10.71346">
    <name>TP2200</name>
  </trkpt>
  <trkpt lat="48.4175" lon="10.71351">
    <name>TP2201</name>
  </trkpt>
  <trkpt lat="48.41747" lon="10.71398">
    <name>TP2202</name>
  </trkpt>
  <trkpt lat="48.41746" lon="10.71404">
    <name>TP2203</name>
  </trkpt>
  <trkpt lat="48.41744" lon="10.71436">
    <name>TP2204</name>
  </trkpt>
  <trkpt lat="48.41744" lon="10.71439">
    <name>TP2205</name>
  </trkpt>
  <trkpt lat="48.41743" lon="10.71454">
    <name>TP2206</name>
  </trkpt>
  <trkpt lat="48.41739" lon="10.71512">
    <name>TP2207</name>
  </trkpt>
  <trkpt lat="48.41737" lon="10.71539">
    <name>TP2208</name>
  </trkpt>
  <trkpt lat="48.41736" lon="10.71546">
    <name>TP2209</name>
  </trkpt>
  <trkpt lat="48.41735" lon="10.71566">
    <name>TP2210</name>
  </trkpt>
  <trkpt lat="48.41734" lon="10.71571">
    <name>TP2211</name>
  </trkpt>
  <trkpt lat="48.4173" lon="10.71633">
    <name>TP2212</name>
  </trkpt>
  <trkpt lat="48.41728" lon="10.71662">
    <name>TP2213</name>
  </trkpt>
  <trkpt lat="48.41726" lon="10.71691">
    <name>TP2214</name>
  </trkpt>
  <trkpt lat="48.41724" lon="10.71714">
    <name>TP2215</name>
  </trkpt>
  <trkpt lat="48.41724" lon="10.71717">
    <name>TP2216</name>
  </trkpt>
  <trkpt lat="48.4172" lon="10.7177">
    <name>TP2217</name>
  </trkpt>
  <trkpt lat="48.41718" lon="10.71796">
    <name>TP2218</name>
  </trkpt>
  <trkpt lat="48.41715" lon="10.71837">
    <name>TP2219</name>
  </trkpt>
  <trkpt lat="48.41714" lon="10.71852">
    <name>TP2220</name>
  </trkpt>
  <trkpt lat="48.41713" lon="10.71876">
    <name>TP2221</name>
  </trkpt>
  <trkpt lat="48.41712" lon="10.71879">
    <name>TP2222</name>
  </trkpt>
  <trkpt lat="48.4171" lon="10.71916">
    <name>TP2223</name>
  </trkpt>
  <trkpt lat="48.41708" lon="10.71933">
    <name>TP2224</name>
  </trkpt>
  <trkpt lat="48.41707" lon="10.7196">
    <name>TP2225</name>
  </trkpt>
  <trkpt lat="48.41705" lon="10.71986">
    <name>TP2226</name>
  </trkpt>
  <trkpt lat="48.41703" lon="10.72013">
    <name>TP2227</name>
  </trkpt>
  <trkpt lat="48.41699" lon="10.72062">
    <name>TP2228</name>
  </trkpt>
  <trkpt lat="48.41697" lon="10.72089">
    <name>TP2229</name>
  </trkpt>
  <trkpt lat="48.41695" lon="10.72116">
    <name>TP2230</name>
  </trkpt>
  <trkpt lat="48.41695" lon="10.7212">
    <name>TP2231</name>
  </trkpt>
  <trkpt lat="48.41694" lon="10.72139">
    <name>TP2232</name>
  </trkpt>
  <trkpt lat="48.41691" lon="10.7218">
    <name>TP2233</name>
  </trkpt>
  <trkpt lat="48.41686" lon="10.72259">
    <name>TP2234</name>
  </trkpt>
  <trkpt lat="48.41681" lon="10.72352">
    <name>TP2235</name>
  </trkpt>
  <trkpt lat="48.4168" lon="10.72393">
    <name>TP2236</name>
  </trkpt>
  <trkpt lat="48.41679" lon="10.72413">
    <name>TP2237</name>
  </trkpt>
  <trkpt lat="48.41678" lon="10.72429">
    <name>TP2238</name>
  </trkpt>
  <trkpt lat="48.41676" lon="10.72486">
    <name>TP2239</name>
  </trkpt>
  <trkpt lat="48.41674" lon="10.72553">
    <name>TP2240</name>
  </trkpt>
  <trkpt lat="48.41672" lon="10.72601">
    <name>TP2241</name>
  </trkpt>
  <trkpt lat="48.41671" lon="10.7265">
    <name>TP2242</name>
  </trkpt>
  <trkpt lat="48.4167" lon="10.72672">
    <name>TP2243</name>
  </trkpt>
  <trkpt lat="48.41669" lon="10.72746">
    <name>TP2244</name>
  </trkpt>
  <trkpt lat="48.41669" lon="10.7276">
    <name>TP2245</name>
  </trkpt>
  <trkpt lat="48.41668" lon="10.72775">
    <name>TP2246</name>
  </trkpt>
  <trkpt lat="48.41668" lon="10.72786">
    <name>TP2247</name>
  </trkpt>
  <trkpt lat="48.41668" lon="10.72787">
    <name>TP2248</name>
  </trkpt>
  <trkpt lat="48.41668" lon="10.72867">
    <name>TP2249</name>
  </trkpt>
  <trkpt lat="48.41667" lon="10.72897">
    <name>TP2250</name>
  </trkpt>
  <trkpt lat="48.41667" lon="10.7294">
    <name>TP2251</name>
  </trkpt>
  <trkpt lat="48.41668" lon="10.73002">
    <name>TP2252</name>
  </trkpt>
  <trkpt lat="48.41668" lon="10.73031">
    <name>TP2253</name>
  </trkpt>
  <trkpt lat="48.41668" lon="10.73055">
    <name>TP2254</name>
  </trkpt>
  <trkpt lat="48.4167" lon="10.73157">
    <name>TP2255</name>
  </trkpt>
  <trkpt lat="48.41671" lon="10.73183">
    <name>TP2256</name>
  </trkpt>
  <trkpt lat="48.41673" lon="10.73262">
    <name>TP2257</name>
  </trkpt>
  <trkpt lat="48.41675" lon="10.73306">
    <name>TP2258</name>
  </trkpt>
  <trkpt lat="48.41676" lon="10.73355">
    <name>TP2259</name>
  </trkpt>
  <trkpt lat="48.41676" lon="10.73356">
    <name>TP2260</name>
  </trkpt>
  <trkpt lat="48.41677" lon="10.73383">
    <name>TP2261</name>
  </trkpt>
  <trkpt lat="48.41678" lon="10.73401">
    <name>TP2262</name>
  </trkpt>
  <trkpt lat="48.41683" lon="10.73518">
    <name>TP2263</name>
  </trkpt>
  <trkpt lat="48.41684" lon="10.73543">
    <name>TP2264</name>
  </trkpt>
  <trkpt lat="48.41684" lon="10.73545">
    <name>TP2265</name>
  </trkpt>
  <trkpt lat="48.41688" lon="10.73651">
    <name>TP2266</name>
  </trkpt>
  <trkpt lat="48.4169" lon="10.73706">
    <name>TP2267</name>
  </trkpt>
  <trkpt lat="48.41691" lon="10.73735">
    <name>TP2268</name>
  </trkpt>
  <trkpt lat="48.41692" lon="10.7376">
    <name>TP2269</name>
  </trkpt>
  <trkpt lat="48.41692" lon="10.73762">
    <name>TP2270</name>
  </trkpt>
  <trkpt lat="48.41693" lon="10.73788">
    <name>TP2271</name>
  </trkpt>
  <trkpt lat="48.41693" lon="10.73789">
    <name>TP2272</name>
  </trkpt>
  <trkpt lat="48.41695" lon="10.73843">
    <name>TP2273</name>
  </trkpt>
  <trkpt lat="48.41696" lon="10.73868">
    <name>TP2274</name>
  </trkpt>
  <trkpt lat="48.41697" lon="10.73896">
    <name>TP2275</name>
  </trkpt>
  <trkpt lat="48.41701" lon="10.73992">
    <name>TP2276</name>
  </trkpt>
  <trkpt lat="48.41703" lon="10.74029">
    <name>TP2277</name>
  </trkpt>
  <trkpt lat="48.41704" lon="10.74051">
    <name>TP2278</name>
  </trkpt>
  <trkpt lat="48.41704" lon="10.74066">
    <name>TP2279</name>
  </trkpt>
  <trkpt lat="48.41707" lon="10.74112">
    <name>TP2280</name>
  </trkpt>
  <trkpt lat="48.41709" lon="10.74171">
    <name>TP2281</name>
  </trkpt>
  <trkpt lat="48.4171" lon="10.74198">
    <name>TP2282</name>
  </trkpt>
  <trkpt lat="48.4171" lon="10.742">
    <name>TP2283</name>
  </trkpt>
  <trkpt lat="48.41711" lon="10.74227">
    <name>TP2284</name>
  </trkpt>
  <trkpt lat="48.41712" lon="10.74254">
    <name>TP2285</name>
  </trkpt>
  <trkpt lat="48.41713" lon="10.7428">
    <name>TP2286</name>
  </trkpt>
  <trkpt lat="48.41714" lon="10.74307">
    <name>TP2287</name>
  </trkpt>
  <trkpt lat="48.41715" lon="10.74333">
    <name>TP2288</name>
  </trkpt>
  <trkpt lat="48.41716" lon="10.74359">
    <name>TP2289</name>
  </trkpt>
  <trkpt lat="48.41718" lon="10.74389">
    <name>TP2290</name>
  </trkpt>
  <trkpt lat="48.41719" lon="10.74416">
    <name>TP2291</name>
  </trkpt>
  <trkpt lat="48.41719" lon="10.74419">
    <name>TP2292</name>
  </trkpt>
  <trkpt lat="48.4172" lon="10.74444">
    <name>TP2293</name>
  </trkpt>
  <trkpt lat="48.41722" lon="10.74496">
    <name>TP2294</name>
  </trkpt>
  <trkpt lat="48.41722" lon="10.74498">
    <name>TP2295</name>
  </trkpt>
  <trkpt lat="48.41723" lon="10.74523">
    <name>TP2296</name>
  </trkpt>
  <trkpt lat="48.41724" lon="10.74551">
    <name>TP2297</name>
  </trkpt>
  <trkpt lat="48.41726" lon="10.74606">
    <name>TP2298</name>
  </trkpt>
  <trkpt lat="48.41727" lon="10.74631">
    <name>TP2299</name>
  </trkpt>
  <trkpt lat="48.41727" lon="10.74633">
    <name>TP2300</name>
  </trkpt>
  <trkpt lat="48.41728" lon="10.7465">
    <name>TP2301</name>
  </trkpt>
  <trkpt lat="48.41732" lon="10.74754">
    <name>TP2302</name>
  </trkpt>
  <trkpt lat="48.41733" lon="10.74794">
    <name>TP2303</name>
  </trkpt>
  <trkpt lat="48.41734" lon="10.74822">
    <name>TP2304</name>
  </trkpt>
  <trkpt lat="48.41735" lon="10.74848">
    <name>TP2305</name>
  </trkpt>
  <trkpt lat="48.41742" lon="10.75009">
    <name>TP2306</name>
  </trkpt>
  <trkpt lat="48.41745" lon="10.75108">
    <name>TP2307</name>
  </trkpt>
  <trkpt lat="48.41746" lon="10.75135">
    <name>TP2308</name>
  </trkpt>
  <trkpt lat="48.41749" lon="10.75198">
    <name>TP2309</name>
  </trkpt>
  <trkpt lat="48.41755" lon="10.75362">
    <name>TP2310</name>
  </trkpt>
  <trkpt lat="48.41757" lon="10.75396">
    <name>TP2311</name>
  </trkpt>
  <trkpt lat="48.41758" lon="10.75429">
    <name>TP2312</name>
  </trkpt>
  <trkpt lat="48.41759" lon="10.75455">
    <name>TP2313</name>
  </trkpt>
  <trkpt lat="48.41759" lon="10.75456">
    <name>TP2314</name>
  </trkpt>
  <trkpt lat="48.4176" lon="10.75476">
    <name>TP2315</name>
  </trkpt>
  <trkpt lat="48.41762" lon="10.75525">
    <name>TP2316</name>
  </trkpt>
  <trkpt lat="48.41769" lon="10.75703">
    <name>TP2317</name>
  </trkpt>
  <trkpt lat="48.41775" lon="10.75851">
    <name>TP2318</name>
  </trkpt>
  <trkpt lat="48.41776" lon="10.75901">
    <name>TP2319</name>
  </trkpt>
  <trkpt lat="48.41778" lon="10.75935">
    <name>TP2320</name>
  </trkpt>
  <trkpt lat="48.41785" lon="10.76115">
    <name>TP2321</name>
  </trkpt>
  <trkpt lat="48.41788" lon="10.76196">
    <name>TP2322</name>
  </trkpt>
  <trkpt lat="48.41791" lon="10.76261">
    <name>TP2323</name>
  </trkpt>
  <trkpt lat="48.41794" lon="10.76332">
    <name>TP2324</name>
  </trkpt>
  <trkpt lat="48.41795" lon="10.76376">
    <name>TP2325</name>
  </trkpt>
  <trkpt lat="48.41796" lon="10.76386">
    <name>TP2326</name>
  </trkpt>
  <trkpt lat="48.41796" lon="10.76387">
    <name>TP2327</name>
  </trkpt>
  <trkpt lat="48.41797" lon="10.76414">
    <name>TP2328</name>
  </trkpt>
  <trkpt lat="48.418" lon="10.76469">
    <name>TP2329</name>
  </trkpt>
  <trkpt lat="48.41802" lon="10.76496">
    <name>TP2330</name>
  </trkpt>
  <trkpt lat="48.41805" lon="10.76556">
    <name>TP2331</name>
  </trkpt>
  <trkpt lat="48.41809" lon="10.76609">
    <name>TP2332</name>
  </trkpt>
  <trkpt lat="48.41816" lon="10.76711">
    <name>TP2333</name>
  </trkpt>
  <trkpt lat="48.41817" lon="10.76729">
    <name>TP2334</name>
  </trkpt>
  <trkpt lat="48.4182" lon="10.76764">
    <name>TP2335</name>
  </trkpt>
  <trkpt lat="48.41823" lon="10.76803">
    <name>TP2336</name>
  </trkpt>
  <trkpt lat="48.41824" lon="10.76813">
    <name>TP2337</name>
  </trkpt>
  <trkpt lat="48.41829" lon="10.76867">
    <name>TP2338</name>
  </trkpt>
  <trkpt lat="48.4183" lon="10.76882">
    <name>TP2339</name>
  </trkpt>
  <trkpt lat="48.41838" lon="10.76975">
    <name>TP2340</name>
  </trkpt>
  <trkpt lat="48.41839" lon="10.76976">
    <name>TP2341</name>
  </trkpt>
  <trkpt lat="48.41843" lon="10.77028">
    <name>TP2342</name>
  </trkpt>
  <trkpt lat="48.41844" lon="10.77039">
    <name>TP2343</name>
  </trkpt>
  <trkpt lat="48.41849" lon="10.77082">
    <name>TP2344</name>
  </trkpt>
  <trkpt lat="48.41854" lon="10.77132">
    <name>TP2345</name>
  </trkpt>
  <trkpt lat="48.41855" lon="10.77144">
    <name>TP2346</name>
  </trkpt>
  <trkpt lat="48.41857" lon="10.77159">
    <name>TP2347</name>
  </trkpt>
  <trkpt lat="48.41857" lon="10.77161">
    <name>TP2348</name>
  </trkpt>
  <trkpt lat="48.4186" lon="10.77189">
    <name>TP2349</name>
  </trkpt>
  <trkpt lat="48.41862" lon="10.77212">
    <name>TP2350</name>
  </trkpt>
  <trkpt lat="48.41866" lon="10.77243">
    <name>TP2351</name>
  </trkpt>
  <trkpt lat="48.41867" lon="10.77254">
    <name>TP2352</name>
  </trkpt>
  <trkpt lat="48.41872" lon="10.77296">
    <name>TP2353</name>
  </trkpt>
  <trkpt lat="48.41872" lon="10.77301">
    <name>TP2354</name>
  </trkpt>
  <trkpt lat="48.41874" lon="10.77319">
    <name>TP2355</name>
  </trkpt>
  <trkpt lat="48.41877" lon="10.77338">
    <name>TP2356</name>
  </trkpt>
  <trkpt lat="48.41878" lon="10.7735">
    <name>TP2357</name>
  </trkpt>
  <trkpt lat="48.4188" lon="10.77371">
    <name>TP2358</name>
  </trkpt>
  <trkpt lat="48.41881" lon="10.77376">
    <name>TP2359</name>
  </trkpt>
  <trkpt lat="48.41886" lon="10.77419">
    <name>TP2360</name>
  </trkpt>
  <trkpt lat="48.4189" lon="10.77449">
    <name>TP2361</name>
  </trkpt>
  <trkpt lat="48.41908" lon="10.77588">
    <name>TP2362</name>
  </trkpt>
  <trkpt lat="48.41911" lon="10.77606">
    <name>TP2363</name>
  </trkpt>
  <trkpt lat="48.41917" lon="10.77664">
    <name>TP2364</name>
  </trkpt>
  <trkpt lat="48.41918" lon="10.77668">
    <name>TP2365</name>
  </trkpt>
  <trkpt lat="48.41923" lon="10.77713">
    <name>TP2366</name>
  </trkpt>
  <trkpt lat="48.4193" lon="10.77775">
    <name>TP2367</name>
  </trkpt>
  <trkpt lat="48.41931" lon="10.77786">
    <name>TP2368</name>
  </trkpt>
  <trkpt lat="48.41935" lon="10.77829">
    <name>TP2369</name>
  </trkpt>
  <trkpt lat="48.41939" lon="10.77864">
    <name>TP2370</name>
  </trkpt>
  <trkpt lat="48.41943" lon="10.77907">
    <name>TP2371</name>
  </trkpt>
  <trkpt lat="48.41951" lon="10.77994">
    <name>TP2372</name>
  </trkpt>
  <trkpt lat="48.41955" lon="10.78043">
    <name>TP2373</name>
  </trkpt>
  <trkpt lat="48.41955" lon="10.7805">
    <name>TP2374</name>
  </trkpt>
  <trkpt lat="48.41959" lon="10.78092">
    <name>TP2375</name>
  </trkpt>
  <trkpt lat="48.41961" lon="10.7813">
    <name>TP2376</name>
  </trkpt>
  <trkpt lat="48.41967" lon="10.78206">
    <name>TP2377</name>
  </trkpt>
  <trkpt lat="48.41972" lon="10.78273">
    <name>TP2378</name>
  </trkpt>
  <trkpt lat="48.41974" lon="10.78313">
    <name>TP2379</name>
  </trkpt>
  <trkpt lat="48.41977" lon="10.7836">
    <name>TP2380</name>
  </trkpt>
  <trkpt lat="48.41979" lon="10.78408">
    <name>TP2381</name>
  </trkpt>
  <trkpt lat="48.4198" lon="10.78431">
    <name>TP2382</name>
  </trkpt>
  <trkpt lat="48.41982" lon="10.78466">
    <name>TP2383</name>
  </trkpt>
  <trkpt lat="48.41983" lon="10.78496">
    <name>TP2384</name>
  </trkpt>
  <trkpt lat="48.41984" lon="10.78519">
    <name>TP2385</name>
  </trkpt>
  <trkpt lat="48.41984" lon="10.78529">
    <name>TP2386</name>
  </trkpt>
  <trkpt lat="48.41985" lon="10.78551">
    <name>TP2387</name>
  </trkpt>
  <trkpt lat="48.41986" lon="10.78583">
    <name>TP2388</name>
  </trkpt>
  <trkpt lat="48.41988" lon="10.7866">
    <name>TP2389</name>
  </trkpt>
  <trkpt lat="48.41989" lon="10.7868">
    <name>TP2390</name>
  </trkpt>
  <trkpt lat="48.41989" lon="10.78683">
    <name>TP2391</name>
  </trkpt>
  <trkpt lat="48.41989" lon="10.787">
    <name>TP2392</name>
  </trkpt>
  <trkpt lat="48.4199" lon="10.78713">
    <name>TP2393</name>
  </trkpt>
  <trkpt lat="48.4199" lon="10.78724">
    <name>TP2394</name>
  </trkpt>
  <trkpt lat="48.4199" lon="10.7873">
    <name>TP2395</name>
  </trkpt>
  <trkpt lat="48.4199" lon="10.78742">
    <name>TP2396</name>
  </trkpt>
  <trkpt lat="48.41991" lon="10.78782">
    <name>TP2397</name>
  </trkpt>
  <trkpt lat="48.41992" lon="10.78813">
    <name>TP2398</name>
  </trkpt>
  <trkpt lat="48.41992" lon="10.78829">
    <name>TP2399</name>
  </trkpt>
  <trkpt lat="48.41993" lon="10.78858">
    <name>TP2400</name>
  </trkpt>
  <trkpt lat="48.41993" lon="10.78886">
    <name>TP2401</name>
  </trkpt>
  <trkpt lat="48.41995" lon="10.78984">
    <name>TP2402</name>
  </trkpt>
  <trkpt lat="48.41995" lon="10.79028">
    <name>TP2403</name>
  </trkpt>
  <trkpt lat="48.41995" lon="10.79033">
    <name>TP2404</name>
  </trkpt>
  <trkpt lat="48.41996" lon="10.79114">
    <name>TP2405</name>
  </trkpt>
  <trkpt lat="48.41996" lon="10.79164">
    <name>TP2406</name>
  </trkpt>
  <trkpt lat="48.41997" lon="10.79187">
    <name>TP2407</name>
  </trkpt>
  <trkpt lat="48.41997" lon="10.7923">
    <name>TP2408</name>
  </trkpt>
  <trkpt lat="48.41998" lon="10.79277">
    <name>TP2409</name>
  </trkpt>
  <trkpt lat="48.41998" lon="10.79299">
    <name>TP2410</name>
  </trkpt>
  <trkpt lat="48.41998" lon="10.79326">
    <name>TP2411</name>
  </trkpt>
  <trkpt lat="48.41998" lon="10.79328">
    <name>TP2412</name>
  </trkpt>
  <trkpt lat="48.41999" lon="10.79353">
    <name>TP2413</name>
  </trkpt>
  <trkpt lat="48.41999" lon="10.79367">
    <name>TP2414</name>
  </trkpt>
  <trkpt lat="48.41999" lon="10.79381">
    <name>TP2415</name>
  </trkpt>
  <trkpt lat="48.42" lon="10.79399">
    <name>TP2416</name>
  </trkpt>
  <trkpt lat="48.42001" lon="10.79535">
    <name>TP2417</name>
  </trkpt>
  <trkpt lat="48.42002" lon="10.79583">
    <name>TP2418</name>
  </trkpt>
  <trkpt lat="48.42002" lon="10.79643">
    <name>TP2419</name>
  </trkpt>
  <trkpt lat="48.42003" lon="10.797">
    <name>TP2420</name>
  </trkpt>
  <trkpt lat="48.42003" lon="10.79751">
    <name>TP2421</name>
  </trkpt>
  <trkpt lat="48.42003" lon="10.79772">
    <name>TP2422</name>
  </trkpt>
  <trkpt lat="48.42004" lon="10.79805">
    <name>TP2423</name>
  </trkpt>
  <trkpt lat="48.42004" lon="10.79862">
    <name>TP2424</name>
  </trkpt>
  <trkpt lat="48.42003" lon="10.79881">
    <name>TP2425</name>
  </trkpt>
  <trkpt lat="48.42003" lon="10.79888">
    <name>TP2426</name>
  </trkpt>
  <trkpt lat="48.42003" lon="10.79908">
    <name>TP2427</name>
  </trkpt>
  <trkpt lat="48.42003" lon="10.79962">
    <name>TP2428</name>
  </trkpt>
  <trkpt lat="48.42003" lon="10.79969">
    <name>TP2429</name>
  </trkpt>
  <trkpt lat="48.42003" lon="10.79989">
    <name>TP2430</name>
  </trkpt>
  <trkpt lat="48.42003" lon="10.79996">
    <name>TP2431</name>
  </trkpt>
  <trkpt lat="48.42002" lon="10.80046">
    <name>TP2432</name>
  </trkpt>
  <trkpt lat="48.42001" lon="10.80092">
    <name>TP2433</name>
  </trkpt>
  <trkpt lat="48.42001" lon="10.80101">
    <name>TP2434</name>
  </trkpt>
  <trkpt lat="48.42" lon="10.80128">
    <name>TP2435</name>
  </trkpt>
  <trkpt lat="48.42" lon="10.8015">
    <name>TP2436</name>
  </trkpt>
  <trkpt lat="48.41999" lon="10.80174">
    <name>TP2437</name>
  </trkpt>
  <trkpt lat="48.41998" lon="10.80201">
    <name>TP2438</name>
  </trkpt>
  <trkpt lat="48.41998" lon="10.8021">
    <name>TP2439</name>
  </trkpt>
  <trkpt lat="48.41998" lon="10.80228">
    <name>TP2440</name>
  </trkpt>
  <trkpt lat="48.41997" lon="10.80238">
    <name>TP2441</name>
  </trkpt>
  <trkpt lat="48.41997" lon="10.80256">
    <name>TP2442</name>
  </trkpt>
  <trkpt lat="48.41996" lon="10.80285">
    <name>TP2443</name>
  </trkpt>
  <trkpt lat="48.41996" lon="10.80293">
    <name>TP2444</name>
  </trkpt>
  <trkpt lat="48.41994" lon="10.80344">
    <name>TP2445</name>
  </trkpt>
  <trkpt lat="48.41993" lon="10.80352">
    <name>TP2446</name>
  </trkpt>
  <trkpt lat="48.41991" lon="10.80417">
    <name>TP2447</name>
  </trkpt>
  <trkpt lat="48.41989" lon="10.80447">
    <name>TP2448</name>
  </trkpt>
  <trkpt lat="48.41988" lon="10.80473">
    <name>TP2449</name>
  </trkpt>
  <trkpt lat="48.41988" lon="10.80476">
    <name>TP2450</name>
  </trkpt>
  <trkpt lat="48.41987" lon="10.805">
    <name>TP2451</name>
  </trkpt>
  <trkpt lat="48.41986" lon="10.80506">
    <name>TP2452</name>
  </trkpt>
  <trkpt lat="48.41986" lon="10.80516">
    <name>TP2453</name>
  </trkpt>
  <trkpt lat="48.41986" lon="10.80521">
    <name>TP2454</name>
  </trkpt>
  <trkpt lat="48.41986" lon="10.80526">
    <name>TP2455</name>
  </trkpt>
  <trkpt lat="48.41984" lon="10.80549">
    <name>TP2456</name>
  </trkpt>
  <trkpt lat="48.41982" lon="10.80587">
    <name>TP2457</name>
  </trkpt>
  <trkpt lat="48.41981" lon="10.80604">
    <name>TP2458</name>
  </trkpt>
  <trkpt lat="48.41981" lon="10.80607">
    <name>TP2459</name>
  </trkpt>
  <trkpt lat="48.41981" lon="10.80621">
    <name>TP2460</name>
  </trkpt>
  <trkpt lat="48.41979" lon="10.80657">
    <name>TP2461</name>
  </trkpt>
  <trkpt lat="48.41978" lon="10.80659">
    <name>TP2462</name>
  </trkpt>
  <trkpt lat="48.41978" lon="10.80661">
    <name>TP2463</name>
  </trkpt>
  <trkpt lat="48.41977" lon="10.80689">
    <name>TP2464</name>
  </trkpt>
  <trkpt lat="48.41975" lon="10.80714">
    <name>TP2465</name>
  </trkpt>
  <trkpt lat="48.41974" lon="10.80726">
    <name>TP2466</name>
  </trkpt>
  <trkpt lat="48.41973" lon="10.8075">
    <name>TP2467</name>
  </trkpt>
  <trkpt lat="48.41971" lon="10.80779">
    <name>TP2468</name>
  </trkpt>
  <trkpt lat="48.41971" lon="10.8078">
    <name>TP2469</name>
  </trkpt>
  <trkpt lat="48.41969" lon="10.80806">
    <name>TP2470</name>
  </trkpt>
  <trkpt lat="48.41968" lon="10.80821">
    <name>TP2471</name>
  </trkpt>
  <trkpt lat="48.41968" lon="10.80824">
    <name>TP2472</name>
  </trkpt>
  <trkpt lat="48.41963" lon="10.80899">
    <name>TP2473</name>
  </trkpt>
  <trkpt lat="48.4196" lon="10.80938">
    <name>TP2474</name>
  </trkpt>
  <trkpt lat="48.4196" lon="10.80941">
    <name>TP2475</name>
  </trkpt>
  <trkpt lat="48.4196" lon="10.80943">
    <name>TP2476</name>
  </trkpt>
  <trkpt lat="48.41958" lon="10.8097">
    <name>TP2477</name>
  </trkpt>
  <trkpt lat="48.41957" lon="10.80984">
    <name>TP2478</name>
  </trkpt>
  <trkpt lat="48.41955" lon="10.81011">
    <name>TP2479</name>
  </trkpt>
  <trkpt lat="48.41951" lon="10.81066">
    <name>TP2480</name>
  </trkpt>
  <trkpt lat="48.41951" lon="10.81071">
    <name>TP2481</name>
  </trkpt>
  <trkpt lat="48.41948" lon="10.81103">
    <name>TP2482</name>
  </trkpt>
  <trkpt lat="48.41948" lon="10.81105">
    <name>TP2483</name>
  </trkpt>
  <trkpt lat="48.41946" lon="10.81132">
    <name>TP2484</name>
  </trkpt>
  <trkpt lat="48.41945" lon="10.81144">
    <name>TP2485</name>
  </trkpt>
  <trkpt lat="48.41941" lon="10.81186">
    <name>TP2486</name>
  </trkpt>
  <trkpt lat="48.41939" lon="10.81213">
    <name>TP2487</name>
  </trkpt>
  <trkpt lat="48.41935" lon="10.81266">
    <name>TP2488</name>
  </trkpt>
  <trkpt lat="48.41933" lon="10.81288">
    <name>TP2489</name>
  </trkpt>
  <trkpt lat="48.41933" lon="10.81294">
    <name>TP2490</name>
  </trkpt>
  <trkpt lat="48.41932" lon="10.81303">
    <name>TP2491</name>
  </trkpt>
  <trkpt lat="48.41929" lon="10.81332">
    <name>TP2492</name>
  </trkpt>
  <trkpt lat="48.41927" lon="10.81358">
    <name>TP2493</name>
  </trkpt>
  <trkpt lat="48.41921" lon="10.81423">
    <name>TP2494</name>
  </trkpt>
  <trkpt lat="48.41921" lon="10.81428">
    <name>TP2495</name>
  </trkpt>
  <trkpt lat="48.41918" lon="10.81455">
    <name>TP2496</name>
  </trkpt>
  <trkpt lat="48.41917" lon="10.81476">
    <name>TP2497</name>
  </trkpt>
  <trkpt lat="48.41913" lon="10.81514">
    <name>TP2498</name>
  </trkpt>
  <trkpt lat="48.41911" lon="10.81536">
    <name>TP2499</name>
  </trkpt>
  <trkpt lat="48.4191" lon="10.81553">
    <name>TP2500</name>
  </trkpt>
  <trkpt lat="48.41908" lon="10.81571">
    <name>TP2501</name>
  </trkpt>
  <trkpt lat="48.41906" lon="10.81597">
    <name>TP2502</name>
  </trkpt>
  <trkpt lat="48.419" lon="10.81662">
    <name>TP2503</name>
  </trkpt>
  <trkpt lat="48.41887" lon="10.81784">
    <name>TP2504</name>
  </trkpt>
  <trkpt lat="48.41882" lon="10.81843">
    <name>TP2505</name>
  </trkpt>
  <trkpt lat="48.41879" lon="10.81878">
    <name>TP2506</name>
  </trkpt>
  <trkpt lat="48.41878" lon="10.81893">
    <name>TP2507</name>
  </trkpt>
  <trkpt lat="48.41877" lon="10.81904">
    <name>TP2508</name>
  </trkpt>
  <trkpt lat="48.41872" lon="10.81949">
    <name>TP2509</name>
  </trkpt>
  <trkpt lat="48.41868" lon="10.81985">
    <name>TP2510</name>
  </trkpt>
  <trkpt lat="48.41867" lon="10.82">
    <name>TP2511</name>
  </trkpt>
  <trkpt lat="48.41864" lon="10.82028">
    <name>TP2512</name>
  </trkpt>
  <trkpt lat="48.41862" lon="10.82048">
    <name>TP2513</name>
  </trkpt>
  <trkpt lat="48.41856" lon="10.82104">
    <name>TP2514</name>
  </trkpt>
  <trkpt lat="48.41847" lon="10.82197">
    <name>TP2515</name>
  </trkpt>
  <trkpt lat="48.41842" lon="10.82247">
    <name>TP2516</name>
  </trkpt>
  <trkpt lat="48.41836" lon="10.82304">
    <name>TP2517</name>
  </trkpt>
  <trkpt lat="48.41835" lon="10.82316">
    <name>TP2518</name>
  </trkpt>
  <trkpt lat="48.41827" lon="10.82396">
    <name>TP2519</name>
  </trkpt>
  <trkpt lat="48.41824" lon="10.82429">
    <name>TP2520</name>
  </trkpt>
  <trkpt lat="48.41822" lon="10.82444">
    <name>TP2521</name>
  </trkpt>
  <trkpt lat="48.4182" lon="10.82473">
    <name>TP2522</name>
  </trkpt>
  <trkpt lat="48.41816" lon="10.82515">
    <name>TP2523</name>
  </trkpt>
  <trkpt lat="48.41815" lon="10.82519">
    <name>TP2524</name>
  </trkpt>
  <trkpt lat="48.41813" lon="10.82542">
    <name>TP2525</name>
  </trkpt>
  <trkpt lat="48.41811" lon="10.82569">
    <name>TP2526</name>
  </trkpt>
  <trkpt lat="48.41809" lon="10.82596">
    <name>TP2527</name>
  </trkpt>
  <trkpt lat="48.41806" lon="10.82622">
    <name>TP2528</name>
  </trkpt>
  <trkpt lat="48.41804" lon="10.82648">
    <name>TP2529</name>
  </trkpt>
  <trkpt lat="48.41804" lon="10.82651">
    <name>TP2530</name>
  </trkpt>
  <trkpt lat="48.41802" lon="10.82683">
    <name>TP2531</name>
  </trkpt>
  <trkpt lat="48.41798" lon="10.82728">
    <name>TP2532</name>
  </trkpt>
  <trkpt lat="48.41796" lon="10.82755">
    <name>TP2533</name>
  </trkpt>
  <trkpt lat="48.41794" lon="10.82776">
    <name>TP2534</name>
  </trkpt>
  <trkpt lat="48.41793" lon="10.82782">
    <name>TP2535</name>
  </trkpt>
  <trkpt lat="48.41793" lon="10.82786">
    <name>TP2536</name>
  </trkpt>
  <trkpt lat="48.41793" lon="10.82789">
    <name>TP2537</name>
  </trkpt>
  <trkpt lat="48.41788" lon="10.82845">
    <name>TP2538</name>
  </trkpt>
  <trkpt lat="48.41781" lon="10.82927">
    <name>TP2539</name>
  </trkpt>
  <trkpt lat="48.41781" lon="10.82934">
    <name>TP2540</name>
  </trkpt>
  <trkpt lat="48.41778" lon="10.82971">
    <name>TP2541</name>
  </trkpt>
  <trkpt lat="48.41775" lon="10.82998">
    <name>TP2542</name>
  </trkpt>
  <trkpt lat="48.4177" lon="10.83061">
    <name>TP2543</name>
  </trkpt>
  <trkpt lat="48.41769" lon="10.83079">
    <name>TP2544</name>
  </trkpt>
  <trkpt lat="48.41766" lon="10.83114">
    <name>TP2545</name>
  </trkpt>
  <trkpt lat="48.41762" lon="10.8316">
    <name>TP2546</name>
  </trkpt>
  <trkpt lat="48.41759" lon="10.83194">
    <name>TP2547</name>
  </trkpt>
  <trkpt lat="48.41759" lon="10.83199">
    <name>TP2548</name>
  </trkpt>
  <trkpt lat="48.41755" lon="10.8324">
    <name>TP2549</name>
  </trkpt>
  <trkpt lat="48.41753" lon="10.83272">
    <name>TP2550</name>
  </trkpt>
  <trkpt lat="48.41752" lon="10.8328">
    <name>TP2551</name>
  </trkpt>
  <trkpt lat="48.41751" lon="10.83292">
    <name>TP2552</name>
  </trkpt>
  <trkpt lat="48.41744" lon="10.8338">
    <name>TP2553</name>
  </trkpt>
  <trkpt lat="48.41729" lon="10.83564">
    <name>TP2554</name>
  </trkpt>
  <trkpt lat="48.41726" lon="10.83591">
    <name>TP2555</name>
  </trkpt>
  <trkpt lat="48.41724" lon="10.83618">
    <name>TP2556</name>
  </trkpt>
  <trkpt lat="48.41721" lon="10.83653">
    <name>TP2557</name>
  </trkpt>
  <trkpt lat="48.4172" lon="10.83664">
    <name>TP2558</name>
  </trkpt>
  <trkpt lat="48.4172" lon="10.8367">
    <name>TP2559</name>
  </trkpt>
  <trkpt lat="48.41714" lon="10.83746">
    <name>TP2560</name>
  </trkpt>
  <trkpt lat="48.41711" lon="10.8378">
    <name>TP2561</name>
  </trkpt>
  <trkpt lat="48.41709" lon="10.838">
    <name>TP2562</name>
  </trkpt>
  <trkpt lat="48.41706" lon="10.83842">
    <name>TP2563</name>
  </trkpt>
  <trkpt lat="48.41704" lon="10.83864">
    <name>TP2564</name>
  </trkpt>
  <trkpt lat="48.41698" lon="10.83935">
    <name>TP2565</name>
  </trkpt>
  <trkpt lat="48.41695" lon="10.83963">
    <name>TP2566</name>
  </trkpt>
  <trkpt lat="48.41693" lon="10.83989">
    <name>TP2567</name>
  </trkpt>
  <trkpt lat="48.41683" lon="10.84116">
    <name>TP2568</name>
  </trkpt>
  <trkpt lat="48.41683" lon="10.84123">
    <name>TP2569</name>
  </trkpt>
  <trkpt lat="48.41682" lon="10.84129">
    <name>TP2570</name>
  </trkpt>
  <trkpt lat="48.41681" lon="10.8415">
    <name>TP2571</name>
  </trkpt>
  <trkpt lat="48.41676" lon="10.84201">
    <name>TP2572</name>
  </trkpt>
  <trkpt lat="48.41661" lon="10.84372">
    <name>TP2573</name>
  </trkpt>
  <trkpt lat="48.4166" lon="10.84385">
    <name>TP2574</name>
  </trkpt>
  <trkpt lat="48.41648" lon="10.84508">
    <name>TP2575</name>
  </trkpt>
  <trkpt lat="48.4164" lon="10.84615">
    <name>TP2576</name>
  </trkpt>
  <trkpt lat="48.41637" lon="10.84654">
    <name>TP2577</name>
  </trkpt>
  <trkpt lat="48.41635" lon="10.84678">
    <name>TP2578</name>
  </trkpt>
  <trkpt lat="48.41616" lon="10.84913">
    <name>TP2579</name>
  </trkpt>
  <trkpt lat="48.41606" lon="10.85021">
    <name>TP2580</name>
  </trkpt>
  <trkpt lat="48.41598" lon="10.8512">
    <name>TP2581</name>
  </trkpt>
  <trkpt lat="48.41594" lon="10.85167">
    <name>TP2582</name>
  </trkpt>
  <trkpt lat="48.41592" lon="10.85188">
    <name>TP2583</name>
  </trkpt>
  <trkpt lat="48.41588" lon="10.85231">
    <name>TP2584</name>
  </trkpt>
  <trkpt lat="48.41579" lon="10.85337">
    <name>TP2585</name>
  </trkpt>
  <trkpt lat="48.41572" lon="10.85425">
    <name>TP2586</name>
  </trkpt>
  <trkpt lat="48.4157" lon="10.85452">
    <name>TP2587</name>
  </trkpt>
  <trkpt lat="48.41569" lon="10.85459">
    <name>TP2588</name>
  </trkpt>
  <trkpt lat="48.41569" lon="10.85465">
    <name>TP2589</name>
  </trkpt>
  <trkpt lat="48.41563" lon="10.85532">
    <name>TP2590</name>
  </trkpt>
  <trkpt lat="48.41562" lon="10.85552">
    <name>TP2591</name>
  </trkpt>
  <trkpt lat="48.41551" lon="10.85686">
    <name>TP2592</name>
  </trkpt>
  <trkpt lat="48.41548" lon="10.85732">
    <name>TP2593</name>
  </trkpt>
  <trkpt lat="48.41547" lon="10.85741">
    <name>TP2594</name>
  </trkpt>
  <trkpt lat="48.41546" lon="10.85747">
    <name>TP2595</name>
  </trkpt>
  <trkpt lat="48.41538" lon="10.85848">
    <name>TP2596</name>
  </trkpt>
  <trkpt lat="48.41536" lon="10.85876">
    <name>TP2597</name>
  </trkpt>
  <trkpt lat="48.41533" lon="10.85904">
    <name>TP2598</name>
  </trkpt>
  <trkpt lat="48.41524" lon="10.86009">
    <name>TP2599</name>
  </trkpt>
  <trkpt lat="48.41516" lon="10.86111">
    <name>TP2600</name>
  </trkpt>
  <trkpt lat="48.41513" lon="10.86143">
    <name>TP2601</name>
  </trkpt>
  <trkpt lat="48.4151" lon="10.86181">
    <name>TP2602</name>
  </trkpt>
  <trkpt lat="48.41508" lon="10.86209">
    <name>TP2603</name>
  </trkpt>
  <trkpt lat="48.41506" lon="10.86225">
    <name>TP2604</name>
  </trkpt>
  <trkpt lat="48.41502" lon="10.86278">
    <name>TP2605</name>
  </trkpt>
  <trkpt lat="48.41499" lon="10.8631">
    <name>TP2606</name>
  </trkpt>
  <trkpt lat="48.41497" lon="10.86337">
    <name>TP2607</name>
  </trkpt>
  <trkpt lat="48.41496" lon="10.8635">
    <name>TP2608</name>
  </trkpt>
  <trkpt lat="48.41491" lon="10.86418">
    <name>TP2609</name>
  </trkpt>
  <trkpt lat="48.41487" lon="10.86457">
    <name>TP2610</name>
  </trkpt>
  <trkpt lat="48.41482" lon="10.86516">
    <name>TP2611</name>
  </trkpt>
  <trkpt lat="48.41479" lon="10.86551">
    <name>TP2612</name>
  </trkpt>
  <trkpt lat="48.41478" lon="10.8657">
    <name>TP2613</name>
  </trkpt>
  <trkpt lat="48.41475" lon="10.86609">
    <name>TP2614</name>
  </trkpt>
  <trkpt lat="48.4147" lon="10.8669">
    <name>TP2615</name>
  </trkpt>
  <trkpt lat="48.41467" lon="10.86744">
    <name>TP2616</name>
  </trkpt>
  <trkpt lat="48.41464" lon="10.86825">
    <name>TP2617</name>
  </trkpt>
  <trkpt lat="48.41461" lon="10.86893">
    <name>TP2618</name>
  </trkpt>
  <trkpt lat="48.4146" lon="10.86962">
    <name>TP2619</name>
  </trkpt>
  <trkpt lat="48.41459" lon="10.87034">
    <name>TP2620</name>
  </trkpt>
  <trkpt lat="48.41458" lon="10.87062">
    <name>TP2621</name>
  </trkpt>
  <trkpt lat="48.41456" lon="10.87132">
    <name>TP2622</name>
  </trkpt>
  <trkpt lat="48.41456" lon="10.87156">
    <name>TP2623</name>
  </trkpt>
  <trkpt lat="48.41455" lon="10.87174">
    <name>TP2624</name>
  </trkpt>
  <trkpt lat="48.41455" lon="10.87183">
    <name>TP2625</name>
  </trkpt>
  <trkpt lat="48.41454" lon="10.87211">
    <name>TP2626</name>
  </trkpt>
  <trkpt lat="48.41452" lon="10.87299">
    <name>TP2627</name>
  </trkpt>
  <trkpt lat="48.41452" lon="10.87323">
    <name>TP2628</name>
  </trkpt>
  <trkpt lat="48.4145" lon="10.87432">
    <name>TP2629</name>
  </trkpt>
  <trkpt lat="48.41447" lon="10.87539">
    <name>TP2630</name>
  </trkpt>
  <trkpt lat="48.41447" lon="10.87548">
    <name>TP2631</name>
  </trkpt>
  <trkpt lat="48.41446" lon="10.87572">
    <name>TP2632</name>
  </trkpt>
  <trkpt lat="48.41446" lon="10.87576">
    <name>TP2633</name>
  </trkpt>
  <trkpt lat="48.41446" lon="10.87604">
    <name>TP2634</name>
  </trkpt>
  <trkpt lat="48.41444" lon="10.877">
    <name>TP2635</name>
  </trkpt>
  <trkpt lat="48.41443" lon="10.87713">
    <name>TP2636</name>
  </trkpt>
  <trkpt lat="48.41442" lon="10.87735">
    <name>TP2637</name>
  </trkpt>
  <trkpt lat="48.41441" lon="10.87779">
    <name>TP2638</name>
  </trkpt>
  <trkpt lat="48.41441" lon="10.87783">
    <name>TP2639</name>
  </trkpt>
  <trkpt lat="48.41441" lon="10.87798">
    <name>TP2640</name>
  </trkpt>
  <trkpt lat="48.41439" lon="10.87831">
    <name>TP2641</name>
  </trkpt>
  <trkpt lat="48.41438" lon="10.87883">
    <name>TP2642</name>
  </trkpt>
  <trkpt lat="48.41437" lon="10.87908">
    <name>TP2643</name>
  </trkpt>
  <trkpt lat="48.41432" lon="10.8811">
    <name>TP2644</name>
  </trkpt>
  <trkpt lat="48.41431" lon="10.88152">
    <name>TP2645</name>
  </trkpt>
  <trkpt lat="48.41429" lon="10.8824">
    <name>TP2646</name>
  </trkpt>
  <trkpt lat="48.41424" lon="10.8845">
    <name>TP2647</name>
  </trkpt>
  <trkpt lat="48.41422" lon="10.88508">
    <name>TP2648</name>
  </trkpt>
  <trkpt lat="48.41422" lon="10.88542">
    <name>TP2649</name>
  </trkpt>
  <trkpt lat="48.41421" lon="10.88575">
    <name>TP2650</name>
  </trkpt>
  <trkpt lat="48.41418" lon="10.8871">
    <name>TP2651</name>
  </trkpt>
  <trkpt lat="48.41417" lon="10.8873">
    <name>TP2652</name>
  </trkpt>
  <trkpt lat="48.41416" lon="10.88764">
    <name>TP2653</name>
  </trkpt>
  <trkpt lat="48.41413" lon="10.8886">
    <name>TP2654</name>
  </trkpt>
  <trkpt lat="48.41413" lon="10.88876">
    <name>TP2655</name>
  </trkpt>
  <trkpt lat="48.41412" lon="10.88897">
    <name>TP2656</name>
  </trkpt>
  <trkpt lat="48.41412" lon="10.88903">
    <name>TP2657</name>
  </trkpt>
  <trkpt lat="48.4141" lon="10.88955">
    <name>TP2658</name>
  </trkpt>
  <trkpt lat="48.41409" lon="10.8898">
    <name>TP2659</name>
  </trkpt>
  <trkpt lat="48.41407" lon="10.89006">
    <name>TP2660</name>
  </trkpt>
  <trkpt lat="48.41405" lon="10.8906">
    <name>TP2661</name>
  </trkpt>
  <trkpt lat="48.41404" lon="10.89063">
    <name>TP2662</name>
  </trkpt>
  <trkpt lat="48.41401" lon="10.89114">
    <name>TP2663</name>
  </trkpt>
  <trkpt lat="48.41397" lon="10.89185">
    <name>TP2664</name>
  </trkpt>
  <trkpt lat="48.41389" lon="10.89298">
    <name>TP2665</name>
  </trkpt>
  <trkpt lat="48.41388" lon="10.89303">
    <name>TP2666</name>
  </trkpt>
  <trkpt lat="48.41388" lon="10.89309">
    <name>TP2667</name>
  </trkpt>
  <trkpt lat="48.41384" lon="10.89357">
    <name>TP2668</name>
  </trkpt>
  <trkpt lat="48.41381" lon="10.89383">
    <name>TP2669</name>
  </trkpt>
  <trkpt lat="48.4138" lon="10.89394">
    <name>TP2670</name>
  </trkpt>
  <trkpt lat="48.41377" lon="10.89431">
    <name>TP2671</name>
  </trkpt>
  <trkpt lat="48.41375" lon="10.89458">
    <name>TP2672</name>
  </trkpt>
  <trkpt lat="48.41372" lon="10.89485">
    <name>TP2673</name>
  </trkpt>
  <trkpt lat="48.41371" lon="10.89493">
    <name>TP2674</name>
  </trkpt>
  <trkpt lat="48.4137" lon="10.89512">
    <name>TP2675</name>
  </trkpt>
  <trkpt lat="48.41369" lon="10.89512">
    <name>TP2676</name>
  </trkpt>
  <trkpt lat="48.41366" lon="10.89551">
    <name>TP2677</name>
  </trkpt>
  <trkpt lat="48.41365" lon="10.89553">
    <name>TP2678</name>
  </trkpt>
  <trkpt lat="48.41364" lon="10.89566">
    <name>TP2679</name>
  </trkpt>
  <trkpt lat="48.41359" lon="10.89607">
    <name>TP2680</name>
  </trkpt>
  <trkpt lat="48.41356" lon="10.89639">
    <name>TP2681</name>
  </trkpt>
  <trkpt lat="48.41354" lon="10.89658">
    <name>TP2682</name>
  </trkpt>
  <trkpt lat="48.41345" lon="10.89738">
    <name>TP2683</name>
  </trkpt>
  <trkpt lat="48.41326" lon="10.89888">
    <name>TP2684</name>
  </trkpt>
  <trkpt lat="48.41317" lon="10.89952">
    <name>TP2685</name>
  </trkpt>
  <trkpt lat="48.41306" lon="10.90032">
    <name>TP2686</name>
  </trkpt>
  <trkpt lat="48.41298" lon="10.90083">
    <name>TP2687</name>
  </trkpt>
  <trkpt lat="48.41291" lon="10.90129">
    <name>TP2688</name>
  </trkpt>
  <trkpt lat="48.41289" lon="10.90137">
    <name>TP2689</name>
  </trkpt>
  <trkpt lat="48.41277" lon="10.90213">
    <name>TP2690</name>
  </trkpt>
  <trkpt lat="48.41272" lon="10.90245">
    <name>TP2691</name>
  </trkpt>
  <trkpt lat="48.41261" lon="10.9031">
    <name>TP2692</name>
  </trkpt>
  <trkpt lat="48.41246" lon="10.90404">
    <name>TP2693</name>
  </trkpt>
  <trkpt lat="48.41244" lon="10.90417">
    <name>TP2694</name>
  </trkpt>
  <trkpt lat="48.41236" lon="10.90462">
    <name>TP2695</name>
  </trkpt>
  <trkpt lat="48.41224" lon="10.90535">
    <name>TP2696</name>
  </trkpt>
  <trkpt lat="48.4122" lon="10.90559">
    <name>TP2697</name>
  </trkpt>
  <trkpt lat="48.41216" lon="10.90585">
    <name>TP2698</name>
  </trkpt>
  <trkpt lat="48.41213" lon="10.90601">
    <name>TP2699</name>
  </trkpt>
  <trkpt lat="48.41196" lon="10.90698">
    <name>TP2700</name>
  </trkpt>
  <trkpt lat="48.41195" lon="10.90707">
    <name>TP2701</name>
  </trkpt>
  <trkpt lat="48.41191" lon="10.90729">
    <name>TP2702</name>
  </trkpt>
  <trkpt lat="48.41189" lon="10.90742">
    <name>TP2703</name>
  </trkpt>
  <trkpt lat="48.41184" lon="10.90771">
    <name>TP2704</name>
  </trkpt>
  <trkpt lat="48.41183" lon="10.90775">
    <name>TP2705</name>
  </trkpt>
  <trkpt lat="48.41159" lon="10.9092">
    <name>TP2706</name>
  </trkpt>
  <trkpt lat="48.41158" lon="10.90928">
    <name>TP2707</name>
  </trkpt>
  <trkpt lat="48.41157" lon="10.90929">
    <name>TP2708</name>
  </trkpt>
  <trkpt lat="48.41087" lon="10.91353">
    <name>TP2709</name>
  </trkpt>
  <trkpt lat="48.41065" lon="10.91488">
    <name>TP2710</name>
  </trkpt>
  <trkpt lat="48.41061" lon="10.91515">
    <name>TP2711</name>
  </trkpt>
  <trkpt lat="48.41058" lon="10.91528">
    <name>TP2712</name>
  </trkpt>
  <trkpt lat="48.41053" lon="10.91558">
    <name>TP2713</name>
  </trkpt>
  <trkpt lat="48.41049" lon="10.91585">
    <name>TP2714</name>
  </trkpt>
  <trkpt lat="48.41047" lon="10.91593">
    <name>TP2715</name>
  </trkpt>
  <trkpt lat="48.41043" lon="10.9162">
    <name>TP2716</name>
  </trkpt>
  <trkpt lat="48.41039" lon="10.91646">
    <name>TP2717</name>
  </trkpt>
  <trkpt lat="48.41035" lon="10.91676">
    <name>TP2718</name>
  </trkpt>
  <trkpt lat="48.41032" lon="10.91695">
    <name>TP2719</name>
  </trkpt>
  <trkpt lat="48.41023" lon="10.91747">
    <name>TP2720</name>
  </trkpt>
  <trkpt lat="48.41022" lon="10.91757">
    <name>TP2721</name>
  </trkpt>
  <trkpt lat="48.41019" lon="10.9177">
    <name>TP2722</name>
  </trkpt>
  <trkpt lat="48.41015" lon="10.91797">
    <name>TP2723</name>
  </trkpt>
  <trkpt lat="48.41014" lon="10.91803">
    <name>TP2724</name>
  </trkpt>
  <trkpt lat="48.41013" lon="10.9181">
    <name>TP2725</name>
  </trkpt>
  <trkpt lat="48.41004" lon="10.91864">
    <name>TP2726</name>
  </trkpt>
  <trkpt lat="48.40998" lon="10.91901">
    <name>TP2727</name>
  </trkpt>
  <trkpt lat="48.40987" lon="10.9197">
    <name>TP2728</name>
  </trkpt>
  <trkpt lat="48.40984" lon="10.91985">
    <name>TP2729</name>
  </trkpt>
  <trkpt lat="48.40977" lon="10.9203">
    <name>TP2730</name>
  </trkpt>
  <trkpt lat="48.40968" lon="10.92082">
    <name>TP2731</name>
  </trkpt>
  <trkpt lat="48.40964" lon="10.92108">
    <name>TP2732</name>
  </trkpt>
  <trkpt lat="48.40961" lon="10.92121">
    <name>TP2733</name>
  </trkpt>
  <trkpt lat="48.40949" lon="10.92198">
    <name>TP2734</name>
  </trkpt>
  <trkpt lat="48.40948" lon="10.92203">
    <name>TP2735</name>
  </trkpt>
  <trkpt lat="48.40942" lon="10.92236">
    <name>TP2736</name>
  </trkpt>
  <trkpt lat="48.40921" lon="10.92367">
    <name>TP2737</name>
  </trkpt>
  <trkpt lat="48.40916" lon="10.92396">
    <name>TP2738</name>
  </trkpt>
  <trkpt lat="48.40893" lon="10.92526">
    <name>TP2739</name>
  </trkpt>
  <trkpt lat="48.40876" lon="10.92626">
    <name>TP2740</name>
  </trkpt>
  <trkpt lat="48.40864" lon="10.92702">
    <name>TP2741</name>
  </trkpt>
  <trkpt lat="48.40862" lon="10.92719">
    <name>TP2742</name>
  </trkpt>
  <trkpt lat="48.40856" lon="10.92751">
    <name>TP2743</name>
  </trkpt>
  <trkpt lat="48.40848" lon="10.92803">
    <name>TP2744</name>
  </trkpt>
  <trkpt lat="48.40842" lon="10.9284">
    <name>TP2745</name>
  </trkpt>
  <trkpt lat="48.40835" lon="10.92884">
    <name>TP2746</name>
  </trkpt>
  <trkpt lat="48.40826" lon="10.92934">
    <name>TP2747</name>
  </trkpt>
  <trkpt lat="48.40821" lon="10.92966">
    <name>TP2748</name>
  </trkpt>
  <trkpt lat="48.40815" lon="10.93">
    <name>TP2749</name>
  </trkpt>
  <trkpt lat="48.40806" lon="10.93052">
    <name>TP2750</name>
  </trkpt>
  <trkpt lat="48.40805" lon="10.93059">
    <name>TP2751</name>
  </trkpt>
  <trkpt lat="48.40804" lon="10.93065">
    <name>TP2752</name>
  </trkpt>
  <trkpt lat="48.40796" lon="10.93111">
    <name>TP2753</name>
  </trkpt>
  <trkpt lat="48.40788" lon="10.93158">
    <name>TP2754</name>
  </trkpt>
  <trkpt lat="48.40771" lon="10.93257">
    <name>TP2755</name>
  </trkpt>
  <trkpt lat="48.40761" lon="10.93322">
    <name>TP2756</name>
  </trkpt>
  <trkpt lat="48.40739" lon="10.93452">
    <name>TP2757</name>
  </trkpt>
  <trkpt lat="48.40661" lon="10.93925">
    <name>TP2758</name>
  </trkpt>
  <trkpt lat="48.40639" lon="10.94055">
    <name>TP2759</name>
  </trkpt>
  <trkpt lat="48.40622" lon="10.9416">
    <name>TP2760</name>
  </trkpt>
  <trkpt lat="48.40616" lon="10.94184">
    <name>TP2761</name>
  </trkpt>
  <trkpt lat="48.4061" lon="10.94227">
    <name>TP2762</name>
  </trkpt>
  <trkpt lat="48.40607" lon="10.94245">
    <name>TP2763</name>
  </trkpt>
  <trkpt lat="48.40588" lon="10.94359">
    <name>TP2764</name>
  </trkpt>
  <trkpt lat="48.40587" lon="10.94366">
    <name>TP2765</name>
  </trkpt>
  <trkpt lat="48.40575" lon="10.94443">
    <name>TP2766</name>
  </trkpt>
  <trkpt lat="48.4057" lon="10.94471">
    <name>TP2767</name>
  </trkpt>
  <trkpt lat="48.40565" lon="10.94499">
    <name>TP2768</name>
  </trkpt>
  <trkpt lat="48.40563" lon="10.94518">
    <name>TP2769</name>
  </trkpt>
  <trkpt lat="48.4056" lon="10.94538">
    <name>TP2770</name>
  </trkpt>
  <trkpt lat="48.40557" lon="10.94554">
    <name>TP2771</name>
  </trkpt>
  <trkpt lat="48.40555" lon="10.9457">
    <name>TP2772</name>
  </trkpt>
  <trkpt lat="48.40554" lon="10.94578">
    <name>TP2773</name>
  </trkpt>
  <trkpt lat="48.40544" lon="10.94639">
    <name>TP2774</name>
  </trkpt>
  <trkpt lat="48.40532" lon="10.9471">
    <name>TP2775</name>
  </trkpt>
  <trkpt lat="48.40513" lon="10.94823">
    <name>TP2776</name>
  </trkpt>
  <trkpt lat="48.40485" lon="10.94994">
    <name>TP2777</name>
  </trkpt>
  <trkpt lat="48.40463" lon="10.95126">
    <name>TP2778</name>
  </trkpt>
  <trkpt lat="48.40461" lon="10.9514">
    <name>TP2779</name>
  </trkpt>
  <trkpt lat="48.40451" lon="10.95194">
    <name>TP2780</name>
  </trkpt>
  <trkpt lat="48.40443" lon="10.95247">
    <name>TP2781</name>
  </trkpt>
  <trkpt lat="48.40438" lon="10.95279">
    <name>TP2782</name>
  </trkpt>
  <trkpt lat="48.40432" lon="10.95311">
    <name>TP2783</name>
  </trkpt>
  <trkpt lat="48.40429" lon="10.9533">
    <name>TP2784</name>
  </trkpt>
  <trkpt lat="48.40426" lon="10.95347">
    <name>TP2785</name>
  </trkpt>
  <trkpt lat="48.40425" lon="10.95355">
    <name>TP2786</name>
  </trkpt>
  <trkpt lat="48.40419" lon="10.9539">
    <name>TP2787</name>
  </trkpt>
  <trkpt lat="48.40414" lon="10.95422">
    <name>TP2788</name>
  </trkpt>
  <trkpt lat="48.4041" lon="10.95444">
    <name>TP2789</name>
  </trkpt>
  <trkpt lat="48.40406" lon="10.95467">
    <name>TP2790</name>
  </trkpt>
  <trkpt lat="48.40403" lon="10.95489">
    <name>TP2791</name>
  </trkpt>
  <trkpt lat="48.40393" lon="10.95545">
    <name>TP2792</name>
  </trkpt>
  <trkpt lat="48.4039" lon="10.95562">
    <name>TP2793</name>
  </trkpt>
  <trkpt lat="48.40385" lon="10.95592">
    <name>TP2794</name>
  </trkpt>
  <trkpt lat="48.40379" lon="10.95629">
    <name>TP2795</name>
  </trkpt>
  <trkpt lat="48.40375" lon="10.9565">
    <name>TP2796</name>
  </trkpt>
  <trkpt lat="48.40372" lon="10.95665">
    <name>TP2797</name>
  </trkpt>
  <trkpt lat="48.40371" lon="10.95672">
    <name>TP2798</name>
  </trkpt>
  <trkpt lat="48.40371" lon="10.95673">
    <name>TP2799</name>
  </trkpt>
  <trkpt lat="48.4036" lon="10.95741">
    <name>TP2800</name>
  </trkpt>
  <trkpt lat="48.40358" lon="10.95754">
    <name>TP2801</name>
  </trkpt>
  <trkpt lat="48.40348" lon="10.95815">
    <name>TP2802</name>
  </trkpt>
  <trkpt lat="48.40341" lon="10.95855">
    <name>TP2803</name>
  </trkpt>
  <trkpt lat="48.40338" lon="10.9588">
    <name>TP2804</name>
  </trkpt>
  <trkpt lat="48.4033" lon="10.95926">
    <name>TP2805</name>
  </trkpt>
  <trkpt lat="48.40324" lon="10.95963">
    <name>TP2806</name>
  </trkpt>
  <trkpt lat="48.40322" lon="10.9597">
    <name>TP2807</name>
  </trkpt>
  <trkpt lat="48.40321" lon="10.95977">
    <name>TP2808</name>
  </trkpt>
  <trkpt lat="48.40311" lon="10.96041">
    <name>TP2809</name>
  </trkpt>
  <trkpt lat="48.40307" lon="10.96065">
    <name>TP2810</name>
  </trkpt>
  <trkpt lat="48.40305" lon="10.9608">
    <name>TP2811</name>
  </trkpt>
  <trkpt lat="48.40301" lon="10.961">
    <name>TP2812</name>
  </trkpt>
  <trkpt lat="48.40286" lon="10.96186">
    <name>TP2813</name>
  </trkpt>
  <trkpt lat="48.40281" lon="10.96218">
    <name>TP2814</name>
  </trkpt>
  <trkpt lat="48.40277" lon="10.96244">
    <name>TP2815</name>
  </trkpt>
  <trkpt lat="48.4027" lon="10.96287">
    <name>TP2816</name>
  </trkpt>
  <trkpt lat="48.40263" lon="10.96327">
    <name>TP2817</name>
  </trkpt>
  <trkpt lat="48.40255" lon="10.96372">
    <name>TP2818</name>
  </trkpt>
  <trkpt lat="48.4025" lon="10.96402">
    <name>TP2819</name>
  </trkpt>
  <trkpt lat="48.40249" lon="10.96408">
    <name>TP2820</name>
  </trkpt>
  <trkpt lat="48.40248" lon="10.96415">
    <name>TP2821</name>
  </trkpt>
  <trkpt lat="48.40243" lon="10.96444">
    <name>TP2822</name>
  </trkpt>
  <trkpt lat="48.40236" lon="10.96488">
    <name>TP2823</name>
  </trkpt>
  <trkpt lat="48.40235" lon="10.96499">
    <name>TP2824</name>
  </trkpt>
  <trkpt lat="48.40232" lon="10.96514">
    <name>TP2825</name>
  </trkpt>
  <trkpt lat="48.40228" lon="10.96541">
    <name>TP2826</name>
  </trkpt>
  <trkpt lat="48.40223" lon="10.96572">
    <name>TP2827</name>
  </trkpt>
  <trkpt lat="48.40216" lon="10.96611">
    <name>TP2828</name>
  </trkpt>
  <trkpt lat="48.40215" lon="10.9662">
    <name>TP2829</name>
  </trkpt>
  <trkpt lat="48.40202" lon="10.96701">
    <name>TP2830</name>
  </trkpt>
  <trkpt lat="48.402" lon="10.96713">
    <name>TP2831</name>
  </trkpt>
  <trkpt lat="48.40188" lon="10.96797">
    <name>TP2832</name>
  </trkpt>
  <trkpt lat="48.40179" lon="10.96866">
    <name>TP2833</name>
  </trkpt>
  <trkpt lat="48.40176" lon="10.9689">
    <name>TP2834</name>
  </trkpt>
  <trkpt lat="48.40172" lon="10.96921">
    <name>TP2835</name>
  </trkpt>
  <trkpt lat="48.40169" lon="10.9695">
    <name>TP2836</name>
  </trkpt>
  <trkpt lat="48.40168" lon="10.96963">
    <name>TP2837</name>
  </trkpt>
  <trkpt lat="48.40164" lon="10.97004">
    <name>TP2838</name>
  </trkpt>
  <trkpt lat="48.40161" lon="10.97039">
    <name>TP2839</name>
  </trkpt>
  <trkpt lat="48.4016" lon="10.97058">
    <name>TP2840</name>
  </trkpt>
  <trkpt lat="48.40158" lon="10.97073">
    <name>TP2841</name>
  </trkpt>
  <trkpt lat="48.40157" lon="10.97104">
    <name>TP2842</name>
  </trkpt>
  <trkpt lat="48.40156" lon="10.97123">
    <name>TP2843</name>
  </trkpt>
  <trkpt lat="48.40155" lon="10.97142">
    <name>TP2844</name>
  </trkpt>
  <trkpt lat="48.40154" lon="10.97158">
    <name>TP2845</name>
  </trkpt>
  <trkpt lat="48.40152" lon="10.97186">
    <name>TP2846</name>
  </trkpt>
  <trkpt lat="48.4015" lon="10.97241">
    <name>TP2847</name>
  </trkpt>
  <trkpt lat="48.40147" lon="10.97332">
    <name>TP2848</name>
  </trkpt>
  <trkpt lat="48.40147" lon="10.97401">
    <name>TP2849</name>
  </trkpt>
  <trkpt lat="48.40147" lon="10.97464">
    <name>TP2850</name>
  </trkpt>
  <trkpt lat="48.40147" lon="10.9747">
    <name>TP2851</name>
  </trkpt>
  <trkpt lat="48.40149" lon="10.97543">
    <name>TP2852</name>
  </trkpt>
  <trkpt lat="48.40151" lon="10.97691">
    <name>TP2853</name>
  </trkpt>
  <trkpt lat="48.40152" lon="10.97738">
    <name>TP2854</name>
  </trkpt>
  <trkpt lat="48.40152" lon="10.97744">
    <name>TP2855</name>
  </trkpt>
  <trkpt lat="48.40154" lon="10.97811">
    <name>TP2856</name>
  </trkpt>
  <trkpt lat="48.40156" lon="10.97895">
    <name>TP2857</name>
  </trkpt>
  <trkpt lat="48.40158" lon="10.97973">
    <name>TP2858</name>
  </trkpt>
  <trkpt lat="48.40162" lon="10.98134">
    <name>TP2859</name>
  </trkpt>
  <trkpt lat="48.40162" lon="10.98173">
    <name>TP2860</name>
  </trkpt>
  <trkpt lat="48.40162" lon="10.98237">
    <name>TP2861</name>
  </trkpt>
  <trkpt lat="48.40162" lon="10.98262">
    <name>TP2862</name>
  </trkpt>
  <trkpt lat="48.40162" lon="10.98292">
    <name>TP2863</name>
  </trkpt>
  <trkpt lat="48.40161" lon="10.98346">
    <name>TP2864</name>
  </trkpt>
  <trkpt lat="48.40161" lon="10.98365">
    <name>TP2865</name>
  </trkpt>
  <trkpt lat="48.4016" lon="10.98404">
    <name>TP2866</name>
  </trkpt>
  <trkpt lat="48.40159" lon="10.98419">
    <name>TP2867</name>
  </trkpt>
  <trkpt lat="48.40158" lon="10.98447">
    <name>TP2868</name>
  </trkpt>
  <trkpt lat="48.40157" lon="10.98472">
    <name>TP2869</name>
  </trkpt>
  <trkpt lat="48.40156" lon="10.98499">
    <name>TP2870</name>
  </trkpt>
  <trkpt lat="48.40155" lon="10.98526">
    <name>TP2871</name>
  </trkpt>
  <trkpt lat="48.40152" lon="10.98578">
    <name>TP2872</name>
  </trkpt>
  <trkpt lat="48.40149" lon="10.98634">
    <name>TP2873</name>
  </trkpt>
  <trkpt lat="48.40148" lon="10.98643">
    <name>TP2874</name>
  </trkpt>
  <trkpt lat="48.40131" lon="10.98876">
    <name>TP2875</name>
  </trkpt>
  <trkpt lat="48.40126" lon="10.98949">
    <name>TP2876</name>
  </trkpt>
  <trkpt lat="48.40117" lon="10.99084">
    <name>TP2877</name>
  </trkpt>
  <trkpt lat="48.40115" lon="10.99111">
    <name>TP2878</name>
  </trkpt>
  <trkpt lat="48.40106" lon="10.99245">
    <name>TP2879</name>
  </trkpt>
  <trkpt lat="48.40101" lon="10.99328">
    <name>TP2880</name>
  </trkpt>
  <trkpt lat="48.40096" lon="10.99401">
    <name>TP2881</name>
  </trkpt>
  <trkpt lat="48.40091" lon="10.99482">
    <name>TP2882</name>
  </trkpt>
  <trkpt lat="48.4008" lon="10.99643">
    <name>TP2883</name>
  </trkpt>
  <trkpt lat="48.40075" lon="10.99714">
    <name>TP2884</name>
  </trkpt>
  <trkpt lat="48.40072" lon="10.99751">
    <name>TP2885</name>
  </trkpt>
  <trkpt lat="48.40071" lon="10.99768">
    <name>TP2886</name>
  </trkpt>
  <trkpt lat="48.40064" lon="10.9987">
    <name>TP2887</name>
  </trkpt>
  <trkpt lat="48.40061" lon="10.99911">
    <name>TP2888</name>
  </trkpt>
  <trkpt lat="48.40055" lon="11.00008">
    <name>TP2889</name>
  </trkpt>
  <trkpt lat="48.40054" lon="11.00025">
    <name>TP2890</name>
  </trkpt>
  <trkpt lat="48.40052" lon="11.00042">
    <name>TP2891</name>
  </trkpt>
  <trkpt lat="48.40049" lon="11.00096">
    <name>TP2892</name>
  </trkpt>
  <trkpt lat="48.40049" lon="11.00099">
    <name>TP2893</name>
  </trkpt>
  <trkpt lat="48.40044" lon="11.00164">
    <name>TP2894</name>
  </trkpt>
  <trkpt lat="48.4004" lon="11.0023">
    <name>TP2895</name>
  </trkpt>
  <trkpt lat="48.40034" lon="11.00312">
    <name>TP2896</name>
  </trkpt>
  <trkpt lat="48.40031" lon="11.00355">
    <name>TP2897</name>
  </trkpt>
  <trkpt lat="48.40029" lon="11.00379">
    <name>TP2898</name>
  </trkpt>
  <trkpt lat="48.40029" lon="11.00382">
    <name>TP2899</name>
  </trkpt>
  <trkpt lat="48.40024" lon="11.00463">
    <name>TP2900</name>
  </trkpt>
  <trkpt lat="48.40018" lon="11.00541">
    <name>TP2901</name>
  </trkpt>
  <trkpt lat="48.40013" lon="11.00613">
    <name>TP2902</name>
  </trkpt>
  <trkpt lat="48.40007" lon="11.00706">
    <name>TP2903</name>
  </trkpt>
  <trkpt lat="48.39998" lon="11.00846">
    <name>TP2904</name>
  </trkpt>
  <trkpt lat="48.39992" lon="11.00931">
    <name>TP2905</name>
  </trkpt>
  <trkpt lat="48.39983" lon="11.01066">
    <name>TP2906</name>
  </trkpt>
  <trkpt lat="48.39976" lon="11.01161">
    <name>TP2907</name>
  </trkpt>
  <trkpt lat="48.39967" lon="11.01291">
    <name>TP2908</name>
  </trkpt>
  <trkpt lat="48.39964" lon="11.01325">
    <name>TP2909</name>
  </trkpt>
  <trkpt lat="48.3996" lon="11.01374">
    <name>TP2910</name>
  </trkpt>
  <trkpt lat="48.39953" lon="11.01433">
    <name>TP2911</name>
  </trkpt>
  <trkpt lat="48.39947" lon="11.01483">
    <name>TP2912</name>
  </trkpt>
  <trkpt lat="48.39939" lon="11.01542">
    <name>TP2913</name>
  </trkpt>
  <trkpt lat="48.39939" lon="11.01545">
    <name>TP2914</name>
  </trkpt>
  <trkpt lat="48.39935" lon="11.01569">
    <name>TP2915</name>
  </trkpt>
  <trkpt lat="48.39934" lon="11.01577">
    <name>TP2916</name>
  </trkpt>
  <trkpt lat="48.3993" lon="11.01602">
    <name>TP2917</name>
  </trkpt>
  <trkpt lat="48.39926" lon="11.01625">
    <name>TP2918</name>
  </trkpt>
  <trkpt lat="48.39919" lon="11.01672">
    <name>TP2919</name>
  </trkpt>
  <trkpt lat="48.39909" lon="11.01723">
    <name>TP2920</name>
  </trkpt>
  <trkpt lat="48.39904" lon="11.01746">
    <name>TP2921</name>
  </trkpt>
  <trkpt lat="48.39897" lon="11.01785">
    <name>TP2922</name>
  </trkpt>
  <trkpt lat="48.39891" lon="11.01811">
    <name>TP2923</name>
  </trkpt>
  <trkpt lat="48.3988" lon="11.01858">
    <name>TP2924</name>
  </trkpt>
  <trkpt lat="48.39873" lon="11.01887">
    <name>TP2925</name>
  </trkpt>
  <trkpt lat="48.39867" lon="11.01912">
    <name>TP2926</name>
  </trkpt>
  <trkpt lat="48.39858" lon="11.01949">
    <name>TP2927</name>
  </trkpt>
  <trkpt lat="48.39852" lon="11.01973">
    <name>TP2928</name>
  </trkpt>
  <trkpt lat="48.3985" lon="11.01979">
    <name>TP2929</name>
  </trkpt>
  <trkpt lat="48.39835" lon="11.02036">
    <name>TP2930</name>
  </trkpt>
  <trkpt lat="48.3983" lon="11.02054">
    <name>TP2931</name>
  </trkpt>
  <trkpt lat="48.39821" lon="11.02085">
    <name>TP2932</name>
  </trkpt>
  <trkpt lat="48.39815" lon="11.02104">
    <name>TP2933</name>
  </trkpt>
  <trkpt lat="48.39809" lon="11.02128">
    <name>TP2934</name>
  </trkpt>
  <trkpt lat="48.398" lon="11.02159">
    <name>TP2935</name>
  </trkpt>
  <trkpt lat="48.39797" lon="11.0217">
    <name>TP2936</name>
  </trkpt>
  <trkpt lat="48.39796" lon="11.02172">
    <name>TP2937</name>
  </trkpt>
  <trkpt lat="48.39793" lon="11.02183">
    <name>TP2938</name>
  </trkpt>
  <trkpt lat="48.3978" lon="11.02226">
    <name>TP2939</name>
  </trkpt>
  <trkpt lat="48.39778" lon="11.02234">
    <name>TP2940</name>
  </trkpt>
  <trkpt lat="48.39773" lon="11.0225">
    <name>TP2941</name>
  </trkpt>
  <trkpt lat="48.39766" lon="11.02275">
    <name>TP2942</name>
  </trkpt>
  <trkpt lat="48.39759" lon="11.02299">
    <name>TP2943</name>
  </trkpt>
  <trkpt lat="48.39755" lon="11.02312">
    <name>TP2944</name>
  </trkpt>
  <trkpt lat="48.39752" lon="11.02324">
    <name>TP2945</name>
  </trkpt>
  <trkpt lat="48.39743" lon="11.02354">
    <name>TP2946</name>
  </trkpt>
  <trkpt lat="48.3973" lon="11.02401">
    <name>TP2947</name>
  </trkpt>
  <trkpt lat="48.39714" lon="11.02459">
    <name>TP2948</name>
  </trkpt>
  <trkpt lat="48.39708" lon="11.02483">
    <name>TP2949</name>
  </trkpt>
  <trkpt lat="48.39704" lon="11.025">
    <name>TP2950</name>
  </trkpt>
  <trkpt lat="48.39697" lon="11.02525">
    <name>TP2951</name>
  </trkpt>
  <trkpt lat="48.39691" lon="11.02555">
    <name>TP2952</name>
  </trkpt>
  <trkpt lat="48.39688" lon="11.02569">
    <name>TP2953</name>
  </trkpt>
  <trkpt lat="48.39677" lon="11.0262">
    <name>TP2954</name>
  </trkpt>
  <trkpt lat="48.39664" lon="11.0268">
    <name>TP2955</name>
  </trkpt>
  <trkpt lat="48.39661" lon="11.02693">
    <name>TP2956</name>
  </trkpt>
  <trkpt lat="48.39653" lon="11.02738">
    <name>TP2957</name>
  </trkpt>
  <trkpt lat="48.39647" lon="11.02776">
    <name>TP2958</name>
  </trkpt>
  <trkpt lat="48.39636" lon="11.02847">
    <name>TP2959</name>
  </trkpt>
  <trkpt lat="48.39632" lon="11.02867">
    <name>TP2960</name>
  </trkpt>
  <trkpt lat="48.39629" lon="11.02885">
    <name>TP2961</name>
  </trkpt>
  <trkpt lat="48.39624" lon="11.02922">
    <name>TP2962</name>
  </trkpt>
  <trkpt lat="48.39619" lon="11.02957">
    <name>TP2963</name>
  </trkpt>
  <trkpt lat="48.39619" lon="11.02958">
    <name>TP2964</name>
  </trkpt>
  <trkpt lat="48.39615" lon="11.02996">
    <name>TP2965</name>
  </trkpt>
  <trkpt lat="48.3961" lon="11.03045">
    <name>TP2966</name>
  </trkpt>
  <trkpt lat="48.39609" lon="11.03049">
    <name>TP2967</name>
  </trkpt>
  <trkpt lat="48.39605" lon="11.03089">
    <name>TP2968</name>
  </trkpt>
  <trkpt lat="48.39602" lon="11.03124">
    <name>TP2969</name>
  </trkpt>
  <trkpt lat="48.39598" lon="11.03188">
    <name>TP2970</name>
  </trkpt>
  <trkpt lat="48.39594" lon="11.03246">
    <name>TP2971</name>
  </trkpt>
  <trkpt lat="48.39594" lon="11.03254">
    <name>TP2972</name>
  </trkpt>
  <trkpt lat="48.39593" lon="11.03287">
    <name>TP2973</name>
  </trkpt>
  <trkpt lat="48.39592" lon="11.03308">
    <name>TP2974</name>
  </trkpt>
  <trkpt lat="48.3959" lon="11.03355">
    <name>TP2975</name>
  </trkpt>
  <trkpt lat="48.39589" lon="11.03399">
    <name>TP2976</name>
  </trkpt>
  <trkpt lat="48.39589" lon="11.03429">
    <name>TP2977</name>
  </trkpt>
  <trkpt lat="48.39589" lon="11.0346">
    <name>TP2978</name>
  </trkpt>
  <trkpt lat="48.39589" lon="11.0349">
    <name>TP2979</name>
  </trkpt>
  <trkpt lat="48.3959" lon="11.0353">
    <name>TP2980</name>
  </trkpt>
  <trkpt lat="48.3959" lon="11.03555">
    <name>TP2981</name>
  </trkpt>
  <trkpt lat="48.39593" lon="11.03625">
    <name>TP2982</name>
  </trkpt>
  <trkpt lat="48.39593" lon="11.03637">
    <name>TP2983</name>
  </trkpt>
  <trkpt lat="48.39595" lon="11.03653">
    <name>TP2984</name>
  </trkpt>
  <trkpt lat="48.39597" lon="11.03704">
    <name>TP2985</name>
  </trkpt>
  <trkpt lat="48.39598" lon="11.03742">
    <name>TP2986</name>
  </trkpt>
  <trkpt lat="48.39599" lon="11.03758">
    <name>TP2987</name>
  </trkpt>
  <trkpt lat="48.39599" lon="11.03762">
    <name>TP2988</name>
  </trkpt>
  <trkpt lat="48.396" lon="11.0377">
    <name>TP2989</name>
  </trkpt>
  <trkpt lat="48.396" lon="11.03785">
    <name>TP2990</name>
  </trkpt>
  <trkpt lat="48.39601" lon="11.03793">
    <name>TP2991</name>
  </trkpt>
  <trkpt lat="48.39601" lon="11.03806">
    <name>TP2992</name>
  </trkpt>
  <trkpt lat="48.39602" lon="11.03822">
    <name>TP2993</name>
  </trkpt>
  <trkpt lat="48.39602" lon="11.03824">
    <name>TP2994</name>
  </trkpt>
  <trkpt lat="48.39603" lon="11.03847">
    <name>TP2995</name>
  </trkpt>
  <trkpt lat="48.39603" lon="11.03852">
    <name>TP2996</name>
  </trkpt>
  <trkpt lat="48.39603" lon="11.03856">
    <name>TP2997</name>
  </trkpt>
  <trkpt lat="48.39607" lon="11.0396">
    <name>TP2998</name>
  </trkpt>
  <trkpt lat="48.39611" lon="11.04041">
    <name>TP2999</name>
  </trkpt>
  <trkpt lat="48.39615" lon="11.04126">
    <name>TP3000</name>
  </trkpt>
  <trkpt lat="48.39617" lon="11.04162">
    <name>TP3001</name>
  </trkpt>
  <trkpt lat="48.39619" lon="11.04212">
    <name>TP3002</name>
  </trkpt>
  <trkpt lat="48.39622" lon="11.04281">
    <name>TP3003</name>
  </trkpt>
  <trkpt lat="48.39625" lon="11.0433">
    <name>TP3004</name>
  </trkpt>
  <trkpt lat="48.39627" lon="11.04383">
    <name>TP3005</name>
  </trkpt>
  <trkpt lat="48.39629" lon="11.0444">
    <name>TP3006</name>
  </trkpt>
  <trkpt lat="48.3963" lon="11.04446">
    <name>TP3007</name>
  </trkpt>
  <trkpt lat="48.39631" lon="11.04478">
    <name>TP3008</name>
  </trkpt>
  <trkpt lat="48.39637" lon="11.0461">
    <name>TP3009</name>
  </trkpt>
  <trkpt lat="48.39643" lon="11.04735">
    <name>TP3010</name>
  </trkpt>
  <trkpt lat="48.39648" lon="11.04851">
    <name>TP3011</name>
  </trkpt>
  <trkpt lat="48.39649" lon="11.04884">
    <name>TP3012</name>
  </trkpt>
  <trkpt lat="48.3965" lon="11.04897">
    <name>TP3013</name>
  </trkpt>
  <trkpt lat="48.39652" lon="11.04952">
    <name>TP3014</name>
  </trkpt>
  <trkpt lat="48.39653" lon="11.04986">
    <name>TP3015</name>
  </trkpt>
  <trkpt lat="48.39654" lon="11.05036">
    <name>TP3016</name>
  </trkpt>
  <trkpt lat="48.39655" lon="11.05096">
    <name>TP3017</name>
  </trkpt>
  <trkpt lat="48.39654" lon="11.05114">
    <name>TP3018</name>
  </trkpt>
  <trkpt lat="48.39654" lon="11.0512">
    <name>TP3019</name>
  </trkpt>
  <trkpt lat="48.39654" lon="11.05128">
    <name>TP3020</name>
  </trkpt>
  <trkpt lat="48.39654" lon="11.05141">
    <name>TP3021</name>
  </trkpt>
  <trkpt lat="48.39654" lon="11.05155">
    <name>TP3022</name>
  </trkpt>
  <trkpt lat="48.39654" lon="11.05169">
    <name>TP3023</name>
  </trkpt>
  <trkpt lat="48.39654" lon="11.05182">
    <name>TP3024</name>
  </trkpt>
  <trkpt lat="48.39654" lon="11.05185">
    <name>TP3025</name>
  </trkpt>
  <trkpt lat="48.39653" lon="11.05214">
    <name>TP3026</name>
  </trkpt>
  <trkpt lat="48.39652" lon="11.05242">
    <name>TP3027</name>
  </trkpt>
  <trkpt lat="48.39652" lon="11.05255">
    <name>TP3028</name>
  </trkpt>
  <trkpt lat="48.39651" lon="11.05273">
    <name>TP3029</name>
  </trkpt>
  <trkpt lat="48.3965" lon="11.05301">
    <name>TP3030</name>
  </trkpt>
  <trkpt lat="48.39649" lon="11.05303">
    <name>TP3031</name>
  </trkpt>
  <trkpt lat="48.39648" lon="11.05335">
    <name>TP3032</name>
  </trkpt>
  <trkpt lat="48.39646" lon="11.05361">
    <name>TP3033</name>
  </trkpt>
  <trkpt lat="48.39645" lon="11.05372">
    <name>TP3034</name>
  </trkpt>
  <trkpt lat="48.39645" lon="11.05382">
    <name>TP3035</name>
  </trkpt>
  <trkpt lat="48.39641" lon="11.05431">
    <name>TP3036</name>
  </trkpt>
  <trkpt lat="48.3964" lon="11.05438">
    <name>TP3037</name>
  </trkpt>
  <trkpt lat="48.39637" lon="11.05479">
    <name>TP3038</name>
  </trkpt>
  <trkpt lat="48.39635" lon="11.05495">
    <name>TP3039</name>
  </trkpt>
  <trkpt lat="48.39635" lon="11.055">
    <name>TP3040</name>
  </trkpt>
  <trkpt lat="48.39632" lon="11.05531">
    <name>TP3041</name>
  </trkpt>
  <trkpt lat="48.3963" lon="11.05545">
    <name>TP3042</name>
  </trkpt>
  <trkpt lat="48.39628" lon="11.05565">
    <name>TP3043</name>
  </trkpt>
  <trkpt lat="48.39627" lon="11.05573">
    <name>TP3044</name>
  </trkpt>
  <trkpt lat="48.39623" lon="11.05609">
    <name>TP3045</name>
  </trkpt>
  <trkpt lat="48.39619" lon="11.05637">
    <name>TP3046</name>
  </trkpt>
  <trkpt lat="48.39615" lon="11.05665">
    <name>TP3047</name>
  </trkpt>
  <trkpt lat="48.3961" lon="11.05696">
    <name>TP3048</name>
  </trkpt>
  <trkpt lat="48.39605" lon="11.05727">
    <name>TP3049</name>
  </trkpt>
  <trkpt lat="48.396" lon="11.0576">
    <name>TP3050</name>
  </trkpt>
  <trkpt lat="48.39598" lon="11.05771">
    <name>TP3051</name>
  </trkpt>
  <trkpt lat="48.39592" lon="11.05809">
    <name>TP3052</name>
  </trkpt>
  <trkpt lat="48.39589" lon="11.05823">
    <name>TP3053</name>
  </trkpt>
  <trkpt lat="48.39584" lon="11.05849">
    <name>TP3054</name>
  </trkpt>
  <trkpt lat="48.39584" lon="11.0585">
    <name>TP3055</name>
  </trkpt>
  <trkpt lat="48.39581" lon="11.05863">
    <name>TP3056</name>
  </trkpt>
  <trkpt lat="48.39578" lon="11.05881">
    <name>TP3057</name>
  </trkpt>
  <trkpt lat="48.39576" lon="11.0589">
    <name>TP3058</name>
  </trkpt>
  <trkpt lat="48.39573" lon="11.05903">
    <name>TP3059</name>
  </trkpt>
  <trkpt lat="48.39571" lon="11.05915">
    <name>TP3060</name>
  </trkpt>
  <trkpt lat="48.39567" lon="11.05935">
    <name>TP3061</name>
  </trkpt>
  <trkpt lat="48.39563" lon="11.05952">
    <name>TP3062</name>
  </trkpt>
  <trkpt lat="48.39558" lon="11.05974">
    <name>TP3063</name>
  </trkpt>
  <trkpt lat="48.39553" lon="11.05996">
    <name>TP3064</name>
  </trkpt>
  <trkpt lat="48.39548" lon="11.06019">
    <name>TP3065</name>
  </trkpt>
  <trkpt lat="48.39542" lon="11.06043">
    <name>TP3066</name>
  </trkpt>
  <trkpt lat="48.39541" lon="11.06046">
    <name>TP3067</name>
  </trkpt>
  <trkpt lat="48.39536" lon="11.06067">
    <name>TP3068</name>
  </trkpt>
  <trkpt lat="48.3953" lon="11.06089">
    <name>TP3069</name>
  </trkpt>
  <trkpt lat="48.39524" lon="11.06111">
    <name>TP3070</name>
  </trkpt>
  <trkpt lat="48.39515" lon="11.06144">
    <name>TP3071</name>
  </trkpt>
  <trkpt lat="48.39511" lon="11.06159">
    <name>TP3072</name>
  </trkpt>
  <trkpt lat="48.39508" lon="11.06169">
    <name>TP3073</name>
  </trkpt>
  <trkpt lat="48.39501" lon="11.06193">
    <name>TP3074</name>
  </trkpt>
  <trkpt lat="48.39494" lon="11.06216">
    <name>TP3075</name>
  </trkpt>
  <trkpt lat="48.39488" lon="11.06237">
    <name>TP3076</name>
  </trkpt>
  <trkpt lat="48.39486" lon="11.06243">
    <name>TP3077</name>
  </trkpt>
  <trkpt lat="48.3948" lon="11.06263">
    <name>TP3078</name>
  </trkpt>
  <trkpt lat="48.39478" lon="11.06268">
    <name>TP3079</name>
  </trkpt>
  <trkpt lat="48.39466" lon="11.06303">
    <name>TP3080</name>
  </trkpt>
  <trkpt lat="48.39453" lon="11.06341">
    <name>TP3081</name>
  </trkpt>
  <trkpt lat="48.39445" lon="11.06364">
    <name>TP3082</name>
  </trkpt>
  <trkpt lat="48.39436" lon="11.0639">
    <name>TP3083</name>
  </trkpt>
  <trkpt lat="48.39426" lon="11.06417">
    <name>TP3084</name>
  </trkpt>
  <trkpt lat="48.39411" lon="11.06456">
    <name>TP3085</name>
  </trkpt>
  <trkpt lat="48.39403" lon="11.06478">
    <name>TP3086</name>
  </trkpt>
  <trkpt lat="48.39395" lon="11.06497">
    <name>TP3087</name>
  </trkpt>
  <trkpt lat="48.3939" lon="11.0651">
    <name>TP3088</name>
  </trkpt>
  <trkpt lat="48.3938" lon="11.06533">
    <name>TP3089</name>
  </trkpt>
  <trkpt lat="48.39343" lon="11.06619">
    <name>TP3090</name>
  </trkpt>
  <trkpt lat="48.39336" lon="11.06634">
    <name>TP3091</name>
  </trkpt>
  <trkpt lat="48.39334" lon="11.06637">
    <name>TP3092</name>
  </trkpt>
  <trkpt lat="48.39324" lon="11.06659">
    <name>TP3093</name>
  </trkpt>
  <trkpt lat="48.393" lon="11.06709">
    <name>TP3094</name>
  </trkpt>
  <trkpt lat="48.3927" lon="11.06768">
    <name>TP3095</name>
  </trkpt>
  <trkpt lat="48.39264" lon="11.06778">
    <name>TP3096</name>
  </trkpt>
  <trkpt lat="48.39243" lon="11.06819">
    <name>TP3097</name>
  </trkpt>
  <trkpt lat="48.39235" lon="11.06832">
    <name>TP3098</name>
  </trkpt>
  <trkpt lat="48.3919" lon="11.06913">
    <name>TP3099</name>
  </trkpt>
  <trkpt lat="48.39162" lon="11.06961">
    <name>TP3100</name>
  </trkpt>
  <trkpt lat="48.39139" lon="11.06998">
    <name>TP3101</name>
  </trkpt>
  <trkpt lat="48.39101" lon="11.0706">
    <name>TP3102</name>
  </trkpt>
  <trkpt lat="48.39099" lon="11.07063">
    <name>TP3103</name>
  </trkpt>
  <trkpt lat="48.39088" lon="11.0708">
    <name>TP3104</name>
  </trkpt>
  <trkpt lat="48.3903" lon="11.07171">
    <name>TP3105</name>
  </trkpt>
  <trkpt lat="48.38989" lon="11.07233">
    <name>TP3106</name>
  </trkpt>
  <trkpt lat="48.38962" lon="11.07273">
    <name>TP3107</name>
  </trkpt>
  <trkpt lat="48.38941" lon="11.07304">
    <name>TP3108</name>
  </trkpt>
  <trkpt lat="48.38928" lon="11.07323">
    <name>TP3109</name>
  </trkpt>
  <trkpt lat="48.38883" lon="11.07389">
    <name>TP3110</name>
  </trkpt>
  <trkpt lat="48.38851" lon="11.07436">
    <name>TP3111</name>
  </trkpt>
  <trkpt lat="48.38828" lon="11.07472">
    <name>TP3112</name>
  </trkpt>
  <trkpt lat="48.38818" lon="11.07486">
    <name>TP3113</name>
  </trkpt>
  <trkpt lat="48.38814" lon="11.07492">
    <name>TP3114</name>
  </trkpt>
  <trkpt lat="48.38801" lon="11.07511">
    <name>TP3115</name>
  </trkpt>
  <trkpt lat="48.38783" lon="11.07536">
    <name>TP3116</name>
  </trkpt>
  <trkpt lat="48.38783" lon="11.07537">
    <name>TP3117</name>
  </trkpt>
  <trkpt lat="48.38757" lon="11.07574">
    <name>TP3118</name>
  </trkpt>
  <trkpt lat="48.38732" lon="11.07612">
    <name>TP3119</name>
  </trkpt>
  <trkpt lat="48.38726" lon="11.0762">
    <name>TP3120</name>
  </trkpt>
  <trkpt lat="48.38699" lon="11.0766">
    <name>TP3121</name>
  </trkpt>
  <trkpt lat="48.38688" lon="11.07677">
    <name>TP3122</name>
  </trkpt>
  <trkpt lat="48.38654" lon="11.07726">
    <name>TP3123</name>
  </trkpt>
  <trkpt lat="48.38646" lon="11.07738">
    <name>TP3124</name>
  </trkpt>
  <trkpt lat="48.38633" lon="11.07757">
    <name>TP3125</name>
  </trkpt>
  <trkpt lat="48.3862" lon="11.07776">
    <name>TP3126</name>
  </trkpt>
  <trkpt lat="48.38609" lon="11.07792">
    <name>TP3127</name>
  </trkpt>
  <trkpt lat="48.38598" lon="11.07808">
    <name>TP3128</name>
  </trkpt>
  <trkpt lat="48.38596" lon="11.07811">
    <name>TP3129</name>
  </trkpt>
  <trkpt lat="48.38584" lon="11.07828">
    <name>TP3130</name>
  </trkpt>
  <trkpt lat="48.38572" lon="11.07846">
    <name>TP3131</name>
  </trkpt>
  <trkpt lat="48.38559" lon="11.07865">
    <name>TP3132</name>
  </trkpt>
  <trkpt lat="48.38546" lon="11.07883">
    <name>TP3133</name>
  </trkpt>
  <trkpt lat="48.38546" lon="11.07884">
    <name>TP3134</name>
  </trkpt>
  <trkpt lat="48.38527" lon="11.07912">
    <name>TP3135</name>
  </trkpt>
  <trkpt lat="48.38511" lon="11.07935">
    <name>TP3136</name>
  </trkpt>
  <trkpt lat="48.38501" lon="11.07949">
    <name>TP3137</name>
  </trkpt>
  <trkpt lat="48.38498" lon="11.07954">
    <name>TP3138</name>
  </trkpt>
  <trkpt lat="48.38485" lon="11.07973">
    <name>TP3139</name>
  </trkpt>
  <trkpt lat="48.38472" lon="11.07991">
    <name>TP3140</name>
  </trkpt>
  <trkpt lat="48.38451" lon="11.08022">
    <name>TP3141</name>
  </trkpt>
  <trkpt lat="48.38441" lon="11.08038">
    <name>TP3142</name>
  </trkpt>
  <trkpt lat="48.38432" lon="11.08051">
    <name>TP3143</name>
  </trkpt>
  <trkpt lat="48.38425" lon="11.08061">
    <name>TP3144</name>
  </trkpt>
  <trkpt lat="48.38422" lon="11.08066">
    <name>TP3145</name>
  </trkpt>
  <trkpt lat="48.38408" lon="11.08086">
    <name>TP3146</name>
  </trkpt>
  <trkpt lat="48.38382" lon="11.08124">
    <name>TP3147</name>
  </trkpt>
  <trkpt lat="48.38365" lon="11.0815">
    <name>TP3148</name>
  </trkpt>
  <trkpt lat="48.38355" lon="11.08163">
    <name>TP3149</name>
  </trkpt>
  <trkpt lat="48.38339" lon="11.08188">
    <name>TP3150</name>
  </trkpt>
  <trkpt lat="48.38329" lon="11.08201">
    <name>TP3151</name>
  </trkpt>
  <trkpt lat="48.38317" lon="11.0822">
    <name>TP3152</name>
  </trkpt>
  <trkpt lat="48.38315" lon="11.08222">
    <name>TP3153</name>
  </trkpt>
  <trkpt lat="48.38305" lon="11.08237">
    <name>TP3154</name>
  </trkpt>
  <trkpt lat="48.38302" lon="11.0824">
    <name>TP3155</name>
  </trkpt>
  <trkpt lat="48.38294" lon="11.08252">
    <name>TP3156</name>
  </trkpt>
  <trkpt lat="48.38281" lon="11.08271">
    <name>TP3157</name>
  </trkpt>
  <trkpt lat="48.38268" lon="11.0829">
    <name>TP3158</name>
  </trkpt>
  <trkpt lat="48.38256" lon="11.08309">
    <name>TP3159</name>
  </trkpt>
  <trkpt lat="48.38243" lon="11.08328">
    <name>TP3160</name>
  </trkpt>
  <trkpt lat="48.3823" lon="11.08347">
    <name>TP3161</name>
  </trkpt>
  <trkpt lat="48.38217" lon="11.08366">
    <name>TP3162</name>
  </trkpt>
  <trkpt lat="48.38205" lon="11.08383">
    <name>TP3163</name>
  </trkpt>
  <trkpt lat="48.38195" lon="11.08397">
    <name>TP3164</name>
  </trkpt>
  <trkpt lat="48.38187" lon="11.08411">
    <name>TP3165</name>
  </trkpt>
  <trkpt lat="48.38126" lon="11.08502">
    <name>TP3166</name>
  </trkpt>
  <trkpt lat="48.38114" lon="11.08519">
    <name>TP3167</name>
  </trkpt>
  <trkpt lat="48.38079" lon="11.08572">
    <name>TP3168</name>
  </trkpt>
  <trkpt lat="48.38066" lon="11.08592">
    <name>TP3169</name>
  </trkpt>
  <trkpt lat="48.38052" lon="11.08614">
    <name>TP3170</name>
  </trkpt>
  <trkpt lat="48.38037" lon="11.08637">
    <name>TP3171</name>
  </trkpt>
  <trkpt lat="48.38017" lon="11.08668">
    <name>TP3172</name>
  </trkpt>
  <trkpt lat="48.38003" lon="11.0869">
    <name>TP3173</name>
  </trkpt>
  <trkpt lat="48.38002" lon="11.08692">
    <name>TP3174</name>
  </trkpt>
  <trkpt lat="48.37993" lon="11.08707">
    <name>TP3175</name>
  </trkpt>
  <trkpt lat="48.3798" lon="11.08727">
    <name>TP3176</name>
  </trkpt>
  <trkpt lat="48.37965" lon="11.08751">
    <name>TP3177</name>
  </trkpt>
  <trkpt lat="48.37959" lon="11.0876">
    <name>TP3178</name>
  </trkpt>
  <trkpt lat="48.37952" lon="11.08771">
    <name>TP3179</name>
  </trkpt>
  <trkpt lat="48.37948" lon="11.08778">
    <name>TP3180</name>
  </trkpt>
  <trkpt lat="48.37929" lon="11.08806">
    <name>TP3181</name>
  </trkpt>
  <trkpt lat="48.37924" lon="11.08814">
    <name>TP3182</name>
  </trkpt>
  <trkpt lat="48.37905" lon="11.08841">
    <name>TP3183</name>
  </trkpt>
  <trkpt lat="48.37879" lon="11.08882">
    <name>TP3184</name>
  </trkpt>
  <trkpt lat="48.37856" lon="11.08918">
    <name>TP3185</name>
  </trkpt>
  <trkpt lat="48.37832" lon="11.08957">
    <name>TP3186</name>
  </trkpt>
  <trkpt lat="48.37745" lon="11.09092">
    <name>TP3187</name>
  </trkpt>
  <trkpt lat="48.37696" lon="11.0917">
    <name>TP3188</name>
  </trkpt>
  <trkpt lat="48.37684" lon="11.0919">
    <name>TP3189</name>
  </trkpt>
  <trkpt lat="48.37672" lon="11.09209">
    <name>TP3190</name>
  </trkpt>
  <trkpt lat="48.37664" lon="11.09222">
    <name>TP3191</name>
  </trkpt>
  <trkpt lat="48.37646" lon="11.09252">
    <name>TP3192</name>
  </trkpt>
  <trkpt lat="48.37625" lon="11.09286">
    <name>TP3193</name>
  </trkpt>
  <trkpt lat="48.37622" lon="11.0929">
    <name>TP3194</name>
  </trkpt>
  <trkpt lat="48.3761" lon="11.09307">
    <name>TP3195</name>
  </trkpt>
  <trkpt lat="48.37603" lon="11.09319">
    <name>TP3196</name>
  </trkpt>
  <trkpt lat="48.37534" lon="11.09428">
    <name>TP3197</name>
  </trkpt>
  <trkpt lat="48.37506" lon="11.09472">
    <name>TP3198</name>
  </trkpt>
  <trkpt lat="48.37462" lon="11.09542">
    <name>TP3199</name>
  </trkpt>
  <trkpt lat="48.37443" lon="11.09573">
    <name>TP3200</name>
  </trkpt>
  <trkpt lat="48.37356" lon="11.0971">
    <name>TP3201</name>
  </trkpt>
  <trkpt lat="48.37314" lon="11.09777">
    <name>TP3202</name>
  </trkpt>
  <trkpt lat="48.3728" lon="11.09831">
    <name>TP3203</name>
  </trkpt>
  <trkpt lat="48.37216" lon="11.0993">
    <name>TP3204</name>
  </trkpt>
  <trkpt lat="48.37194" lon="11.09966">
    <name>TP3205</name>
  </trkpt>
  <trkpt lat="48.37175" lon="11.09998">
    <name>TP3206</name>
  </trkpt>
  <trkpt lat="48.37146" lon="11.10046">
    <name>TP3207</name>
  </trkpt>
  <trkpt lat="48.37137" lon="11.10061">
    <name>TP3208</name>
  </trkpt>
  <trkpt lat="48.37117" lon="11.10096">
    <name>TP3209</name>
  </trkpt>
  <trkpt lat="48.37107" lon="11.10112">
    <name>TP3210</name>
  </trkpt>
  <trkpt lat="48.37076" lon="11.10167">
    <name>TP3211</name>
  </trkpt>
  <trkpt lat="48.37021" lon="11.10274">
    <name>TP3212</name>
  </trkpt>
  <trkpt lat="48.36988" lon="11.10347">
    <name>TP3213</name>
  </trkpt>
  <trkpt lat="48.36982" lon="11.10359">
    <name>TP3214</name>
  </trkpt>
  <trkpt lat="48.36963" lon="11.10404">
    <name>TP3215</name>
  </trkpt>
  <trkpt lat="48.36953" lon="11.10426">
    <name>TP3216</name>
  </trkpt>
  <trkpt lat="48.36939" lon="11.10461">
    <name>TP3217</name>
  </trkpt>
  <trkpt lat="48.36937" lon="11.10466">
    <name>TP3218</name>
  </trkpt>
  <trkpt lat="48.36922" lon="11.10504">
    <name>TP3219</name>
  </trkpt>
  <trkpt lat="48.36904" lon="11.10551">
    <name>TP3220</name>
  </trkpt>
  <trkpt lat="48.36884" lon="11.10604">
    <name>TP3221</name>
  </trkpt>
  <trkpt lat="48.36857" lon="11.10685">
    <name>TP3222</name>
  </trkpt>
  <trkpt lat="48.36855" lon="11.10692">
    <name>TP3223</name>
  </trkpt>
  <trkpt lat="48.36852" lon="11.107">
    <name>TP3224</name>
  </trkpt>
  <trkpt lat="48.36851" lon="11.10705">
    <name>TP3225</name>
  </trkpt>
  <trkpt lat="48.36845" lon="11.10723">
    <name>TP3226</name>
  </trkpt>
  <trkpt lat="48.36843" lon="11.1073">
    <name>TP3227</name>
  </trkpt>
  <trkpt lat="48.36836" lon="11.10752">
    <name>TP3228</name>
  </trkpt>
  <trkpt lat="48.36828" lon="11.10779">
    <name>TP3229</name>
  </trkpt>
  <trkpt lat="48.36826" lon="11.10785">
    <name>TP3230</name>
  </trkpt>
  <trkpt lat="48.36821" lon="11.10804">
    <name>TP3231</name>
  </trkpt>
  <trkpt lat="48.36814" lon="11.10829">
    <name>TP3232</name>
  </trkpt>
  <trkpt lat="48.3681" lon="11.10844">
    <name>TP3233</name>
  </trkpt>
  <trkpt lat="48.36808" lon="11.10849">
    <name>TP3234</name>
  </trkpt>
  <trkpt lat="48.36803" lon="11.10868">
    <name>TP3235</name>
  </trkpt>
  <trkpt lat="48.36796" lon="11.10894">
    <name>TP3236</name>
  </trkpt>
  <trkpt lat="48.3679" lon="11.10919">
    <name>TP3237</name>
  </trkpt>
  <trkpt lat="48.36789" lon="11.10922">
    <name>TP3238</name>
  </trkpt>
  <trkpt lat="48.36783" lon="11.10944">
    <name>TP3239</name>
  </trkpt>
  <trkpt lat="48.36777" lon="11.10969">
    <name>TP3240</name>
  </trkpt>
  <trkpt lat="48.36761" lon="11.11037">
    <name>TP3241</name>
  </trkpt>
  <trkpt lat="48.36758" lon="11.11046">
    <name>TP3242</name>
  </trkpt>
  <trkpt lat="48.36731" lon="11.11165">
    <name>TP3243</name>
  </trkpt>
  <trkpt lat="48.36709" lon="11.11259">
    <name>TP3244</name>
  </trkpt>
  <trkpt lat="48.36699" lon="11.11299">
    <name>TP3245</name>
  </trkpt>
  <trkpt lat="48.36677" lon="11.11388">
    <name>TP3246</name>
  </trkpt>
  <trkpt lat="48.36662" lon="11.11446">
    <name>TP3247</name>
  </trkpt>
  <trkpt lat="48.3665" lon="11.11492">
    <name>TP3248</name>
  </trkpt>
  <trkpt lat="48.36646" lon="11.11507">
    <name>TP3249</name>
  </trkpt>
  <trkpt lat="48.36638" lon="11.11534">
    <name>TP3250</name>
  </trkpt>
  <trkpt lat="48.36629" lon="11.11567">
    <name>TP3251</name>
  </trkpt>
  <trkpt lat="48.36623" lon="11.11587">
    <name>TP3252</name>
  </trkpt>
  <trkpt lat="48.3662" lon="11.11598">
    <name>TP3253</name>
  </trkpt>
  <trkpt lat="48.36612" lon="11.11622">
    <name>TP3254</name>
  </trkpt>
  <trkpt lat="48.366" lon="11.1166">
    <name>TP3255</name>
  </trkpt>
  <trkpt lat="48.36585" lon="11.11703">
    <name>TP3256</name>
  </trkpt>
  <trkpt lat="48.36575" lon="11.11732">
    <name>TP3257</name>
  </trkpt>
  <trkpt lat="48.36552" lon="11.11797">
    <name>TP3258</name>
  </trkpt>
  <trkpt lat="48.36545" lon="11.11815">
    <name>TP3259</name>
  </trkpt>
  <trkpt lat="48.3654" lon="11.11829">
    <name>TP3260</name>
  </trkpt>
  <trkpt lat="48.36529" lon="11.11857">
    <name>TP3261</name>
  </trkpt>
  <trkpt lat="48.36525" lon="11.11866">
    <name>TP3262</name>
  </trkpt>
  <trkpt lat="48.36523" lon="11.11871">
    <name>TP3263</name>
  </trkpt>
  <trkpt lat="48.36522" lon="11.11874">
    <name>TP3264</name>
  </trkpt>
  <trkpt lat="48.3652" lon="11.11879">
    <name>TP3265</name>
  </trkpt>
  <trkpt lat="48.36511" lon="11.11901">
    <name>TP3266</name>
  </trkpt>
  <trkpt lat="48.36498" lon="11.11933">
    <name>TP3267</name>
  </trkpt>
  <trkpt lat="48.36497" lon="11.11935">
    <name>TP3268</name>
  </trkpt>
  <trkpt lat="48.36483" lon="11.11965">
    <name>TP3269</name>
  </trkpt>
  <trkpt lat="48.36472" lon="11.1199">
    <name>TP3270</name>
  </trkpt>
  <trkpt lat="48.36455" lon="11.12028">
    <name>TP3271</name>
  </trkpt>
  <trkpt lat="48.36452" lon="11.12034">
    <name>TP3272</name>
  </trkpt>
  <trkpt lat="48.36426" lon="11.12089">
    <name>TP3273</name>
  </trkpt>
  <trkpt lat="48.36422" lon="11.12098">
    <name>TP3274</name>
  </trkpt>
  <trkpt lat="48.36403" lon="11.12136">
    <name>TP3275</name>
  </trkpt>
  <trkpt lat="48.36402" lon="11.12138">
    <name>TP3276</name>
  </trkpt>
  <trkpt lat="48.36401" lon="11.12141">
    <name>TP3277</name>
  </trkpt>
  <trkpt lat="48.36368" lon="11.12203">
    <name>TP3278</name>
  </trkpt>
  <trkpt lat="48.36335" lon="11.12263">
    <name>TP3279</name>
  </trkpt>
  <trkpt lat="48.36323" lon="11.12283">
    <name>TP3280</name>
  </trkpt>
  <trkpt lat="48.36301" lon="11.12319">
    <name>TP3281</name>
  </trkpt>
  <trkpt lat="48.36285" lon="11.12347">
    <name>TP3282</name>
  </trkpt>
  <trkpt lat="48.36279" lon="11.12355">
    <name>TP3283</name>
  </trkpt>
  <trkpt lat="48.36242" lon="11.12413">
    <name>TP3284</name>
  </trkpt>
  <trkpt lat="48.36231" lon="11.1243">
    <name>TP3285</name>
  </trkpt>
  <trkpt lat="48.36214" lon="11.12455">
    <name>TP3286</name>
  </trkpt>
  <trkpt lat="48.36208" lon="11.12463">
    <name>TP3287</name>
  </trkpt>
  <trkpt lat="48.362" lon="11.12475">
    <name>TP3288</name>
  </trkpt>
  <trkpt lat="48.36187" lon="11.12492">
    <name>TP3289</name>
  </trkpt>
  <trkpt lat="48.36178" lon="11.12506">
    <name>TP3290</name>
  </trkpt>
  <trkpt lat="48.36164" lon="11.12526">
    <name>TP3291</name>
  </trkpt>
  <trkpt lat="48.36159" lon="11.12532">
    <name>TP3292</name>
  </trkpt>
  <trkpt lat="48.3613" lon="11.12572">
    <name>TP3293</name>
  </trkpt>
  <trkpt lat="48.3613" lon="11.12573">
    <name>TP3294</name>
  </trkpt>
  <trkpt lat="48.36092" lon="11.12623">
    <name>TP3295</name>
  </trkpt>
  <trkpt lat="48.36061" lon="11.1266">
    <name>TP3296</name>
  </trkpt>
  <trkpt lat="48.36054" lon="11.12667">
    <name>TP3297</name>
  </trkpt>
  <trkpt lat="48.36043" lon="11.12681">
    <name>TP3298</name>
  </trkpt>
  <trkpt lat="48.36037" lon="11.12688">
    <name>TP3299</name>
  </trkpt>
  <trkpt lat="48.36022" lon="11.12704">
    <name>TP3300</name>
  </trkpt>
  <trkpt lat="48.3601" lon="11.12718">
    <name>TP3301</name>
  </trkpt>
  <trkpt lat="48.35993" lon="11.12737">
    <name>TP3302</name>
  </trkpt>
  <trkpt lat="48.35979" lon="11.12752">
    <name>TP3303</name>
  </trkpt>
  <trkpt lat="48.35965" lon="11.12766">
    <name>TP3304</name>
  </trkpt>
  <trkpt lat="48.35954" lon="11.12779">
    <name>TP3305</name>
  </trkpt>
  <trkpt lat="48.35952" lon="11.1278">
    <name>TP3306</name>
  </trkpt>
  <trkpt lat="48.35939" lon="11.12794">
    <name>TP3307</name>
  </trkpt>
  <trkpt lat="48.35925" lon="11.12809">
    <name>TP3308</name>
  </trkpt>
  <trkpt lat="48.35922" lon="11.12811">
    <name>TP3309</name>
  </trkpt>
  <trkpt lat="48.35896" lon="11.12836">
    <name>TP3310</name>
  </trkpt>
  <trkpt lat="48.35876" lon="11.12854">
    <name>TP3311</name>
  </trkpt>
  <trkpt lat="48.35861" lon="11.12868">
    <name>TP3312</name>
  </trkpt>
  <trkpt lat="48.35809" lon="11.12913">
    <name>TP3313</name>
  </trkpt>
  <trkpt lat="48.35757" lon="11.12957">
    <name>TP3314</name>
  </trkpt>
  <trkpt lat="48.35735" lon="11.12975">
    <name>TP3315</name>
  </trkpt>
  <trkpt lat="48.35731" lon="11.12977">
    <name>TP3316</name>
  </trkpt>
  <trkpt lat="48.35706" lon="11.12998">
    <name>TP3317</name>
  </trkpt>
  <trkpt lat="48.35681" lon="11.13019">
    <name>TP3318</name>
  </trkpt>
  <trkpt lat="48.35681" lon="11.1302">
    <name>TP3319</name>
  </trkpt>
  <trkpt lat="48.35665" lon="11.13033">
    <name>TP3320</name>
  </trkpt>
  <trkpt lat="48.35605" lon="11.13081">
    <name>TP3321</name>
  </trkpt>
  <trkpt lat="48.35587" lon="11.13095">
    <name>TP3322</name>
  </trkpt>
  <trkpt lat="48.35585" lon="11.13097">
    <name>TP3323</name>
  </trkpt>
  <trkpt lat="48.35569" lon="11.1311">
    <name>TP3324</name>
  </trkpt>
  <trkpt lat="48.35554" lon="11.13122">
    <name>TP3325</name>
  </trkpt>
  <trkpt lat="48.35538" lon="11.13135">
    <name>TP3326</name>
  </trkpt>
  <trkpt lat="48.35519" lon="11.13151">
    <name>TP3327</name>
  </trkpt>
  <trkpt lat="48.35494" lon="11.13171">
    <name>TP3328</name>
  </trkpt>
  <trkpt lat="48.3549" lon="11.13175">
    <name>TP3329</name>
  </trkpt>
  <trkpt lat="48.35459" lon="11.132">
    <name>TP3330</name>
  </trkpt>
  <trkpt lat="48.35443" lon="11.13213">
    <name>TP3331</name>
  </trkpt>
  <trkpt lat="48.35411" lon="11.13239">
    <name>TP3332</name>
  </trkpt>
  <trkpt lat="48.35383" lon="11.13262">
    <name>TP3333</name>
  </trkpt>
  <trkpt lat="48.3538" lon="11.13265">
    <name>TP3334</name>
  </trkpt>
  <trkpt lat="48.35332" lon="11.13305">
    <name>TP3335</name>
  </trkpt>
  <trkpt lat="48.35323" lon="11.13312">
    <name>TP3336</name>
  </trkpt>
  <trkpt lat="48.35304" lon="11.13328">
    <name>TP3337</name>
  </trkpt>
  <trkpt lat="48.35295" lon="11.13335">
    <name>TP3338</name>
  </trkpt>
  <trkpt lat="48.35284" lon="11.13345">
    <name>TP3339</name>
  </trkpt>
  <trkpt lat="48.35277" lon="11.13352">
    <name>TP3340</name>
  </trkpt>
  <trkpt lat="48.35269" lon="11.13358">
    <name>TP3341</name>
  </trkpt>
  <trkpt lat="48.35263" lon="11.13365">
    <name>TP3342</name>
  </trkpt>
  <trkpt lat="48.35254" lon="11.13372">
    <name>TP3343</name>
  </trkpt>
  <trkpt lat="48.35249" lon="11.13377">
    <name>TP3344</name>
  </trkpt>
  <trkpt lat="48.3523" lon="11.13395">
    <name>TP3345</name>
  </trkpt>
  <trkpt lat="48.35175" lon="11.13449">
    <name>TP3346</name>
  </trkpt>
  <trkpt lat="48.35155" lon="11.13469">
    <name>TP3347</name>
  </trkpt>
  <trkpt lat="48.3514" lon="11.13485">
    <name>TP3348</name>
  </trkpt>
  <trkpt lat="48.35135" lon="11.1349">
    <name>TP3349</name>
  </trkpt>
  <trkpt lat="48.35107" lon="11.1352">
    <name>TP3350</name>
  </trkpt>
  <trkpt lat="48.35094" lon="11.13535">
    <name>TP3351</name>
  </trkpt>
  <trkpt lat="48.35078" lon="11.13553">
    <name>TP3352</name>
  </trkpt>
  <trkpt lat="48.35067" lon="11.13565">
    <name>TP3353</name>
  </trkpt>
  <trkpt lat="48.35027" lon="11.13614">
    <name>TP3354</name>
  </trkpt>
  <trkpt lat="48.34999" lon="11.13649">
    <name>TP3355</name>
  </trkpt>
  <trkpt lat="48.34961" lon="11.13699">
    <name>TP3356</name>
  </trkpt>
  <trkpt lat="48.34951" lon="11.13712">
    <name>TP3357</name>
  </trkpt>
  <trkpt lat="48.34947" lon="11.13718">
    <name>TP3358</name>
  </trkpt>
  <trkpt lat="48.34933" lon="11.13737">
    <name>TP3359</name>
  </trkpt>
  <trkpt lat="48.34914" lon="11.13763">
    <name>TP3360</name>
  </trkpt>
  <trkpt lat="48.3487" lon="11.13828">
    <name>TP3361</name>
  </trkpt>
  <trkpt lat="48.34846" lon="11.13866">
    <name>TP3362</name>
  </trkpt>
  <trkpt lat="48.34842" lon="11.13873">
    <name>TP3363</name>
  </trkpt>
  <trkpt lat="48.34801" lon="11.13939">
    <name>TP3364</name>
  </trkpt>
  <trkpt lat="48.34781" lon="11.13972">
    <name>TP3365</name>
  </trkpt>
  <trkpt lat="48.3478" lon="11.13974">
    <name>TP3366</name>
  </trkpt>
  <trkpt lat="48.34751" lon="11.14024">
    <name>TP3367</name>
  </trkpt>
  <trkpt lat="48.34739" lon="11.14048">
    <name>TP3368</name>
  </trkpt>
  <trkpt lat="48.34716" lon="11.1409">
    <name>TP3369</name>
  </trkpt>
  <trkpt lat="48.34712" lon="11.14098">
    <name>TP3370</name>
  </trkpt>
  <trkpt lat="48.34702" lon="11.14118">
    <name>TP3371</name>
  </trkpt>
  <trkpt lat="48.34683" lon="11.14156">
    <name>TP3372</name>
  </trkpt>
  <trkpt lat="48.34675" lon="11.14174">
    <name>TP3373</name>
  </trkpt>
  <trkpt lat="48.34665" lon="11.14195">
    <name>TP3374</name>
  </trkpt>
  <trkpt lat="48.34659" lon="11.14206">
    <name>TP3375</name>
  </trkpt>
  <trkpt lat="48.34645" lon="11.14235">
    <name>TP3376</name>
  </trkpt>
  <trkpt lat="48.34589" lon="11.14354">
    <name>TP3377</name>
  </trkpt>
  <trkpt lat="48.34524" lon="11.14495">
    <name>TP3378</name>
  </trkpt>
  <trkpt lat="48.34467" lon="11.14616">
    <name>TP3379</name>
  </trkpt>
  <trkpt lat="48.34455" lon="11.14644">
    <name>TP3380</name>
  </trkpt>
  <trkpt lat="48.34454" lon="11.14645">
    <name>TP3381</name>
  </trkpt>
  <trkpt lat="48.34425" lon="11.14708">
    <name>TP3382</name>
  </trkpt>
  <trkpt lat="48.34414" lon="11.14731">
    <name>TP3383</name>
  </trkpt>
  <trkpt lat="48.34402" lon="11.14756">
    <name>TP3384</name>
  </trkpt>
  <trkpt lat="48.34398" lon="11.14765">
    <name>TP3385</name>
  </trkpt>
  <trkpt lat="48.34391" lon="11.14779">
    <name>TP3386</name>
  </trkpt>
  <trkpt lat="48.34384" lon="11.14796">
    <name>TP3387</name>
  </trkpt>
  <trkpt lat="48.34377" lon="11.1481">
    <name>TP3388</name>
  </trkpt>
  <trkpt lat="48.34371" lon="11.14822">
    <name>TP3389</name>
  </trkpt>
  <trkpt lat="48.34346" lon="11.14876">
    <name>TP3390</name>
  </trkpt>
  <trkpt lat="48.34343" lon="11.14883">
    <name>TP3391</name>
  </trkpt>
  <trkpt lat="48.34326" lon="11.1492">
    <name>TP3392</name>
  </trkpt>
  <trkpt lat="48.34325" lon="11.14921">
    <name>TP3393</name>
  </trkpt>
  <trkpt lat="48.34271" lon="11.15039">
    <name>TP3394</name>
  </trkpt>
  <trkpt lat="48.34235" lon="11.15115">
    <name>TP3395</name>
  </trkpt>
  <trkpt lat="48.3423" lon="11.15126">
    <name>TP3396</name>
  </trkpt>
  <trkpt lat="48.34213" lon="11.15161">
    <name>TP3397</name>
  </trkpt>
  <trkpt lat="48.34205" lon="11.15179">
    <name>TP3398</name>
  </trkpt>
  <trkpt lat="48.34195" lon="11.15199">
    <name>TP3399</name>
  </trkpt>
  <trkpt lat="48.34185" lon="11.1522">
    <name>TP3400</name>
  </trkpt>
  <trkpt lat="48.34177" lon="11.15238">
    <name>TP3401</name>
  </trkpt>
  <trkpt lat="48.34165" lon="11.15262">
    <name>TP3402</name>
  </trkpt>
  <trkpt lat="48.34157" lon="11.15278">
    <name>TP3403</name>
  </trkpt>
  <trkpt lat="48.34149" lon="11.15295">
    <name>TP3404</name>
  </trkpt>
  <trkpt lat="48.34145" lon="11.15302">
    <name>TP3405</name>
  </trkpt>
  <trkpt lat="48.34124" lon="11.15345">
    <name>TP3406</name>
  </trkpt>
  <trkpt lat="48.34121" lon="11.1535">
    <name>TP3407</name>
  </trkpt>
  <trkpt lat="48.34115" lon="11.1536">
    <name>TP3408</name>
  </trkpt>
  <trkpt lat="48.34112" lon="11.15367">
    <name>TP3409</name>
  </trkpt>
  <trkpt lat="48.34088" lon="11.1541">
    <name>TP3410</name>
  </trkpt>
  <trkpt lat="48.34059" lon="11.1546">
    <name>TP3411</name>
  </trkpt>
  <trkpt lat="48.34056" lon="11.15467">
    <name>TP3412</name>
  </trkpt>
  <trkpt lat="48.34031" lon="11.15508">
    <name>TP3413</name>
  </trkpt>
  <trkpt lat="48.33995" lon="11.15566">
    <name>TP3414</name>
  </trkpt>
  <trkpt lat="48.33975" lon="11.15595">
    <name>TP3415</name>
  </trkpt>
  <trkpt lat="48.33951" lon="11.1563">
    <name>TP3416</name>
  </trkpt>
  <trkpt lat="48.33948" lon="11.15635">
    <name>TP3417</name>
  </trkpt>
  <trkpt lat="48.33928" lon="11.15662">
    <name>TP3418</name>
  </trkpt>
  <trkpt lat="48.33909" lon="11.15688">
    <name>TP3419</name>
  </trkpt>
  <trkpt lat="48.33904" lon="11.15696">
    <name>TP3420</name>
  </trkpt>
  <trkpt lat="48.33896" lon="11.15706">
    <name>TP3421</name>
  </trkpt>
  <trkpt lat="48.33882" lon="11.15724">
    <name>TP3422</name>
  </trkpt>
  <trkpt lat="48.33879" lon="11.15728">
    <name>TP3423</name>
  </trkpt>
  <trkpt lat="48.33867" lon="11.15743">
    <name>TP3424</name>
  </trkpt>
  <trkpt lat="48.33853" lon="11.1576">
    <name>TP3425</name>
  </trkpt>
  <trkpt lat="48.33828" lon="11.15791">
    <name>TP3426</name>
  </trkpt>
  <trkpt lat="48.33827" lon="11.15793">
    <name>TP3427</name>
  </trkpt>
  <trkpt lat="48.33819" lon="11.15802">
    <name>TP3428</name>
  </trkpt>
  <trkpt lat="48.33803" lon="11.1582">
    <name>TP3429</name>
  </trkpt>
  <trkpt lat="48.33784" lon="11.15842">
    <name>TP3430</name>
  </trkpt>
  <trkpt lat="48.33769" lon="11.15858">
    <name>TP3431</name>
  </trkpt>
  <trkpt lat="48.33764" lon="11.15863">
    <name>TP3432</name>
  </trkpt>
  <trkpt lat="48.33755" lon="11.15874">
    <name>TP3433</name>
  </trkpt>
  <trkpt lat="48.33747" lon="11.15883">
    <name>TP3434</name>
  </trkpt>
  <trkpt lat="48.33738" lon="11.15892">
    <name>TP3435</name>
  </trkpt>
  <trkpt lat="48.33736" lon="11.15895">
    <name>TP3436</name>
  </trkpt>
  <trkpt lat="48.33732" lon="11.15898">
    <name>TP3437</name>
  </trkpt>
  <trkpt lat="48.33725" lon="11.15906">
    <name>TP3438</name>
  </trkpt>
  <trkpt lat="48.33721" lon="11.1591">
    <name>TP3439</name>
  </trkpt>
  <trkpt lat="48.33717" lon="11.15914">
    <name>TP3440</name>
  </trkpt>
  <trkpt lat="48.33704" lon="11.15927">
    <name>TP3441</name>
  </trkpt>
  <trkpt lat="48.33691" lon="11.1594">
    <name>TP3442</name>
  </trkpt>
  <trkpt lat="48.33689" lon="11.15942">
    <name>TP3443</name>
  </trkpt>
  <trkpt lat="48.33685" lon="11.15946">
    <name>TP3444</name>
  </trkpt>
  <trkpt lat="48.33676" lon="11.15955">
    <name>TP3445</name>
  </trkpt>
  <trkpt lat="48.33674" lon="11.15957">
    <name>TP3446</name>
  </trkpt>
  <trkpt lat="48.33672" lon="11.15959">
    <name>TP3447</name>
  </trkpt>
  <trkpt lat="48.33671" lon="11.1596">
    <name>TP3448</name>
  </trkpt>
  <trkpt lat="48.33661" lon="11.1597">
    <name>TP3449</name>
  </trkpt>
  <trkpt lat="48.33657" lon="11.15974">
    <name>TP3450</name>
  </trkpt>
  <trkpt lat="48.33645" lon="11.15985">
    <name>TP3451</name>
  </trkpt>
  <trkpt lat="48.33629" lon="11.16001">
    <name>TP3452</name>
  </trkpt>
  <trkpt lat="48.33626" lon="11.16004">
    <name>TP3453</name>
  </trkpt>
  <trkpt lat="48.33617" lon="11.16012">
    <name>TP3454</name>
  </trkpt>
  <trkpt lat="48.33615" lon="11.16014">
    <name>TP3455</name>
  </trkpt>
  <trkpt lat="48.33613" lon="11.16016">
    <name>TP3456</name>
  </trkpt>
  <trkpt lat="48.33598" lon="11.1603">
    <name>TP3457</name>
  </trkpt>
  <trkpt lat="48.33589" lon="11.16038">
    <name>TP3458</name>
  </trkpt>
  <trkpt lat="48.33585" lon="11.16042">
    <name>TP3459</name>
  </trkpt>
  <trkpt lat="48.33583" lon="11.16044">
    <name>TP3460</name>
  </trkpt>
  <trkpt lat="48.33581" lon="11.16045">
    <name>TP3461</name>
  </trkpt>
  <trkpt lat="48.33568" lon="11.16058">
    <name>TP3462</name>
  </trkpt>
  <trkpt lat="48.33566" lon="11.1606">
    <name>TP3463</name>
  </trkpt>
  <trkpt lat="48.33552" lon="11.16072">
    <name>TP3464</name>
  </trkpt>
  <trkpt lat="48.33551" lon="11.16074">
    <name>TP3465</name>
  </trkpt>
  <trkpt lat="48.33547" lon="11.16077">
    <name>TP3466</name>
  </trkpt>
  <trkpt lat="48.33539" lon="11.16085">
    <name>TP3467</name>
  </trkpt>
  <trkpt lat="48.33534" lon="11.16089">
    <name>TP3468</name>
  </trkpt>
  <trkpt lat="48.33534" lon="11.1609">
    <name>TP3469</name>
  </trkpt>
  <trkpt lat="48.33522" lon="11.16101">
    <name>TP3470</name>
  </trkpt>
  <trkpt lat="48.33519" lon="11.16103">
    <name>TP3471</name>
  </trkpt>
  <trkpt lat="48.33504" lon="11.16116">
    <name>TP3472</name>
  </trkpt>
  <trkpt lat="48.33493" lon="11.16127">
    <name>TP3473</name>
  </trkpt>
  <trkpt lat="48.33491" lon="11.16129">
    <name>TP3474</name>
  </trkpt>
  <trkpt lat="48.33478" lon="11.1614">
    <name>TP3475</name>
  </trkpt>
  <trkpt lat="48.3345" lon="11.16166">
    <name>TP3476</name>
  </trkpt>
  <trkpt lat="48.33441" lon="11.16174">
    <name>TP3477</name>
  </trkpt>
  <trkpt lat="48.33427" lon="11.16187">
    <name>TP3478</name>
  </trkpt>
  <trkpt lat="48.33424" lon="11.16189">
    <name>TP3479</name>
  </trkpt>
  <trkpt lat="48.33394" lon="11.16217">
    <name>TP3480</name>
  </trkpt>
  <trkpt lat="48.33367" lon="11.16242">
    <name>TP3481</name>
  </trkpt>
  <trkpt lat="48.33352" lon="11.16256">
    <name>TP3482</name>
  </trkpt>
  <trkpt lat="48.33339" lon="11.16269">
    <name>TP3483</name>
  </trkpt>
  <trkpt lat="48.3332" lon="11.16289">
    <name>TP3484</name>
  </trkpt>
  <trkpt lat="48.33313" lon="11.16295">
    <name>TP3485</name>
  </trkpt>
  <trkpt lat="48.33309" lon="11.16299">
    <name>TP3486</name>
  </trkpt>
  <trkpt lat="48.33305" lon="11.16303">
    <name>TP3487</name>
  </trkpt>
  <trkpt lat="48.33303" lon="11.16305">
    <name>TP3488</name>
  </trkpt>
  <trkpt lat="48.33295" lon="11.16314">
    <name>TP3489</name>
  </trkpt>
  <trkpt lat="48.33293" lon="11.16315">
    <name>TP3490</name>
  </trkpt>
  <trkpt lat="48.33274" lon="11.16335">
    <name>TP3491</name>
  </trkpt>
  <trkpt lat="48.33259" lon="11.16352">
    <name>TP3492</name>
  </trkpt>
  <trkpt lat="48.33232" lon="11.16381">
    <name>TP3493</name>
  </trkpt>
  <trkpt lat="48.33206" lon="11.1641">
    <name>TP3494</name>
  </trkpt>
  <trkpt lat="48.33188" lon="11.16431">
    <name>TP3495</name>
  </trkpt>
  <trkpt lat="48.33167" lon="11.16456">
    <name>TP3496</name>
  </trkpt>
  <trkpt lat="48.33142" lon="11.16486">
    <name>TP3497</name>
  </trkpt>
  <trkpt lat="48.33121" lon="11.16513">
    <name>TP3498</name>
  </trkpt>
  <trkpt lat="48.33093" lon="11.1655">
    <name>TP3499</name>
  </trkpt>
  <trkpt lat="48.33069" lon="11.16583">
    <name>TP3500</name>
  </trkpt>
  <trkpt lat="48.33052" lon="11.16607">
    <name>TP3501</name>
  </trkpt>
  <trkpt lat="48.33044" lon="11.16617">
    <name>TP3502</name>
  </trkpt>
  <trkpt lat="48.33021" lon="11.16651">
    <name>TP3503</name>
  </trkpt>
  <trkpt lat="48.32999" lon="11.16681">
    <name>TP3504</name>
  </trkpt>
  <trkpt lat="48.32997" lon="11.16685">
    <name>TP3505</name>
  </trkpt>
  <trkpt lat="48.32987" lon="11.167">
    <name>TP3506</name>
  </trkpt>
  <trkpt lat="48.32974" lon="11.1672">
    <name>TP3507</name>
  </trkpt>
  <trkpt lat="48.32965" lon="11.16734">
    <name>TP3508</name>
  </trkpt>
  <trkpt lat="48.32957" lon="11.16746">
    <name>TP3509</name>
  </trkpt>
  <trkpt lat="48.32952" lon="11.16753">
    <name>TP3510</name>
  </trkpt>
  <trkpt lat="48.3294" lon="11.16772">
    <name>TP3511</name>
  </trkpt>
  <trkpt lat="48.32914" lon="11.16813">
    <name>TP3512</name>
  </trkpt>
  <trkpt lat="48.32895" lon="11.16845">
    <name>TP3513</name>
  </trkpt>
  <trkpt lat="48.32874" lon="11.16879">
    <name>TP3514</name>
  </trkpt>
  <trkpt lat="48.3284" lon="11.16935">
    <name>TP3515</name>
  </trkpt>
  <trkpt lat="48.3283" lon="11.16952">
    <name>TP3516</name>
  </trkpt>
  <trkpt lat="48.32811" lon="11.16986">
    <name>TP3517</name>
  </trkpt>
  <trkpt lat="48.32808" lon="11.1699">
    <name>TP3518</name>
  </trkpt>
  <trkpt lat="48.32799" lon="11.17006">
    <name>TP3519</name>
  </trkpt>
  <trkpt lat="48.32787" lon="11.17027">
    <name>TP3520</name>
  </trkpt>
  <trkpt lat="48.32785" lon="11.17031">
    <name>TP3521</name>
  </trkpt>
  <trkpt lat="48.32784" lon="11.17034">
    <name>TP3522</name>
  </trkpt>
  <trkpt lat="48.32774" lon="11.17052">
    <name>TP3523</name>
  </trkpt>
  <trkpt lat="48.32765" lon="11.17068">
    <name>TP3524</name>
  </trkpt>
  <trkpt lat="48.32751" lon="11.17094">
    <name>TP3525</name>
  </trkpt>
  <trkpt lat="48.32749" lon="11.17097">
    <name>TP3526</name>
  </trkpt>
  <trkpt lat="48.3274" lon="11.17115">
    <name>TP3527</name>
  </trkpt>
  <trkpt lat="48.32738" lon="11.17118">
    <name>TP3528</name>
  </trkpt>
  <trkpt lat="48.32713" lon="11.17164">
    <name>TP3529</name>
  </trkpt>
  <trkpt lat="48.32684" lon="11.17221">
    <name>TP3530</name>
  </trkpt>
  <trkpt lat="48.32682" lon="11.17223">
    <name>TP3531</name>
  </trkpt>
  <trkpt lat="48.32648" lon="11.17289">
    <name>TP3532</name>
  </trkpt>
  <trkpt lat="48.32642" lon="11.17303">
    <name>TP3533</name>
  </trkpt>
  <trkpt lat="48.3263" lon="11.17326">
    <name>TP3534</name>
  </trkpt>
  <trkpt lat="48.32617" lon="11.17352">
    <name>TP3535</name>
  </trkpt>
  <trkpt lat="48.32613" lon="11.1736">
    <name>TP3536</name>
  </trkpt>
  <trkpt lat="48.32606" lon="11.17374">
    <name>TP3537</name>
  </trkpt>
  <trkpt lat="48.32591" lon="11.17404">
    <name>TP3538</name>
  </trkpt>
  <trkpt lat="48.32586" lon="11.17416">
    <name>TP3539</name>
  </trkpt>
  <trkpt lat="48.32585" lon="11.17418">
    <name>TP3540</name>
  </trkpt>
  <trkpt lat="48.32574" lon="11.1744">
    <name>TP3541</name>
  </trkpt>
  <trkpt lat="48.32564" lon="11.1746">
    <name>TP3542</name>
  </trkpt>
  <trkpt lat="48.32553" lon="11.17484">
    <name>TP3543</name>
  </trkpt>
  <trkpt lat="48.32543" lon="11.17504">
    <name>TP3544</name>
  </trkpt>
  <trkpt lat="48.32531" lon="11.17529">
    <name>TP3545</name>
  </trkpt>
  <trkpt lat="48.32526" lon="11.17539">
    <name>TP3546</name>
  </trkpt>
  <trkpt lat="48.32512" lon="11.17568">
    <name>TP3547</name>
  </trkpt>
  <trkpt lat="48.3251" lon="11.17574">
    <name>TP3548</name>
  </trkpt>
  <trkpt lat="48.32493" lon="11.17608">
    <name>TP3549</name>
  </trkpt>
  <trkpt lat="48.32489" lon="11.17617">
    <name>TP3550</name>
  </trkpt>
  <trkpt lat="48.32489" lon="11.17618">
    <name>TP3551</name>
  </trkpt>
  <trkpt lat="48.3248" lon="11.17636">
    <name>TP3552</name>
  </trkpt>
  <trkpt lat="48.32463" lon="11.17673">
    <name>TP3553</name>
  </trkpt>
  <trkpt lat="48.3246" lon="11.1768">
    <name>TP3554</name>
  </trkpt>
  <trkpt lat="48.3243" lon="11.17747">
    <name>TP3555</name>
  </trkpt>
  <trkpt lat="48.32429" lon="11.17747">
    <name>TP3556</name>
  </trkpt>
  <trkpt lat="48.32389" lon="11.17836">
    <name>TP3557</name>
  </trkpt>
  <trkpt lat="48.32386" lon="11.17842">
    <name>TP3558</name>
  </trkpt>
  <trkpt lat="48.32352" lon="11.17915">
    <name>TP3559</name>
  </trkpt>
  <trkpt lat="48.3235" lon="11.17918">
    <name>TP3560</name>
  </trkpt>
  <trkpt lat="48.3234" lon="11.17942">
    <name>TP3561</name>
  </trkpt>
  <trkpt lat="48.32326" lon="11.17972">
    <name>TP3562</name>
  </trkpt>
  <trkpt lat="48.32324" lon="11.17976">
    <name>TP3563</name>
  </trkpt>
  <trkpt lat="48.32314" lon="11.17998">
    <name>TP3564</name>
  </trkpt>
  <trkpt lat="48.32311" lon="11.18005">
    <name>TP3565</name>
  </trkpt>
  <trkpt lat="48.32304" lon="11.18021">
    <name>TP3566</name>
  </trkpt>
  <trkpt lat="48.32293" lon="11.18043">
    <name>TP3567</name>
  </trkpt>
  <trkpt lat="48.32292" lon="11.18046">
    <name>TP3568</name>
  </trkpt>
  <trkpt lat="48.32278" lon="11.18076">
    <name>TP3569</name>
  </trkpt>
  <trkpt lat="48.32273" lon="11.18087">
    <name>TP3570</name>
  </trkpt>
  <trkpt lat="48.32262" lon="11.18109">
    <name>TP3571</name>
  </trkpt>
  <trkpt lat="48.32251" lon="11.18133">
    <name>TP3572</name>
  </trkpt>
  <trkpt lat="48.3224" lon="11.18158">
    <name>TP3573</name>
  </trkpt>
  <trkpt lat="48.32221" lon="11.182">
    <name>TP3574</name>
  </trkpt>
  <trkpt lat="48.32201" lon="11.18244">
    <name>TP3575</name>
  </trkpt>
  <trkpt lat="48.32197" lon="11.18251">
    <name>TP3576</name>
  </trkpt>
  <trkpt lat="48.32181" lon="11.18286">
    <name>TP3577</name>
  </trkpt>
  <trkpt lat="48.32172" lon="11.18306">
    <name>TP3578</name>
  </trkpt>
  <trkpt lat="48.32171" lon="11.18308">
    <name>TP3579</name>
  </trkpt>
  <trkpt lat="48.3217" lon="11.18311">
    <name>TP3580</name>
  </trkpt>
  <trkpt lat="48.32129" lon="11.184">
    <name>TP3581</name>
  </trkpt>
  <trkpt lat="48.32105" lon="11.18454">
    <name>TP3582</name>
  </trkpt>
  <trkpt lat="48.32092" lon="11.18481">
    <name>TP3583</name>
  </trkpt>
  <trkpt lat="48.32087" lon="11.18492">
    <name>TP3584</name>
  </trkpt>
  <trkpt lat="48.32086" lon="11.18494">
    <name>TP3585</name>
  </trkpt>
  <trkpt lat="48.32068" lon="11.18534">
    <name>TP3586</name>
  </trkpt>
  <trkpt lat="48.32046" lon="11.18581">
    <name>TP3587</name>
  </trkpt>
  <trkpt lat="48.32038" lon="11.18598">
    <name>TP3588</name>
  </trkpt>
  <trkpt lat="48.32036" lon="11.18603">
    <name>TP3589</name>
  </trkpt>
  <trkpt lat="48.3201" lon="11.18659">
    <name>TP3590</name>
  </trkpt>
  <trkpt lat="48.32007" lon="11.18667">
    <name>TP3591</name>
  </trkpt>
  <trkpt lat="48.31977" lon="11.18731">
    <name>TP3592</name>
  </trkpt>
  <trkpt lat="48.31973" lon="11.1874">
    <name>TP3593</name>
  </trkpt>
  <trkpt lat="48.31949" lon="11.18791">
    <name>TP3594</name>
  </trkpt>
  <trkpt lat="48.31928" lon="11.18835">
    <name>TP3595</name>
  </trkpt>
  <trkpt lat="48.31922" lon="11.18849">
    <name>TP3596</name>
  </trkpt>
  <trkpt lat="48.31921" lon="11.1885">
    <name>TP3597</name>
  </trkpt>
  <trkpt lat="48.3191" lon="11.18872">
    <name>TP3598</name>
  </trkpt>
  <trkpt lat="48.31894" lon="11.18906">
    <name>TP3599</name>
  </trkpt>
  <trkpt lat="48.31876" lon="11.18945">
    <name>TP3600</name>
  </trkpt>
  <trkpt lat="48.31864" lon="11.18968">
    <name>TP3601</name>
  </trkpt>
  <trkpt lat="48.31862" lon="11.18972">
    <name>TP3602</name>
  </trkpt>
  <trkpt lat="48.31841" lon="11.19016">
    <name>TP3603</name>
  </trkpt>
  <trkpt lat="48.3184" lon="11.19017">
    <name>TP3604</name>
  </trkpt>
  <trkpt lat="48.31827" lon="11.19044">
    <name>TP3605</name>
  </trkpt>
  <trkpt lat="48.31815" lon="11.1907">
    <name>TP3606</name>
  </trkpt>
  <trkpt lat="48.31813" lon="11.19074">
    <name>TP3607</name>
  </trkpt>
  <trkpt lat="48.31793" lon="11.19113">
    <name>TP3608</name>
  </trkpt>
  <trkpt lat="48.31774" lon="11.19152">
    <name>TP3609</name>
  </trkpt>
  <trkpt lat="48.31771" lon="11.19158">
    <name>TP3610</name>
  </trkpt>
  <trkpt lat="48.31765" lon="11.1917">
    <name>TP3611</name>
  </trkpt>
  <trkpt lat="48.31759" lon="11.19181">
    <name>TP3612</name>
  </trkpt>
  <trkpt lat="48.31751" lon="11.19196">
    <name>TP3613</name>
  </trkpt>
  <trkpt lat="48.31744" lon="11.19209">
    <name>TP3614</name>
  </trkpt>
  <trkpt lat="48.31726" lon="11.19245">
    <name>TP3615</name>
  </trkpt>
  <trkpt lat="48.31704" lon="11.19285">
    <name>TP3616</name>
  </trkpt>
  <trkpt lat="48.31693" lon="11.19307">
    <name>TP3617</name>
  </trkpt>
  <trkpt lat="48.31689" lon="11.19314">
    <name>TP3618</name>
  </trkpt>
  <trkpt lat="48.31656" lon="11.19375">
    <name>TP3619</name>
  </trkpt>
  <trkpt lat="48.31647" lon="11.1939">
    <name>TP3620</name>
  </trkpt>
  <trkpt lat="48.31644" lon="11.19395">
    <name>TP3621</name>
  </trkpt>
  <trkpt lat="48.31639" lon="11.19405">
    <name>TP3622</name>
  </trkpt>
  <trkpt lat="48.31615" lon="11.19448">
    <name>TP3623</name>
  </trkpt>
  <trkpt lat="48.31592" lon="11.19489">
    <name>TP3624</name>
  </trkpt>
  <trkpt lat="48.3158" lon="11.1951">
    <name>TP3625</name>
  </trkpt>
  <trkpt lat="48.31568" lon="11.1953">
    <name>TP3626</name>
  </trkpt>
  <trkpt lat="48.31556" lon="11.1955">
    <name>TP3627</name>
  </trkpt>
  <trkpt lat="48.31544" lon="11.1957">
    <name>TP3628</name>
  </trkpt>
  <trkpt lat="48.31534" lon="11.19589">
    <name>TP3629</name>
  </trkpt>
  <trkpt lat="48.3152" lon="11.19611">
    <name>TP3630</name>
  </trkpt>
  <trkpt lat="48.31508" lon="11.19631">
    <name>TP3631</name>
  </trkpt>
  <trkpt lat="48.31501" lon="11.19644">
    <name>TP3632</name>
  </trkpt>
  <trkpt lat="48.31496" lon="11.19651">
    <name>TP3633</name>
  </trkpt>
  <trkpt lat="48.31484" lon="11.19671">
    <name>TP3634</name>
  </trkpt>
  <trkpt lat="48.31468" lon="11.19696">
    <name>TP3635</name>
  </trkpt>
  <trkpt lat="48.3146" lon="11.1971">
    <name>TP3636</name>
  </trkpt>
  <trkpt lat="48.31447" lon="11.1973">
    <name>TP3637</name>
  </trkpt>
  <trkpt lat="48.31435" lon="11.1975">
    <name>TP3638</name>
  </trkpt>
  <trkpt lat="48.31423" lon="11.1977">
    <name>TP3639</name>
  </trkpt>
  <trkpt lat="48.31411" lon="11.19788">
    <name>TP3640</name>
  </trkpt>
  <trkpt lat="48.31404" lon="11.19799">
    <name>TP3641</name>
  </trkpt>
  <trkpt lat="48.31385" lon="11.19829">
    <name>TP3642</name>
  </trkpt>
  <trkpt lat="48.31382" lon="11.19834">
    <name>TP3643</name>
  </trkpt>
  <trkpt lat="48.31373" lon="11.19848">
    <name>TP3644</name>
  </trkpt>
  <trkpt lat="48.3136" lon="11.19867">
    <name>TP3645</name>
  </trkpt>
  <trkpt lat="48.31339" lon="11.19898">
    <name>TP3646</name>
  </trkpt>
  <trkpt lat="48.31325" lon="11.1992">
    <name>TP3647</name>
  </trkpt>
  <trkpt lat="48.31308" lon="11.19946">
    <name>TP3648</name>
  </trkpt>
  <trkpt lat="48.31307" lon="11.19946">
    <name>TP3649</name>
  </trkpt>
  <trkpt lat="48.31295" lon="11.19965">
    <name>TP3650</name>
  </trkpt>
  <trkpt lat="48.3122" lon="11.20077">
    <name>TP3651</name>
  </trkpt>
  <trkpt lat="48.312" lon="11.20107">
    <name>TP3652</name>
  </trkpt>
  <trkpt lat="48.31179" lon="11.20137">
    <name>TP3653</name>
  </trkpt>
  <trkpt lat="48.31179" lon="11.20138">
    <name>TP3654</name>
  </trkpt>
  <trkpt lat="48.31167" lon="11.20155">
    <name>TP3655</name>
  </trkpt>
  <trkpt lat="48.31159" lon="11.20167">
    <name>TP3656</name>
  </trkpt>
  <trkpt lat="48.31116" lon="11.20231">
    <name>TP3657</name>
  </trkpt>
  <trkpt lat="48.31092" lon="11.20266">
    <name>TP3658</name>
  </trkpt>
  <trkpt lat="48.31078" lon="11.20286">
    <name>TP3659</name>
  </trkpt>
  <trkpt lat="48.31038" lon="11.20346">
    <name>TP3660</name>
  </trkpt>
  <trkpt lat="48.31033" lon="11.20352">
    <name>TP3661</name>
  </trkpt>
  <trkpt lat="48.31028" lon="11.2036">
    <name>TP3662</name>
  </trkpt>
  <trkpt lat="48.31" lon="11.20401">
    <name>TP3663</name>
  </trkpt>
  <trkpt lat="48.30972" lon="11.20441">
    <name>TP3664</name>
  </trkpt>
  <trkpt lat="48.30948" lon="11.20476">
    <name>TP3665</name>
  </trkpt>
  <trkpt lat="48.30922" lon="11.20515">
    <name>TP3666</name>
  </trkpt>
  <trkpt lat="48.30908" lon="11.20535">
    <name>TP3667</name>
  </trkpt>
  <trkpt lat="48.3089" lon="11.2056">
    <name>TP3668</name>
  </trkpt>
  <trkpt lat="48.30886" lon="11.20567">
    <name>TP3669</name>
  </trkpt>
  <trkpt lat="48.3087" lon="11.2059">
    <name>TP3670</name>
  </trkpt>
  <trkpt lat="48.30861" lon="11.20603">
    <name>TP3671</name>
  </trkpt>
  <trkpt lat="48.30856" lon="11.20611">
    <name>TP3672</name>
  </trkpt>
  <trkpt lat="48.3083" lon="11.20649">
    <name>TP3673</name>
  </trkpt>
  <trkpt lat="48.30817" lon="11.20668">
    <name>TP3674</name>
  </trkpt>
  <trkpt lat="48.30797" lon="11.20697">
    <name>TP3675</name>
  </trkpt>
  <trkpt lat="48.30778" lon="11.20725">
    <name>TP3676</name>
  </trkpt>
  <trkpt lat="48.30766" lon="11.20743">
    <name>TP3677</name>
  </trkpt>
  <trkpt lat="48.30752" lon="11.20762">
    <name>TP3678</name>
  </trkpt>
  <trkpt lat="48.30686" lon="11.2086">
    <name>TP3679</name>
  </trkpt>
  <trkpt lat="48.30664" lon="11.20892">
    <name>TP3680</name>
  </trkpt>
  <trkpt lat="48.30659" lon="11.20899">
    <name>TP3681</name>
  </trkpt>
  <trkpt lat="48.30651" lon="11.20911">
    <name>TP3682</name>
  </trkpt>
  <trkpt lat="48.30648" lon="11.20916">
    <name>TP3683</name>
  </trkpt>
  <trkpt lat="48.30642" lon="11.20924">
    <name>TP3684</name>
  </trkpt>
  <trkpt lat="48.30635" lon="11.20934">
    <name>TP3685</name>
  </trkpt>
  <trkpt lat="48.30621" lon="11.20954">
    <name>TP3686</name>
  </trkpt>
  <trkpt lat="48.30596" lon="11.20991">
    <name>TP3687</name>
  </trkpt>
  <trkpt lat="48.3057" lon="11.21029">
    <name>TP3688</name>
  </trkpt>
  <trkpt lat="48.30555" lon="11.2105">
    <name>TP3689</name>
  </trkpt>
  <trkpt lat="48.30522" lon="11.211">
    <name>TP3690</name>
  </trkpt>
  <trkpt lat="48.30489" lon="11.21148">
    <name>TP3691</name>
  </trkpt>
  <trkpt lat="48.30478" lon="11.21164">
    <name>TP3692</name>
  </trkpt>
  <trkpt lat="48.30463" lon="11.21186">
    <name>TP3693</name>
  </trkpt>
  <trkpt lat="48.30454" lon="11.21199">
    <name>TP3694</name>
  </trkpt>
  <trkpt lat="48.30443" lon="11.21215">
    <name>TP3695</name>
  </trkpt>
  <trkpt lat="48.30428" lon="11.21236">
    <name>TP3696</name>
  </trkpt>
  <trkpt lat="48.30426" lon="11.2124">
    <name>TP3697</name>
  </trkpt>
  <trkpt lat="48.30406" lon="11.21268">
    <name>TP3698</name>
  </trkpt>
  <trkpt lat="48.30378" lon="11.2131">
    <name>TP3699</name>
  </trkpt>
  <trkpt lat="48.30364" lon="11.21331">
    <name>TP3700</name>
  </trkpt>
  <trkpt lat="48.30356" lon="11.21342">
    <name>TP3701</name>
  </trkpt>
  <trkpt lat="48.30316" lon="11.21401">
    <name>TP3702</name>
  </trkpt>
  <trkpt lat="48.30301" lon="11.21423">
    <name>TP3703</name>
  </trkpt>
  <trkpt lat="48.30299" lon="11.21426">
    <name>TP3704</name>
  </trkpt>
  <trkpt lat="48.30269" lon="11.21471">
    <name>TP3705</name>
  </trkpt>
  <trkpt lat="48.3025" lon="11.21499">
    <name>TP3706</name>
  </trkpt>
  <trkpt lat="48.30237" lon="11.2152">
    <name>TP3707</name>
  </trkpt>
  <trkpt lat="48.30223" lon="11.2154">
    <name>TP3708</name>
  </trkpt>
  <trkpt lat="48.30189" lon="11.21593">
    <name>TP3709</name>
  </trkpt>
  <trkpt lat="48.30187" lon="11.21596">
    <name>TP3710</name>
  </trkpt>
  <trkpt lat="48.30174" lon="11.21615">
    <name>TP3711</name>
  </trkpt>
  <trkpt lat="48.30161" lon="11.21635">
    <name>TP3712</name>
  </trkpt>
  <trkpt lat="48.30131" lon="11.21682">
    <name>TP3713</name>
  </trkpt>
  <trkpt lat="48.301" lon="11.21733">
    <name>TP3714</name>
  </trkpt>
  <trkpt lat="48.30099" lon="11.21735">
    <name>TP3715</name>
  </trkpt>
  <trkpt lat="48.30088" lon="11.21753">
    <name>TP3716</name>
  </trkpt>
  <trkpt lat="48.30058" lon="11.21803">
    <name>TP3717</name>
  </trkpt>
  <trkpt lat="48.30017" lon="11.21875">
    <name>TP3718</name>
  </trkpt>
  <trkpt lat="48.30005" lon="11.21896">
    <name>TP3719</name>
  </trkpt>
  <trkpt lat="48.30004" lon="11.21898">
    <name>TP3720</name>
  </trkpt>
  <trkpt lat="48.2998" lon="11.21942">
    <name>TP3721</name>
  </trkpt>
  <trkpt lat="48.29949" lon="11.21999">
    <name>TP3722</name>
  </trkpt>
  <trkpt lat="48.29923" lon="11.22047">
    <name>TP3723</name>
  </trkpt>
  <trkpt lat="48.29919" lon="11.22056">
    <name>TP3724</name>
  </trkpt>
  <trkpt lat="48.29902" lon="11.2209">
    <name>TP3725</name>
  </trkpt>
  <trkpt lat="48.29877" lon="11.22141">
    <name>TP3726</name>
  </trkpt>
  <trkpt lat="48.29847" lon="11.22203">
    <name>TP3727</name>
  </trkpt>
  <trkpt lat="48.29827" lon="11.22244">
    <name>TP3728</name>
  </trkpt>
  <trkpt lat="48.29799" lon="11.22305">
    <name>TP3729</name>
  </trkpt>
  <trkpt lat="48.2977" lon="11.22371">
    <name>TP3730</name>
  </trkpt>
  <trkpt lat="48.29736" lon="11.22449">
    <name>TP3731</name>
  </trkpt>
  <trkpt lat="48.29736" lon="11.2245">
    <name>TP3732</name>
  </trkpt>
  <trkpt lat="48.29727" lon="11.22472">
    <name>TP3733</name>
  </trkpt>
  <trkpt lat="48.29702" lon="11.22534">
    <name>TP3734</name>
  </trkpt>
  <trkpt lat="48.29671" lon="11.22612">
    <name>TP3735</name>
  </trkpt>
  <trkpt lat="48.29637" lon="11.22699">
    <name>TP3736</name>
  </trkpt>
  <trkpt lat="48.29618" lon="11.22753">
    <name>TP3737</name>
  </trkpt>
  <trkpt lat="48.2961" lon="11.22777">
    <name>TP3738</name>
  </trkpt>
  <trkpt lat="48.29598" lon="11.22809">
    <name>TP3739</name>
  </trkpt>
  <trkpt lat="48.2956" lon="11.22921">
    <name>TP3740</name>
  </trkpt>
  <trkpt lat="48.29552" lon="11.22945">
    <name>TP3741</name>
  </trkpt>
  <trkpt lat="48.29544" lon="11.22969">
    <name>TP3742</name>
  </trkpt>
  <trkpt lat="48.29541" lon="11.22978">
    <name>TP3743</name>
  </trkpt>
  <trkpt lat="48.29513" lon="11.23067">
    <name>TP3744</name>
  </trkpt>
  <trkpt lat="48.29506" lon="11.23091">
    <name>TP3745</name>
  </trkpt>
  <trkpt lat="48.29498" lon="11.23115">
    <name>TP3746</name>
  </trkpt>
  <trkpt lat="48.29498" lon="11.23116">
    <name>TP3747</name>
  </trkpt>
  <trkpt lat="48.29492" lon="11.23135">
    <name>TP3748</name>
  </trkpt>
  <trkpt lat="48.29485" lon="11.2316">
    <name>TP3749</name>
  </trkpt>
  <trkpt lat="48.29477" lon="11.23185">
    <name>TP3750</name>
  </trkpt>
  <trkpt lat="48.29471" lon="11.23205">
    <name>TP3751</name>
  </trkpt>
  <trkpt lat="48.29446" lon="11.23288">
    <name>TP3752</name>
  </trkpt>
  <trkpt lat="48.2944" lon="11.23308">
    <name>TP3753</name>
  </trkpt>
  <trkpt lat="48.29433" lon="11.23332">
    <name>TP3754</name>
  </trkpt>
  <trkpt lat="48.29425" lon="11.23357">
    <name>TP3755</name>
  </trkpt>
  <trkpt lat="48.29418" lon="11.23382">
    <name>TP3756</name>
  </trkpt>
  <trkpt lat="48.29416" lon="11.23389">
    <name>TP3757</name>
  </trkpt>
  <trkpt lat="48.29397" lon="11.23451">
    <name>TP3758</name>
  </trkpt>
  <trkpt lat="48.29376" lon="11.23523">
    <name>TP3759</name>
  </trkpt>
  <trkpt lat="48.29369" lon="11.23548">
    <name>TP3760</name>
  </trkpt>
  <trkpt lat="48.29362" lon="11.23572">
    <name>TP3761</name>
  </trkpt>
  <trkpt lat="48.29358" lon="11.23584">
    <name>TP3762</name>
  </trkpt>
  <trkpt lat="48.2934" lon="11.23645">
    <name>TP3763</name>
  </trkpt>
  <trkpt lat="48.29335" lon="11.23661">
    <name>TP3764</name>
  </trkpt>
  <trkpt lat="48.29324" lon="11.23698">
    <name>TP3765</name>
  </trkpt>
  <trkpt lat="48.29321" lon="11.2371">
    <name>TP3766</name>
  </trkpt>
  <trkpt lat="48.29317" lon="11.23723">
    <name>TP3767</name>
  </trkpt>
  <trkpt lat="48.2931" lon="11.23745">
    <name>TP3768</name>
  </trkpt>
  <trkpt lat="48.29303" lon="11.2377">
    <name>TP3769</name>
  </trkpt>
  <trkpt lat="48.29254" lon="11.23935">
    <name>TP3770</name>
  </trkpt>
  <trkpt lat="48.29251" lon="11.23945">
    <name>TP3771</name>
  </trkpt>
  <trkpt lat="48.29211" lon="11.24081">
    <name>TP3772</name>
  </trkpt>
  <trkpt lat="48.29207" lon="11.24093">
    <name>TP3773</name>
  </trkpt>
  <trkpt lat="48.29203" lon="11.24105">
    <name>TP3774</name>
  </trkpt>
  <trkpt lat="48.29201" lon="11.24112">
    <name>TP3775</name>
  </trkpt>
  <trkpt lat="48.292" lon="11.24118">
    <name>TP3776</name>
  </trkpt>
  <trkpt lat="48.29196" lon="11.24131">
    <name>TP3777</name>
  </trkpt>
  <trkpt lat="48.29161" lon="11.24246">
    <name>TP3778</name>
  </trkpt>
  <trkpt lat="48.29159" lon="11.24255">
    <name>TP3779</name>
  </trkpt>
  <trkpt lat="48.29148" lon="11.24292">
    <name>TP3780</name>
  </trkpt>
  <trkpt lat="48.29133" lon="11.24342">
    <name>TP3781</name>
  </trkpt>
  <trkpt lat="48.29126" lon="11.24364">
    <name>TP3782</name>
  </trkpt>
  <trkpt lat="48.29116" lon="11.244">
    <name>TP3783</name>
  </trkpt>
  <trkpt lat="48.29107" lon="11.2443">
    <name>TP3784</name>
  </trkpt>
  <trkpt lat="48.29103" lon="11.24441">
    <name>TP3785</name>
  </trkpt>
  <trkpt lat="48.291" lon="11.2445">
    <name>TP3786</name>
  </trkpt>
  <trkpt lat="48.29089" lon="11.24487">
    <name>TP3787</name>
  </trkpt>
  <trkpt lat="48.29081" lon="11.24515">
    <name>TP3788</name>
  </trkpt>
  <trkpt lat="48.29074" lon="11.24537">
    <name>TP3789</name>
  </trkpt>
  <trkpt lat="48.29067" lon="11.24563">
    <name>TP3790</name>
  </trkpt>
  <trkpt lat="48.29047" lon="11.24625">
    <name>TP3791</name>
  </trkpt>
  <trkpt lat="48.29037" lon="11.24657">
    <name>TP3792</name>
  </trkpt>
  <trkpt lat="48.2903" lon="11.24679">
    <name>TP3793</name>
  </trkpt>
  <trkpt lat="48.29015" lon="11.24727">
    <name>TP3794</name>
  </trkpt>
  <trkpt lat="48.29006" lon="11.24754">
    <name>TP3795</name>
  </trkpt>
  <trkpt lat="48.28998" lon="11.24779">
    <name>TP3796</name>
  </trkpt>
  <trkpt lat="48.28994" lon="11.24791">
    <name>TP3797</name>
  </trkpt>
  <trkpt lat="48.2899" lon="11.24806">
    <name>TP3798</name>
  </trkpt>
  <trkpt lat="48.28985" lon="11.24822">
    <name>TP3799</name>
  </trkpt>
  <trkpt lat="48.28975" lon="11.24854">
    <name>TP3800</name>
  </trkpt>
  <trkpt lat="48.28969" lon="11.24873">
    <name>TP3801</name>
  </trkpt>
  <trkpt lat="48.28964" lon="11.2489">
    <name>TP3802</name>
  </trkpt>
  <trkpt lat="48.28961" lon="11.24898">
    <name>TP3803</name>
  </trkpt>
  <trkpt lat="48.28957" lon="11.24911">
    <name>TP3804</name>
  </trkpt>
  <trkpt lat="48.28954" lon="11.24922">
    <name>TP3805</name>
  </trkpt>
  <trkpt lat="48.28949" lon="11.24936">
    <name>TP3806</name>
  </trkpt>
  <trkpt lat="48.28945" lon="11.24949">
    <name>TP3807</name>
  </trkpt>
  <trkpt lat="48.28942" lon="11.2496">
    <name>TP3808</name>
  </trkpt>
  <trkpt lat="48.28938" lon="11.24971">
    <name>TP3809</name>
  </trkpt>
  <trkpt lat="48.28932" lon="11.24988">
    <name>TP3810</name>
  </trkpt>
  <trkpt lat="48.28919" lon="11.25028">
    <name>TP3811</name>
  </trkpt>
  <trkpt lat="48.28911" lon="11.25053">
    <name>TP3812</name>
  </trkpt>
  <trkpt lat="48.2891" lon="11.25054">
    <name>TP3813</name>
  </trkpt>
  <trkpt lat="48.28905" lon="11.25069">
    <name>TP3814</name>
  </trkpt>
  <trkpt lat="48.28899" lon="11.25088">
    <name>TP3815</name>
  </trkpt>
  <trkpt lat="48.28891" lon="11.25112">
    <name>TP3816</name>
  </trkpt>
  <trkpt lat="48.28882" lon="11.25137">
    <name>TP3817</name>
  </trkpt>
  <trkpt lat="48.2887" lon="11.25173">
    <name>TP3818</name>
  </trkpt>
  <trkpt lat="48.28862" lon="11.25197">
    <name>TP3819</name>
  </trkpt>
  <trkpt lat="48.2886" lon="11.25202">
    <name>TP3820</name>
  </trkpt>
  <trkpt lat="48.28855" lon="11.25216">
    <name>TP3821</name>
  </trkpt>
  <trkpt lat="48.28838" lon="11.25263">
    <name>TP3822</name>
  </trkpt>
  <trkpt lat="48.28826" lon="11.25299">
    <name>TP3823</name>
  </trkpt>
  <trkpt lat="48.28817" lon="11.25325">
    <name>TP3824</name>
  </trkpt>
  <trkpt lat="48.28814" lon="11.25331">
    <name>TP3825</name>
  </trkpt>
  <trkpt lat="48.28811" lon="11.25339">
    <name>TP3826</name>
  </trkpt>
  <trkpt lat="48.28804" lon="11.25358">
    <name>TP3827</name>
  </trkpt>
  <trkpt lat="48.28792" lon="11.25389">
    <name>TP3828</name>
  </trkpt>
  <trkpt lat="48.28786" lon="11.25406">
    <name>TP3829</name>
  </trkpt>
  <trkpt lat="48.28777" lon="11.25429">
    <name>TP3830</name>
  </trkpt>
  <trkpt lat="48.28767" lon="11.25456">
    <name>TP3831</name>
  </trkpt>
  <trkpt lat="48.28758" lon="11.25477">
    <name>TP3832</name>
  </trkpt>
  <trkpt lat="48.28749" lon="11.255">
    <name>TP3833</name>
  </trkpt>
  <trkpt lat="48.28738" lon="11.25529">
    <name>TP3834</name>
  </trkpt>
  <trkpt lat="48.28726" lon="11.25559">
    <name>TP3835</name>
  </trkpt>
  <trkpt lat="48.28722" lon="11.25568">
    <name>TP3836</name>
  </trkpt>
  <trkpt lat="48.28714" lon="11.25591">
    <name>TP3837</name>
  </trkpt>
  <trkpt lat="48.28713" lon="11.25591">
    <name>TP3838</name>
  </trkpt>
  <trkpt lat="48.28704" lon="11.25615">
    <name>TP3839</name>
  </trkpt>
  <trkpt lat="48.28688" lon="11.25653">
    <name>TP3840</name>
  </trkpt>
  <trkpt lat="48.28685" lon="11.2566">
    <name>TP3841</name>
  </trkpt>
  <trkpt lat="48.28676" lon="11.25681">
    <name>TP3842</name>
  </trkpt>
  <trkpt lat="48.28676" lon="11.25683">
    <name>TP3843</name>
  </trkpt>
  <trkpt lat="48.28672" lon="11.2569">
    <name>TP3844</name>
  </trkpt>
  <trkpt lat="48.28666" lon="11.25706">
    <name>TP3845</name>
  </trkpt>
  <trkpt lat="48.28656" lon="11.25729">
    <name>TP3846</name>
  </trkpt>
  <trkpt lat="48.28647" lon="11.2575">
    <name>TP3847</name>
  </trkpt>
  <trkpt lat="48.28639" lon="11.25769">
    <name>TP3848</name>
  </trkpt>
  <trkpt lat="48.28624" lon="11.25804">
    <name>TP3849</name>
  </trkpt>
  <trkpt lat="48.28608" lon="11.25841">
    <name>TP3850</name>
  </trkpt>
  <trkpt lat="48.28595" lon="11.25869">
    <name>TP3851</name>
  </trkpt>
  <trkpt lat="48.28587" lon="11.25886">
    <name>TP3852</name>
  </trkpt>
  <trkpt lat="48.28577" lon="11.2591">
    <name>TP3853</name>
  </trkpt>
  <trkpt lat="48.28567" lon="11.25931">
    <name>TP3854</name>
  </trkpt>
  <trkpt lat="48.28567" lon="11.25932">
    <name>TP3855</name>
  </trkpt>
  <trkpt lat="48.28567" lon="11.25933">
    <name>TP3856</name>
  </trkpt>
  <trkpt lat="48.28527" lon="11.26019">
    <name>TP3857</name>
  </trkpt>
  <trkpt lat="48.28517" lon="11.26042">
    <name>TP3858</name>
  </trkpt>
  <trkpt lat="48.28516" lon="11.26044">
    <name>TP3859</name>
  </trkpt>
  <trkpt lat="48.28507" lon="11.26064">
    <name>TP3860</name>
  </trkpt>
  <trkpt lat="48.28507" lon="11.26065">
    <name>TP3861</name>
  </trkpt>
  <trkpt lat="48.28506" lon="11.26066">
    <name>TP3862</name>
  </trkpt>
  <trkpt lat="48.28486" lon="11.26108">
    <name>TP3863</name>
  </trkpt>
  <trkpt lat="48.28476" lon="11.26132">
    <name>TP3864</name>
  </trkpt>
  <trkpt lat="48.28475" lon="11.26133">
    <name>TP3865</name>
  </trkpt>
  <trkpt lat="48.28456" lon="11.26175">
    <name>TP3866</name>
  </trkpt>
  <trkpt lat="48.28455" lon="11.26176">
    <name>TP3867</name>
  </trkpt>
  <trkpt lat="48.28455" lon="11.26177">
    <name>TP3868</name>
  </trkpt>
  <trkpt lat="48.28451" lon="11.26186">
    <name>TP3869</name>
  </trkpt>
  <trkpt lat="48.28445" lon="11.26198">
    <name>TP3870</name>
  </trkpt>
  <trkpt lat="48.28425" lon="11.2624">
    <name>TP3871</name>
  </trkpt>
  <trkpt lat="48.28423" lon="11.26245">
    <name>TP3872</name>
  </trkpt>
  <trkpt lat="48.28403" lon="11.26286">
    <name>TP3873</name>
  </trkpt>
  <trkpt lat="48.28388" lon="11.26319">
    <name>TP3874</name>
  </trkpt>
  <trkpt lat="48.2836" lon="11.26377">
    <name>TP3875</name>
  </trkpt>
  <trkpt lat="48.28353" lon="11.26394">
    <name>TP3876</name>
  </trkpt>
  <trkpt lat="48.28342" lon="11.26417">
    <name>TP3877</name>
  </trkpt>
  <trkpt lat="48.2832" lon="11.26463">
    <name>TP3878</name>
  </trkpt>
  <trkpt lat="48.28302" lon="11.26503">
    <name>TP3879</name>
  </trkpt>
  <trkpt lat="48.28282" lon="11.26545">
    <name>TP3880</name>
  </trkpt>
  <trkpt lat="48.28268" lon="11.26574">
    <name>TP3881</name>
  </trkpt>
  <trkpt lat="48.2824" lon="11.26634">
    <name>TP3882</name>
  </trkpt>
  <trkpt lat="48.2822" lon="11.26678">
    <name>TP3883</name>
  </trkpt>
  <trkpt lat="48.28212" lon="11.26693">
    <name>TP3884</name>
  </trkpt>
  <trkpt lat="48.28185" lon="11.26752">
    <name>TP3885</name>
  </trkpt>
  <trkpt lat="48.28166" lon="11.26792">
    <name>TP3886</name>
  </trkpt>
  <trkpt lat="48.28152" lon="11.26823">
    <name>TP3887</name>
  </trkpt>
  <trkpt lat="48.28145" lon="11.26838">
    <name>TP3888</name>
  </trkpt>
  <trkpt lat="48.28122" lon="11.26887">
    <name>TP3889</name>
  </trkpt>
  <trkpt lat="48.28116" lon="11.26899">
    <name>TP3890</name>
  </trkpt>
  <trkpt lat="48.28105" lon="11.26923">
    <name>TP3891</name>
  </trkpt>
  <trkpt lat="48.28072" lon="11.26993">
    <name>TP3892</name>
  </trkpt>
  <trkpt lat="48.28032" lon="11.27078">
    <name>TP3893</name>
  </trkpt>
  <trkpt lat="48.27983" lon="11.27182">
    <name>TP3894</name>
  </trkpt>
  <trkpt lat="48.2796" lon="11.2723">
    <name>TP3895</name>
  </trkpt>
  <trkpt lat="48.27953" lon="11.27247">
    <name>TP3896</name>
  </trkpt>
  <trkpt lat="48.27952" lon="11.27248">
    <name>TP3897</name>
  </trkpt>
  <trkpt lat="48.27949" lon="11.27255">
    <name>TP3898</name>
  </trkpt>
  <trkpt lat="48.27942" lon="11.2727">
    <name>TP3899</name>
  </trkpt>
  <trkpt lat="48.2794" lon="11.27275">
    <name>TP3900</name>
  </trkpt>
  <trkpt lat="48.279" lon="11.27359">
    <name>TP3901</name>
  </trkpt>
  <trkpt lat="48.27884" lon="11.27394">
    <name>TP3902</name>
  </trkpt>
  <trkpt lat="48.27884" lon="11.27395">
    <name>TP3903</name>
  </trkpt>
  <trkpt lat="48.27876" lon="11.27412">
    <name>TP3904</name>
  </trkpt>
  <trkpt lat="48.27845" lon="11.27478">
    <name>TP3905</name>
  </trkpt>
  <trkpt lat="48.27824" lon="11.27522">
    <name>TP3906</name>
  </trkpt>
  <trkpt lat="48.27822" lon="11.27527">
    <name>TP3907</name>
  </trkpt>
  <trkpt lat="48.27801" lon="11.27572">
    <name>TP3908</name>
  </trkpt>
  <trkpt lat="48.27763" lon="11.27653">
    <name>TP3909</name>
  </trkpt>
  <trkpt lat="48.27759" lon="11.2766">
    <name>TP3910</name>
  </trkpt>
  <trkpt lat="48.27754" lon="11.27671">
    <name>TP3911</name>
  </trkpt>
  <trkpt lat="48.27752" lon="11.27675">
    <name>TP3912</name>
  </trkpt>
  <trkpt lat="48.27749" lon="11.27681">
    <name>TP3913</name>
  </trkpt>
  <trkpt lat="48.27747" lon="11.27686">
    <name>TP3914</name>
  </trkpt>
  <trkpt lat="48.27733" lon="11.27716">
    <name>TP3915</name>
  </trkpt>
  <trkpt lat="48.27681" lon="11.27826">
    <name>TP3916</name>
  </trkpt>
  <trkpt lat="48.27679" lon="11.27832">
    <name>TP3917</name>
  </trkpt>
  <trkpt lat="48.27635" lon="11.27925">
    <name>TP3918</name>
  </trkpt>
  <trkpt lat="48.27623" lon="11.27951">
    <name>TP3919</name>
  </trkpt>
  <trkpt lat="48.27601" lon="11.27995">
    <name>TP3920</name>
  </trkpt>
  <trkpt lat="48.27584" lon="11.28029">
    <name>TP3921</name>
  </trkpt>
  <trkpt lat="48.27568" lon="11.28059">
    <name>TP3922</name>
  </trkpt>
  <trkpt lat="48.27561" lon="11.28073">
    <name>TP3923</name>
  </trkpt>
  <trkpt lat="48.27546" lon="11.28101">
    <name>TP3924</name>
  </trkpt>
  <trkpt lat="48.27533" lon="11.28125">
    <name>TP3925</name>
  </trkpt>
  <trkpt lat="48.27512" lon="11.28162">
    <name>TP3926</name>
  </trkpt>
  <trkpt lat="48.27502" lon="11.28178">
    <name>TP3927</name>
  </trkpt>
  <trkpt lat="48.27496" lon="11.28189">
    <name>TP3928</name>
  </trkpt>
  <trkpt lat="48.27495" lon="11.28191">
    <name>TP3929</name>
  </trkpt>
  <trkpt lat="48.27483" lon="11.2821">
    <name>TP3930</name>
  </trkpt>
  <trkpt lat="48.27483" lon="11.28211">
    <name>TP3931</name>
  </trkpt>
  <trkpt lat="48.27471" lon="11.2823">
    <name>TP3932</name>
  </trkpt>
  <trkpt lat="48.2747" lon="11.2823">
    <name>TP3933</name>
  </trkpt>
  <trkpt lat="48.27457" lon="11.28252">
    <name>TP3934</name>
  </trkpt>
  <trkpt lat="48.27445" lon="11.28269">
    <name>TP3935</name>
  </trkpt>
  <trkpt lat="48.27435" lon="11.28285">
    <name>TP3936</name>
  </trkpt>
  <trkpt lat="48.27427" lon="11.28297">
    <name>TP3937</name>
  </trkpt>
  <trkpt lat="48.27419" lon="11.28311">
    <name>TP3938</name>
  </trkpt>
  <trkpt lat="48.27402" lon="11.28336">
    <name>TP3939</name>
  </trkpt>
  <trkpt lat="48.27401" lon="11.28337">
    <name>TP3940</name>
  </trkpt>
  <trkpt lat="48.27381" lon="11.28365">
    <name>TP3941</name>
  </trkpt>
  <trkpt lat="48.27375" lon="11.28372">
    <name>TP3942</name>
  </trkpt>
  <trkpt lat="48.27364" lon="11.28387">
    <name>TP3943</name>
  </trkpt>
  <trkpt lat="48.2735" lon="11.28405">
    <name>TP3944</name>
  </trkpt>
  <trkpt lat="48.27337" lon="11.28422">
    <name>TP3945</name>
  </trkpt>
  <trkpt lat="48.27322" lon="11.28441">
    <name>TP3946</name>
  </trkpt>
  <trkpt lat="48.27321" lon="11.28443">
    <name>TP3947</name>
  </trkpt>
  <trkpt lat="48.2732" lon="11.28443">
    <name>TP3948</name>
  </trkpt>
  <trkpt lat="48.27314" lon="11.28451">
    <name>TP3949</name>
  </trkpt>
  <trkpt lat="48.27281" lon="11.28492">
    <name>TP3950</name>
  </trkpt>
  <trkpt lat="48.27266" lon="11.28509">
    <name>TP3951</name>
  </trkpt>
  <trkpt lat="48.27248" lon="11.28531">
    <name>TP3952</name>
  </trkpt>
  <trkpt lat="48.27236" lon="11.28544">
    <name>TP3953</name>
  </trkpt>
  <trkpt lat="48.27208" lon="11.28574">
    <name>TP3954</name>
  </trkpt>
  <trkpt lat="48.27204" lon="11.28579">
    <name>TP3955</name>
  </trkpt>
  <trkpt lat="48.27194" lon="11.2859">
    <name>TP3956</name>
  </trkpt>
  <trkpt lat="48.27161" lon="11.28624">
    <name>TP3957</name>
  </trkpt>
  <trkpt lat="48.27129" lon="11.28659">
    <name>TP3958</name>
  </trkpt>
  <trkpt lat="48.27102" lon="11.28686">
    <name>TP3959</name>
  </trkpt>
  <trkpt lat="48.2709" lon="11.28698">
    <name>TP3960</name>
  </trkpt>
  <trkpt lat="48.27078" lon="11.28712">
    <name>TP3961</name>
  </trkpt>
  <trkpt lat="48.27067" lon="11.28723">
    <name>TP3962</name>
  </trkpt>
  <trkpt lat="48.27066" lon="11.28725">
    <name>TP3963</name>
  </trkpt>
  <trkpt lat="48.27065" lon="11.28726">
    <name>TP3964</name>
  </trkpt>
  <trkpt lat="48.27061" lon="11.28729">
    <name>TP3965</name>
  </trkpt>
  <trkpt lat="48.27051" lon="11.2874">
    <name>TP3966</name>
  </trkpt>
  <trkpt lat="48.2705" lon="11.2874">
    <name>TP3967</name>
  </trkpt>
  <trkpt lat="48.27044" lon="11.28747">
    <name>TP3968</name>
  </trkpt>
  <trkpt lat="48.27036" lon="11.28755">
    <name>TP3969</name>
  </trkpt>
  <trkpt lat="48.27007" lon="11.28786">
    <name>TP3970</name>
  </trkpt>
  <trkpt lat="48.26992" lon="11.28802">
    <name>TP3971</name>
  </trkpt>
  <trkpt lat="48.26948" lon="11.28848">
    <name>TP3972</name>
  </trkpt>
  <trkpt lat="48.26933" lon="11.28864">
    <name>TP3973</name>
  </trkpt>
  <trkpt lat="48.26889" lon="11.2891">
    <name>TP3974</name>
  </trkpt>
  <trkpt lat="48.26888" lon="11.2891">
    <name>TP3975</name>
  </trkpt>
  <trkpt lat="48.26874" lon="11.28925">
    <name>TP3976</name>
  </trkpt>
  <trkpt lat="48.26815" lon="11.28987">
    <name>TP3977</name>
  </trkpt>
  <trkpt lat="48.268" lon="11.29003">
    <name>TP3978</name>
  </trkpt>
  <trkpt lat="48.26726" lon="11.2908">
    <name>TP3979</name>
  </trkpt>
  <trkpt lat="48.26667" lon="11.29143">
    <name>TP3980</name>
  </trkpt>
  <trkpt lat="48.26663" lon="11.29146">
    <name>TP3981</name>
  </trkpt>
  <trkpt lat="48.26652" lon="11.29157">
    <name>TP3982</name>
  </trkpt>
  <trkpt lat="48.26652" lon="11.29158">
    <name>TP3983</name>
  </trkpt>
  <trkpt lat="48.26593" lon="11.29219">
    <name>TP3984</name>
  </trkpt>
  <trkpt lat="48.26575" lon="11.29239">
    <name>TP3985</name>
  </trkpt>
  <trkpt lat="48.26563" lon="11.29251">
    <name>TP3986</name>
  </trkpt>
  <trkpt lat="48.2656" lon="11.29254">
    <name>TP3987</name>
  </trkpt>
  <trkpt lat="48.26549" lon="11.29265">
    <name>TP3988</name>
  </trkpt>
  <trkpt lat="48.26548" lon="11.29266">
    <name>TP3989</name>
  </trkpt>
  <trkpt lat="48.26534" lon="11.29281">
    <name>TP3990</name>
  </trkpt>
  <trkpt lat="48.26481" lon="11.29337">
    <name>TP3991</name>
  </trkpt>
  <trkpt lat="48.26468" lon="11.29351">
    <name>TP3992</name>
  </trkpt>
  <trkpt lat="48.26419" lon="11.29402">
    <name>TP3993</name>
  </trkpt>
  <trkpt lat="48.26418" lon="11.29403">
    <name>TP3994</name>
  </trkpt>
  <trkpt lat="48.26404" lon="11.29418">
    <name>TP3995</name>
  </trkpt>
  <trkpt lat="48.26403" lon="11.29419">
    <name>TP3996</name>
  </trkpt>
  <trkpt lat="48.26386" lon="11.29437">
    <name>TP3997</name>
  </trkpt>
  <trkpt lat="48.26359" lon="11.29465">
    <name>TP3998</name>
  </trkpt>
  <trkpt lat="48.26254" lon="11.29575">
    <name>TP3999</name>
  </trkpt>
  <trkpt lat="48.26136" lon="11.29699">
    <name>TP4000</name>
  </trkpt>
  <trkpt lat="48.26132" lon="11.29703">
    <name>TP4001</name>
  </trkpt>
  <trkpt lat="48.26123" lon="11.29712">
    <name>TP4002</name>
  </trkpt>
  <trkpt lat="48.26118" lon="11.29717">
    <name>TP4003</name>
  </trkpt>
  <trkpt lat="48.26102" lon="11.29734">
    <name>TP4004</name>
  </trkpt>
  <trkpt lat="48.26093" lon="11.29744">
    <name>TP4005</name>
  </trkpt>
  <trkpt lat="48.26073" lon="11.29765">
    <name>TP4006</name>
  </trkpt>
  <trkpt lat="48.26053" lon="11.29785">
    <name>TP4007</name>
  </trkpt>
  <trkpt lat="48.26048" lon="11.29792">
    <name>TP4008</name>
  </trkpt>
  <trkpt lat="48.2604" lon="11.29799">
    <name>TP4009</name>
  </trkpt>
  <trkpt lat="48.26037" lon="11.29803">
    <name>TP4010</name>
  </trkpt>
  <trkpt lat="48.26033" lon="11.29807">
    <name>TP4011</name>
  </trkpt>
  <trkpt lat="48.26028" lon="11.29812">
    <name>TP4012</name>
  </trkpt>
  <trkpt lat="48.26013" lon="11.29827">
    <name>TP4013</name>
  </trkpt>
  <trkpt lat="48.26007" lon="11.29833">
    <name>TP4014</name>
  </trkpt>
  <trkpt lat="48.25956" lon="11.29886">
    <name>TP4015</name>
  </trkpt>
  <trkpt lat="48.25953" lon="11.2989">
    <name>TP4016</name>
  </trkpt>
  <trkpt lat="48.25942" lon="11.29902">
    <name>TP4017</name>
  </trkpt>
  <trkpt lat="48.25927" lon="11.29917">
    <name>TP4018</name>
  </trkpt>
  <trkpt lat="48.25925" lon="11.2992">
    <name>TP4019</name>
  </trkpt>
  <trkpt lat="48.2589" lon="11.29957">
    <name>TP4020</name>
  </trkpt>
  <trkpt lat="48.25876" lon="11.29972">
    <name>TP4021</name>
  </trkpt>
  <trkpt lat="48.25863" lon="11.29988">
    <name>TP4022</name>
  </trkpt>
  <trkpt lat="48.2585" lon="11.30003">
    <name>TP4023</name>
  </trkpt>
  <trkpt lat="48.2584" lon="11.30014">
    <name>TP4024</name>
  </trkpt>
  <trkpt lat="48.25836" lon="11.30019">
    <name>TP4025</name>
  </trkpt>
  <trkpt lat="48.25825" lon="11.3003">
    <name>TP4026</name>
  </trkpt>
  <trkpt lat="48.25819" lon="11.30038">
    <name>TP4027</name>
  </trkpt>
  <trkpt lat="48.25808" lon="11.30051">
    <name>TP4028</name>
  </trkpt>
  <trkpt lat="48.25797" lon="11.30065">
    <name>TP4029</name>
  </trkpt>
  <trkpt lat="48.25786" lon="11.30078">
    <name>TP4030</name>
  </trkpt>
  <trkpt lat="48.25777" lon="11.30089">
    <name>TP4031</name>
  </trkpt>
  <trkpt lat="48.2576" lon="11.30111">
    <name>TP4032</name>
  </trkpt>
  <trkpt lat="48.25753" lon="11.3012">
    <name>TP4033</name>
  </trkpt>
  <trkpt lat="48.2575" lon="11.30123">
    <name>TP4034</name>
  </trkpt>
  <trkpt lat="48.25739" lon="11.30138">
    <name>TP4035</name>
  </trkpt>
  <trkpt lat="48.25736" lon="11.30142">
    <name>TP4036</name>
  </trkpt>
  <trkpt lat="48.2573" lon="11.3015">
    <name>TP4037</name>
  </trkpt>
  <trkpt lat="48.25718" lon="11.30166">
    <name>TP4038</name>
  </trkpt>
  <trkpt lat="48.25712" lon="11.30175">
    <name>TP4039</name>
  </trkpt>
  <trkpt lat="48.25706" lon="11.30183">
    <name>TP4040</name>
  </trkpt>
  <trkpt lat="48.25695" lon="11.30199">
    <name>TP4041</name>
  </trkpt>
  <trkpt lat="48.25685" lon="11.30214">
    <name>TP4042</name>
  </trkpt>
  <trkpt lat="48.25678" lon="11.30224">
    <name>TP4043</name>
  </trkpt>
  <trkpt lat="48.25669" lon="11.30237">
    <name>TP4044</name>
  </trkpt>
  <trkpt lat="48.25657" lon="11.30255">
    <name>TP4045</name>
  </trkpt>
  <trkpt lat="48.25635" lon="11.30289">
    <name>TP4046</name>
  </trkpt>
  <trkpt lat="48.25607" lon="11.30334">
    <name>TP4047</name>
  </trkpt>
  <trkpt lat="48.25602" lon="11.30343">
    <name>TP4048</name>
  </trkpt>
  <trkpt lat="48.2557" lon="11.30396">
    <name>TP4049</name>
  </trkpt>
  <trkpt lat="48.25566" lon="11.30404">
    <name>TP4050</name>
  </trkpt>
  <trkpt lat="48.25554" lon="11.30426">
    <name>TP4051</name>
  </trkpt>
  <trkpt lat="48.2555" lon="11.30435">
    <name>TP4052</name>
  </trkpt>
  <trkpt lat="48.25533" lon="11.30465">
    <name>TP4053</name>
  </trkpt>
  <trkpt lat="48.25518" lon="11.30493">
    <name>TP4054</name>
  </trkpt>
  <trkpt lat="48.25512" lon="11.30506">
    <name>TP4055</name>
  </trkpt>
  <trkpt lat="48.255" lon="11.30528">
    <name>TP4056</name>
  </trkpt>
  <trkpt lat="48.25495" lon="11.30538">
    <name>TP4057</name>
  </trkpt>
  <trkpt lat="48.25491" lon="11.30547">
    <name>TP4058</name>
  </trkpt>
  <trkpt lat="48.25487" lon="11.30554">
    <name>TP4059</name>
  </trkpt>
  <trkpt lat="48.25474" lon="11.30581">
    <name>TP4060</name>
  </trkpt>
  <trkpt lat="48.25468" lon="11.30593">
    <name>TP4061</name>
  </trkpt>
  <trkpt lat="48.25463" lon="11.30602">
    <name>TP4062</name>
  </trkpt>
  <trkpt lat="48.25462" lon="11.30605">
    <name>TP4063</name>
  </trkpt>
  <trkpt lat="48.25457" lon="11.30614">
    <name>TP4064</name>
  </trkpt>
  <trkpt lat="48.25449" lon="11.30631">
    <name>TP4065</name>
  </trkpt>
  <trkpt lat="48.25442" lon="11.30646">
    <name>TP4066</name>
  </trkpt>
  <trkpt lat="48.25439" lon="11.30651">
    <name>TP4067</name>
  </trkpt>
  <trkpt lat="48.25437" lon="11.30656">
    <name>TP4068</name>
  </trkpt>
  <trkpt lat="48.25432" lon="11.30667">
    <name>TP4069</name>
  </trkpt>
  <trkpt lat="48.25421" lon="11.30688">
    <name>TP4070</name>
  </trkpt>
  <trkpt lat="48.25411" lon="11.3071">
    <name>TP4071</name>
  </trkpt>
  <trkpt lat="48.25404" lon="11.30723">
    <name>TP4072</name>
  </trkpt>
  <trkpt lat="48.25369" lon="11.30795">
    <name>TP4073</name>
  </trkpt>
  <trkpt lat="48.25367" lon="11.30799">
    <name>TP4074</name>
  </trkpt>
  <trkpt lat="48.25354" lon="11.30825">
    <name>TP4075</name>
  </trkpt>
  <trkpt lat="48.25329" lon="11.30877">
    <name>TP4076</name>
  </trkpt>
  <trkpt lat="48.25314" lon="11.30908">
    <name>TP4077</name>
  </trkpt>
  <trkpt lat="48.25304" lon="11.30927">
    <name>TP4078</name>
  </trkpt>
  <trkpt lat="48.25262" lon="11.31015">
    <name>TP4079</name>
  </trkpt>
  <trkpt lat="48.25251" lon="11.31037">
    <name>TP4080</name>
  </trkpt>
  <trkpt lat="48.2524" lon="11.31059">
    <name>TP4081</name>
  </trkpt>
  <trkpt lat="48.25227" lon="11.31086">
    <name>TP4082</name>
  </trkpt>
  <trkpt lat="48.25208" lon="11.31124">
    <name>TP4083</name>
  </trkpt>
  <trkpt lat="48.25198" lon="11.31145">
    <name>TP4084</name>
  </trkpt>
  <trkpt lat="48.25191" lon="11.3116">
    <name>TP4085</name>
  </trkpt>
  <trkpt lat="48.25187" lon="11.31169">
    <name>TP4086</name>
  </trkpt>
  <trkpt lat="48.25182" lon="11.31178">
    <name>TP4087</name>
  </trkpt>
  <trkpt lat="48.25176" lon="11.31191">
    <name>TP4088</name>
  </trkpt>
  <trkpt lat="48.25174" lon="11.31196">
    <name>TP4089</name>
  </trkpt>
  <trkpt lat="48.25155" lon="11.31233">
    <name>TP4090</name>
  </trkpt>
  <trkpt lat="48.25145" lon="11.31255">
    <name>TP4091</name>
  </trkpt>
  <trkpt lat="48.25134" lon="11.31277">
    <name>TP4092</name>
  </trkpt>
  <trkpt lat="48.25128" lon="11.31289">
    <name>TP4093</name>
  </trkpt>
  <trkpt lat="48.25121" lon="11.31305">
    <name>TP4094</name>
  </trkpt>
  <trkpt lat="48.25094" lon="11.31359">
    <name>TP4095</name>
  </trkpt>
  <trkpt lat="48.25086" lon="11.31377">
    <name>TP4096</name>
  </trkpt>
  <trkpt lat="48.2508" lon="11.31387">
    <name>TP4097</name>
  </trkpt>
  <trkpt lat="48.25079" lon="11.31389">
    <name>TP4098</name>
  </trkpt>
  <trkpt lat="48.25074" lon="11.31402">
    <name>TP4099</name>
  </trkpt>
  <trkpt lat="48.25054" lon="11.31441">
    <name>TP4100</name>
  </trkpt>
  <trkpt lat="48.25039" lon="11.31472">
    <name>TP4101</name>
  </trkpt>
  <trkpt lat="48.25029" lon="11.31493">
    <name>TP4102</name>
  </trkpt>
  <trkpt lat="48.25015" lon="11.3152">
    <name>TP4103</name>
  </trkpt>
  <trkpt lat="48.25009" lon="11.31534">
    <name>TP4104</name>
  </trkpt>
  <trkpt lat="48.24997" lon="11.31558">
    <name>TP4105</name>
  </trkpt>
  <trkpt lat="48.2499" lon="11.31571">
    <name>TP4106</name>
  </trkpt>
  <trkpt lat="48.24989" lon="11.31574">
    <name>TP4107</name>
  </trkpt>
  <trkpt lat="48.24985" lon="11.31582">
    <name>TP4108</name>
  </trkpt>
  <trkpt lat="48.24976" lon="11.316">
    <name>TP4109</name>
  </trkpt>
  <trkpt lat="48.24971" lon="11.31611">
    <name>TP4110</name>
  </trkpt>
  <trkpt lat="48.24964" lon="11.31626">
    <name>TP4111</name>
  </trkpt>
  <trkpt lat="48.24941" lon="11.31673">
    <name>TP4112</name>
  </trkpt>
  <trkpt lat="48.24932" lon="11.3169">
    <name>TP4113</name>
  </trkpt>
  <trkpt lat="48.24884" lon="11.31788">
    <name>TP4114</name>
  </trkpt>
  <trkpt lat="48.24856" lon="11.31845">
    <name>TP4115</name>
  </trkpt>
  <trkpt lat="48.24813" lon="11.31933">
    <name>TP4116</name>
  </trkpt>
  <trkpt lat="48.24793" lon="11.31974">
    <name>TP4117</name>
  </trkpt>
  <trkpt lat="48.24786" lon="11.3199">
    <name>TP4118</name>
  </trkpt>
  <trkpt lat="48.24776" lon="11.3201">
    <name>TP4119</name>
  </trkpt>
  <trkpt lat="48.2476" lon="11.32042">
    <name>TP4120</name>
  </trkpt>
  <trkpt lat="48.24747" lon="11.32071">
    <name>TP4121</name>
  </trkpt>
  <trkpt lat="48.24726" lon="11.32112">
    <name>TP4122</name>
  </trkpt>
  <trkpt lat="48.24709" lon="11.32147">
    <name>TP4123</name>
  </trkpt>
  <trkpt lat="48.24696" lon="11.32173">
    <name>TP4124</name>
  </trkpt>
  <trkpt lat="48.24683" lon="11.322">
    <name>TP4125</name>
  </trkpt>
  <trkpt lat="48.24666" lon="11.32236">
    <name>TP4126</name>
  </trkpt>
  <trkpt lat="48.24657" lon="11.32255">
    <name>TP4127</name>
  </trkpt>
  <trkpt lat="48.24646" lon="11.32279">
    <name>TP4128</name>
  </trkpt>
  <trkpt lat="48.24631" lon="11.32311">
    <name>TP4129</name>
  </trkpt>
  <trkpt lat="48.24588" lon="11.32399">
    <name>TP4130</name>
  </trkpt>
  <trkpt lat="48.24574" lon="11.32428">
    <name>TP4131</name>
  </trkpt>
  <trkpt lat="48.24554" lon="11.32467">
    <name>TP4132</name>
  </trkpt>
  <trkpt lat="48.24534" lon="11.32507">
    <name>TP4133</name>
  </trkpt>
  <trkpt lat="48.24511" lon="11.32555">
    <name>TP4134</name>
  </trkpt>
  <trkpt lat="48.24492" lon="11.32593">
    <name>TP4135</name>
  </trkpt>
  <trkpt lat="48.24472" lon="11.32632">
    <name>TP4136</name>
  </trkpt>
  <trkpt lat="48.24455" lon="11.32667">
    <name>TP4137</name>
  </trkpt>
  <trkpt lat="48.24445" lon="11.32688">
    <name>TP4138</name>
  </trkpt>
  <trkpt lat="48.24435" lon="11.32707">
    <name>TP4139</name>
  </trkpt>
  <trkpt lat="48.24429" lon="11.3272">
    <name>TP4140</name>
  </trkpt>
  <trkpt lat="48.24402" lon="11.32777">
    <name>TP4141</name>
  </trkpt>
  <trkpt lat="48.2439" lon="11.328">
    <name>TP4142</name>
  </trkpt>
  <trkpt lat="48.24373" lon="11.32836">
    <name>TP4143</name>
  </trkpt>
  <trkpt lat="48.24363" lon="11.32856">
    <name>TP4144</name>
  </trkpt>
  <trkpt lat="48.24358" lon="11.32865">
    <name>TP4145</name>
  </trkpt>
  <trkpt lat="48.24352" lon="11.32878">
    <name>TP4146</name>
  </trkpt>
  <trkpt lat="48.24341" lon="11.32899">
    <name>TP4147</name>
  </trkpt>
  <trkpt lat="48.24336" lon="11.32911">
    <name>TP4148</name>
  </trkpt>
  <trkpt lat="48.24321" lon="11.32941">
    <name>TP4149</name>
  </trkpt>
  <trkpt lat="48.24315" lon="11.32955">
    <name>TP4150</name>
  </trkpt>
  <trkpt lat="48.2428" lon="11.33023">
    <name>TP4151</name>
  </trkpt>
  <trkpt lat="48.24268" lon="11.3305">
    <name>TP4152</name>
  </trkpt>
  <trkpt lat="48.24256" lon="11.33074">
    <name>TP4153</name>
  </trkpt>
  <trkpt lat="48.24235" lon="11.33118">
    <name>TP4154</name>
  </trkpt>
  <trkpt lat="48.24196" lon="11.33198">
    <name>TP4155</name>
  </trkpt>
  <trkpt lat="48.24187" lon="11.33217">
    <name>TP4156</name>
  </trkpt>
  <trkpt lat="48.24114" lon="11.33366">
    <name>TP4157</name>
  </trkpt>
  <trkpt lat="48.24107" lon="11.33381">
    <name>TP4158</name>
  </trkpt>
  <trkpt lat="48.24082" lon="11.33431">
    <name>TP4159</name>
  </trkpt>
  <trkpt lat="48.24063" lon="11.3347">
    <name>TP4160</name>
  </trkpt>
  <trkpt lat="48.24055" lon="11.33487">
    <name>TP4161</name>
  </trkpt>
  <trkpt lat="48.24044" lon="11.33509">
    <name>TP4162</name>
  </trkpt>
  <trkpt lat="48.24024" lon="11.3355">
    <name>TP4163</name>
  </trkpt>
  <trkpt lat="48.24003" lon="11.33593">
    <name>TP4164</name>
  </trkpt>
  <trkpt lat="48.23998" lon="11.33604">
    <name>TP4165</name>
  </trkpt>
  <trkpt lat="48.2399" lon="11.3362">
    <name>TP4166</name>
  </trkpt>
  <trkpt lat="48.2396" lon="11.33682">
    <name>TP4167</name>
  </trkpt>
  <trkpt lat="48.23954" lon="11.33694">
    <name>TP4168</name>
  </trkpt>
  <trkpt lat="48.23943" lon="11.33716">
    <name>TP4169</name>
  </trkpt>
  <trkpt lat="48.23931" lon="11.3374">
    <name>TP4170</name>
  </trkpt>
  <trkpt lat="48.23916" lon="11.33772">
    <name>TP4171</name>
  </trkpt>
  <trkpt lat="48.2391" lon="11.33783">
    <name>TP4172</name>
  </trkpt>
  <trkpt lat="48.23902" lon="11.338">
    <name>TP4173</name>
  </trkpt>
  <trkpt lat="48.23876" lon="11.33852">
    <name>TP4174</name>
  </trkpt>
  <trkpt lat="48.23866" lon="11.33872">
    <name>TP4175</name>
  </trkpt>
  <trkpt lat="48.23854" lon="11.33897">
    <name>TP4176</name>
  </trkpt>
  <trkpt lat="48.23833" lon="11.33937">
    <name>TP4177</name>
  </trkpt>
  <trkpt lat="48.23824" lon="11.33955">
    <name>TP4178</name>
  </trkpt>
  <trkpt lat="48.23817" lon="11.33968">
    <name>TP4179</name>
  </trkpt>
  <trkpt lat="48.23808" lon="11.33987">
    <name>TP4180</name>
  </trkpt>
  <trkpt lat="48.23806" lon="11.3399">
    <name>TP4181</name>
  </trkpt>
  <trkpt lat="48.23797" lon="11.34008">
    <name>TP4182</name>
  </trkpt>
  <trkpt lat="48.23788" lon="11.34026">
    <name>TP4183</name>
  </trkpt>
  <trkpt lat="48.23771" lon="11.34058">
    <name>TP4184</name>
  </trkpt>
  <trkpt lat="48.23761" lon="11.34079">
    <name>TP4185</name>
  </trkpt>
  <trkpt lat="48.23736" lon="11.34125">
    <name>TP4186</name>
  </trkpt>
  <trkpt lat="48.23711" lon="11.34174">
    <name>TP4187</name>
  </trkpt>
  <trkpt lat="48.23695" lon="11.34204">
    <name>TP4188</name>
  </trkpt>
  <trkpt lat="48.23671" lon="11.34248">
    <name>TP4189</name>
  </trkpt>
  <trkpt lat="48.23657" lon="11.34272">
    <name>TP4190</name>
  </trkpt>
  <trkpt lat="48.23638" lon="11.34307">
    <name>TP4191</name>
  </trkpt>
  <trkpt lat="48.23634" lon="11.34316">
    <name>TP4192</name>
  </trkpt>
  <trkpt lat="48.23595" lon="11.34386">
    <name>TP4193</name>
  </trkpt>
  <trkpt lat="48.23578" lon="11.34416">
    <name>TP4194</name>
  </trkpt>
  <trkpt lat="48.23518" lon="11.34523">
    <name>TP4195</name>
  </trkpt>
  <trkpt lat="48.23506" lon="11.34544">
    <name>TP4196</name>
  </trkpt>
  <trkpt lat="48.23481" lon="11.34586">
    <name>TP4197</name>
  </trkpt>
  <trkpt lat="48.2347" lon="11.34606">
    <name>TP4198</name>
  </trkpt>
  <trkpt lat="48.2346" lon="11.34623">
    <name>TP4199</name>
  </trkpt>
  <trkpt lat="48.23454" lon="11.34634">
    <name>TP4200</name>
  </trkpt>
  <trkpt lat="48.23446" lon="11.34646">
    <name>TP4201</name>
  </trkpt>
  <trkpt lat="48.23438" lon="11.34661">
    <name>TP4202</name>
  </trkpt>
  <trkpt lat="48.23428" lon="11.34677">
    <name>TP4203</name>
  </trkpt>
  <trkpt lat="48.23422" lon="11.34687">
    <name>TP4204</name>
  </trkpt>
  <trkpt lat="48.23415" lon="11.347">
    <name>TP4205</name>
  </trkpt>
  <trkpt lat="48.23412" lon="11.34706">
    <name>TP4206</name>
  </trkpt>
  <trkpt lat="48.23409" lon="11.3471">
    <name>TP4207</name>
  </trkpt>
  <trkpt lat="48.23402" lon="11.34723">
    <name>TP4208</name>
  </trkpt>
  <trkpt lat="48.23386" lon="11.34751">
    <name>TP4209</name>
  </trkpt>
  <trkpt lat="48.23366" lon="11.34784">
    <name>TP4210</name>
  </trkpt>
  <trkpt lat="48.23352" lon="11.34808">
    <name>TP4211</name>
  </trkpt>
  <trkpt lat="48.23328" lon="11.34849">
    <name>TP4212</name>
  </trkpt>
  <trkpt lat="48.23317" lon="11.34867">
    <name>TP4213</name>
  </trkpt>
  <trkpt lat="48.23307" lon="11.34883">
    <name>TP4214</name>
  </trkpt>
  <trkpt lat="48.23279" lon="11.34933">
    <name>TP4215</name>
  </trkpt>
  <trkpt lat="48.2327" lon="11.34947">
    <name>TP4216</name>
  </trkpt>
  <trkpt lat="48.23262" lon="11.34961">
    <name>TP4217</name>
  </trkpt>
  <trkpt lat="48.23232" lon="11.35011">
    <name>TP4218</name>
  </trkpt>
  <trkpt lat="48.23211" lon="11.35048">
    <name>TP4219</name>
  </trkpt>
  <trkpt lat="48.23192" lon="11.35079">
    <name>TP4220</name>
  </trkpt>
  <trkpt lat="48.23177" lon="11.35106">
    <name>TP4221</name>
  </trkpt>
  <trkpt lat="48.23148" lon="11.35154">
    <name>TP4222</name>
  </trkpt>
  <trkpt lat="48.23103" lon="11.35229">
    <name>TP4223</name>
  </trkpt>
  <trkpt lat="48.23095" lon="11.35244">
    <name>TP4224</name>
  </trkpt>
  <trkpt lat="48.23074" lon="11.35279">
    <name>TP4225</name>
  </trkpt>
  <trkpt lat="48.23059" lon="11.35306">
    <name>TP4226</name>
  </trkpt>
  <trkpt lat="48.23025" lon="11.35363">
    <name>TP4227</name>
  </trkpt>
  <trkpt lat="48.22989" lon="11.35423">
    <name>TP4228</name>
  </trkpt>
  <trkpt lat="48.22937" lon="11.35513">
    <name>TP4229</name>
  </trkpt>
  <trkpt lat="48.22903" lon="11.3557">
    <name>TP4230</name>
  </trkpt>
  <trkpt lat="48.22893" lon="11.35587">
    <name>TP4231</name>
  </trkpt>
  <trkpt lat="48.22888" lon="11.35595">
    <name>TP4232</name>
  </trkpt>
  <trkpt lat="48.22881" lon="11.35606">
    <name>TP4233</name>
  </trkpt>
  <trkpt lat="48.22871" lon="11.35625">
    <name>TP4234</name>
  </trkpt>
  <trkpt lat="48.22869" lon="11.35627">
    <name>TP4235</name>
  </trkpt>
  <trkpt lat="48.22817" lon="11.35715">
    <name>TP4236</name>
  </trkpt>
  <trkpt lat="48.22816" lon="11.35717">
    <name>TP4237</name>
  </trkpt>
  <trkpt lat="48.22813" lon="11.35722">
    <name>TP4238</name>
  </trkpt>
  <trkpt lat="48.22806" lon="11.35735">
    <name>TP4239</name>
  </trkpt>
  <trkpt lat="48.22796" lon="11.35752">
    <name>TP4240</name>
  </trkpt>
  <trkpt lat="48.22792" lon="11.35759">
    <name>TP4241</name>
  </trkpt>
  <trkpt lat="48.22788" lon="11.35766">
    <name>TP4242</name>
  </trkpt>
  <trkpt lat="48.2278" lon="11.35779">
    <name>TP4243</name>
  </trkpt>
  <trkpt lat="48.22763" lon="11.35808">
    <name>TP4244</name>
  </trkpt>
  <trkpt lat="48.22758" lon="11.35815">
    <name>TP4245</name>
  </trkpt>
  <trkpt lat="48.22745" lon="11.35838">
    <name>TP4246</name>
  </trkpt>
  <trkpt lat="48.22724" lon="11.35873">
    <name>TP4247</name>
  </trkpt>
  <trkpt lat="48.22701" lon="11.35913">
    <name>TP4248</name>
  </trkpt>
  <trkpt lat="48.22689" lon="11.35934">
    <name>TP4249</name>
  </trkpt>
  <trkpt lat="48.22674" lon="11.35958">
    <name>TP4250</name>
  </trkpt>
  <trkpt lat="48.2267" lon="11.35964">
    <name>TP4251</name>
  </trkpt>
  <trkpt lat="48.22663" lon="11.35977">
    <name>TP4252</name>
  </trkpt>
  <trkpt lat="48.22659" lon="11.35983">
    <name>TP4253</name>
  </trkpt>
  <trkpt lat="48.22652" lon="11.35996">
    <name>TP4254</name>
  </trkpt>
  <trkpt lat="48.22638" lon="11.36019">
    <name>TP4255</name>
  </trkpt>
  <trkpt lat="48.22604" lon="11.36078">
    <name>TP4256</name>
  </trkpt>
  <trkpt lat="48.22603" lon="11.36078">
    <name>TP4257</name>
  </trkpt>
  <trkpt lat="48.22602" lon="11.3608">
    <name>TP4258</name>
  </trkpt>
  <trkpt lat="48.2259" lon="11.361">
    <name>TP4259</name>
  </trkpt>
  <trkpt lat="48.22555" lon="11.36161">
    <name>TP4260</name>
  </trkpt>
  <trkpt lat="48.2255" lon="11.36169">
    <name>TP4261</name>
  </trkpt>
  <trkpt lat="48.22538" lon="11.36189">
    <name>TP4262</name>
  </trkpt>
  <trkpt lat="48.22528" lon="11.36206">
    <name>TP4263</name>
  </trkpt>
  <trkpt lat="48.22524" lon="11.36214">
    <name>TP4264</name>
  </trkpt>
  <trkpt lat="48.22519" lon="11.36222">
    <name>TP4265</name>
  </trkpt>
  <trkpt lat="48.22489" lon="11.36272">
    <name>TP4266</name>
  </trkpt>
  <trkpt lat="48.22481" lon="11.36287">
    <name>TP4267</name>
  </trkpt>
  <trkpt lat="48.22464" lon="11.36315">
    <name>TP4268</name>
  </trkpt>
  <trkpt lat="48.22451" lon="11.36336">
    <name>TP4269</name>
  </trkpt>
  <trkpt lat="48.22431" lon="11.3637">
    <name>TP4270</name>
  </trkpt>
  <trkpt lat="48.22401" lon="11.36422">
    <name>TP4271</name>
  </trkpt>
  <trkpt lat="48.22349" lon="11.36509">
    <name>TP4272</name>
  </trkpt>
  <trkpt lat="48.22327" lon="11.36547">
    <name>TP4273</name>
  </trkpt>
  <trkpt lat="48.22292" lon="11.36606">
    <name>TP4274</name>
  </trkpt>
  <trkpt lat="48.22289" lon="11.36612">
    <name>TP4275</name>
  </trkpt>
  <trkpt lat="48.22282" lon="11.36624">
    <name>TP4276</name>
  </trkpt>
  <trkpt lat="48.22276" lon="11.36633">
    <name>TP4277</name>
  </trkpt>
  <trkpt lat="48.22267" lon="11.36648">
    <name>TP4278</name>
  </trkpt>
  <trkpt lat="48.22261" lon="11.36659">
    <name>TP4279</name>
  </trkpt>
  <trkpt lat="48.22254" lon="11.36671">
    <name>TP4280</name>
  </trkpt>
  <trkpt lat="48.22246" lon="11.36684">
    <name>TP4281</name>
  </trkpt>
  <trkpt lat="48.22235" lon="11.36703">
    <name>TP4282</name>
  </trkpt>
  <trkpt lat="48.22207" lon="11.36751">
    <name>TP4283</name>
  </trkpt>
  <trkpt lat="48.22195" lon="11.36771">
    <name>TP4284</name>
  </trkpt>
  <trkpt lat="48.22188" lon="11.36784">
    <name>TP4285</name>
  </trkpt>
  <trkpt lat="48.2218" lon="11.36796">
    <name>TP4286</name>
  </trkpt>
  <trkpt lat="48.22165" lon="11.36822">
    <name>TP4287</name>
  </trkpt>
  <trkpt lat="48.2215" lon="11.36848">
    <name>TP4288</name>
  </trkpt>
  <trkpt lat="48.22142" lon="11.3686">
    <name>TP4289</name>
  </trkpt>
  <trkpt lat="48.22132" lon="11.36878">
    <name>TP4290</name>
  </trkpt>
  <trkpt lat="48.22127" lon="11.36887">
    <name>TP4291</name>
  </trkpt>
  <trkpt lat="48.22123" lon="11.36893">
    <name>TP4292</name>
  </trkpt>
  <trkpt lat="48.22119" lon="11.36899">
    <name>TP4293</name>
  </trkpt>
  <trkpt lat="48.22075" lon="11.36975">
    <name>TP4294</name>
  </trkpt>
  <trkpt lat="48.22069" lon="11.36984">
    <name>TP4295</name>
  </trkpt>
  <trkpt lat="48.2205" lon="11.37017">
    <name>TP4296</name>
  </trkpt>
  <trkpt lat="48.22047" lon="11.37022">
    <name>TP4297</name>
  </trkpt>
  <trkpt lat="48.22044" lon="11.37027">
    <name>TP4298</name>
  </trkpt>
  <trkpt lat="48.21996" lon="11.37109">
    <name>TP4299</name>
  </trkpt>
  <trkpt lat="48.21984" lon="11.37129">
    <name>TP4300</name>
  </trkpt>
  <trkpt lat="48.2198" lon="11.37137">
    <name>TP4301</name>
  </trkpt>
  <trkpt lat="48.21971" lon="11.37152">
    <name>TP4302</name>
  </trkpt>
  <trkpt lat="48.21878" lon="11.37307">
    <name>TP4303</name>
  </trkpt>
  <trkpt lat="48.21856" lon="11.37346">
    <name>TP4304</name>
  </trkpt>
  <trkpt lat="48.21821" lon="11.37405">
    <name>TP4305</name>
  </trkpt>
  <trkpt lat="48.2181" lon="11.37424">
    <name>TP4306</name>
  </trkpt>
  <trkpt lat="48.21807" lon="11.37429">
    <name>TP4307</name>
  </trkpt>
  <trkpt lat="48.21776" lon="11.37481">
    <name>TP4308</name>
  </trkpt>
  <trkpt lat="48.21754" lon="11.37519">
    <name>TP4309</name>
  </trkpt>
  <trkpt lat="48.21753" lon="11.3752">
    <name>TP4310</name>
  </trkpt>
  <trkpt lat="48.21742" lon="11.37539">
    <name>TP4311</name>
  </trkpt>
  <trkpt lat="48.21741" lon="11.3754">
    <name>TP4312</name>
  </trkpt>
  <trkpt lat="48.2173" lon="11.3756">
    <name>TP4313</name>
  </trkpt>
  <trkpt lat="48.2171" lon="11.37593">
    <name>TP4314</name>
  </trkpt>
  <trkpt lat="48.21687" lon="11.37633">
    <name>TP4315</name>
  </trkpt>
  <trkpt lat="48.21674" lon="11.37655">
    <name>TP4316</name>
  </trkpt>
  <trkpt lat="48.21663" lon="11.37673">
    <name>TP4317</name>
  </trkpt>
  <trkpt lat="48.21647" lon="11.37701">
    <name>TP4318</name>
  </trkpt>
  <trkpt lat="48.21577" lon="11.37818">
    <name>TP4319</name>
  </trkpt>
  <trkpt lat="48.21566" lon="11.37837">
    <name>TP4320</name>
  </trkpt>
  <trkpt lat="48.21544" lon="11.37877">
    <name>TP4321</name>
  </trkpt>
  <trkpt lat="48.21541" lon="11.37882">
    <name>TP4322</name>
  </trkpt>
  <trkpt lat="48.21521" lon="11.37916">
    <name>TP4323</name>
  </trkpt>
  <trkpt lat="48.21509" lon="11.37938">
    <name>TP4324</name>
  </trkpt>
  <trkpt lat="48.21504" lon="11.37945">
    <name>TP4325</name>
  </trkpt>
  <trkpt lat="48.21496" lon="11.3796">
    <name>TP4326</name>
  </trkpt>
  <trkpt lat="48.21483" lon="11.3798">
    <name>TP4327</name>
  </trkpt>
  <trkpt lat="48.21474" lon="11.37996">
    <name>TP4328</name>
  </trkpt>
  <trkpt lat="48.21464" lon="11.38013">
    <name>TP4329</name>
  </trkpt>
  <trkpt lat="48.21463" lon="11.38015">
    <name>TP4330</name>
  </trkpt>
  <trkpt lat="48.21453" lon="11.38031">
    <name>TP4331</name>
  </trkpt>
  <trkpt lat="48.21444" lon="11.38046">
    <name>TP4332</name>
  </trkpt>
  <trkpt lat="48.21443" lon="11.38049">
    <name>TP4333</name>
  </trkpt>
  <trkpt lat="48.21433" lon="11.38065">
    <name>TP4334</name>
  </trkpt>
  <trkpt lat="48.21423" lon="11.38082">
    <name>TP4335</name>
  </trkpt>
  <trkpt lat="48.21413" lon="11.38099">
    <name>TP4336</name>
  </trkpt>
  <trkpt lat="48.21402" lon="11.38117">
    <name>TP4337</name>
  </trkpt>
  <trkpt lat="48.21382" lon="11.38151">
    <name>TP4338</name>
  </trkpt>
  <trkpt lat="48.21372" lon="11.38168">
    <name>TP4339</name>
  </trkpt>
  <trkpt lat="48.21361" lon="11.38186">
    <name>TP4340</name>
  </trkpt>
  <trkpt lat="48.2134" lon="11.38222">
    <name>TP4341</name>
  </trkpt>
  <trkpt lat="48.2133" lon="11.38239">
    <name>TP4342</name>
  </trkpt>
  <trkpt lat="48.2132" lon="11.38256">
    <name>TP4343</name>
  </trkpt>
  <trkpt lat="48.2131" lon="11.38274">
    <name>TP4344</name>
  </trkpt>
  <trkpt lat="48.21299" lon="11.38291">
    <name>TP4345</name>
  </trkpt>
  <trkpt lat="48.21297" lon="11.38296">
    <name>TP4346</name>
  </trkpt>
  <trkpt lat="48.21291" lon="11.38306">
    <name>TP4347</name>
  </trkpt>
  <trkpt lat="48.21283" lon="11.3832">
    <name>TP4348</name>
  </trkpt>
  <trkpt lat="48.21279" lon="11.38326">
    <name>TP4349</name>
  </trkpt>
  <trkpt lat="48.21269" lon="11.38343">
    <name>TP4350</name>
  </trkpt>
  <trkpt lat="48.21258" lon="11.38361">
    <name>TP4351</name>
  </trkpt>
  <trkpt lat="48.21248" lon="11.38379">
    <name>TP4352</name>
  </trkpt>
  <trkpt lat="48.21237" lon="11.38397">
    <name>TP4353</name>
  </trkpt>
  <trkpt lat="48.21205" lon="11.38451">
    <name>TP4354</name>
  </trkpt>
  <trkpt lat="48.21204" lon="11.38454">
    <name>TP4355</name>
  </trkpt>
  <trkpt lat="48.21196" lon="11.38467">
    <name>TP4356</name>
  </trkpt>
  <trkpt lat="48.21185" lon="11.38485">
    <name>TP4357</name>
  </trkpt>
  <trkpt lat="48.21154" lon="11.38537">
    <name>TP4358</name>
  </trkpt>
  <trkpt lat="48.2114" lon="11.38562">
    <name>TP4359</name>
  </trkpt>
  <trkpt lat="48.2113988" lon="11.3856174">
    <name>TP4360</name>
  </trkpt>
  <trkpt lat="48.21131" lon="11.38567">
    <name>TP4361</name>
  </trkpt>
  <trkpt lat="48.21129" lon="11.3857">
    <name>TP4362</name>
  </trkpt>
  <trkpt lat="48.21125" lon="11.38574">
    <name>TP4363</name>
  </trkpt>
  <trkpt lat="48.21122" lon="11.38579">
    <name>TP4364</name>
  </trkpt>
  <trkpt lat="48.21107" lon="11.38606">
    <name>TP4365</name>
  </trkpt>
  <trkpt lat="48.21096" lon="11.38625">
    <name>TP4366</name>
  </trkpt>
  <trkpt lat="48.21086" lon="11.38642">
    <name>TP4367</name>
  </trkpt>
  <trkpt lat="48.21075" lon="11.3866">
    <name>TP4368</name>
  </trkpt>
  <trkpt lat="48.21065" lon="11.38676">
    <name>TP4369</name>
  </trkpt>
  <trkpt lat="48.21055" lon="11.38692">
    <name>TP4370</name>
  </trkpt>
  <trkpt lat="48.21054" lon="11.38694">
    <name>TP4371</name>
  </trkpt>
  <trkpt lat="48.21043" lon="11.38712">
    <name>TP4372</name>
  </trkpt>
  <trkpt lat="48.21032" lon="11.3873">
    <name>TP4373</name>
  </trkpt>
  <trkpt lat="48.2102" lon="11.38748">
    <name>TP4374</name>
  </trkpt>
  <trkpt lat="48.21012" lon="11.3876">
    <name>TP4375</name>
  </trkpt>
  <trkpt lat="48.21006" lon="11.38768">
    <name>TP4376</name>
  </trkpt>
  <trkpt lat="48.20996" lon="11.38781">
    <name>TP4377</name>
  </trkpt>
  <trkpt lat="48.20989" lon="11.3879">
    <name>TP4378</name>
  </trkpt>
  <trkpt lat="48.20985" lon="11.38797">
    <name>TP4379</name>
  </trkpt>
  <trkpt lat="48.20972" lon="11.38813">
    <name>TP4380</name>
  </trkpt>
  <trkpt lat="48.20942" lon="11.38851">
    <name>TP4381</name>
  </trkpt>
  <trkpt lat="48.20935" lon="11.3886">
    <name>TP4382</name>
  </trkpt>
  <trkpt lat="48.20929" lon="11.38867">
    <name>TP4383</name>
  </trkpt>
  <trkpt lat="48.20925" lon="11.38871">
    <name>TP4384</name>
  </trkpt>
  <trkpt lat="48.20922" lon="11.38875">
    <name>TP4385</name>
  </trkpt>
  <trkpt lat="48.2091" lon="11.3889">
    <name>TP4386</name>
  </trkpt>
  <trkpt lat="48.20897" lon="11.38904">
    <name>TP4387</name>
  </trkpt>
  <trkpt lat="48.20875" lon="11.38931">
    <name>TP4388</name>
  </trkpt>
  <trkpt lat="48.20872" lon="11.38934">
    <name>TP4389</name>
  </trkpt>
  <trkpt lat="48.20847" lon="11.38966">
    <name>TP4390</name>
  </trkpt>
  <trkpt lat="48.20822" lon="11.38997">
    <name>TP4391</name>
  </trkpt>
  <trkpt lat="48.20799" lon="11.3903">
    <name>TP4392</name>
  </trkpt>
  <trkpt lat="48.20776" lon="11.39065">
    <name>TP4393</name>
  </trkpt>
  <trkpt lat="48.20766" lon="11.39083">
    <name>TP4394</name>
  </trkpt>
  <trkpt lat="48.20756" lon="11.39102">
    <name>TP4395</name>
  </trkpt>
  <trkpt lat="48.20746" lon="11.39121">
    <name>TP4396</name>
  </trkpt>
  <trkpt lat="48.20745" lon="11.39123">
    <name>TP4397</name>
  </trkpt>
  <trkpt lat="48.20736" lon="11.39141">
    <name>TP4398</name>
  </trkpt>
  <trkpt lat="48.20734" lon="11.39145">
    <name>TP4399</name>
  </trkpt>
  <trkpt lat="48.20727" lon="11.39161">
    <name>TP4400</name>
  </trkpt>
  <trkpt lat="48.20724" lon="11.39168">
    <name>TP4401</name>
  </trkpt>
  <trkpt lat="48.20718" lon="11.39181">
    <name>TP4402</name>
  </trkpt>
  <trkpt lat="48.2071" lon="11.39202">
    <name>TP4403</name>
  </trkpt>
  <trkpt lat="48.20702" lon="11.39223">
    <name>TP4404</name>
  </trkpt>
  <trkpt lat="48.20695" lon="11.39245">
    <name>TP4405</name>
  </trkpt>
  <trkpt lat="48.20688" lon="11.39266">
    <name>TP4406</name>
  </trkpt>
  <trkpt lat="48.20682" lon="11.39286">
    <name>TP4407</name>
  </trkpt>
  <trkpt lat="48.20675" lon="11.39312">
    <name>TP4408</name>
  </trkpt>
  <trkpt lat="48.2067" lon="11.39331">
    <name>TP4409</name>
  </trkpt>
  <trkpt lat="48.20664" lon="11.39362">
    <name>TP4410</name>
  </trkpt>
  <trkpt lat="48.20658" lon="11.39391">
    <name>TP4411</name>
  </trkpt>
  <trkpt lat="48.20653" lon="11.39419">
    <name>TP4412</name>
  </trkpt>
  <trkpt lat="48.20649" lon="11.39446">
    <name>TP4413</name>
  </trkpt>
  <trkpt lat="48.20644" lon="11.39491">
    <name>TP4414</name>
  </trkpt>
  <trkpt lat="48.20644" lon="11.395">
    <name>TP4415</name>
  </trkpt>
  <trkpt lat="48.20641" lon="11.39541">
    <name>TP4416</name>
  </trkpt>
  <trkpt lat="48.20639" lon="11.39569">
    <name>TP4417</name>
  </trkpt>
  <trkpt lat="48.20637" lon="11.39593">
    <name>TP4418</name>
  </trkpt>
  <trkpt lat="48.20635" lon="11.39621">
    <name>TP4419</name>
  </trkpt>
  <trkpt lat="48.20634" lon="11.39645">
    <name>TP4420</name>
  </trkpt>
  <trkpt lat="48.20631" lon="11.39687">
    <name>TP4421</name>
  </trkpt>
  <trkpt lat="48.20624" lon="11.39814">
    <name>TP4422</name>
  </trkpt>
  <trkpt lat="48.20621" lon="11.39883">
    <name>TP4423</name>
  </trkpt>
  <trkpt lat="48.20616" lon="11.39956">
    <name>TP4424</name>
  </trkpt>
  <trkpt lat="48.20616" lon="11.39971">
    <name>TP4425</name>
  </trkpt>
  <trkpt lat="48.20614" lon="11.40004">
    <name>TP4426</name>
  </trkpt>
  <trkpt lat="48.20612" lon="11.40034">
    <name>TP4427</name>
  </trkpt>
  <trkpt lat="48.20611" lon="11.40052">
    <name>TP4428</name>
  </trkpt>
  <trkpt lat="48.20599" lon="11.40265">
    <name>TP4429</name>
  </trkpt>
  <trkpt lat="48.20597" lon="11.40312">
    <name>TP4430</name>
  </trkpt>
  <trkpt lat="48.20596" lon="11.40336">
    <name>TP4431</name>
  </trkpt>
  <trkpt lat="48.20594" lon="11.40357">
    <name>TP4432</name>
  </trkpt>
  <trkpt lat="48.20593" lon="11.40377">
    <name>TP4433</name>
  </trkpt>
  <trkpt lat="48.20592" lon="11.40398">
    <name>TP4434</name>
  </trkpt>
  <trkpt lat="48.2059" lon="11.40422">
    <name>TP4435</name>
  </trkpt>
  <trkpt lat="48.20589" lon="11.40445">
    <name>TP4436</name>
  </trkpt>
  <trkpt lat="48.20588" lon="11.40469">
    <name>TP4437</name>
  </trkpt>
  <trkpt lat="48.20586" lon="11.40493">
    <name>TP4438</name>
  </trkpt>
  <trkpt lat="48.20585" lon="11.40518">
    <name>TP4439</name>
  </trkpt>
  <trkpt lat="48.2058" lon="11.40611">
    <name>TP4440</name>
  </trkpt>
  <trkpt lat="48.20577" lon="11.40658">
    <name>TP4441</name>
  </trkpt>
  <trkpt lat="48.20571" lon="11.40756">
    <name>TP4442</name>
  </trkpt>
  <trkpt lat="48.2057" lon="11.40779">
    <name>TP4443</name>
  </trkpt>
  <trkpt lat="48.20566" lon="11.40853">
    <name>TP4444</name>
  </trkpt>
  <trkpt lat="48.20565" lon="11.40876">
    <name>TP4445</name>
  </trkpt>
  <trkpt lat="48.20563" lon="11.40901">
    <name>TP4446</name>
  </trkpt>
  <trkpt lat="48.20562" lon="11.40921">
    <name>TP4447</name>
  </trkpt>
  <trkpt lat="48.20561" lon="11.40945">
    <name>TP4448</name>
  </trkpt>
  <trkpt lat="48.2056" lon="11.40968">
    <name>TP4449</name>
  </trkpt>
  <trkpt lat="48.20558" lon="11.40991">
    <name>TP4450</name>
  </trkpt>
  <trkpt lat="48.20558" lon="11.40998">
    <name>TP4451</name>
  </trkpt>
  <trkpt lat="48.20557" lon="11.41018">
    <name>TP4452</name>
  </trkpt>
  <trkpt lat="48.20555" lon="11.41043">
    <name>TP4453</name>
  </trkpt>
  <trkpt lat="48.20551" lon="11.41114">
    <name>TP4454</name>
  </trkpt>
  <trkpt lat="48.2055" lon="11.41141">
    <name>TP4455</name>
  </trkpt>
  <trkpt lat="48.20546" lon="11.4121">
    <name>TP4456</name>
  </trkpt>
  <trkpt lat="48.20541" lon="11.41282">
    <name>TP4457</name>
  </trkpt>
  <trkpt lat="48.20535" lon="11.41388">
    <name>TP4458</name>
  </trkpt>
  <trkpt lat="48.20533" lon="11.41426">
    <name>TP4459</name>
  </trkpt>
  <trkpt lat="48.20529" lon="11.41498">
    <name>TP4460</name>
  </trkpt>
  <trkpt lat="48.20526" lon="11.41555">
    <name>TP4461</name>
  </trkpt>
  <trkpt lat="48.20525" lon="11.41571">
    <name>TP4462</name>
  </trkpt>
  <trkpt lat="48.20523" lon="11.41595">
    <name>TP4463</name>
  </trkpt>
  <trkpt lat="48.20522" lon="11.41619">
    <name>TP4464</name>
  </trkpt>
  <trkpt lat="48.20519" lon="11.41667">
    <name>TP4465</name>
  </trkpt>
  <trkpt lat="48.20516" lon="11.41714">
    <name>TP4466</name>
  </trkpt>
  <trkpt lat="48.20515" lon="11.41742">
    <name>TP4467</name>
  </trkpt>
  <trkpt lat="48.20513" lon="11.41769">
    <name>TP4468</name>
  </trkpt>
  <trkpt lat="48.20511" lon="11.41802">
    <name>TP4469</name>
  </trkpt>
  <trkpt lat="48.2051" lon="11.41819">
    <name>TP4470</name>
  </trkpt>
  <trkpt lat="48.20509" lon="11.4184">
    <name>TP4471</name>
  </trkpt>
  <trkpt lat="48.20508" lon="11.41861">
    <name>TP4472</name>
  </trkpt>
  <trkpt lat="48.20506" lon="11.41887">
    <name>TP4473</name>
  </trkpt>
  <trkpt lat="48.20505" lon="11.41905">
    <name>TP4474</name>
  </trkpt>
  <trkpt lat="48.20504" lon="11.41934">
    <name>TP4475</name>
  </trkpt>
  <trkpt lat="48.20501" lon="11.41982">
    <name>TP4476</name>
  </trkpt>
  <trkpt lat="48.20498" lon="11.4203">
    <name>TP4477</name>
  </trkpt>
  <trkpt lat="48.20495" lon="11.42079">
    <name>TP4478</name>
  </trkpt>
  <trkpt lat="48.20494" lon="11.42103">
    <name>TP4479</name>
  </trkpt>
  <trkpt lat="48.20492" lon="11.42129">
    <name>TP4480</name>
  </trkpt>
  <trkpt lat="48.2049" lon="11.42176">
    <name>TP4481</name>
  </trkpt>
  <trkpt lat="48.20488" lon="11.422">
    <name>TP4482</name>
  </trkpt>
  <trkpt lat="48.20487" lon="11.42225">
    <name>TP4483</name>
  </trkpt>
  <trkpt lat="48.20486" lon="11.42249">
    <name>TP4484</name>
  </trkpt>
  <trkpt lat="48.20484" lon="11.42273">
    <name>TP4485</name>
  </trkpt>
  <trkpt lat="48.20483" lon="11.42295">
    <name>TP4486</name>
  </trkpt>
  <trkpt lat="48.2048" lon="11.42343">
    <name>TP4487</name>
  </trkpt>
  <trkpt lat="48.2048" lon="11.42356">
    <name>TP4488</name>
  </trkpt>
  <trkpt lat="48.20478" lon="11.42392">
    <name>TP4489</name>
  </trkpt>
  <trkpt lat="48.20475" lon="11.42441">
    <name>TP4490</name>
  </trkpt>
  <trkpt lat="48.20472" lon="11.42487">
    <name>TP4491</name>
  </trkpt>
  <trkpt lat="48.20469" lon="11.42536">
    <name>TP4492</name>
  </trkpt>
  <trkpt lat="48.20467" lon="11.42584">
    <name>TP4493</name>
  </trkpt>
  <trkpt lat="48.20464" lon="11.42632">
    <name>TP4494</name>
  </trkpt>
  <trkpt lat="48.2046" lon="11.42704">
    <name>TP4495</name>
  </trkpt>
  <trkpt lat="48.20458" lon="11.42754">
    <name>TP4496</name>
  </trkpt>
  <trkpt lat="48.20455" lon="11.42801">
    <name>TP4497</name>
  </trkpt>
  <trkpt lat="48.20452" lon="11.42849">
    <name>TP4498</name>
  </trkpt>
  <trkpt lat="48.20448" lon="11.4292">
    <name>TP4499</name>
  </trkpt>
  <trkpt lat="48.20444" lon="11.42992">
    <name>TP4500</name>
  </trkpt>
  <trkpt lat="48.20441" lon="11.4304">
    <name>TP4501</name>
  </trkpt>
  <trkpt lat="48.2044" lon="11.43068">
    <name>TP4502</name>
  </trkpt>
  <trkpt lat="48.20439" lon="11.4308">
    <name>TP4503</name>
  </trkpt>
  <trkpt lat="48.20438" lon="11.43089">
    <name>TP4504</name>
  </trkpt>
  <trkpt lat="48.20437" lon="11.43107">
    <name>TP4505</name>
  </trkpt>
  <trkpt lat="48.20432" lon="11.43204">
    <name>TP4506</name>
  </trkpt>
  <trkpt lat="48.20431" lon="11.43211">
    <name>TP4507</name>
  </trkpt>
  <trkpt lat="48.20426" lon="11.43296">
    <name>TP4508</name>
  </trkpt>
  <trkpt lat="48.20426" lon="11.43306">
    <name>TP4509</name>
  </trkpt>
  <trkpt lat="48.20423" lon="11.43356">
    <name>TP4510</name>
  </trkpt>
  <trkpt lat="48.2042" lon="11.43404">
    <name>TP4511</name>
  </trkpt>
  <trkpt lat="48.20418" lon="11.43449">
    <name>TP4512</name>
  </trkpt>
  <trkpt lat="48.20416" lon="11.43473">
    <name>TP4513</name>
  </trkpt>
  <trkpt lat="48.20413" lon="11.43533">
    <name>TP4514</name>
  </trkpt>
  <trkpt lat="48.20409" lon="11.43596">
    <name>TP4515</name>
  </trkpt>
  <trkpt lat="48.20407" lon="11.43631">
    <name>TP4516</name>
  </trkpt>
  <trkpt lat="48.20407" lon="11.43632">
    <name>TP4517</name>
  </trkpt>
  <trkpt lat="48.20407" lon="11.43635">
    <name>TP4518</name>
  </trkpt>
  <trkpt lat="48.20406" lon="11.43642">
    <name>TP4519</name>
  </trkpt>
  <trkpt lat="48.20404" lon="11.43681">
    <name>TP4520</name>
  </trkpt>
  <trkpt lat="48.20404" lon="11.43692">
    <name>TP4521</name>
  </trkpt>
  <trkpt lat="48.20403" lon="11.43717">
    <name>TP4522</name>
  </trkpt>
  <trkpt lat="48.20402" lon="11.4374">
    <name>TP4523</name>
  </trkpt>
  <trkpt lat="48.20401" lon="11.43747">
    <name>TP4524</name>
  </trkpt>
  <trkpt lat="48.204" lon="11.43765">
    <name>TP4525</name>
  </trkpt>
  <trkpt lat="48.20399" lon="11.43788">
    <name>TP4526</name>
  </trkpt>
  <trkpt lat="48.20398" lon="11.43828">
    <name>TP4527</name>
  </trkpt>
  <trkpt lat="48.20396" lon="11.43885">
    <name>TP4528</name>
  </trkpt>
  <trkpt lat="48.20395" lon="11.43907">
    <name>TP4529</name>
  </trkpt>
  <trkpt lat="48.20394" lon="11.43933">
    <name>TP4530</name>
  </trkpt>
  <trkpt lat="48.20394" lon="11.43956">
    <name>TP4531</name>
  </trkpt>
  <trkpt lat="48.20393" lon="11.43988">
    <name>TP4532</name>
  </trkpt>
  <trkpt lat="48.20393" lon="11.43997">
    <name>TP4533</name>
  </trkpt>
  <trkpt lat="48.20393" lon="11.44007">
    <name>TP4534</name>
  </trkpt>
  <trkpt lat="48.20392" lon="11.44029">
    <name>TP4535</name>
  </trkpt>
  <trkpt lat="48.20392" lon="11.44053">
    <name>TP4536</name>
  </trkpt>
  <trkpt lat="48.20391" lon="11.44077">
    <name>TP4537</name>
  </trkpt>
  <trkpt lat="48.20391" lon="11.44105">
    <name>TP4538</name>
  </trkpt>
  <trkpt lat="48.20391" lon="11.44125">
    <name>TP4539</name>
  </trkpt>
  <trkpt lat="48.2039" lon="11.4416">
    <name>TP4540</name>
  </trkpt>
  <trkpt lat="48.2039" lon="11.44174">
    <name>TP4541</name>
  </trkpt>
  <trkpt lat="48.20389" lon="11.44198">
    <name>TP4542</name>
  </trkpt>
  <trkpt lat="48.20389" lon="11.44222">
    <name>TP4543</name>
  </trkpt>
  <trkpt lat="48.20389" lon="11.44246">
    <name>TP4544</name>
  </trkpt>
  <trkpt lat="48.20389" lon="11.44278">
    <name>TP4545</name>
  </trkpt>
  <trkpt lat="48.20389" lon="11.44295">
    <name>TP4546</name>
  </trkpt>
  <trkpt lat="48.20389" lon="11.44308">
    <name>TP4547</name>
  </trkpt>
  <trkpt lat="48.20389" lon="11.4432">
    <name>TP4548</name>
  </trkpt>
  <trkpt lat="48.20389" lon="11.44322">
    <name>TP4549</name>
  </trkpt>
  <trkpt lat="48.20389" lon="11.44343">
    <name>TP4550</name>
  </trkpt>
  <trkpt lat="48.20389" lon="11.44364">
    <name>TP4551</name>
  </trkpt>
  <trkpt lat="48.2039" lon="11.44415">
    <name>TP4552</name>
  </trkpt>
  <trkpt lat="48.2039" lon="11.44433">
    <name>TP4553</name>
  </trkpt>
  <trkpt lat="48.2039" lon="11.44461">
    <name>TP4554</name>
  </trkpt>
  <trkpt lat="48.2039" lon="11.44472">
    <name>TP4555</name>
  </trkpt>
  <trkpt lat="48.20392" lon="11.4451">
    <name>TP4556</name>
  </trkpt>
  <trkpt lat="48.20393" lon="11.44523">
    <name>TP4557</name>
  </trkpt>
  <trkpt lat="48.20393" lon="11.44533">
    <name>TP4558</name>
  </trkpt>
  <trkpt lat="48.20394" lon="11.44549">
    <name>TP4559</name>
  </trkpt>
  <trkpt lat="48.20396" lon="11.44562">
    <name>TP4560</name>
  </trkpt>
  <trkpt lat="48.20397" lon="11.44577">
    <name>TP4561</name>
  </trkpt>
  <trkpt lat="48.20398" lon="11.44588">
    <name>TP4562</name>
  </trkpt>
  <trkpt lat="48.204" lon="11.44604">
    <name>TP4563</name>
  </trkpt>
  <trkpt lat="48.20401" lon="11.44612">
    <name>TP4564</name>
  </trkpt>
  <trkpt lat="48.20402" lon="11.44619">
    <name>TP4565</name>
  </trkpt>
  <trkpt lat="48.20406" lon="11.44641">
    <name>TP4566</name>
  </trkpt>
  <trkpt lat="48.20412" lon="11.44684">
    <name>TP4567</name>
  </trkpt>
  <trkpt lat="48.20416" lon="11.44707">
    <name>TP4568</name>
  </trkpt>
  <trkpt lat="48.20419" lon="11.44724">
    <name>TP4569</name>
  </trkpt>
  <trkpt lat="48.20422" lon="11.4475">
    <name>TP4570</name>
  </trkpt>
  <trkpt lat="48.20423" lon="11.44757">
    <name>TP4571</name>
  </trkpt>
  <trkpt lat="48.20424" lon="11.44769">
    <name>TP4572</name>
  </trkpt>
  <trkpt lat="48.20426" lon="11.44784">
    <name>TP4573</name>
  </trkpt>
  <trkpt lat="48.20427" lon="11.44799">
    <name>TP4574</name>
  </trkpt>
  <trkpt lat="48.20429" lon="11.44826">
    <name>TP4575</name>
  </trkpt>
  <trkpt lat="48.20429" lon="11.44827">
    <name>TP4576</name>
  </trkpt>
  <trkpt lat="48.20437" lon="11.44841">
    <name>TP4577</name>
  </trkpt>
  <trkpt lat="48.20439" lon="11.44943">
    <name>TP4578</name>
  </trkpt>
  <trkpt lat="48.2044" lon="11.44969">
    <name>TP4579</name>
  </trkpt>
  <trkpt lat="48.20441" lon="11.45003">
    <name>TP4580</name>
  </trkpt>
  <trkpt lat="48.20442" lon="11.4503">
    <name>TP4581</name>
  </trkpt>
  <trkpt lat="48.20442" lon="11.4504">
    <name>TP4582</name>
  </trkpt>
  <trkpt lat="48.20442" lon="11.45057">
    <name>TP4583</name>
  </trkpt>
  <trkpt lat="48.20442" lon="11.45064">
    <name>TP4584</name>
  </trkpt>
  <trkpt lat="48.20443" lon="11.45088">
    <name>TP4585</name>
  </trkpt>
  <trkpt lat="48.20444" lon="11.45113">
    <name>TP4586</name>
  </trkpt>
  <trkpt lat="48.20444" lon="11.45136">
    <name>TP4587</name>
  </trkpt>
  <trkpt lat="48.20445" lon="11.45165">
    <name>TP4588</name>
  </trkpt>
  <trkpt lat="48.20446" lon="11.45182">
    <name>TP4589</name>
  </trkpt>
  <trkpt lat="48.20447" lon="11.45202">
    <name>TP4590</name>
  </trkpt>
  <trkpt lat="48.20448" lon="11.45223">
    <name>TP4591</name>
  </trkpt>
  <trkpt lat="48.20449" lon="11.45243">
    <name>TP4592</name>
  </trkpt>
  <trkpt lat="48.20452" lon="11.45285">
    <name>TP4593</name>
  </trkpt>
  <trkpt lat="48.20454" lon="11.4531">
    <name>TP4594</name>
  </trkpt>
  <trkpt lat="48.2046" lon="11.45396">
    <name>TP4595</name>
  </trkpt>
  <trkpt lat="48.20464" lon="11.45427">
    <name>TP4596</name>
  </trkpt>
  <trkpt lat="48.20467" lon="11.45448">
    <name>TP4597</name>
  </trkpt>
  <trkpt lat="48.20469" lon="11.45466">
    <name>TP4598</name>
  </trkpt>
  <trkpt lat="48.20475" lon="11.4551">
    <name>TP4599</name>
  </trkpt>
  <trkpt lat="48.20478" lon="11.45528">
    <name>TP4600</name>
  </trkpt>
  <trkpt lat="48.20482" lon="11.45549">
    <name>TP4601</name>
  </trkpt>
  <trkpt lat="48.20488" lon="11.4558">
    <name>TP4602</name>
  </trkpt>
  <trkpt lat="48.20488" lon="11.45582">
    <name>TP4603</name>
  </trkpt>
  <trkpt lat="48.2049" lon="11.45589">
    <name>TP4604</name>
  </trkpt>
  <trkpt lat="48.20492" lon="11.45599">
    <name>TP4605</name>
  </trkpt>
  <trkpt lat="48.20495" lon="11.45613">
    <name>TP4606</name>
  </trkpt>
  <trkpt lat="48.20498" lon="11.45628">
    <name>TP4607</name>
  </trkpt>
  <trkpt lat="48.20499" lon="11.45635">
    <name>TP4608</name>
  </trkpt>
  <trkpt lat="48.20502" lon="11.45642">
    <name>TP4609</name>
  </trkpt>
  <trkpt lat="48.20506" lon="11.45658">
    <name>TP4610</name>
  </trkpt>
  <trkpt lat="48.2051" lon="11.45672">
    <name>TP4611</name>
  </trkpt>
  <trkpt lat="48.20521" lon="11.45708">
    <name>TP4612</name>
  </trkpt>
  <trkpt lat="48.20529" lon="11.45735">
    <name>TP4613</name>
  </trkpt>
  <trkpt lat="48.20542" lon="11.45778">
    <name>TP4614</name>
  </trkpt>
  <trkpt lat="48.20543" lon="11.45778">
    <name>TP4615</name>
  </trkpt>
  <trkpt lat="48.20565" lon="11.45837">
    <name>TP4616</name>
  </trkpt>
  <trkpt lat="48.20576" lon="11.45867">
    <name>TP4617</name>
  </trkpt>
  <trkpt lat="48.20587" lon="11.45895">
    <name>TP4618</name>
  </trkpt>
  <trkpt lat="48.20598" lon="11.45918">
    <name>TP4619</name>
  </trkpt>
  <trkpt lat="48.20608" lon="11.45941">
    <name>TP4620</name>
  </trkpt>
  <trkpt lat="48.20621" lon="11.45968">
    <name>TP4621</name>
  </trkpt>
  <trkpt lat="48.20633" lon="11.45991">
    <name>TP4622</name>
  </trkpt>
  <trkpt lat="48.20651" lon="11.46023">
    <name>TP4623</name>
  </trkpt>
  <trkpt lat="48.2067" lon="11.46053">
    <name>TP4624</name>
  </trkpt>
  <trkpt lat="48.20689" lon="11.46081">
    <name>TP4625</name>
  </trkpt>
  <trkpt lat="48.2069" lon="11.46084">
    <name>TP4626</name>
  </trkpt>
  <trkpt lat="48.20691" lon="11.46084">
    <name>TP4627</name>
  </trkpt>
  <trkpt lat="48.20709" lon="11.46112">
    <name>TP4628</name>
  </trkpt>
  <trkpt lat="48.2071" lon="11.46113">
    <name>TP4629</name>
  </trkpt>
  <trkpt lat="48.20727" lon="11.46139">
    <name>TP4630</name>
  </trkpt>
  <trkpt lat="48.20733" lon="11.46149">
    <name>TP4631</name>
  </trkpt>
  <trkpt lat="48.20745" lon="11.46169">
    <name>TP4632</name>
  </trkpt>
  <trkpt lat="48.20749" lon="11.46175">
    <name>TP4633</name>
  </trkpt>
  <trkpt lat="48.2075" lon="11.46176">
    <name>TP4634</name>
  </trkpt>
  <trkpt lat="48.20762" lon="11.46195">
    <name>TP4635</name>
  </trkpt>
  <trkpt lat="48.20762" lon="11.46196">
    <name>TP4636</name>
  </trkpt>
  <trkpt lat="48.20774" lon="11.46215">
    <name>TP4637</name>
  </trkpt>
  <trkpt lat="48.20786" lon="11.46236">
    <name>TP4638</name>
  </trkpt>
  <trkpt lat="48.20797" lon="11.46256">
    <name>TP4639</name>
  </trkpt>
  <trkpt lat="48.208" lon="11.46261">
    <name>TP4640</name>
  </trkpt>
  <trkpt lat="48.20815" lon="11.46285">
    <name>TP4641</name>
  </trkpt>
  <trkpt lat="48.20824" lon="11.46301">
    <name>TP4642</name>
  </trkpt>
  <trkpt lat="48.20842" lon="11.4634">
    <name>TP4643</name>
  </trkpt>
  <trkpt lat="48.20855" lon="11.46371">
    <name>TP4644</name>
  </trkpt>
  <trkpt lat="48.20868" lon="11.46404">
    <name>TP4645</name>
  </trkpt>
  <trkpt lat="48.2088" lon="11.46437">
    <name>TP4646</name>
  </trkpt>
  <trkpt lat="48.2089" lon="11.46465">
    <name>TP4647</name>
  </trkpt>
  <trkpt lat="48.209" lon="11.46497">
    <name>TP4648</name>
  </trkpt>
  <trkpt lat="48.20904" lon="11.46513">
    <name>TP4649</name>
  </trkpt>
  <trkpt lat="48.20922" lon="11.46579">
    <name>TP4650</name>
  </trkpt>
  <trkpt lat="48.20928" lon="11.46604">
    <name>TP4651</name>
  </trkpt>
  <trkpt lat="48.20935" lon="11.46634">
    <name>TP4652</name>
  </trkpt>
  <trkpt lat="48.2094" lon="11.46655">
    <name>TP4653</name>
  </trkpt>
  <trkpt lat="48.20945" lon="11.46678">
    <name>TP4654</name>
  </trkpt>
  <trkpt lat="48.20948" lon="11.46696">
    <name>TP4655</name>
  </trkpt>
  <trkpt lat="48.2095" lon="11.46709">
    <name>TP4656</name>
  </trkpt>
  <trkpt lat="48.20954" lon="11.46742">
    <name>TP4657</name>
  </trkpt>
  <trkpt lat="48.20957" lon="11.4676">
    <name>TP4658</name>
  </trkpt>
  <trkpt lat="48.20959" lon="11.46776">
    <name>TP4659</name>
  </trkpt>
  <trkpt lat="48.20961" lon="11.46796">
    <name>TP4660</name>
  </trkpt>
  <trkpt lat="48.20963" lon="11.46816">
    <name>TP4661</name>
  </trkpt>
  <trkpt lat="48.20965" lon="11.46838">
    <name>TP4662</name>
  </trkpt>
  <trkpt lat="48.20966" lon="11.46857">
    <name>TP4663</name>
  </trkpt>
  <trkpt lat="48.20967" lon="11.46878">
    <name>TP4664</name>
  </trkpt>
  <trkpt lat="48.20969" lon="11.46912">
    <name>TP4665</name>
  </trkpt>
  <trkpt lat="48.2097" lon="11.46933">
    <name>TP4666</name>
  </trkpt>
  <trkpt lat="48.2097" lon="11.46956">
    <name>TP4667</name>
  </trkpt>
  <trkpt lat="48.20971" lon="11.46987">
    <name>TP4668</name>
  </trkpt>
  <trkpt lat="48.20971" lon="11.47019">
    <name>TP4669</name>
  </trkpt>
  <trkpt lat="48.20971" lon="11.4707">
    <name>TP4670</name>
  </trkpt>
  <trkpt lat="48.20971" lon="11.47095">
    <name>TP4671</name>
  </trkpt>
  <trkpt lat="48.20971" lon="11.47097">
    <name>TP4672</name>
  </trkpt>
  <trkpt lat="48.20972" lon="11.47177">
    <name>TP4673</name>
  </trkpt>
  <trkpt lat="48.20972" lon="11.47259">
    <name>TP4674</name>
  </trkpt>
  <trkpt lat="48.20972" lon="11.4729">
    <name>TP4675</name>
  </trkpt>
  <trkpt lat="48.20974" lon="11.47495">
    <name>TP4676</name>
  </trkpt>
  <trkpt lat="48.20974" lon="11.47561">
    <name>TP4677</name>
  </trkpt>
  <trkpt lat="48.20974" lon="11.4761">
    <name>TP4678</name>
  </trkpt>
  <trkpt lat="48.20974" lon="11.47635">
    <name>TP4679</name>
  </trkpt>
  <trkpt lat="48.20974" lon="11.47661">
    <name>TP4680</name>
  </trkpt>
  <trkpt lat="48.20973" lon="11.47685">
    <name>TP4681</name>
  </trkpt>
  <trkpt lat="48.20973" lon="11.4771">
    <name>TP4682</name>
  </trkpt>
  <trkpt lat="48.20972" lon="11.47733">
    <name>TP4683</name>
  </trkpt>
  <trkpt lat="48.20971" lon="11.47756">
    <name>TP4684</name>
  </trkpt>
  <trkpt lat="48.2097" lon="11.4778">
    <name>TP4685</name>
  </trkpt>
  <trkpt lat="48.20968" lon="11.47804">
    <name>TP4686</name>
  </trkpt>
  <trkpt lat="48.20967" lon="11.47818">
    <name>TP4687</name>
  </trkpt>
  <trkpt lat="48.20964" lon="11.47857">
    <name>TP4688</name>
  </trkpt>
  <trkpt lat="48.20964" lon="11.47863">
    <name>TP4689</name>
  </trkpt>
  <trkpt lat="48.20962" lon="11.47885">
    <name>TP4690</name>
  </trkpt>
  <trkpt lat="48.2096" lon="11.47904">
    <name>TP4691</name>
  </trkpt>
  <trkpt lat="48.2096" lon="11.47908">
    <name>TP4692</name>
  </trkpt>
  <trkpt lat="48.20957" lon="11.47935">
    <name>TP4693</name>
  </trkpt>
  <trkpt lat="48.20956" lon="11.47951">
    <name>TP4694</name>
  </trkpt>
  <trkpt lat="48.20954" lon="11.47967">
    <name>TP4695</name>
  </trkpt>
  <trkpt lat="48.20948" lon="11.48015">
    <name>TP4696</name>
  </trkpt>
  <trkpt lat="48.20946" lon="11.4803">
    <name>TP4697</name>
  </trkpt>
  <trkpt lat="48.20944" lon="11.48046">
    <name>TP4698</name>
  </trkpt>
  <trkpt lat="48.20939" lon="11.48087">
    <name>TP4699</name>
  </trkpt>
  <trkpt lat="48.20935" lon="11.48116">
    <name>TP4700</name>
  </trkpt>
  <trkpt lat="48.20934" lon="11.48122">
    <name>TP4701</name>
  </trkpt>
  <trkpt lat="48.2093" lon="11.48155">
    <name>TP4702</name>
  </trkpt>
  <trkpt lat="48.20927" lon="11.48175">
    <name>TP4703</name>
  </trkpt>
  <trkpt lat="48.20925" lon="11.4819">
    <name>TP4704</name>
  </trkpt>
  <trkpt lat="48.20924" lon="11.482">
    <name>TP4705</name>
  </trkpt>
  <trkpt lat="48.20923" lon="11.48213">
    <name>TP4706</name>
  </trkpt>
  <trkpt lat="48.20922" lon="11.48219">
    <name>TP4707</name>
  </trkpt>
  <trkpt lat="48.20921" lon="11.4823">
    <name>TP4708</name>
  </trkpt>
  <trkpt lat="48.20915" lon="11.4829">
    <name>TP4709</name>
  </trkpt>
  <trkpt lat="48.20912" lon="11.48324">
    <name>TP4710</name>
  </trkpt>
  <trkpt lat="48.20909" lon="11.48374">
    <name>TP4711</name>
  </trkpt>
  <trkpt lat="48.20907" lon="11.48415">
    <name>TP4712</name>
  </trkpt>
  <trkpt lat="48.20906" lon="11.48427">
    <name>TP4713</name>
  </trkpt>
  <trkpt lat="48.20905" lon="11.48486">
    <name>TP4714</name>
  </trkpt>
  <trkpt lat="48.20904" lon="11.4852">
    <name>TP4715</name>
  </trkpt>
  <trkpt lat="48.20904" lon="11.48528">
    <name>TP4716</name>
  </trkpt>
  <trkpt lat="48.20904" lon="11.4854">
    <name>TP4717</name>
  </trkpt>
  <trkpt lat="48.20904" lon="11.48566">
    <name>TP4718</name>
  </trkpt>
  <trkpt lat="48.20905" lon="11.48605">
    <name>TP4719</name>
  </trkpt>
  <trkpt lat="48.20907" lon="11.48696">
    <name>TP4720</name>
  </trkpt>
  <trkpt lat="48.20912" lon="11.4877">
    <name>TP4721</name>
  </trkpt>
  <trkpt lat="48.20915" lon="11.48798">
    <name>TP4722</name>
  </trkpt>
  <trkpt lat="48.20915" lon="11.48806">
    <name>TP4723</name>
  </trkpt>
  <trkpt lat="48.20918" lon="11.48835">
    <name>TP4724</name>
  </trkpt>
  <trkpt lat="48.2092" lon="11.48855">
    <name>TP4725</name>
  </trkpt>
  <trkpt lat="48.20921" lon="11.48862">
    <name>TP4726</name>
  </trkpt>
  <trkpt lat="48.20924" lon="11.48888">
    <name>TP4727</name>
  </trkpt>
  <trkpt lat="48.20926" lon="11.48907">
    <name>TP4728</name>
  </trkpt>
  <trkpt lat="48.20931" lon="11.4895">
    <name>TP4729</name>
  </trkpt>
  <trkpt lat="48.20934" lon="11.48965">
    <name>TP4730</name>
  </trkpt>
  <trkpt lat="48.20937" lon="11.4899">
    <name>TP4731</name>
  </trkpt>
  <trkpt lat="48.2094" lon="11.49004">
    <name>TP4732</name>
  </trkpt>
  <trkpt lat="48.20943" lon="11.49024">
    <name>TP4733</name>
  </trkpt>
  <trkpt lat="48.20945" lon="11.49037">
    <name>TP4734</name>
  </trkpt>
  <trkpt lat="48.20949" lon="11.49059">
    <name>TP4735</name>
  </trkpt>
  <trkpt lat="48.20951" lon="11.4907">
    <name>TP4736</name>
  </trkpt>
  <trkpt lat="48.20954" lon="11.49085">
    <name>TP4737</name>
  </trkpt>
  <trkpt lat="48.20957" lon="11.49098">
    <name>TP4738</name>
  </trkpt>
  <trkpt lat="48.20978" lon="11.49203">
    <name>TP4739</name>
  </trkpt>
  <trkpt lat="48.20979" lon="11.49205">
    <name>TP4740</name>
  </trkpt>
  <trkpt lat="48.20979" lon="11.49207">
    <name>TP4741</name>
  </trkpt>
  <trkpt lat="48.20985" lon="11.49232">
    <name>TP4742</name>
  </trkpt>
  <trkpt lat="48.20991" lon="11.49258">
    <name>TP4743</name>
  </trkpt>
  <trkpt lat="48.20996" lon="11.49275">
    <name>TP4744</name>
  </trkpt>
  <trkpt lat="48.21" lon="11.49289">
    <name>TP4745</name>
  </trkpt>
  <trkpt lat="48.21009" lon="11.4932">
    <name>TP4746</name>
  </trkpt>
  <trkpt lat="48.21013" lon="11.49334">
    <name>TP4747</name>
  </trkpt>
  <trkpt lat="48.21015" lon="11.49341">
    <name>TP4748</name>
  </trkpt>
  <trkpt lat="48.21021" lon="11.49363">
    <name>TP4749</name>
  </trkpt>
  <trkpt lat="48.21026" lon="11.4938">
    <name>TP4750</name>
  </trkpt>
  <trkpt lat="48.21035" lon="11.49409">
    <name>TP4751</name>
  </trkpt>
  <trkpt lat="48.21043" lon="11.49436">
    <name>TP4752</name>
  </trkpt>
  <trkpt lat="48.21059" lon="11.49481">
    <name>TP4753</name>
  </trkpt>
  <trkpt lat="48.21059" lon="11.49482">
    <name>TP4754</name>
  </trkpt>
  <trkpt lat="48.21072" lon="11.4952">
    <name>TP4755</name>
  </trkpt>
  <trkpt lat="48.2108" lon="11.4954">
    <name>TP4756</name>
  </trkpt>
  <trkpt lat="48.21088" lon="11.49563">
    <name>TP4757</name>
  </trkpt>
  <trkpt lat="48.21101" lon="11.49594">
    <name>TP4758</name>
  </trkpt>
  <trkpt lat="48.21103" lon="11.49599">
    <name>TP4759</name>
  </trkpt>
  <trkpt lat="48.21111" lon="11.49619">
    <name>TP4760</name>
  </trkpt>
  <trkpt lat="48.21132" lon="11.49668">
    <name>TP4761</name>
  </trkpt>
  <trkpt lat="48.21144" lon="11.49694">
    <name>TP4762</name>
  </trkpt>
  <trkpt lat="48.21164" lon="11.49737">
    <name>TP4763</name>
  </trkpt>
  <trkpt lat="48.21185" lon="11.49779">
    <name>TP4764</name>
  </trkpt>
  <trkpt lat="48.21204" lon="11.49815">
    <name>TP4765</name>
  </trkpt>
  <trkpt lat="48.21206" lon="11.4982">
    <name>TP4766</name>
  </trkpt>
  <trkpt lat="48.21232" lon="11.49867">
    <name>TP4767</name>
  </trkpt>
  <trkpt lat="48.21255" lon="11.49904">
    <name>TP4768</name>
  </trkpt>
  <trkpt lat="48.21275" lon="11.49936">
    <name>TP4769</name>
  </trkpt>
  <trkpt lat="48.21277" lon="11.49939">
    <name>TP4770</name>
  </trkpt>
  <trkpt lat="48.21324" lon="11.50014">
    <name>TP4771</name>
  </trkpt>
  <trkpt lat="48.21361" lon="11.5007">
    <name>TP4772</name>
  </trkpt>
  <trkpt lat="48.21364" lon="11.50075">
    <name>TP4773</name>
  </trkpt>
  <trkpt lat="48.21376" lon="11.50095">
    <name>TP4774</name>
  </trkpt>
  <trkpt lat="48.21391" lon="11.50118">
    <name>TP4775</name>
  </trkpt>
  <trkpt lat="48.21398" lon="11.50129">
    <name>TP4776</name>
  </trkpt>
  <trkpt lat="48.21404" lon="11.50138">
    <name>TP4777</name>
  </trkpt>
  <trkpt lat="48.21431" lon="11.50182">
    <name>TP4778</name>
  </trkpt>
  <trkpt lat="48.21446" lon="11.50207">
    <name>TP4779</name>
  </trkpt>
  <trkpt lat="48.21453" lon="11.50218">
    <name>TP4780</name>
  </trkpt>
  <trkpt lat="48.21495" lon="11.5029">
    <name>TP4781</name>
  </trkpt>
  <trkpt lat="48.21507" lon="11.50312">
    <name>TP4782</name>
  </trkpt>
  <trkpt lat="48.21521" lon="11.50335">
    <name>TP4783</name>
  </trkpt>
  <trkpt lat="48.21538" lon="11.50364">
    <name>TP4784</name>
  </trkpt>
  <trkpt lat="48.2154" lon="11.50368">
    <name>TP4785</name>
  </trkpt>
  <trkpt lat="48.21555" lon="11.50395">
    <name>TP4786</name>
  </trkpt>
  <trkpt lat="48.2157" lon="11.50422">
    <name>TP4787</name>
  </trkpt>
  <trkpt lat="48.21589" lon="11.50456">
    <name>TP4788</name>
  </trkpt>
  <trkpt lat="48.21613" lon="11.50503">
    <name>TP4789</name>
  </trkpt>
  <trkpt lat="48.21633" lon="11.5054">
    <name>TP4790</name>
  </trkpt>
  <trkpt lat="48.21639" lon="11.50552">
    <name>TP4791</name>
  </trkpt>
  <trkpt lat="48.21661" lon="11.50592">
    <name>TP4792</name>
  </trkpt>
  <trkpt lat="48.21671" lon="11.50612">
    <name>TP4793</name>
  </trkpt>
  <trkpt lat="48.21684" lon="11.50639">
    <name>TP4794</name>
  </trkpt>
  <trkpt lat="48.21702" lon="11.50673">
    <name>TP4795</name>
  </trkpt>
  <trkpt lat="48.21716" lon="11.50701">
    <name>TP4796</name>
  </trkpt>
  <trkpt lat="48.21728" lon="11.50727">
    <name>TP4797</name>
  </trkpt>
  <trkpt lat="48.21747" lon="11.50767">
    <name>TP4798</name>
  </trkpt>
  <trkpt lat="48.21766" lon="11.50806">
    <name>TP4799</name>
  </trkpt>
  <trkpt lat="48.21772" lon="11.50818">
    <name>TP4800</name>
  </trkpt>
  <trkpt lat="48.21779" lon="11.50833">
    <name>TP4801</name>
  </trkpt>
  <trkpt lat="48.218" lon="11.50878">
    <name>TP4802</name>
  </trkpt>
  <trkpt lat="48.21815" lon="11.50911">
    <name>TP4803</name>
  </trkpt>
  <trkpt lat="48.21828" lon="11.5094">
    <name>TP4804</name>
  </trkpt>
  <trkpt lat="48.21848" lon="11.50985">
    <name>TP4805</name>
  </trkpt>
  <trkpt lat="48.21857" lon="11.51005">
    <name>TP4806</name>
  </trkpt>
  <trkpt lat="48.21867" lon="11.51027">
    <name>TP4807</name>
  </trkpt>
  <trkpt lat="48.21873" lon="11.51043">
    <name>TP4808</name>
  </trkpt>
  <trkpt lat="48.21894" lon="11.51089">
    <name>TP4809</name>
  </trkpt>
  <trkpt lat="48.21903" lon="11.51112">
    <name>TP4810</name>
  </trkpt>
  <trkpt lat="48.21916" lon="11.51141">
    <name>TP4811</name>
  </trkpt>
  <trkpt lat="48.21917" lon="11.51146">
    <name>TP4812</name>
  </trkpt>
  <trkpt lat="48.21923" lon="11.5116">
    <name>TP4813</name>
  </trkpt>
  <trkpt lat="48.21933" lon="11.51183">
    <name>TP4814</name>
  </trkpt>
  <trkpt lat="48.21942" lon="11.51206">
    <name>TP4815</name>
  </trkpt>
  <trkpt lat="48.21943" lon="11.51209">
    <name>TP4816</name>
  </trkpt>
  <trkpt lat="48.2198" lon="11.51301">
    <name>TP4817</name>
  </trkpt>
  <trkpt lat="48.21991" lon="11.51329">
    <name>TP4818</name>
  </trkpt>
  <trkpt lat="48.22006" lon="11.51369">
    <name>TP4819</name>
  </trkpt>
  <trkpt lat="48.22016" lon="11.51394">
    <name>TP4820</name>
  </trkpt>
  <trkpt lat="48.22024" lon="11.51416">
    <name>TP4821</name>
  </trkpt>
  <trkpt lat="48.22047" lon="11.51478">
    <name>TP4822</name>
  </trkpt>
  <trkpt lat="48.22056" lon="11.51504">
    <name>TP4823</name>
  </trkpt>
  <trkpt lat="48.22069" lon="11.5154">
    <name>TP4824</name>
  </trkpt>
  <trkpt lat="48.22078" lon="11.51563">
    <name>TP4825</name>
  </trkpt>
  <trkpt lat="48.2208" lon="11.5157">
    <name>TP4826</name>
  </trkpt>
  <trkpt lat="48.22095" lon="11.51613">
    <name>TP4827</name>
  </trkpt>
  <trkpt lat="48.22109" lon="11.51655">
    <name>TP4828</name>
  </trkpt>
  <trkpt lat="48.22118" lon="11.51681">
    <name>TP4829</name>
  </trkpt>
  <trkpt lat="48.22136" lon="11.51734">
    <name>TP4830</name>
  </trkpt>
  <trkpt lat="48.22149" lon="11.51774">
    <name>TP4831</name>
  </trkpt>
  <trkpt lat="48.22154" lon="11.5179">
    <name>TP4832</name>
  </trkpt>
  <trkpt lat="48.22162" lon="11.51814">
    <name>TP4833</name>
  </trkpt>
  <trkpt lat="48.22163" lon="11.51817">
    <name>TP4834</name>
  </trkpt>
  <trkpt lat="48.2217" lon="11.51839">
    <name>TP4835</name>
  </trkpt>
  <trkpt lat="48.22176" lon="11.5186">
    <name>TP4836</name>
  </trkpt>
  <trkpt lat="48.22185" lon="11.51888">
    <name>TP4837</name>
  </trkpt>
  <trkpt lat="48.22194" lon="11.51916">
    <name>TP4838</name>
  </trkpt>
  <trkpt lat="48.22222" lon="11.52011">
    <name>TP4839</name>
  </trkpt>
  <trkpt lat="48.22226" lon="11.52025">
    <name>TP4840</name>
  </trkpt>
  <trkpt lat="48.22235" lon="11.52059">
    <name>TP4841</name>
  </trkpt>
  <trkpt lat="48.2225" lon="11.52109">
    <name>TP4842</name>
  </trkpt>
  <trkpt lat="48.22264" lon="11.52162">
    <name>TP4843</name>
  </trkpt>
  <trkpt lat="48.22274" lon="11.52199">
    <name>TP4844</name>
  </trkpt>
  <trkpt lat="48.22284" lon="11.52237">
    <name>TP4845</name>
  </trkpt>
  <trkpt lat="48.22295" lon="11.52279">
    <name>TP4846</name>
  </trkpt>
  <trkpt lat="48.22312" lon="11.52345">
    <name>TP4847</name>
  </trkpt>
  <trkpt lat="48.22314" lon="11.52354">
    <name>TP4848</name>
  </trkpt>
  <trkpt lat="48.22317" lon="11.52363">
    <name>TP4849</name>
  </trkpt>
  <trkpt lat="48.22321" lon="11.5238">
    <name>TP4850</name>
  </trkpt>
  <trkpt lat="48.22329" lon="11.52413">
    <name>TP4851</name>
  </trkpt>
  <trkpt lat="48.22335" lon="11.52438">
    <name>TP4852</name>
  </trkpt>
  <trkpt lat="48.22341" lon="11.52463">
    <name>TP4853</name>
  </trkpt>
  <trkpt lat="48.22351" lon="11.52509">
    <name>TP4854</name>
  </trkpt>
  <trkpt lat="48.2236" lon="11.52553">
    <name>TP4855</name>
  </trkpt>
  <trkpt lat="48.22368" lon="11.52586">
    <name>TP4856</name>
  </trkpt>
  <trkpt lat="48.22369" lon="11.5259">
    <name>TP4857</name>
  </trkpt>
  <trkpt lat="48.22377" lon="11.52626">
    <name>TP4858</name>
  </trkpt>
  <trkpt lat="48.22384" lon="11.52659">
    <name>TP4859</name>
  </trkpt>
  <trkpt lat="48.22389" lon="11.52682">
    <name>TP4860</name>
  </trkpt>
  <trkpt lat="48.22393" lon="11.52704">
    <name>TP4861</name>
  </trkpt>
  <trkpt lat="48.22401" lon="11.52739">
    <name>TP4862</name>
  </trkpt>
  <trkpt lat="48.22406" lon="11.52765">
    <name>TP4863</name>
  </trkpt>
  <trkpt lat="48.22414" lon="11.52801">
    <name>TP4864</name>
  </trkpt>
  <trkpt lat="48.2242" lon="11.52835">
    <name>TP4865</name>
  </trkpt>
  <trkpt lat="48.22424" lon="11.52851">
    <name>TP4866</name>
  </trkpt>
  <trkpt lat="48.22432" lon="11.52896">
    <name>TP4867</name>
  </trkpt>
  <trkpt lat="48.22445" lon="11.52961">
    <name>TP4868</name>
  </trkpt>
  <trkpt lat="48.2245" lon="11.52988">
    <name>TP4869</name>
  </trkpt>
  <trkpt lat="48.22462" lon="11.53048">
    <name>TP4870</name>
  </trkpt>
  <trkpt lat="48.22465" lon="11.5307">
    <name>TP4871</name>
  </trkpt>
  <trkpt lat="48.2247" lon="11.53097">
    <name>TP4872</name>
  </trkpt>
  <trkpt lat="48.22479" lon="11.53146">
    <name>TP4873</name>
  </trkpt>
  <trkpt lat="48.22507" lon="11.5331">
    <name>TP4874</name>
  </trkpt>
  <trkpt lat="48.22516" lon="11.53372">
    <name>TP4875</name>
  </trkpt>
  <trkpt lat="48.22522" lon="11.53404">
    <name>TP4876</name>
  </trkpt>
  <trkpt lat="48.22525" lon="11.5343">
    <name>TP4877</name>
  </trkpt>
  <trkpt lat="48.22527" lon="11.5344">
    <name>TP4878</name>
  </trkpt>
  <trkpt lat="48.22527" lon="11.53443">
    <name>TP4879</name>
  </trkpt>
  <trkpt lat="48.22532" lon="11.53472">
    <name>TP4880</name>
  </trkpt>
  <trkpt lat="48.22533" lon="11.53481">
    <name>TP4881</name>
  </trkpt>
  <trkpt lat="48.22534" lon="11.53489">
    <name>TP4882</name>
  </trkpt>
  <trkpt lat="48.22538" lon="11.53515">
    <name>TP4883</name>
  </trkpt>
  <trkpt lat="48.22542" lon="11.53541">
    <name>TP4884</name>
  </trkpt>
  <trkpt lat="48.22542" lon="11.53544">
    <name>TP4885</name>
  </trkpt>
  <trkpt lat="48.22545" lon="11.53566">
    <name>TP4886</name>
  </trkpt>
  <trkpt lat="48.22548" lon="11.53586">
    <name>TP4887</name>
  </trkpt>
  <trkpt lat="48.22551" lon="11.53607">
    <name>TP4888</name>
  </trkpt>
  <trkpt lat="48.22561" lon="11.53682">
    <name>TP4889</name>
  </trkpt>
  <trkpt lat="48.22567" lon="11.53735">
    <name>TP4890</name>
  </trkpt>
  <trkpt lat="48.22573" lon="11.53781">
    <name>TP4891</name>
  </trkpt>
  <trkpt lat="48.22574" lon="11.53788">
    <name>TP4892</name>
  </trkpt>
  <trkpt lat="48.22575" lon="11.53795">
    <name>TP4893</name>
  </trkpt>
  <trkpt lat="48.22591" lon="11.53945">
    <name>TP4894</name>
  </trkpt>
  <trkpt lat="48.226" lon="11.54021">
    <name>TP4895</name>
  </trkpt>
  <trkpt lat="48.22607" lon="11.54097">
    <name>TP4896</name>
  </trkpt>
  <trkpt lat="48.2261" lon="11.54142">
    <name>TP4897</name>
  </trkpt>
  <trkpt lat="48.22612" lon="11.54164">
    <name>TP4898</name>
  </trkpt>
  <trkpt lat="48.22616" lon="11.54205">
    <name>TP4899</name>
  </trkpt>
  <trkpt lat="48.22619" lon="11.5425">
    <name>TP4900</name>
  </trkpt>
  <trkpt lat="48.22621" lon="11.54271">
    <name>TP4901</name>
  </trkpt>
  <trkpt lat="48.22623" lon="11.54297">
    <name>TP4902</name>
  </trkpt>
  <trkpt lat="48.22625" lon="11.54323">
    <name>TP4903</name>
  </trkpt>
  <trkpt lat="48.22625" lon="11.54326">
    <name>TP4904</name>
  </trkpt>
  <trkpt lat="48.22627" lon="11.54357">
    <name>TP4905</name>
  </trkpt>
  <trkpt lat="48.22627" lon="11.54367">
    <name>TP4906</name>
  </trkpt>
  <trkpt lat="48.2263" lon="11.54406">
    <name>TP4907</name>
  </trkpt>
  <trkpt lat="48.22631" lon="11.54427">
    <name>TP4908</name>
  </trkpt>
  <trkpt lat="48.22633" lon="11.54454">
    <name>TP4909</name>
  </trkpt>
  <trkpt lat="48.22634" lon="11.54461">
    <name>TP4910</name>
  </trkpt>
  <trkpt lat="48.22635" lon="11.54479">
    <name>TP4911</name>
  </trkpt>
  <trkpt lat="48.22636" lon="11.54499">
    <name>TP4912</name>
  </trkpt>
  <trkpt lat="48.22638" lon="11.54522">
    <name>TP4913</name>
  </trkpt>
  <trkpt lat="48.22638" lon="11.54526">
    <name>TP4914</name>
  </trkpt>
  <trkpt lat="48.22639" lon="11.54548">
    <name>TP4915</name>
  </trkpt>
  <trkpt lat="48.2264" lon="11.54552">
    <name>TP4916</name>
  </trkpt>
  <trkpt lat="48.22643" lon="11.54602">
    <name>TP4917</name>
  </trkpt>
  <trkpt lat="48.22644" lon="11.54624">
    <name>TP4918</name>
  </trkpt>
  <trkpt lat="48.22645" lon="11.5466">
    <name>TP4919</name>
  </trkpt>
  <trkpt lat="48.22645" lon="11.54678">
    <name>TP4920</name>
  </trkpt>
  <trkpt lat="48.22646" lon="11.54687">
    <name>TP4921</name>
  </trkpt>
  <trkpt lat="48.22647" lon="11.54713">
    <name>TP4922</name>
  </trkpt>
  <trkpt lat="48.22649" lon="11.54778">
    <name>TP4923</name>
  </trkpt>
  <trkpt lat="48.2265" lon="11.54799">
    <name>TP4924</name>
  </trkpt>
  <trkpt lat="48.22652" lon="11.54846">
    <name>TP4925</name>
  </trkpt>
  <trkpt lat="48.22653" lon="11.54875">
    <name>TP4926</name>
  </trkpt>
  <trkpt lat="48.22654" lon="11.54897">
    <name>TP4927</name>
  </trkpt>
  <trkpt lat="48.22656" lon="11.54983">
    <name>TP4928</name>
  </trkpt>
  <trkpt lat="48.22657" lon="11.55003">
    <name>TP4929</name>
  </trkpt>
  <trkpt lat="48.22657" lon="11.5501">
    <name>TP4930</name>
  </trkpt>
  <trkpt lat="48.22658" lon="11.55038">
    <name>TP4931</name>
  </trkpt>
  <trkpt lat="48.22658" lon="11.55068">
    <name>TP4932</name>
  </trkpt>
  <trkpt lat="48.2266" lon="11.55149">
    <name>TP4933</name>
  </trkpt>
  <trkpt lat="48.22662" lon="11.55227">
    <name>TP4934</name>
  </trkpt>
  <trkpt lat="48.22663" lon="11.55256">
    <name>TP4935</name>
  </trkpt>
  <trkpt lat="48.22664" lon="11.5533">
    <name>TP4936</name>
  </trkpt>
  <trkpt lat="48.22665" lon="11.5541">
    <name>TP4937</name>
  </trkpt>
  <trkpt lat="48.22666" lon="11.55441">
    <name>TP4938</name>
  </trkpt>
  <trkpt lat="48.22666" lon="11.55494">
    <name>TP4939</name>
  </trkpt>
  <trkpt lat="48.22666" lon="11.55497">
    <name>TP4940</name>
  </trkpt>
  <trkpt lat="48.22667" lon="11.55524">
    <name>TP4941</name>
  </trkpt>
  <trkpt lat="48.22667" lon="11.55551">
    <name>TP4942</name>
  </trkpt>
  <trkpt lat="48.22667" lon="11.55553">
    <name>TP4943</name>
  </trkpt>
  <trkpt lat="48.22668" lon="11.55613">
    <name>TP4944</name>
  </trkpt>
  <trkpt lat="48.22669" lon="11.5568">
    <name>TP4945</name>
  </trkpt>
  <trkpt lat="48.22671" lon="11.55769">
    <name>TP4946</name>
  </trkpt>
  <trkpt lat="48.22672" lon="11.55834">
    <name>TP4947</name>
  </trkpt>
  <trkpt lat="48.22672" lon="11.55848">
    <name>TP4948</name>
  </trkpt>
  <trkpt lat="48.22672" lon="11.55879">
    <name>TP4949</name>
  </trkpt>
  <trkpt lat="48.22673" lon="11.55908">
    <name>TP4950</name>
  </trkpt>
  <trkpt lat="48.22673" lon="11.55916">
    <name>TP4951</name>
  </trkpt>
  <trkpt lat="48.22674" lon="11.5594">
    <name>TP4952</name>
  </trkpt>
  <trkpt lat="48.22674" lon="11.55956">
    <name>TP4953</name>
  </trkpt>
  <trkpt lat="48.22674" lon="11.55964">
    <name>TP4954</name>
  </trkpt>
  <trkpt lat="48.22675" lon="11.55997">
    <name>TP4955</name>
  </trkpt>
  <trkpt lat="48.22676" lon="11.56037">
    <name>TP4956</name>
  </trkpt>
  <trkpt lat="48.22676" lon="11.56052">
    <name>TP4957</name>
  </trkpt>
  <trkpt lat="48.22676" lon="11.56064">
    <name>TP4958</name>
  </trkpt>
  <trkpt lat="48.22677" lon="11.56078">
    <name>TP4959</name>
  </trkpt>
  <trkpt lat="48.22677" lon="11.56106">
    <name>TP4960</name>
  </trkpt>
  <trkpt lat="48.22677" lon="11.5612">
    <name>TP4961</name>
  </trkpt>
  <trkpt lat="48.22679" lon="11.56174">
    <name>TP4962</name>
  </trkpt>
  <trkpt lat="48.2268" lon="11.56213">
    <name>TP4963</name>
  </trkpt>
  <trkpt lat="48.2268" lon="11.56226">
    <name>TP4964</name>
  </trkpt>
  <trkpt lat="48.22681" lon="11.5628">
    <name>TP4965</name>
  </trkpt>
  <trkpt lat="48.22682" lon="11.56321">
    <name>TP4966</name>
  </trkpt>
  <trkpt lat="48.22684" lon="11.5637">
    <name>TP4967</name>
  </trkpt>
  <trkpt lat="48.22685" lon="11.56408">
    <name>TP4968</name>
  </trkpt>
  <trkpt lat="48.22686" lon="11.56421">
    <name>TP4969</name>
  </trkpt>
  <trkpt lat="48.22688" lon="11.56505">
    <name>TP4970</name>
  </trkpt>
  <trkpt lat="48.22689" lon="11.5652">
    <name>TP4971</name>
  </trkpt>
  <trkpt lat="48.22694" lon="11.56646">
    <name>TP4972</name>
  </trkpt>
  <trkpt lat="48.22698" lon="11.56741">
    <name>TP4973</name>
  </trkpt>
  <trkpt lat="48.22699" lon="11.56755">
    <name>TP4974</name>
  </trkpt>
  <trkpt lat="48.22706" lon="11.56888">
    <name>TP4975</name>
  </trkpt>
  <trkpt lat="48.22709" lon="11.56948">
    <name>TP4976</name>
  </trkpt>
  <trkpt lat="48.22712" lon="11.56994">
    <name>TP4977</name>
  </trkpt>
  <trkpt lat="48.22714" lon="11.5702">
    <name>TP4978</name>
  </trkpt>
  <trkpt lat="48.22716" lon="11.57044">
    <name>TP4979</name>
  </trkpt>
  <trkpt lat="48.22718" lon="11.57086">
    <name>TP4980</name>
  </trkpt>
  <trkpt lat="48.22718" lon="11.57089">
    <name>TP4981</name>
  </trkpt>
  <trkpt lat="48.22722" lon="11.57139">
    <name>TP4982</name>
  </trkpt>
  <trkpt lat="48.22726" lon="11.57203">
    <name>TP4983</name>
  </trkpt>
  <trkpt lat="48.22727" lon="11.57221">
    <name>TP4984</name>
  </trkpt>
  <trkpt lat="48.22731" lon="11.57272">
    <name>TP4985</name>
  </trkpt>
  <trkpt lat="48.22734" lon="11.5731">
    <name>TP4986</name>
  </trkpt>
  <trkpt lat="48.22739" lon="11.57373">
    <name>TP4987</name>
  </trkpt>
  <trkpt lat="48.22771" lon="11.57729">
    <name>TP4988</name>
  </trkpt>
  <trkpt lat="48.22772" lon="11.57744">
    <name>TP4989</name>
  </trkpt>
  <trkpt lat="48.22777" lon="11.57793">
    <name>TP4990</name>
  </trkpt>
  <trkpt lat="48.22781" lon="11.57838">
    <name>TP4991</name>
  </trkpt>
  <trkpt lat="48.22787" lon="11.57902">
    <name>TP4992</name>
  </trkpt>
  <trkpt lat="48.2279" lon="11.57939">
    <name>TP4993</name>
  </trkpt>
  <trkpt lat="48.22799" lon="11.58031">
    <name>TP4994</name>
  </trkpt>
  <trkpt lat="48.22806" lon="11.58111">
    <name>TP4995</name>
  </trkpt>
  <trkpt lat="48.22816" lon="11.58218">
    <name>TP4996</name>
  </trkpt>
  <trkpt lat="48.22818" lon="11.58245">
    <name>TP4997</name>
  </trkpt>
  <trkpt lat="48.2282" lon="11.58266">
    <name>TP4998</name>
  </trkpt>
  <trkpt lat="48.22822" lon="11.58286">
    <name>TP4999</name>
  </trkpt>
  <trkpt lat="48.22824" lon="11.58313">
    <name>TP5000</name>
  </trkpt>
  <trkpt lat="48.2282442" lon="11.5831264">
    <name>TP5001</name>
  </trkpt>
  <trkpt lat="48.22819" lon="11.58324">
    <name>TP5002</name>
  </trkpt>
  <trkpt lat="48.22819" lon="11.58326">
    <name>TP5003</name>
  </trkpt>
  <trkpt lat="48.22819" lon="11.58327">
    <name>TP5004</name>
  </trkpt>
  <trkpt lat="48.22819" lon="11.58332">
    <name>TP5005</name>
  </trkpt>
  <trkpt lat="48.2282" lon="11.5836">
    <name>TP5006</name>
  </trkpt>
  <trkpt lat="48.22821" lon="11.58386">
    <name>TP5007</name>
  </trkpt>
  <trkpt lat="48.22821" lon="11.58389">
    <name>TP5008</name>
  </trkpt>
  <trkpt lat="48.2282" lon="11.58396">
    <name>TP5009</name>
  </trkpt>
  <trkpt lat="48.22819" lon="11.58402">
    <name>TP5010</name>
  </trkpt>
  <trkpt lat="48.22818" lon="11.58408">
    <name>TP5011</name>
  </trkpt>
  <trkpt lat="48.22818" lon="11.58409">
    <name>TP5012</name>
  </trkpt>
  <trkpt lat="48.22816" lon="11.58418">
    <name>TP5013</name>
  </trkpt>
  <trkpt lat="48.22814" lon="11.58425">
    <name>TP5014</name>
  </trkpt>
  <trkpt lat="48.22812" lon="11.58433">
    <name>TP5015</name>
  </trkpt>
  <trkpt lat="48.2281" lon="11.58437">
    <name>TP5016</name>
  </trkpt>
  <trkpt lat="48.22807" lon="11.58443">
    <name>TP5017</name>
  </trkpt>
  <trkpt lat="48.22804" lon="11.58447">
    <name>TP5018</name>
  </trkpt>
  <trkpt lat="48.22801" lon="11.58452">
    <name>TP5019</name>
  </trkpt>
  <trkpt lat="48.22797" lon="11.58457">
    <name>TP5020</name>
  </trkpt>
  <trkpt lat="48.22793" lon="11.58461">
    <name>TP5021</name>
  </trkpt>
  <trkpt lat="48.22789" lon="11.58464">
    <name>TP5022</name>
  </trkpt>
  <trkpt lat="48.22784" lon="11.58468">
    <name>TP5023</name>
  </trkpt>
  <trkpt lat="48.22775" lon="11.58473">
    <name>TP5024</name>
  </trkpt>
  <trkpt lat="48.22766" lon="11.58478">
    <name>TP5025</name>
  </trkpt>
  <trkpt lat="48.22765" lon="11.58479">
    <name>TP5026</name>
  </trkpt>
  <trkpt lat="48.22757" lon="11.58485">
    <name>TP5027</name>
  </trkpt>
  <trkpt lat="48.22753" lon="11.58486">
    <name>TP5028</name>
  </trkpt>
  <trkpt lat="48.22749" lon="11.58488">
    <name>TP5029</name>
  </trkpt>
  <trkpt lat="48.22741" lon="11.58491">
    <name>TP5030</name>
  </trkpt>
  <trkpt lat="48.2274" lon="11.58492">
    <name>TP5031</name>
  </trkpt>
  <trkpt lat="48.22731" lon="11.58496">
    <name>TP5032</name>
  </trkpt>
  <trkpt lat="48.22724" lon="11.58501">
    <name>TP5033</name>
  </trkpt>
  <trkpt lat="48.22714" lon="11.58509">
    <name>TP5034</name>
  </trkpt>
  <trkpt lat="48.22712" lon="11.58511">
    <name>TP5035</name>
  </trkpt>
  <trkpt lat="48.22707" lon="11.58516">
    <name>TP5036</name>
  </trkpt>
  <trkpt lat="48.22704" lon="11.58521">
    <name>TP5037</name>
  </trkpt>
  <trkpt lat="48.22702" lon="11.58525">
    <name>TP5038</name>
  </trkpt>
  <trkpt lat="48.227" lon="11.58529">
    <name>TP5039</name>
  </trkpt>
  <trkpt lat="48.22698" lon="11.58532">
    <name>TP5040</name>
  </trkpt>
  <trkpt lat="48.22697" lon="11.58535">
    <name>TP5041</name>
  </trkpt>
  <trkpt lat="48.22694" lon="11.58542">
    <name>TP5042</name>
  </trkpt>
  <trkpt lat="48.22693" lon="11.58549">
    <name>TP5043</name>
  </trkpt>
  <trkpt lat="48.22692" lon="11.58555">
    <name>TP5044</name>
  </trkpt>
  <trkpt lat="48.22691" lon="11.58557">
    <name>TP5045</name>
  </trkpt>
  <trkpt lat="48.22689" lon="11.58561">
    <name>TP5046</name>
  </trkpt>
  <trkpt lat="48.22689" lon="11.58562">
    <name>TP5047</name>
  </trkpt>
  <trkpt lat="48.22688" lon="11.58566">
    <name>TP5048</name>
  </trkpt>
  <trkpt lat="48.22686" lon="11.58574">
    <name>TP5049</name>
  </trkpt>
  <trkpt lat="48.22685" lon="11.58585">
    <name>TP5050</name>
  </trkpt>
  <trkpt lat="48.22683" lon="11.58596">
    <name>TP5051</name>
  </trkpt>
  <trkpt lat="48.22682" lon="11.58608">
    <name>TP5052</name>
  </trkpt>
  <trkpt lat="48.22682" lon="11.58612">
    <name>TP5053</name>
  </trkpt>
  <trkpt lat="48.2268" lon="11.58623">
    <name>TP5054</name>
  </trkpt>
  <trkpt lat="48.22679" lon="11.58629">
    <name>TP5055</name>
  </trkpt>
  <trkpt lat="48.22677" lon="11.58635">
    <name>TP5056</name>
  </trkpt>
  <trkpt lat="48.22676" lon="11.5864">
    <name>TP5057</name>
  </trkpt>
  <trkpt lat="48.22674" lon="11.58644">
    <name>TP5058</name>
  </trkpt>
  <trkpt lat="48.22673" lon="11.58648">
    <name>TP5059</name>
  </trkpt>
  <trkpt lat="48.22671" lon="11.58651">
    <name>TP5060</name>
  </trkpt>
  <trkpt lat="48.2267" lon="11.58653">
    <name>TP5061</name>
  </trkpt>
  <trkpt lat="48.22669" lon="11.58654">
    <name>TP5062</name>
  </trkpt>
  <trkpt lat="48.22667" lon="11.58656">
    <name>TP5063</name>
  </trkpt>
  <trkpt lat="48.22666" lon="11.58658">
    <name>TP5064</name>
  </trkpt>
  <trkpt lat="48.22663" lon="11.58661">
    <name>TP5065</name>
  </trkpt>
  <trkpt lat="48.22659" lon="11.58665">
    <name>TP5066</name>
  </trkpt>
  <trkpt lat="48.22656" lon="11.58668">
    <name>TP5067</name>
  </trkpt>
  <trkpt lat="48.2265" lon="11.58672">
    <name>TP5068</name>
  </trkpt>
  <trkpt lat="48.22647" lon="11.58674">
    <name>TP5069</name>
  </trkpt>
  <trkpt lat="48.22644" lon="11.58675">
    <name>TP5070</name>
  </trkpt>
  <trkpt lat="48.2264" lon="11.58678">
    <name>TP5071</name>
  </trkpt>
  <trkpt lat="48.22637" lon="11.58681">
    <name>TP5072</name>
  </trkpt>
  <trkpt lat="48.22634" lon="11.58687">
    <name>TP5073</name>
  </trkpt>
  <trkpt lat="48.22597" lon="11.58694">
    <name>TP5074</name>
  </trkpt>
  <trkpt lat="48.22593" lon="11.58695">
    <name>TP5075</name>
  </trkpt>
  <trkpt lat="48.22575" lon="11.58699">
    <name>TP5076</name>
  </trkpt>
  <trkpt lat="48.22542" lon="11.58705">
    <name>TP5077</name>
  </trkpt>
  <trkpt lat="48.22512" lon="11.58711">
    <name>TP5078</name>
  </trkpt>
  <trkpt lat="48.22508" lon="11.58712">
    <name>TP5079</name>
  </trkpt>
  <trkpt lat="48.22484" lon="11.58716">
    <name>TP5080</name>
  </trkpt>
  <trkpt lat="48.22483" lon="11.58716">
    <name>TP5081</name>
  </trkpt>
  <trkpt lat="48.22472" lon="11.58717">
    <name>TP5082</name>
  </trkpt>
  <trkpt lat="48.22466" lon="11.58718">
    <name>TP5083</name>
  </trkpt>
  <trkpt lat="48.22458" lon="11.58719">
    <name>TP5084</name>
  </trkpt>
  <trkpt lat="48.22456" lon="11.5872">
    <name>TP5085</name>
  </trkpt>
  <trkpt lat="48.22412" lon="11.58726">
    <name>TP5086</name>
  </trkpt>
  <trkpt lat="48.22307" lon="11.5874">
    <name>TP5087</name>
  </trkpt>
  <trkpt lat="48.22278" lon="11.58744">
    <name>TP5088</name>
  </trkpt>
  <trkpt lat="48.222" lon="11.58751">
    <name>TP5089</name>
  </trkpt>
  <trkpt lat="48.22154" lon="11.58755">
    <name>TP5090</name>
  </trkpt>
  <trkpt lat="48.22153" lon="11.58755">
    <name>TP5091</name>
  </trkpt>
  <trkpt lat="48.22125" lon="11.58757">
    <name>TP5092</name>
  </trkpt>
  <trkpt lat="48.22105" lon="11.58758">
    <name>TP5093</name>
  </trkpt>
  <trkpt lat="48.22015" lon="11.58762">
    <name>TP5094</name>
  </trkpt>
  <trkpt lat="48.21953" lon="11.58762">
    <name>TP5095</name>
  </trkpt>
  <trkpt lat="48.21943" lon="11.58762">
    <name>TP5096</name>
  </trkpt>
  <trkpt lat="48.21902" lon="11.58763">
    <name>TP5097</name>
  </trkpt>
  <trkpt lat="48.21879" lon="11.58763">
    <name>TP5098</name>
  </trkpt>
  <trkpt lat="48.21855" lon="11.58764">
    <name>TP5099</name>
  </trkpt>
  <trkpt lat="48.21779" lon="11.58764">
    <name>TP5100</name>
  </trkpt>
  <trkpt lat="48.21762" lon="11.58764">
    <name>TP5101</name>
  </trkpt>
  <trkpt lat="48.21744" lon="11.58764">
    <name>TP5102</name>
  </trkpt>
  <trkpt lat="48.21721" lon="11.58765">
    <name>TP5103</name>
  </trkpt>
  <trkpt lat="48.21699" lon="11.58765">
    <name>TP5104</name>
  </trkpt>
  <trkpt lat="48.21643" lon="11.58765">
    <name>TP5105</name>
  </trkpt>
  <trkpt lat="48.21639" lon="11.58765">
    <name>TP5106</name>
  </trkpt>
  <trkpt lat="48.21634" lon="11.58765">
    <name>TP5107</name>
  </trkpt>
  <trkpt lat="48.21626" lon="11.58765">
    <name>TP5108</name>
  </trkpt>
  <trkpt lat="48.21607" lon="11.58765">
    <name>TP5109</name>
  </trkpt>
  <trkpt lat="48.21549" lon="11.58766">
    <name>TP5110</name>
  </trkpt>
  <trkpt lat="48.21483" lon="11.58767">
    <name>TP5111</name>
  </trkpt>
  <trkpt lat="48.21454" lon="11.58767">
    <name>TP5112</name>
  </trkpt>
  <trkpt lat="48.21434" lon="11.58767">
    <name>TP5113</name>
  </trkpt>
  <trkpt lat="48.2138" lon="11.58764">
    <name>TP5114</name>
  </trkpt>
  <trkpt lat="48.21343" lon="11.58761">
    <name>TP5115</name>
  </trkpt>
  <trkpt lat="48.21329" lon="11.5876">
    <name>TP5116</name>
  </trkpt>
  <trkpt lat="48.2132" lon="11.58759">
    <name>TP5117</name>
  </trkpt>
  <trkpt lat="48.21317" lon="11.58758">
    <name>TP5118</name>
  </trkpt>
  <trkpt lat="48.21308" lon="11.58757">
    <name>TP5119</name>
  </trkpt>
  <trkpt lat="48.21274" lon="11.58752">
    <name>TP5120</name>
  </trkpt>
  <trkpt lat="48.21234" lon="11.58745">
    <name>TP5121</name>
  </trkpt>
  <trkpt lat="48.21116" lon="11.58722">
    <name>TP5122</name>
  </trkpt>
  <trkpt lat="48.21108" lon="11.58721">
    <name>TP5123</name>
  </trkpt>
  <trkpt lat="48.21058" lon="11.58711">
    <name>TP5124</name>
  </trkpt>
  <trkpt lat="48.21054" lon="11.58711">
    <name>TP5125</name>
  </trkpt>
  <trkpt lat="48.21047" lon="11.5871">
    <name>TP5126</name>
  </trkpt>
  <trkpt lat="48.21038" lon="11.58708">
    <name>TP5127</name>
  </trkpt>
  <trkpt lat="48.21027" lon="11.58705">
    <name>TP5128</name>
  </trkpt>
  <trkpt lat="48.21009" lon="11.58702">
    <name>TP5129</name>
  </trkpt>
  <trkpt lat="48.21003" lon="11.58701">
    <name>TP5130</name>
  </trkpt>
  <trkpt lat="48.20967" lon="11.58694">
    <name>TP5131</name>
  </trkpt>
  <trkpt lat="48.20957" lon="11.58692">
    <name>TP5132</name>
  </trkpt>
  <trkpt lat="48.20956" lon="11.58692">
    <name>TP5133</name>
  </trkpt>
  <trkpt lat="48.20882" lon="11.58677">
    <name>TP5134</name>
  </trkpt>
  <trkpt lat="48.20841" lon="11.58669">
    <name>TP5135</name>
  </trkpt>
  <trkpt lat="48.20827" lon="11.58666">
    <name>TP5136</name>
  </trkpt>
  <trkpt lat="48.20809" lon="11.58663">
    <name>TP5137</name>
  </trkpt>
  <trkpt lat="48.2077" lon="11.58655">
    <name>TP5138</name>
  </trkpt>
  <trkpt lat="48.20755" lon="11.58652">
    <name>TP5139</name>
  </trkpt>
  <trkpt lat="48.20752" lon="11.58652">
    <name>TP5140</name>
  </trkpt>
  <trkpt lat="48.20738" lon="11.58649">
    <name>TP5141</name>
  </trkpt>
  <trkpt lat="48.20684" lon="11.58639">
    <name>TP5142</name>
  </trkpt>
  <trkpt lat="48.20665" lon="11.58635">
    <name>TP5143</name>
  </trkpt>
  <trkpt lat="48.2065" lon="11.58632">
    <name>TP5144</name>
  </trkpt>
  <trkpt lat="48.20569" lon="11.58616">
    <name>TP5145</name>
  </trkpt>
  <trkpt lat="48.20534" lon="11.58609">
    <name>TP5146</name>
  </trkpt>
  <trkpt lat="48.20508" lon="11.58604">
    <name>TP5147</name>
  </trkpt>
  <trkpt lat="48.20507" lon="11.58604">
    <name>TP5148</name>
  </trkpt>
  <trkpt lat="48.20485" lon="11.586">
    <name>TP5149</name>
  </trkpt>
  <trkpt lat="48.20456" lon="11.58594">
    <name>TP5150</name>
  </trkpt>
  <trkpt lat="48.2044" lon="11.58591">
    <name>TP5151</name>
  </trkpt>
  <trkpt lat="48.20401" lon="11.58583">
    <name>TP5152</name>
  </trkpt>
  <trkpt lat="48.20349" lon="11.58573">
    <name>TP5153</name>
  </trkpt>
  <trkpt lat="48.20276" lon="11.58559">
    <name>TP5154</name>
  </trkpt>
  <trkpt lat="48.20264" lon="11.58556">
    <name>TP5155</name>
  </trkpt>
  <trkpt lat="48.20221" lon="11.58548">
    <name>TP5156</name>
  </trkpt>
  <trkpt lat="48.20182" lon="11.58541">
    <name>TP5157</name>
  </trkpt>
  <trkpt lat="48.2012" lon="11.58529">
    <name>TP5158</name>
  </trkpt>
  <trkpt lat="48.20102" lon="11.58525">
    <name>TP5159</name>
  </trkpt>
  <trkpt lat="48.20095" lon="11.58524">
    <name>TP5160</name>
  </trkpt>
  <trkpt lat="48.20078" lon="11.58519">
    <name>TP5161</name>
  </trkpt>
  <trkpt lat="48.20056" lon="11.58515">
    <name>TP5162</name>
  </trkpt>
  <trkpt lat="48.20039" lon="11.58512">
    <name>TP5163</name>
  </trkpt>
  <trkpt lat="48.20034" lon="11.58511">
    <name>TP5164</name>
  </trkpt>
  <trkpt lat="48.19995" lon="11.58504">
    <name>TP5165</name>
  </trkpt>
  <trkpt lat="48.19955" lon="11.58497">
    <name>TP5166</name>
  </trkpt>
  <trkpt lat="48.19948" lon="11.58495">
    <name>TP5167</name>
  </trkpt>
  <trkpt lat="48.19927" lon="11.58491">
    <name>TP5168</name>
  </trkpt>
  <trkpt lat="48.19911" lon="11.58487">
    <name>TP5169</name>
  </trkpt>
  <trkpt lat="48.19902" lon="11.58488">
    <name>TP5170</name>
  </trkpt>
  <trkpt lat="48.1989" lon="11.58485">
    <name>TP5171</name>
  </trkpt>
  <trkpt lat="48.19861" lon="11.5848">
    <name>TP5172</name>
  </trkpt>
  <trkpt lat="48.19829" lon="11.58473">
    <name>TP5173</name>
  </trkpt>
  <trkpt lat="48.19822" lon="11.5847">
    <name>TP5174</name>
  </trkpt>
  <trkpt lat="48.1979" lon="11.58464">
    <name>TP5175</name>
  </trkpt>
  <trkpt lat="48.1975" lon="11.58456">
    <name>TP5176</name>
  </trkpt>
  <trkpt lat="48.19707" lon="11.58448">
    <name>TP5177</name>
  </trkpt>
  <trkpt lat="48.19668" lon="11.58441">
    <name>TP5178</name>
  </trkpt>
  <trkpt lat="48.19626" lon="11.58433">
    <name>TP5179</name>
  </trkpt>
  <trkpt lat="48.19588" lon="11.58426">
    <name>TP5180</name>
  </trkpt>
  <trkpt lat="48.19584" lon="11.58425">
    <name>TP5181</name>
  </trkpt>
  <trkpt lat="48.19561" lon="11.58421">
    <name>TP5182</name>
  </trkpt>
  <trkpt lat="48.19544" lon="11.58417">
    <name>TP5183</name>
  </trkpt>
  <trkpt lat="48.1954" lon="11.58417">
    <name>TP5184</name>
  </trkpt>
  <trkpt lat="48.19501" lon="11.58409">
    <name>TP5185</name>
  </trkpt>
  <trkpt lat="48.19492" lon="11.58407">
    <name>TP5186</name>
  </trkpt>
  <trkpt lat="48.1948" lon="11.58405">
    <name>TP5187</name>
  </trkpt>
  <trkpt lat="48.19471" lon="11.58404">
    <name>TP5188</name>
  </trkpt>
  <trkpt lat="48.19459" lon="11.58402">
    <name>TP5189</name>
  </trkpt>
  <trkpt lat="48.1945" lon="11.58401">
    <name>TP5190</name>
  </trkpt>
  <trkpt lat="48.19424" lon="11.58398">
    <name>TP5191</name>
  </trkpt>
  <trkpt lat="48.19403" lon="11.58395">
    <name>TP5192</name>
  </trkpt>
  <trkpt lat="48.19383" lon="11.58394">
    <name>TP5193</name>
  </trkpt>
  <trkpt lat="48.19363" lon="11.58393">
    <name>TP5194</name>
  </trkpt>
  <trkpt lat="48.19348" lon="11.58393">
    <name>TP5195</name>
  </trkpt>
  <trkpt lat="48.19338" lon="11.58392">
    <name>TP5196</name>
  </trkpt>
  <trkpt lat="48.19306" lon="11.58393">
    <name>TP5197</name>
  </trkpt>
  <trkpt lat="48.19276" lon="11.58393">
    <name>TP5198</name>
  </trkpt>
  <trkpt lat="48.19273" lon="11.58393">
    <name>TP5199</name>
  </trkpt>
  <trkpt lat="48.19241" lon="11.58395">
    <name>TP5200</name>
  </trkpt>
  <trkpt lat="48.19153" lon="11.58401">
    <name>TP5201</name>
  </trkpt>
  <trkpt lat="48.19152" lon="11.58401">
    <name>TP5202</name>
  </trkpt>
  <trkpt lat="48.19117" lon="11.58404">
    <name>TP5203</name>
  </trkpt>
  <trkpt lat="48.19099" lon="11.58405">
    <name>TP5204</name>
  </trkpt>
  <trkpt lat="48.19082" lon="11.58406">
    <name>TP5205</name>
  </trkpt>
  <trkpt lat="48.1907" lon="11.58407">
    <name>TP5206</name>
  </trkpt>
  <trkpt lat="48.19058" lon="11.58408">
    <name>TP5207</name>
  </trkpt>
  <trkpt lat="48.1905" lon="11.58409">
    <name>TP5208</name>
  </trkpt>
  <trkpt lat="48.19041" lon="11.5841">
    <name>TP5209</name>
  </trkpt>
  <trkpt lat="48.18976" lon="11.58416">
    <name>TP5210</name>
  </trkpt>
  <trkpt lat="48.1895" lon="11.58416">
    <name>TP5211</name>
  </trkpt>
  <trkpt lat="48.189503" lon="11.5841564">
    <name>TP5212</name>
  </trkpt>
  <trkpt lat="48.18948" lon="11.58392">
    <name>TP5213</name>
  </trkpt>
  <trkpt lat="48.18947" lon="11.58378">
    <name>TP5214</name>
  </trkpt>
  <trkpt lat="48.18947" lon="11.58375">
    <name>TP5215</name>
  </trkpt>
  <trkpt lat="48.18946" lon="11.58368">
    <name>TP5216</name>
  </trkpt>
  <trkpt lat="48.18945" lon="11.58359">
    <name>TP5217</name>
  </trkpt>
  <trkpt lat="48.18943" lon="11.58349">
    <name>TP5218</name>
  </trkpt>
  <trkpt lat="48.18941" lon="11.58338">
    <name>TP5219</name>
  </trkpt>
  <trkpt lat="48.1894" lon="11.5833">
    <name>TP5220</name>
  </trkpt>
  <trkpt lat="48.1894" lon="11.58324">
    <name>TP5221</name>
  </trkpt>
  <trkpt lat="48.1894039" lon="11.5832372">
    <name>TP5222</name>
  </trkpt>
  <trkpt lat="48.1894039" lon="11.5832372">
    <name>TP5223</name>
  </trkpt>
  <trkpt lat="48.1894039" lon="11.5832372">
    <name>TP5224</name>
  </trkpt>
  </trkseg>
</trk>
</gpx>