<?xml version="1.0" encoding="UTF-8"?>
<gpx creator="https://gpx.studio" version="1.1" xmlns="http://www.topografix.com/GPX/1/1" xmlns:xsi="http://www.w3.org/2001/XMLSchema-instance" xsi:schemaLocation="http://www.topografix.com/GPX/1/1 http://www.topografix.com/GPX/1/1/gpx.xsd http://www.garmin.com/xmlschemas/GpxExtensions/v3 http://www.garmin.com/xmlschemas/GpxExtensionsv3.xsd http://www.garmin.com/xmlschemas/TrackPointExtension/v1 http://www.garmin.com/xmlschemas/TrackPointExtensionv1.xsd http://www.garmin.com/xmlschemas/PowerExtension/v1 http://www.garmin.com/xmlschemas/PowerExtensionv1.xsd http://www.topografix.com/GPX/gpx_style/0/2 http://www.topografix.com/GPX/gpx_style/0/2/gpx_style.xsd" xmlns:gpxtpx="http://www.garmin.com/xmlschemas/TrackPointExtension/v1" xmlns:gpxx="http://www.garmin.com/xmlschemas/GpxExtensions/v3" xmlns:gpxpx="http://www.garmin.com/xmlschemas/PowerExtension/v1" xmlns:gpx_style="http://www.topografix.com/GPX/gpx_style/0/2">
  <metadata>
    <name>New file 1</name>
    <author>
      <name>gpx.studio</name>
      <link href="https://gpx.studio"/>
    </author>
  </metadata>
  <trk>
    <name>New file 1</name>
    <trkseg>
      <trkpt lat="49.013203" lon="9.059238">
        <ele>290.25</ele>
      </trkpt>
      <trkpt lat="49.013198" lon="9.059322">
        <ele>290.5</ele>
        <extensions>
          <gpxtpx:TrackPointExtension>
            <gpxtpx:Extensions>
              <reversedirection>yes</reversedirection>
              <highway>residential</highway>
              <maxspeed>30</maxspeed>
            </gpxtpx:Extensions>
          </gpxtpx:TrackPointExtension>
        </extensions>
      </trkpt>
      <trkpt lat="49.013657" lon="9.059751">
        <ele>297</ele>
        <extensions>
          <gpxtpx:TrackPointExtension>
            <gpxtpx:Extensions>
              <reversedirection>yes</reversedirection>
              <highway>residential</highway>
              <maxspeed>30</maxspeed>
            </gpxtpx:Extensions>
          </gpxtpx:TrackPointExtension>
        </extensions>
      </trkpt>
      <trkpt lat="49.013585" lon="9.059827">
        <ele>296</ele>
        <extensions>
          <gpxtpx:TrackPointExtension>
            <gpxtpx:Extensions>
              <reversedirection>yes</reversedirection>
              <highway>residential</highway>
              <maxspeed>30</maxspeed>
            </gpxtpx:Extensions>
          </gpxtpx:TrackPointExtension>
        </extensions>
      </trkpt>
      <trkpt lat="49.013468" lon="9.059899">
        <ele>294</ele>
        <extensions>
          <gpxtpx:TrackPointExtension>
            <gpxtpx:Extensions>
              <reversedirection>yes</reversedirection>
              <highway>residential</highway>
              <maxspeed>30</maxspeed>
            </gpxtpx:Extensions>
          </gpxtpx:TrackPointExtension>
        </extensions>
      </trkpt>
      <trkpt lat="49.013364" lon="9.059934">
        <ele>292.25</ele>
        <extensions>
          <gpxtpx:TrackPointExtension>
            <gpxtpx:Extensions>
              <reversedirection>yes</reversedirection>
              <highway>residential</highway>
              <maxspeed>30</maxspeed>
            </gpxtpx:Extensions>
          </gpxtpx:TrackPointExtension>
        </extensions>
      </trkpt>
      <trkpt lat="49.013268" lon="9.060017">
        <ele>291.5</ele>
        <extensions>
          <gpxtpx:TrackPointExtension>
            <gpxtpx:Extensions>
              <reversedirection>yes</reversedirection>
              <highway>residential</highway>
              <maxspeed>30</maxspeed>
            </gpxtpx:Extensions>
          </gpxtpx:TrackPointExtension>
        </extensions>
      </trkpt>
      <trkpt lat="49.013089" lon="9.060331">
        <ele>291.75</ele>
        <extensions>
          <gpxtpx:TrackPointExtension>
            <gpxtpx:Extensions>
              <reversedirection>yes</reversedirection>
              <highway>residential</highway>
              <maxspeed>30</maxspeed>
            </gpxtpx:Extensions>
          </gpxtpx:TrackPointExtension>
        </extensions>
      </trkpt>
      <trkpt lat="49.012721" lon="9.060983">
        <ele>292</ele>
        <extensions>
          <gpxtpx:TrackPointExtension>
            <gpxtpx:Extensions>
              <reversedirection>yes</reversedirection>
              <highway>residential</highway>
              <maxspeed>30</maxspeed>
            </gpxtpx:Extensions>
          </gpxtpx:TrackPointExtension>
        </extensions>
      </trkpt>
      <trkpt lat="49.012456" lon="9.061462">
        <ele>292.5</ele>
        <extensions>
          <gpxtpx:TrackPointExtension>
            <gpxtpx:Extensions>
              <reversedirection>yes</reversedirection>
              <highway>residential</highway>
              <maxspeed>30</maxspeed>
            </gpxtpx:Extensions>
          </gpxtpx:TrackPointExtension>
        </extensions>
      </trkpt>
      <trkpt lat="49.012097" lon="9.062141">
        <ele>294</ele>
        <extensions>
          <gpxtpx:TrackPointExtension>
            <gpxtpx:Extensions>
              <reversedirection>yes</reversedirection>
              <highway>residential</highway>
              <maxspeed>30</maxspeed>
            </gpxtpx:Extensions>
          </gpxtpx:TrackPointExtension>
        </extensions>
      </trkpt>
      <trkpt lat="49.012044" lon="9.062242">
        <ele>294.25</ele>
        <extensions>
          <gpxtpx:TrackPointExtension>
            <gpxtpx:Extensions>
              <reversedirection>yes</reversedirection>
              <highway>residential</highway>
              <maxspeed>30</maxspeed>
            </gpxtpx:Extensions>
          </gpxtpx:TrackPointExtension>
        </extensions>
      </trkpt>
      <trkpt lat="49.011881" lon="9.062771">
        <ele>296.25</ele>
        <extensions>
          <gpxtpx:TrackPointExtension>
            <gpxtpx:Extensions>
              <reversedirection>yes</reversedirection>
              <highway>residential</highway>
              <maxspeed>30</maxspeed>
            </gpxtpx:Extensions>
          </gpxtpx:TrackPointExtension>
        </extensions>
      </trkpt>
      <trkpt lat="49.01181" lon="9.062897">
        <ele>296.5</ele>
        <extensions>
          <gpxtpx:TrackPointExtension>
            <gpxtpx:Extensions>
              <reversedirection>yes</reversedirection>
              <highway>residential</highway>
              <maxspeed>30</maxspeed>
            </gpxtpx:Extensions>
          </gpxtpx:TrackPointExtension>
        </extensions>
      </trkpt>
      <trkpt lat="49.01156" lon="9.062552">
        <ele>292.25</ele>
        <extensions>
          <gpxtpx:TrackPointExtension>
            <gpxtpx:Extensions>
              <highway>secondary</highway>
              <surface>asphalt</surface>
            </gpxtpx:Extensions>
          </gpxtpx:TrackPointExtension>
        </extensions>
      </trkpt>
      <trkpt lat="49.011476" lon="9.062464">
        <ele>291</ele>
        <extensions>
          <gpxtpx:TrackPointExtension>
            <gpxtpx:Extensions>
              <highway>secondary</highway>
              <surface>asphalt</surface>
            </gpxtpx:Extensions>
          </gpxtpx:TrackPointExtension>
        </extensions>
      </trkpt>
      <trkpt lat="49.011388" lon="9.062394">
        <ele>290</ele>
        <extensions>
          <gpxtpx:TrackPointExtension>
            <gpxtpx:Extensions>
              <highway>secondary</highway>
              <surface>asphalt</surface>
            </gpxtpx:Extensions>
          </gpxtpx:TrackPointExtension>
        </extensions>
      </trkpt>
      <trkpt lat="49.011283" lon="9.062344">
        <ele>288.75</ele>
        <extensions>
          <gpxtpx:TrackPointExtension>
            <gpxtpx:Extensions>
              <highway>secondary</highway>
              <surface>asphalt</surface>
            </gpxtpx:Extensions>
          </gpxtpx:TrackPointExtension>
        </extensions>
      </trkpt>
      <trkpt lat="49.011172" lon="9.062329">
        <ele>287.75</ele>
        <extensions>
          <gpxtpx:TrackPointExtension>
            <gpxtpx:Extensions>
              <highway>secondary</highway>
              <surface>asphalt</surface>
            </gpxtpx:Extensions>
          </gpxtpx:TrackPointExtension>
        </extensions>
      </trkpt>
      <trkpt lat="49.011083" lon="9.062339">
        <ele>287.25</ele>
        <extensions>
          <gpxtpx:TrackPointExtension>
            <gpxtpx:Extensions>
              <highway>secondary</highway>
            </gpxtpx:Extensions>
          </gpxtpx:TrackPointExtension>
        </extensions>
      </trkpt>
      <trkpt lat="49.010973" lon="9.062402">
        <ele>286.5</ele>
        <extensions>
          <gpxtpx:TrackPointExtension>
            <gpxtpx:Extensions>
              <highway>secondary</highway>
            </gpxtpx:Extensions>
          </gpxtpx:TrackPointExtension>
        </extensions>
      </trkpt>
      <trkpt lat="49.010623" lon="9.062639">
        <ele>286.25</ele>
        <extensions>
          <gpxtpx:TrackPointExtension>
            <gpxtpx:Extensions>
              <highway>secondary</highway>
            </gpxtpx:Extensions>
          </gpxtpx:TrackPointExtension>
        </extensions>
      </trkpt>
      <trkpt lat="49.010567" lon="9.06268">
        <ele>286.25</ele>
        <extensions>
          <gpxtpx:TrackPointExtension>
            <gpxtpx:Extensions>
              <highway>secondary</highway>
            </gpxtpx:Extensions>
          </gpxtpx:TrackPointExtension>
        </extensions>
      </trkpt>
      <trkpt lat="49.010524" lon="9.062723">
        <ele>286.25</ele>
        <extensions>
          <gpxtpx:TrackPointExtension>
            <gpxtpx:Extensions>
              <highway>secondary</highway>
            </gpxtpx:Extensions>
          </gpxtpx:TrackPointExtension>
        </extensions>
      </trkpt>
      <trkpt lat="49.010449" lon="9.06283">
        <ele>286.5</ele>
        <extensions>
          <gpxtpx:TrackPointExtension>
            <gpxtpx:Extensions>
              <highway>secondary</highway>
            </gpxtpx:Extensions>
          </gpxtpx:TrackPointExtension>
        </extensions>
      </trkpt>
      <trkpt lat="49.01042" lon="9.062892">
        <ele>286.5</ele>
        <extensions>
          <gpxtpx:TrackPointExtension>
            <gpxtpx:Extensions>
              <highway>secondary</highway>
              <surface>asphalt</surface>
            </gpxtpx:Extensions>
          </gpxtpx:TrackPointExtension>
        </extensions>
      </trkpt>
      <trkpt lat="49.010379" lon="9.063079">
        <ele>287</ele>
        <extensions>
          <gpxtpx:TrackPointExtension>
            <gpxtpx:Extensions>
              <highway>secondary</highway>
              <surface>asphalt</surface>
            </gpxtpx:Extensions>
          </gpxtpx:TrackPointExtension>
        </extensions>
      </trkpt>
      <trkpt lat="49.010335" lon="9.063237">
        <ele>287.25</ele>
        <extensions>
          <gpxtpx:TrackPointExtension>
            <gpxtpx:Extensions>
              <highway>secondary</highway>
              <surface>asphalt</surface>
            </gpxtpx:Extensions>
          </gpxtpx:TrackPointExtension>
        </extensions>
      </trkpt>
      <trkpt lat="49.010267" lon="9.063408">
        <ele>287.25</ele>
        <extensions>
          <gpxtpx:TrackPointExtension>
            <gpxtpx:Extensions>
              <highway>secondary</highway>
              <surface>asphalt</surface>
            </gpxtpx:Extensions>
          </gpxtpx:TrackPointExtension>
        </extensions>
      </trkpt>
      <trkpt lat="49.010099" lon="9.063727">
        <ele>286.25</ele>
        <extensions>
          <gpxtpx:TrackPointExtension>
            <gpxtpx:Extensions>
              <highway>secondary</highway>
              <surface>asphalt</surface>
            </gpxtpx:Extensions>
          </gpxtpx:TrackPointExtension>
        </extensions>
      </trkpt>
      <trkpt lat="49.009844" lon="9.064213">
        <ele>285.25</ele>
        <extensions>
          <gpxtpx:TrackPointExtension>
            <gpxtpx:Extensions>
              <highway>secondary</highway>
              <surface>asphalt</surface>
            </gpxtpx:Extensions>
          </gpxtpx:TrackPointExtension>
        </extensions>
      </trkpt>
      <trkpt lat="49.009798" lon="9.064295">
        <ele>285.75</ele>
        <extensions>
          <gpxtpx:TrackPointExtension>
            <gpxtpx:Extensions>
              <highway>secondary</highway>
              <surface>asphalt</surface>
            </gpxtpx:Extensions>
          </gpxtpx:TrackPointExtension>
        </extensions>
      </trkpt>
      <trkpt lat="49.009004" lon="9.065731">
        <ele>283.5</ele>
        <extensions>
          <gpxtpx:TrackPointExtension>
            <gpxtpx:Extensions>
              <highway>secondary</highway>
              <surface>asphalt</surface>
              <maxspeed>50</maxspeed>
            </gpxtpx:Extensions>
          </gpxtpx:TrackPointExtension>
        </extensions>
      </trkpt>
      <trkpt lat="49.008593" lon="9.066482">
        <ele>284</ele>
        <extensions>
          <gpxtpx:TrackPointExtension>
            <gpxtpx:Extensions>
              <highway>secondary</highway>
              <surface>asphalt</surface>
              <maxspeed>50</maxspeed>
            </gpxtpx:Extensions>
          </gpxtpx:TrackPointExtension>
        </extensions>
      </trkpt>
      <trkpt lat="49.008404" lon="9.06678">
        <ele>283.5</ele>
        <extensions>
          <gpxtpx:TrackPointExtension>
            <gpxtpx:Extensions>
              <highway>secondary</highway>
              <surface>asphalt</surface>
              <maxspeed>50</maxspeed>
            </gpxtpx:Extensions>
          </gpxtpx:TrackPointExtension>
        </extensions>
      </trkpt>
      <trkpt lat="49.008291" lon="9.066836">
        <ele>282.75</ele>
        <extensions>
          <gpxtpx:TrackPointExtension>
            <gpxtpx:Extensions>
              <highway>secondary</highway>
              <surface>asphalt</surface>
              <maxspeed>50</maxspeed>
            </gpxtpx:Extensions>
          </gpxtpx:TrackPointExtension>
        </extensions>
      </trkpt>
      <trkpt lat="49.008172" lon="9.066866">
        <ele>282</ele>
        <extensions>
          <gpxtpx:TrackPointExtension>
            <gpxtpx:Extensions>
              <highway>secondary</highway>
              <surface>asphalt</surface>
              <maxspeed>50</maxspeed>
            </gpxtpx:Extensions>
          </gpxtpx:TrackPointExtension>
        </extensions>
      </trkpt>
      <trkpt lat="49.008082" lon="9.06687">
        <ele>281.25</ele>
        <extensions>
          <gpxtpx:TrackPointExtension>
            <gpxtpx:Extensions>
              <highway>secondary</highway>
              <surface>asphalt</surface>
              <maxspeed>50</maxspeed>
            </gpxtpx:Extensions>
          </gpxtpx:TrackPointExtension>
        </extensions>
      </trkpt>
      <trkpt lat="49.008004" lon="9.066839">
        <ele>280.75</ele>
        <extensions>
          <gpxtpx:TrackPointExtension>
            <gpxtpx:Extensions>
              <highway>secondary</highway>
              <surface>asphalt</surface>
              <maxspeed>50</maxspeed>
            </gpxtpx:Extensions>
          </gpxtpx:TrackPointExtension>
        </extensions>
      </trkpt>
      <trkpt lat="49.007912" lon="9.066758">
        <ele>280</ele>
        <extensions>
          <gpxtpx:TrackPointExtension>
            <gpxtpx:Extensions>
              <highway>secondary</highway>
              <surface>asphalt</surface>
              <maxspeed>50</maxspeed>
            </gpxtpx:Extensions>
          </gpxtpx:TrackPointExtension>
        </extensions>
      </trkpt>
      <trkpt lat="49.007829" lon="9.066632">
        <ele>279.25</ele>
        <extensions>
          <gpxtpx:TrackPointExtension>
            <gpxtpx:Extensions>
              <highway>secondary</highway>
              <surface>asphalt</surface>
              <maxspeed>50</maxspeed>
            </gpxtpx:Extensions>
          </gpxtpx:TrackPointExtension>
        </extensions>
      </trkpt>
      <trkpt lat="49.007779" lon="9.066546">
        <ele>278.75</ele>
        <extensions>
          <gpxtpx:TrackPointExtension>
            <gpxtpx:Extensions>
              <highway>secondary</highway>
              <surface>asphalt</surface>
              <maxspeed>50</maxspeed>
            </gpxtpx:Extensions>
          </gpxtpx:TrackPointExtension>
        </extensions>
      </trkpt>
      <trkpt lat="49.007702" lon="9.066417">
        <ele>278.25</ele>
        <extensions>
          <gpxtpx:TrackPointExtension>
            <gpxtpx:Extensions>
              <highway>secondary</highway>
              <surface>asphalt</surface>
              <maxspeed>50</maxspeed>
            </gpxtpx:Extensions>
          </gpxtpx:TrackPointExtension>
        </extensions>
      </trkpt>
      <trkpt lat="49.007422" lon="9.06597">
        <ele>277</ele>
        <extensions>
          <gpxtpx:TrackPointExtension>
            <gpxtpx:Extensions>
              <highway>secondary</highway>
              <surface>asphalt</surface>
              <maxspeed>50</maxspeed>
            </gpxtpx:Extensions>
          </gpxtpx:TrackPointExtension>
        </extensions>
      </trkpt>
      <trkpt lat="49.007264" lon="9.065734">
        <ele>277</ele>
        <extensions>
          <gpxtpx:TrackPointExtension>
            <gpxtpx:Extensions>
              <highway>secondary</highway>
              <surface>asphalt</surface>
              <maxspeed>50</maxspeed>
            </gpxtpx:Extensions>
          </gpxtpx:TrackPointExtension>
        </extensions>
      </trkpt>
      <trkpt lat="49.00698" lon="9.065405">
        <ele>277.25</ele>
        <extensions>
          <gpxtpx:TrackPointExtension>
            <gpxtpx:Extensions>
              <highway>secondary</highway>
              <surface>asphalt</surface>
              <maxspeed>50</maxspeed>
            </gpxtpx:Extensions>
          </gpxtpx:TrackPointExtension>
        </extensions>
      </trkpt>
      <trkpt lat="49.006705" lon="9.065135">
        <ele>277</ele>
        <extensions>
          <gpxtpx:TrackPointExtension>
            <gpxtpx:Extensions>
              <highway>secondary</highway>
              <surface>asphalt</surface>
              <maxspeed>50</maxspeed>
            </gpxtpx:Extensions>
          </gpxtpx:TrackPointExtension>
        </extensions>
      </trkpt>
      <trkpt lat="49.006626" lon="9.065089">
        <ele>277</ele>
        <extensions>
          <gpxtpx:TrackPointExtension>
            <gpxtpx:Extensions>
              <reversedirection>yes</reversedirection>
              <highway>secondary</highway>
              <surface>asphalt</surface>
            </gpxtpx:Extensions>
          </gpxtpx:TrackPointExtension>
        </extensions>
      </trkpt>
      <trkpt lat="49.006535" lon="9.065067">
        <ele>277.25</ele>
        <extensions>
          <gpxtpx:TrackPointExtension>
            <gpxtpx:Extensions>
              <reversedirection>yes</reversedirection>
              <highway>secondary</highway>
              <surface>asphalt</surface>
            </gpxtpx:Extensions>
          </gpxtpx:TrackPointExtension>
        </extensions>
      </trkpt>
      <trkpt lat="49.006475" lon="9.065065">
        <ele>277.25</ele>
        <extensions>
          <gpxtpx:TrackPointExtension>
            <gpxtpx:Extensions>
              <reversedirection>yes</reversedirection>
              <highway>secondary</highway>
              <surface>asphalt</surface>
            </gpxtpx:Extensions>
          </gpxtpx:TrackPointExtension>
        </extensions>
      </trkpt>
      <trkpt lat="49.006287" lon="9.065098">
        <ele>277.75</ele>
        <extensions>
          <gpxtpx:TrackPointExtension>
            <gpxtpx:Extensions>
              <reversedirection>yes</reversedirection>
              <highway>secondary</highway>
              <surface>asphalt</surface>
            </gpxtpx:Extensions>
          </gpxtpx:TrackPointExtension>
        </extensions>
      </trkpt>
      <trkpt lat="49.006285" lon="9.065179">
        <ele>277.75</ele>
        <extensions>
          <gpxtpx:TrackPointExtension>
            <gpxtpx:Extensions>
              <highway>secondary</highway>
              <surface>concrete</surface>
              <junction>roundabout</junction>
            </gpxtpx:Extensions>
          </gpxtpx:TrackPointExtension>
        </extensions>
      </trkpt>
      <trkpt lat="49.006268" lon="9.06524">
        <ele>277.75</ele>
        <extensions>
          <gpxtpx:TrackPointExtension>
            <gpxtpx:Extensions>
              <highway>secondary</highway>
              <surface>concrete</surface>
              <junction>roundabout</junction>
            </gpxtpx:Extensions>
          </gpxtpx:TrackPointExtension>
        </extensions>
      </trkpt>
      <trkpt lat="49.006239" lon="9.06529">
        <ele>278</ele>
        <extensions>
          <gpxtpx:TrackPointExtension>
            <gpxtpx:Extensions>
              <highway>secondary</highway>
              <surface>concrete</surface>
              <junction>roundabout</junction>
            </gpxtpx:Extensions>
          </gpxtpx:TrackPointExtension>
        </extensions>
      </trkpt>
      <trkpt lat="49.006201" lon="9.065322">
        <ele>278</ele>
        <extensions>
          <gpxtpx:TrackPointExtension>
            <gpxtpx:Extensions>
              <highway>secondary</highway>
              <surface>concrete</surface>
              <junction>roundabout</junction>
            </gpxtpx:Extensions>
          </gpxtpx:TrackPointExtension>
        </extensions>
      </trkpt>
      <trkpt lat="49.006158" lon="9.065335">
        <ele>278</ele>
        <extensions>
          <gpxtpx:TrackPointExtension>
            <gpxtpx:Extensions>
              <highway>secondary</highway>
              <surface>concrete</surface>
              <junction>roundabout</junction>
            </gpxtpx:Extensions>
          </gpxtpx:TrackPointExtension>
        </extensions>
      </trkpt>
      <trkpt lat="49.006151" lon="9.065605">
        <ele>278</ele>
        <extensions>
          <gpxtpx:TrackPointExtension>
            <gpxtpx:Extensions>
              <highway>secondary</highway>
              <surface>asphalt</surface>
            </gpxtpx:Extensions>
          </gpxtpx:TrackPointExtension>
        </extensions>
      </trkpt>
      <trkpt lat="49.006137" lon="9.065742">
        <ele>278.25</ele>
        <extensions>
          <gpxtpx:TrackPointExtension>
            <gpxtpx:Extensions>
              <highway>secondary</highway>
              <surface>asphalt</surface>
            </gpxtpx:Extensions>
          </gpxtpx:TrackPointExtension>
        </extensions>
      </trkpt>
      <trkpt lat="49.006115" lon="9.065873">
        <ele>278.25</ele>
        <extensions>
          <gpxtpx:TrackPointExtension>
            <gpxtpx:Extensions>
              <highway>secondary</highway>
              <surface>asphalt</surface>
            </gpxtpx:Extensions>
          </gpxtpx:TrackPointExtension>
        </extensions>
      </trkpt>
      <trkpt lat="49.006067" lon="9.066013">
        <ele>278.25</ele>
        <extensions>
          <gpxtpx:TrackPointExtension>
            <gpxtpx:Extensions>
              <highway>secondary</highway>
              <surface>asphalt</surface>
            </gpxtpx:Extensions>
          </gpxtpx:TrackPointExtension>
        </extensions>
      </trkpt>
      <trkpt lat="49.005998" lon="9.066176">
        <ele>278.25</ele>
        <extensions>
          <gpxtpx:TrackPointExtension>
            <gpxtpx:Extensions>
              <highway>secondary</highway>
              <surface>asphalt</surface>
              <maxspeed>100</maxspeed>
            </gpxtpx:Extensions>
          </gpxtpx:TrackPointExtension>
        </extensions>
      </trkpt>
      <trkpt lat="49.002483" lon="9.072155">
        <ele>273.25</ele>
        <extensions>
          <gpxtpx:TrackPointExtension>
            <gpxtpx:Extensions>
              <highway>secondary</highway>
              <surface>asphalt</surface>
              <maxspeed>100</maxspeed>
            </gpxtpx:Extensions>
          </gpxtpx:TrackPointExtension>
        </extensions>
      </trkpt>
      <trkpt lat="49.00044" lon="9.07563">
        <ele>274.75</ele>
        <extensions>
          <gpxtpx:TrackPointExtension>
            <gpxtpx:Extensions>
              <highway>secondary</highway>
              <surface>asphalt</surface>
              <maxspeed>100</maxspeed>
            </gpxtpx:Extensions>
          </gpxtpx:TrackPointExtension>
        </extensions>
      </trkpt>
      <trkpt lat="49.000019" lon="9.076346">
        <ele>278</ele>
        <extensions>
          <gpxtpx:TrackPointExtension>
            <gpxtpx:Extensions>
              <highway>secondary</highway>
              <surface>asphalt</surface>
              <maxspeed>100</maxspeed>
            </gpxtpx:Extensions>
          </gpxtpx:TrackPointExtension>
        </extensions>
      </trkpt>
      <trkpt lat="48.99895" lon="9.078164">
        <ele>277.5</ele>
        <extensions>
          <gpxtpx:TrackPointExtension>
            <gpxtpx:Extensions>
              <highway>secondary</highway>
              <surface>asphalt</surface>
              <maxspeed>70</maxspeed>
            </gpxtpx:Extensions>
          </gpxtpx:TrackPointExtension>
        </extensions>
      </trkpt>
      <trkpt lat="48.998605" lon="9.078751">
        <ele>276.25</ele>
        <extensions>
          <gpxtpx:TrackPointExtension>
            <gpxtpx:Extensions>
              <highway>secondary</highway>
              <surface>asphalt</surface>
              <maxspeed>70</maxspeed>
            </gpxtpx:Extensions>
          </gpxtpx:TrackPointExtension>
        </extensions>
      </trkpt>
      <trkpt lat="48.998365" lon="9.079159">
        <ele>275</ele>
        <extensions>
          <gpxtpx:TrackPointExtension>
            <gpxtpx:Extensions>
              <highway>secondary</highway>
              <surface>asphalt</surface>
              <maxspeed>70</maxspeed>
            </gpxtpx:Extensions>
          </gpxtpx:TrackPointExtension>
        </extensions>
      </trkpt>
      <trkpt lat="48.997552" lon="9.080542">
        <ele>276.5</ele>
        <extensions>
          <gpxtpx:TrackPointExtension>
            <gpxtpx:Extensions>
              <highway>secondary</highway>
              <surface>asphalt</surface>
              <maxspeed>70</maxspeed>
            </gpxtpx:Extensions>
          </gpxtpx:TrackPointExtension>
        </extensions>
      </trkpt>
      <trkpt lat="48.99377" lon="9.086974">
        <ele>273.5</ele>
        <extensions>
          <gpxtpx:TrackPointExtension>
            <gpxtpx:Extensions>
              <highway>secondary</highway>
              <surface>asphalt</surface>
              <maxspeed>100</maxspeed>
            </gpxtpx:Extensions>
          </gpxtpx:TrackPointExtension>
        </extensions>
      </trkpt>
      <trkpt lat="48.99275" lon="9.088709">
        <ele>271</ele>
        <extensions>
          <gpxtpx:TrackPointExtension>
            <gpxtpx:Extensions>
              <highway>secondary</highway>
              <surface>asphalt</surface>
              <maxspeed>100</maxspeed>
            </gpxtpx:Extensions>
          </gpxtpx:TrackPointExtension>
        </extensions>
      </trkpt>
      <trkpt lat="48.992686" lon="9.088819">
        <ele>270.75</ele>
        <extensions>
          <gpxtpx:TrackPointExtension>
            <gpxtpx:Extensions>
              <highway>secondary</highway>
              <surface>asphalt</surface>
              <maxspeed>100</maxspeed>
            </gpxtpx:Extensions>
          </gpxtpx:TrackPointExtension>
        </extensions>
      </trkpt>
      <trkpt lat="48.991961" lon="9.090051">
        <ele>268.25</ele>
        <extensions>
          <gpxtpx:TrackPointExtension>
            <gpxtpx:Extensions>
              <highway>secondary</highway>
              <surface>asphalt</surface>
              <maxspeed>100</maxspeed>
            </gpxtpx:Extensions>
          </gpxtpx:TrackPointExtension>
        </extensions>
      </trkpt>
      <trkpt lat="48.990775" lon="9.092068">
        <ele>263.25</ele>
        <extensions>
          <gpxtpx:TrackPointExtension>
            <gpxtpx:Extensions>
              <highway>secondary</highway>
              <surface>asphalt</surface>
              <maxspeed>80</maxspeed>
            </gpxtpx:Extensions>
          </gpxtpx:TrackPointExtension>
        </extensions>
      </trkpt>
      <trkpt lat="48.990499" lon="9.092538">
        <ele>263</ele>
        <extensions>
          <gpxtpx:TrackPointExtension>
            <gpxtpx:Extensions>
              <highway>secondary</highway>
              <surface>asphalt</surface>
              <maxspeed>80</maxspeed>
            </gpxtpx:Extensions>
          </gpxtpx:TrackPointExtension>
        </extensions>
      </trkpt>
      <trkpt lat="48.990234" lon="9.092988">
        <ele>264</ele>
        <extensions>
          <gpxtpx:TrackPointExtension>
            <gpxtpx:Extensions>
              <highway>secondary</highway>
              <surface>asphalt</surface>
              <maxspeed>80</maxspeed>
            </gpxtpx:Extensions>
          </gpxtpx:TrackPointExtension>
        </extensions>
      </trkpt>
      <trkpt lat="48.988987" lon="9.095109">
        <ele>274</ele>
        <extensions>
          <gpxtpx:TrackPointExtension>
            <gpxtpx:Extensions>
              <highway>secondary</highway>
              <surface>asphalt</surface>
              <maxspeed>80</maxspeed>
            </gpxtpx:Extensions>
          </gpxtpx:TrackPointExtension>
        </extensions>
      </trkpt>
      <trkpt lat="48.98709" lon="9.098334">
        <ele>287.75</ele>
        <extensions>
          <gpxtpx:TrackPointExtension>
            <gpxtpx:Extensions>
              <highway>secondary</highway>
              <surface>asphalt</surface>
              <maxspeed>100</maxspeed>
            </gpxtpx:Extensions>
          </gpxtpx:TrackPointExtension>
        </extensions>
      </trkpt>
      <trkpt lat="48.986697" lon="9.099003">
        <ele>289.75</ele>
        <extensions>
          <gpxtpx:TrackPointExtension>
            <gpxtpx:Extensions>
              <highway>secondary</highway>
              <surface>asphalt</surface>
              <maxspeed>100</maxspeed>
            </gpxtpx:Extensions>
          </gpxtpx:TrackPointExtension>
        </extensions>
      </trkpt>
      <trkpt lat="48.98612" lon="9.099983">
        <ele>289.5</ele>
        <extensions>
          <gpxtpx:TrackPointExtension>
            <gpxtpx:Extensions>
              <highway>secondary</highway>
              <surface>asphalt</surface>
              <maxspeed>100</maxspeed>
            </gpxtpx:Extensions>
          </gpxtpx:TrackPointExtension>
        </extensions>
      </trkpt>
      <trkpt lat="48.985805" lon="9.100458">
        <ele>289.25</ele>
        <extensions>
          <gpxtpx:TrackPointExtension>
            <gpxtpx:Extensions>
              <highway>secondary</highway>
              <surface>asphalt</surface>
              <maxspeed>100</maxspeed>
            </gpxtpx:Extensions>
          </gpxtpx:TrackPointExtension>
        </extensions>
      </trkpt>
      <trkpt lat="48.985746" lon="9.100544">
        <ele>289.25</ele>
        <extensions>
          <gpxtpx:TrackPointExtension>
            <gpxtpx:Extensions>
              <highway>secondary</highway>
              <surface>asphalt</surface>
              <maxspeed>100</maxspeed>
            </gpxtpx:Extensions>
          </gpxtpx:TrackPointExtension>
        </extensions>
      </trkpt>
      <trkpt lat="48.985696" lon="9.100619">
        <ele>289.25</ele>
        <extensions>
          <gpxtpx:TrackPointExtension>
            <gpxtpx:Extensions>
              <highway>secondary</highway>
              <surface>asphalt</surface>
              <maxspeed>100</maxspeed>
            </gpxtpx:Extensions>
          </gpxtpx:TrackPointExtension>
        </extensions>
      </trkpt>
      <trkpt lat="48.985465" lon="9.100438">
        <ele>289.5</ele>
        <extensions>
          <gpxtpx:TrackPointExtension>
            <gpxtpx:Extensions>
              <highway>secondary</highway>
              <surface>asphalt</surface>
              <maxspeed>70</maxspeed>
            </gpxtpx:Extensions>
          </gpxtpx:TrackPointExtension>
        </extensions>
      </trkpt>
      <trkpt lat="48.985274" lon="9.100328">
        <ele>289.75</ele>
        <extensions>
          <gpxtpx:TrackPointExtension>
            <gpxtpx:Extensions>
              <highway>secondary</highway>
              <surface>asphalt</surface>
              <maxspeed>70</maxspeed>
            </gpxtpx:Extensions>
          </gpxtpx:TrackPointExtension>
        </extensions>
      </trkpt>
      <trkpt lat="48.984909" lon="9.100173">
        <ele>290</ele>
        <extensions>
          <gpxtpx:TrackPointExtension>
            <gpxtpx:Extensions>
              <highway>secondary</highway>
              <surface>asphalt</surface>
              <maxspeed>70</maxspeed>
            </gpxtpx:Extensions>
          </gpxtpx:TrackPointExtension>
        </extensions>
      </trkpt>
      <trkpt lat="48.984772" lon="9.100134">
        <ele>290</ele>
        <extensions>
          <gpxtpx:TrackPointExtension>
            <gpxtpx:Extensions>
              <highway>secondary</highway>
              <surface>asphalt</surface>
              <maxspeed>70</maxspeed>
            </gpxtpx:Extensions>
          </gpxtpx:TrackPointExtension>
        </extensions>
      </trkpt>
      <trkpt lat="48.984658" lon="9.100101">
        <ele>290</ele>
        <extensions>
          <gpxtpx:TrackPointExtension>
            <gpxtpx:Extensions>
              <highway>secondary</highway>
              <surface>asphalt</surface>
              <maxspeed>70</maxspeed>
            </gpxtpx:Extensions>
          </gpxtpx:TrackPointExtension>
        </extensions>
      </trkpt>
      <trkpt lat="48.984554" lon="9.100078">
        <ele>290</ele>
        <extensions>
          <gpxtpx:TrackPointExtension>
            <gpxtpx:Extensions>
              <highway>secondary</highway>
              <surface>asphalt</surface>
              <maxspeed>70</maxspeed>
            </gpxtpx:Extensions>
          </gpxtpx:TrackPointExtension>
        </extensions>
      </trkpt>
      <trkpt lat="48.984472" lon="9.100063">
        <ele>290</ele>
        <extensions>
          <gpxtpx:TrackPointExtension>
            <gpxtpx:Extensions>
              <highway>secondary</highway>
              <surface>asphalt</surface>
              <maxspeed>70</maxspeed>
            </gpxtpx:Extensions>
          </gpxtpx:TrackPointExtension>
        </extensions>
      </trkpt>
      <trkpt lat="48.984045" lon="9.099989">
        <ele>289.75</ele>
        <extensions>
          <gpxtpx:TrackPointExtension>
            <gpxtpx:Extensions>
              <highway>secondary</highway>
              <surface>asphalt</surface>
              <maxspeed>70</maxspeed>
            </gpxtpx:Extensions>
          </gpxtpx:TrackPointExtension>
        </extensions>
      </trkpt>
      <trkpt lat="48.98365" lon="9.099934">
        <ele>289.75</ele>
        <extensions>
          <gpxtpx:TrackPointExtension>
            <gpxtpx:Extensions>
              <highway>secondary</highway>
              <surface>asphalt</surface>
              <maxspeed>70</maxspeed>
            </gpxtpx:Extensions>
          </gpxtpx:TrackPointExtension>
        </extensions>
      </trkpt>
      <trkpt lat="48.982675" lon="9.099792">
        <ele>289</ele>
        <extensions>
          <gpxtpx:TrackPointExtension>
            <gpxtpx:Extensions>
              <highway>secondary</highway>
              <surface>asphalt</surface>
            </gpxtpx:Extensions>
          </gpxtpx:TrackPointExtension>
        </extensions>
      </trkpt>
      <trkpt lat="48.982346" lon="9.099738">
        <ele>288.75</ele>
        <extensions>
          <gpxtpx:TrackPointExtension>
            <gpxtpx:Extensions>
              <highway>secondary</highway>
              <surface>asphalt</surface>
              <maxspeed>100</maxspeed>
            </gpxtpx:Extensions>
          </gpxtpx:TrackPointExtension>
        </extensions>
      </trkpt>
      <trkpt lat="48.981653" lon="9.099541">
        <ele>288.5</ele>
        <extensions>
          <gpxtpx:TrackPointExtension>
            <gpxtpx:Extensions>
              <highway>secondary</highway>
              <surface>asphalt</surface>
              <maxspeed>100</maxspeed>
            </gpxtpx:Extensions>
          </gpxtpx:TrackPointExtension>
        </extensions>
      </trkpt>
      <trkpt lat="48.981085" lon="9.099343">
        <ele>288.25</ele>
        <extensions>
          <gpxtpx:TrackPointExtension>
            <gpxtpx:Extensions>
              <highway>secondary</highway>
              <surface>asphalt</surface>
              <maxspeed>100</maxspeed>
            </gpxtpx:Extensions>
          </gpxtpx:TrackPointExtension>
        </extensions>
      </trkpt>
      <trkpt lat="48.98027" lon="9.099031">
        <ele>286.25</ele>
        <extensions>
          <gpxtpx:TrackPointExtension>
            <gpxtpx:Extensions>
              <highway>secondary</highway>
              <surface>asphalt</surface>
              <maxspeed>100</maxspeed>
            </gpxtpx:Extensions>
          </gpxtpx:TrackPointExtension>
        </extensions>
      </trkpt>
      <trkpt lat="48.980009" lon="9.098945">
        <ele>285.5</ele>
        <extensions>
          <gpxtpx:TrackPointExtension>
            <gpxtpx:Extensions>
              <highway>secondary</highway>
              <surface>asphalt</surface>
              <maxspeed>100</maxspeed>
            </gpxtpx:Extensions>
          </gpxtpx:TrackPointExtension>
        </extensions>
      </trkpt>
      <trkpt lat="48.979775" lon="9.098883">
        <ele>285.75</ele>
        <extensions>
          <gpxtpx:TrackPointExtension>
            <gpxtpx:Extensions>
              <highway>secondary</highway>
              <surface>asphalt</surface>
              <maxspeed>100</maxspeed>
            </gpxtpx:Extensions>
          </gpxtpx:TrackPointExtension>
        </extensions>
      </trkpt>
      <trkpt lat="48.979433" lon="9.098836">
        <ele>285.75</ele>
        <extensions>
          <gpxtpx:TrackPointExtension>
            <gpxtpx:Extensions>
              <highway>secondary</highway>
              <surface>asphalt</surface>
              <maxspeed>100</maxspeed>
            </gpxtpx:Extensions>
          </gpxtpx:TrackPointExtension>
        </extensions>
      </trkpt>
      <trkpt lat="48.979376" lon="9.098838">
        <ele>285.75</ele>
        <extensions>
          <gpxtpx:TrackPointExtension>
            <gpxtpx:Extensions>
              <highway>secondary</highway>
              <surface>asphalt</surface>
              <maxspeed>100</maxspeed>
            </gpxtpx:Extensions>
          </gpxtpx:TrackPointExtension>
        </extensions>
      </trkpt>
      <trkpt lat="48.979118" lon="9.098851">
        <ele>285.75</ele>
        <extensions>
          <gpxtpx:TrackPointExtension>
            <gpxtpx:Extensions>
              <highway>secondary</highway>
              <surface>asphalt</surface>
              <maxspeed>100</maxspeed>
            </gpxtpx:Extensions>
          </gpxtpx:TrackPointExtension>
        </extensions>
      </trkpt>
      <trkpt lat="48.978906" lon="9.098893">
        <ele>285.75</ele>
        <extensions>
          <gpxtpx:TrackPointExtension>
            <gpxtpx:Extensions>
              <highway>secondary</highway>
              <surface>asphalt</surface>
              <maxspeed>100</maxspeed>
            </gpxtpx:Extensions>
          </gpxtpx:TrackPointExtension>
        </extensions>
      </trkpt>
      <trkpt lat="48.978711" lon="9.098965">
        <ele>285.75</ele>
        <extensions>
          <gpxtpx:TrackPointExtension>
            <gpxtpx:Extensions>
              <highway>secondary</highway>
              <surface>asphalt</surface>
              <maxspeed>100</maxspeed>
            </gpxtpx:Extensions>
          </gpxtpx:TrackPointExtension>
        </extensions>
      </trkpt>
      <trkpt lat="48.978424" lon="9.099102">
        <ele>285.75</ele>
        <extensions>
          <gpxtpx:TrackPointExtension>
            <gpxtpx:Extensions>
              <highway>secondary</highway>
              <surface>asphalt</surface>
              <maxspeed>100</maxspeed>
            </gpxtpx:Extensions>
          </gpxtpx:TrackPointExtension>
        </extensions>
      </trkpt>
      <trkpt lat="48.978096" lon="9.09929">
        <ele>285.75</ele>
        <extensions>
          <gpxtpx:TrackPointExtension>
            <gpxtpx:Extensions>
              <highway>secondary</highway>
              <surface>asphalt</surface>
              <maxspeed>100</maxspeed>
            </gpxtpx:Extensions>
          </gpxtpx:TrackPointExtension>
        </extensions>
      </trkpt>
      <trkpt lat="48.977862" lon="9.099437">
        <ele>285.25</ele>
        <extensions>
          <gpxtpx:TrackPointExtension>
            <gpxtpx:Extensions>
              <highway>secondary</highway>
              <surface>asphalt</surface>
              <maxspeed>70</maxspeed>
            </gpxtpx:Extensions>
          </gpxtpx:TrackPointExtension>
        </extensions>
      </trkpt>
      <trkpt lat="48.97678" lon="9.100079">
        <ele>283.5</ele>
        <extensions>
          <gpxtpx:TrackPointExtension>
            <gpxtpx:Extensions>
              <highway>secondary</highway>
              <surface>asphalt</surface>
              <maxspeed>70</maxspeed>
            </gpxtpx:Extensions>
          </gpxtpx:TrackPointExtension>
        </extensions>
      </trkpt>
      <trkpt lat="48.976485" lon="9.100276">
        <ele>284</ele>
        <extensions>
          <gpxtpx:TrackPointExtension>
            <gpxtpx:Extensions>
              <highway>secondary</highway>
              <surface>asphalt</surface>
              <maxspeed>70</maxspeed>
            </gpxtpx:Extensions>
          </gpxtpx:TrackPointExtension>
        </extensions>
      </trkpt>
      <trkpt lat="48.976333" lon="9.100397">
        <ele>284.5</ele>
        <extensions>
          <gpxtpx:TrackPointExtension>
            <gpxtpx:Extensions>
              <highway>secondary</highway>
              <surface>asphalt</surface>
              <maxspeed>70</maxspeed>
            </gpxtpx:Extensions>
          </gpxtpx:TrackPointExtension>
        </extensions>
      </trkpt>
      <trkpt lat="48.97618" lon="9.100532">
        <ele>284.75</ele>
        <extensions>
          <gpxtpx:TrackPointExtension>
            <gpxtpx:Extensions>
              <highway>secondary</highway>
              <surface>asphalt</surface>
              <maxspeed>70</maxspeed>
            </gpxtpx:Extensions>
          </gpxtpx:TrackPointExtension>
        </extensions>
      </trkpt>
      <trkpt lat="48.975985" lon="9.100727">
        <ele>285.25</ele>
        <extensions>
          <gpxtpx:TrackPointExtension>
            <gpxtpx:Extensions>
              <highway>secondary</highway>
              <surface>asphalt</surface>
              <maxspeed>70</maxspeed>
            </gpxtpx:Extensions>
          </gpxtpx:TrackPointExtension>
        </extensions>
      </trkpt>
      <trkpt lat="48.975772" lon="9.100982">
        <ele>285.75</ele>
        <extensions>
          <gpxtpx:TrackPointExtension>
            <gpxtpx:Extensions>
              <highway>secondary</highway>
              <surface>asphalt</surface>
              <maxspeed>70</maxspeed>
            </gpxtpx:Extensions>
          </gpxtpx:TrackPointExtension>
        </extensions>
      </trkpt>
      <trkpt lat="48.975532" lon="9.1013">
        <ele>285.25</ele>
        <extensions>
          <gpxtpx:TrackPointExtension>
            <gpxtpx:Extensions>
              <highway>secondary</highway>
              <surface>asphalt</surface>
              <maxspeed>70</maxspeed>
            </gpxtpx:Extensions>
          </gpxtpx:TrackPointExtension>
        </extensions>
      </trkpt>
      <trkpt lat="48.975324" lon="9.101648">
        <ele>284.75</ele>
        <extensions>
          <gpxtpx:TrackPointExtension>
            <gpxtpx:Extensions>
              <highway>secondary</highway>
              <surface>asphalt</surface>
              <maxspeed>70</maxspeed>
            </gpxtpx:Extensions>
          </gpxtpx:TrackPointExtension>
        </extensions>
      </trkpt>
      <trkpt lat="48.975123" lon="9.102034">
        <ele>284.5</ele>
        <extensions>
          <gpxtpx:TrackPointExtension>
            <gpxtpx:Extensions>
              <highway>secondary</highway>
              <surface>asphalt</surface>
              <maxspeed>70</maxspeed>
            </gpxtpx:Extensions>
          </gpxtpx:TrackPointExtension>
        </extensions>
      </trkpt>
      <trkpt lat="48.974397" lon="9.103628">
        <ele>279.75</ele>
        <extensions>
          <gpxtpx:TrackPointExtension>
            <gpxtpx:Extensions>
              <highway>secondary</highway>
              <surface>asphalt</surface>
            </gpxtpx:Extensions>
          </gpxtpx:TrackPointExtension>
        </extensions>
      </trkpt>
      <trkpt lat="48.974161" lon="9.104112">
        <ele>279.75</ele>
        <extensions>
          <gpxtpx:TrackPointExtension>
            <gpxtpx:Extensions>
              <highway>secondary</highway>
              <surface>asphalt</surface>
            </gpxtpx:Extensions>
          </gpxtpx:TrackPointExtension>
        </extensions>
      </trkpt>
      <trkpt lat="48.973969" lon="9.104453">
        <ele>278.75</ele>
        <extensions>
          <gpxtpx:TrackPointExtension>
            <gpxtpx:Extensions>
              <highway>secondary</highway>
              <surface>asphalt</surface>
            </gpxtpx:Extensions>
          </gpxtpx:TrackPointExtension>
        </extensions>
      </trkpt>
      <trkpt lat="48.973768" lon="9.104766">
        <ele>277.25</ele>
        <extensions>
          <gpxtpx:TrackPointExtension>
            <gpxtpx:Extensions>
              <highway>secondary</highway>
              <surface>asphalt</surface>
            </gpxtpx:Extensions>
          </gpxtpx:TrackPointExtension>
        </extensions>
      </trkpt>
      <trkpt lat="48.973605" lon="9.104992">
        <ele>276</ele>
        <extensions>
          <gpxtpx:TrackPointExtension>
            <gpxtpx:Extensions>
              <highway>secondary</highway>
              <surface>asphalt</surface>
            </gpxtpx:Extensions>
          </gpxtpx:TrackPointExtension>
        </extensions>
      </trkpt>
      <trkpt lat="48.973259" lon="9.10539">
        <ele>273.75</ele>
        <extensions>
          <gpxtpx:TrackPointExtension>
            <gpxtpx:Extensions>
              <highway>secondary</highway>
              <surface>asphalt</surface>
            </gpxtpx:Extensions>
          </gpxtpx:TrackPointExtension>
        </extensions>
      </trkpt>
      <trkpt lat="48.973006" lon="9.105633">
        <ele>273.5</ele>
        <extensions>
          <gpxtpx:TrackPointExtension>
            <gpxtpx:Extensions>
              <highway>secondary</highway>
              <surface>asphalt</surface>
            </gpxtpx:Extensions>
          </gpxtpx:TrackPointExtension>
        </extensions>
      </trkpt>
      <trkpt lat="48.972781" lon="9.105832">
        <ele>273.25</ele>
        <extensions>
          <gpxtpx:TrackPointExtension>
            <gpxtpx:Extensions>
              <highway>secondary</highway>
              <surface>asphalt</surface>
              <maxspeed>80</maxspeed>
            </gpxtpx:Extensions>
          </gpxtpx:TrackPointExtension>
        </extensions>
      </trkpt>
      <trkpt lat="48.972519" lon="9.106061">
        <ele>273</ele>
        <extensions>
          <gpxtpx:TrackPointExtension>
            <gpxtpx:Extensions>
              <highway>secondary</highway>
              <surface>asphalt</surface>
              <maxspeed>80</maxspeed>
            </gpxtpx:Extensions>
          </gpxtpx:TrackPointExtension>
        </extensions>
      </trkpt>
      <trkpt lat="48.972269" lon="9.106328">
        <ele>272</ele>
        <extensions>
          <gpxtpx:TrackPointExtension>
            <gpxtpx:Extensions>
              <highway>secondary</highway>
              <surface>asphalt</surface>
              <maxspeed>80</maxspeed>
            </gpxtpx:Extensions>
          </gpxtpx:TrackPointExtension>
        </extensions>
      </trkpt>
      <trkpt lat="48.972094" lon="9.106534">
        <ele>271.25</ele>
        <extensions>
          <gpxtpx:TrackPointExtension>
            <gpxtpx:Extensions>
              <highway>secondary</highway>
              <surface>asphalt</surface>
              <maxspeed>80</maxspeed>
            </gpxtpx:Extensions>
          </gpxtpx:TrackPointExtension>
        </extensions>
      </trkpt>
      <trkpt lat="48.971491" lon="9.107411">
        <ele>269</ele>
        <extensions>
          <gpxtpx:TrackPointExtension>
            <gpxtpx:Extensions>
              <highway>secondary</highway>
              <surface>asphalt</surface>
              <maxspeed>80</maxspeed>
            </gpxtpx:Extensions>
          </gpxtpx:TrackPointExtension>
        </extensions>
      </trkpt>
      <trkpt lat="48.971284" lon="9.107677">
        <ele>268.5</ele>
        <extensions>
          <gpxtpx:TrackPointExtension>
            <gpxtpx:Extensions>
              <highway>secondary</highway>
              <surface>asphalt</surface>
              <maxspeed>80</maxspeed>
            </gpxtpx:Extensions>
          </gpxtpx:TrackPointExtension>
        </extensions>
      </trkpt>
      <trkpt lat="48.971166" lon="9.107815">
        <ele>268.25</ele>
        <extensions>
          <gpxtpx:TrackPointExtension>
            <gpxtpx:Extensions>
              <highway>secondary</highway>
              <surface>asphalt</surface>
              <maxspeed>80</maxspeed>
            </gpxtpx:Extensions>
          </gpxtpx:TrackPointExtension>
        </extensions>
      </trkpt>
      <trkpt lat="48.970974" lon="9.108014">
        <ele>268</ele>
        <extensions>
          <gpxtpx:TrackPointExtension>
            <gpxtpx:Extensions>
              <highway>secondary</highway>
              <surface>asphalt</surface>
              <maxspeed>80</maxspeed>
            </gpxtpx:Extensions>
          </gpxtpx:TrackPointExtension>
        </extensions>
      </trkpt>
      <trkpt lat="48.970816" lon="9.108141">
        <ele>268</ele>
        <extensions>
          <gpxtpx:TrackPointExtension>
            <gpxtpx:Extensions>
              <highway>secondary</highway>
              <surface>asphalt</surface>
              <maxspeed>80</maxspeed>
            </gpxtpx:Extensions>
          </gpxtpx:TrackPointExtension>
        </extensions>
      </trkpt>
      <trkpt lat="48.970522" lon="9.108372">
        <ele>267</ele>
        <extensions>
          <gpxtpx:TrackPointExtension>
            <gpxtpx:Extensions>
              <highway>secondary</highway>
              <surface>asphalt</surface>
              <maxspeed>80</maxspeed>
            </gpxtpx:Extensions>
          </gpxtpx:TrackPointExtension>
        </extensions>
      </trkpt>
      <trkpt lat="48.970203" lon="9.108602">
        <ele>266</ele>
        <extensions>
          <gpxtpx:TrackPointExtension>
            <gpxtpx:Extensions>
              <highway>secondary</highway>
              <surface>asphalt</surface>
              <maxspeed>80</maxspeed>
            </gpxtpx:Extensions>
          </gpxtpx:TrackPointExtension>
        </extensions>
      </trkpt>
      <trkpt lat="48.969999" lon="9.108762">
        <ele>265.25</ele>
        <extensions>
          <gpxtpx:TrackPointExtension>
            <gpxtpx:Extensions>
              <highway>secondary</highway>
              <surface>asphalt</surface>
              <maxspeed>80</maxspeed>
            </gpxtpx:Extensions>
          </gpxtpx:TrackPointExtension>
        </extensions>
      </trkpt>
      <trkpt lat="48.969798" lon="9.108945">
        <ele>264.25</ele>
        <extensions>
          <gpxtpx:TrackPointExtension>
            <gpxtpx:Extensions>
              <highway>secondary</highway>
              <surface>asphalt</surface>
              <maxspeed>80</maxspeed>
            </gpxtpx:Extensions>
          </gpxtpx:TrackPointExtension>
        </extensions>
      </trkpt>
      <trkpt lat="48.96963" lon="9.109121">
        <ele>263.25</ele>
        <extensions>
          <gpxtpx:TrackPointExtension>
            <gpxtpx:Extensions>
              <highway>secondary</highway>
              <surface>asphalt</surface>
              <maxspeed>80</maxspeed>
            </gpxtpx:Extensions>
          </gpxtpx:TrackPointExtension>
        </extensions>
      </trkpt>
      <trkpt lat="48.969583" lon="9.109179">
        <ele>262.75</ele>
        <extensions>
          <gpxtpx:TrackPointExtension>
            <gpxtpx:Extensions>
              <highway>secondary</highway>
              <surface>asphalt</surface>
              <maxspeed>80</maxspeed>
            </gpxtpx:Extensions>
          </gpxtpx:TrackPointExtension>
        </extensions>
      </trkpt>
      <trkpt lat="48.969441" lon="9.109352">
        <ele>261.75</ele>
        <extensions>
          <gpxtpx:TrackPointExtension>
            <gpxtpx:Extensions>
              <highway>secondary</highway>
              <surface>asphalt</surface>
              <maxspeed>80</maxspeed>
            </gpxtpx:Extensions>
          </gpxtpx:TrackPointExtension>
        </extensions>
      </trkpt>
      <trkpt lat="48.969284" lon="9.109562">
        <ele>261</ele>
        <extensions>
          <gpxtpx:TrackPointExtension>
            <gpxtpx:Extensions>
              <highway>secondary</highway>
              <surface>asphalt</surface>
              <maxspeed>80</maxspeed>
            </gpxtpx:Extensions>
          </gpxtpx:TrackPointExtension>
        </extensions>
      </trkpt>
      <trkpt lat="48.969019" lon="9.109969">
        <ele>260.75</ele>
        <extensions>
          <gpxtpx:TrackPointExtension>
            <gpxtpx:Extensions>
              <highway>secondary</highway>
              <surface>asphalt</surface>
              <maxspeed>80</maxspeed>
            </gpxtpx:Extensions>
          </gpxtpx:TrackPointExtension>
        </extensions>
      </trkpt>
      <trkpt lat="48.968683" lon="9.110612">
        <ele>259.25</ele>
        <extensions>
          <gpxtpx:TrackPointExtension>
            <gpxtpx:Extensions>
              <highway>secondary</highway>
              <surface>asphalt</surface>
              <maxspeed>80</maxspeed>
            </gpxtpx:Extensions>
          </gpxtpx:TrackPointExtension>
        </extensions>
      </trkpt>
      <trkpt lat="48.96811" lon="9.111664">
        <ele>259</ele>
        <extensions>
          <gpxtpx:TrackPointExtension>
            <gpxtpx:Extensions>
              <highway>secondary</highway>
              <surface>asphalt</surface>
              <maxspeed>80</maxspeed>
            </gpxtpx:Extensions>
          </gpxtpx:TrackPointExtension>
        </extensions>
      </trkpt>
      <trkpt lat="48.967785" lon="9.112275">
        <ele>259</ele>
        <extensions>
          <gpxtpx:TrackPointExtension>
            <gpxtpx:Extensions>
              <highway>secondary</highway>
              <surface>asphalt</surface>
              <maxspeed>80</maxspeed>
            </gpxtpx:Extensions>
          </gpxtpx:TrackPointExtension>
        </extensions>
      </trkpt>
      <trkpt lat="48.967615" lon="9.112652">
        <ele>259</ele>
        <extensions>
          <gpxtpx:TrackPointExtension>
            <gpxtpx:Extensions>
              <highway>secondary</highway>
              <surface>asphalt</surface>
              <maxspeed>80</maxspeed>
            </gpxtpx:Extensions>
          </gpxtpx:TrackPointExtension>
        </extensions>
      </trkpt>
      <trkpt lat="48.967453" lon="9.112988">
        <ele>259.25</ele>
        <extensions>
          <gpxtpx:TrackPointExtension>
            <gpxtpx:Extensions>
              <highway>secondary</highway>
              <surface>asphalt</surface>
              <maxspeed>80</maxspeed>
            </gpxtpx:Extensions>
          </gpxtpx:TrackPointExtension>
        </extensions>
      </trkpt>
      <trkpt lat="48.967118" lon="9.113793">
        <ele>257</ele>
        <extensions>
          <gpxtpx:TrackPointExtension>
            <gpxtpx:Extensions>
              <highway>secondary</highway>
              <surface>asphalt</surface>
            </gpxtpx:Extensions>
          </gpxtpx:TrackPointExtension>
        </extensions>
      </trkpt>
      <trkpt lat="48.967041" lon="9.113976">
        <ele>256.25</ele>
        <extensions>
          <gpxtpx:TrackPointExtension>
            <gpxtpx:Extensions>
              <highway>secondary</highway>
              <surface>asphalt</surface>
            </gpxtpx:Extensions>
          </gpxtpx:TrackPointExtension>
        </extensions>
      </trkpt>
      <trkpt lat="48.96688" lon="9.114349">
        <ele>254.75</ele>
        <extensions>
          <gpxtpx:TrackPointExtension>
            <gpxtpx:Extensions>
              <highway>secondary</highway>
              <surface>asphalt</surface>
            </gpxtpx:Extensions>
          </gpxtpx:TrackPointExtension>
        </extensions>
      </trkpt>
      <trkpt lat="48.966742" lon="9.114639">
        <ele>253.25</ele>
        <extensions>
          <gpxtpx:TrackPointExtension>
            <gpxtpx:Extensions>
              <highway>secondary</highway>
              <surface>asphalt</surface>
            </gpxtpx:Extensions>
          </gpxtpx:TrackPointExtension>
        </extensions>
      </trkpt>
      <trkpt lat="48.966504" lon="9.115021">
        <ele>251.25</ele>
        <extensions>
          <gpxtpx:TrackPointExtension>
            <gpxtpx:Extensions>
              <highway>secondary</highway>
              <surface>asphalt</surface>
            </gpxtpx:Extensions>
          </gpxtpx:TrackPointExtension>
        </extensions>
      </trkpt>
      <trkpt lat="48.966302" lon="9.115311">
        <ele>249.75</ele>
        <extensions>
          <gpxtpx:TrackPointExtension>
            <gpxtpx:Extensions>
              <highway>secondary</highway>
              <surface>asphalt</surface>
            </gpxtpx:Extensions>
          </gpxtpx:TrackPointExtension>
        </extensions>
      </trkpt>
      <trkpt lat="48.96585" lon="9.115927">
        <ele>247.25</ele>
        <extensions>
          <gpxtpx:TrackPointExtension>
            <gpxtpx:Extensions>
              <highway>secondary</highway>
              <surface>asphalt</surface>
            </gpxtpx:Extensions>
          </gpxtpx:TrackPointExtension>
        </extensions>
      </trkpt>
      <trkpt lat="48.965798" lon="9.116002">
        <ele>247</ele>
        <extensions>
          <gpxtpx:TrackPointExtension>
            <gpxtpx:Extensions>
              <highway>secondary</highway>
              <surface>asphalt</surface>
            </gpxtpx:Extensions>
          </gpxtpx:TrackPointExtension>
        </extensions>
      </trkpt>
      <trkpt lat="48.965514" lon="9.116413">
        <ele>246</ele>
        <extensions>
          <gpxtpx:TrackPointExtension>
            <gpxtpx:Extensions>
              <highway>secondary</highway>
              <surface>asphalt</surface>
            </gpxtpx:Extensions>
          </gpxtpx:TrackPointExtension>
        </extensions>
      </trkpt>
      <trkpt lat="48.965163" lon="9.116993">
        <ele>244</ele>
        <extensions>
          <gpxtpx:TrackPointExtension>
            <gpxtpx:Extensions>
              <highway>secondary</highway>
              <surface>asphalt</surface>
            </gpxtpx:Extensions>
          </gpxtpx:TrackPointExtension>
        </extensions>
      </trkpt>
      <trkpt lat="48.965021" lon="9.117208">
        <ele>243</ele>
        <extensions>
          <gpxtpx:TrackPointExtension>
            <gpxtpx:Extensions>
              <highway>secondary</highway>
              <surface>asphalt</surface>
              <maxspeed>50</maxspeed>
            </gpxtpx:Extensions>
          </gpxtpx:TrackPointExtension>
        </extensions>
      </trkpt>
      <trkpt lat="48.964913" lon="9.117394">
        <ele>242.5</ele>
        <extensions>
          <gpxtpx:TrackPointExtension>
            <gpxtpx:Extensions>
              <highway>secondary</highway>
              <surface>asphalt</surface>
              <maxspeed>50</maxspeed>
            </gpxtpx:Extensions>
          </gpxtpx:TrackPointExtension>
        </extensions>
      </trkpt>
      <trkpt lat="48.964814" lon="9.117566">
        <ele>242.25</ele>
        <extensions>
          <gpxtpx:TrackPointExtension>
            <gpxtpx:Extensions>
              <highway>secondary</highway>
              <surface>asphalt</surface>
              <maxspeed>50</maxspeed>
            </gpxtpx:Extensions>
          </gpxtpx:TrackPointExtension>
        </extensions>
      </trkpt>
      <trkpt lat="48.964754" lon="9.1177">
        <ele>242</ele>
        <extensions>
          <gpxtpx:TrackPointExtension>
            <gpxtpx:Extensions>
              <highway>secondary</highway>
              <surface>asphalt</surface>
              <maxspeed>50</maxspeed>
            </gpxtpx:Extensions>
          </gpxtpx:TrackPointExtension>
        </extensions>
      </trkpt>
      <trkpt lat="48.964736" lon="9.117739">
        <ele>241.75</ele>
        <extensions>
          <gpxtpx:TrackPointExtension>
            <gpxtpx:Extensions>
              <highway>secondary</highway>
              <surface>asphalt</surface>
              <maxspeed>50</maxspeed>
            </gpxtpx:Extensions>
          </gpxtpx:TrackPointExtension>
        </extensions>
      </trkpt>
      <trkpt lat="48.964656" lon="9.117926">
        <ele>241.5</ele>
        <extensions>
          <gpxtpx:TrackPointExtension>
            <gpxtpx:Extensions>
              <highway>secondary</highway>
              <surface>asphalt</surface>
              <maxspeed>50</maxspeed>
            </gpxtpx:Extensions>
          </gpxtpx:TrackPointExtension>
        </extensions>
      </trkpt>
      <trkpt lat="48.964565" lon="9.11815">
        <ele>241</ele>
        <extensions>
          <gpxtpx:TrackPointExtension>
            <gpxtpx:Extensions>
              <highway>secondary</highway>
              <surface>asphalt</surface>
              <maxspeed>50</maxspeed>
            </gpxtpx:Extensions>
          </gpxtpx:TrackPointExtension>
        </extensions>
      </trkpt>
      <trkpt lat="48.964264" lon="9.118983">
        <ele>240.25</ele>
        <extensions>
          <gpxtpx:TrackPointExtension>
            <gpxtpx:Extensions>
              <highway>secondary</highway>
              <surface>asphalt</surface>
              <maxspeed>50</maxspeed>
            </gpxtpx:Extensions>
          </gpxtpx:TrackPointExtension>
        </extensions>
      </trkpt>
      <trkpt lat="48.964025" lon="9.11951">
        <ele>238.25</ele>
        <extensions>
          <gpxtpx:TrackPointExtension>
            <gpxtpx:Extensions>
              <highway>secondary</highway>
              <surface>asphalt</surface>
              <maxspeed>50</maxspeed>
            </gpxtpx:Extensions>
          </gpxtpx:TrackPointExtension>
        </extensions>
      </trkpt>
      <trkpt lat="48.963897" lon="9.119724">
        <ele>237.25</ele>
        <extensions>
          <gpxtpx:TrackPointExtension>
            <gpxtpx:Extensions>
              <highway>secondary</highway>
              <surface>asphalt</surface>
              <maxspeed>50</maxspeed>
            </gpxtpx:Extensions>
          </gpxtpx:TrackPointExtension>
        </extensions>
      </trkpt>
      <trkpt lat="48.963733" lon="9.119966">
        <ele>235.75</ele>
        <extensions>
          <gpxtpx:TrackPointExtension>
            <gpxtpx:Extensions>
              <highway>secondary</highway>
              <surface>asphalt</surface>
              <maxspeed>50</maxspeed>
            </gpxtpx:Extensions>
          </gpxtpx:TrackPointExtension>
        </extensions>
      </trkpt>
      <trkpt lat="48.963609" lon="9.120126">
        <ele>234.75</ele>
        <extensions>
          <gpxtpx:TrackPointExtension>
            <gpxtpx:Extensions>
              <highway>secondary</highway>
              <surface>asphalt</surface>
              <maxspeed>50</maxspeed>
            </gpxtpx:Extensions>
          </gpxtpx:TrackPointExtension>
        </extensions>
      </trkpt>
      <trkpt lat="48.963545" lon="9.120209">
        <ele>234.25</ele>
        <extensions>
          <gpxtpx:TrackPointExtension>
            <gpxtpx:Extensions>
              <highway>secondary</highway>
              <surface>asphalt</surface>
              <maxspeed>50</maxspeed>
            </gpxtpx:Extensions>
          </gpxtpx:TrackPointExtension>
        </extensions>
      </trkpt>
      <trkpt lat="48.963463" lon="9.120306">
        <ele>233.75</ele>
        <extensions>
          <gpxtpx:TrackPointExtension>
            <gpxtpx:Extensions>
              <highway>secondary</highway>
              <surface>asphalt</surface>
              <maxspeed>40</maxspeed>
            </gpxtpx:Extensions>
          </gpxtpx:TrackPointExtension>
        </extensions>
      </trkpt>
      <trkpt lat="48.963418" lon="9.120354">
        <ele>233.25</ele>
        <extensions>
          <gpxtpx:TrackPointExtension>
            <gpxtpx:Extensions>
              <highway>secondary</highway>
              <surface>asphalt</surface>
              <maxspeed>40</maxspeed>
            </gpxtpx:Extensions>
          </gpxtpx:TrackPointExtension>
        </extensions>
      </trkpt>
      <trkpt lat="48.963263" lon="9.120529">
        <ele>232.25</ele>
        <extensions>
          <gpxtpx:TrackPointExtension>
            <gpxtpx:Extensions>
              <highway>secondary</highway>
              <surface>asphalt</surface>
              <maxspeed>40</maxspeed>
            </gpxtpx:Extensions>
          </gpxtpx:TrackPointExtension>
        </extensions>
      </trkpt>
      <trkpt lat="48.962997" lon="9.120876">
        <ele>230</ele>
        <extensions>
          <gpxtpx:TrackPointExtension>
            <gpxtpx:Extensions>
              <highway>secondary</highway>
              <surface>asphalt</surface>
              <maxspeed>40</maxspeed>
            </gpxtpx:Extensions>
          </gpxtpx:TrackPointExtension>
        </extensions>
      </trkpt>
      <trkpt lat="48.962912" lon="9.121014">
        <ele>229.25</ele>
        <extensions>
          <gpxtpx:TrackPointExtension>
            <gpxtpx:Extensions>
              <highway>secondary</highway>
              <surface>asphalt</surface>
              <maxspeed>40</maxspeed>
            </gpxtpx:Extensions>
          </gpxtpx:TrackPointExtension>
        </extensions>
      </trkpt>
      <trkpt lat="48.962828" lon="9.121144">
        <ele>228.5</ele>
        <extensions>
          <gpxtpx:TrackPointExtension>
            <gpxtpx:Extensions>
              <highway>secondary</highway>
              <surface>asphalt</surface>
              <maxspeed>40</maxspeed>
            </gpxtpx:Extensions>
          </gpxtpx:TrackPointExtension>
        </extensions>
      </trkpt>
      <trkpt lat="48.962709" lon="9.12136">
        <ele>227.25</ele>
        <extensions>
          <gpxtpx:TrackPointExtension>
            <gpxtpx:Extensions>
              <highway>secondary</highway>
              <surface>asphalt</surface>
              <maxspeed>40</maxspeed>
            </gpxtpx:Extensions>
          </gpxtpx:TrackPointExtension>
        </extensions>
      </trkpt>
      <trkpt lat="48.962624" lon="9.121593">
        <ele>226.25</ele>
        <extensions>
          <gpxtpx:TrackPointExtension>
            <gpxtpx:Extensions>
              <highway>secondary</highway>
              <surface>asphalt</surface>
              <maxspeed>40</maxspeed>
            </gpxtpx:Extensions>
          </gpxtpx:TrackPointExtension>
        </extensions>
      </trkpt>
      <trkpt lat="48.96246" lon="9.122179">
        <ele>224</ele>
        <extensions>
          <gpxtpx:TrackPointExtension>
            <gpxtpx:Extensions>
              <highway>secondary</highway>
              <surface>asphalt</surface>
              <maxspeed>40</maxspeed>
            </gpxtpx:Extensions>
          </gpxtpx:TrackPointExtension>
        </extensions>
      </trkpt>
      <trkpt lat="48.962371" lon="9.122626">
        <ele>223</ele>
        <extensions>
          <gpxtpx:TrackPointExtension>
            <gpxtpx:Extensions>
              <highway>secondary</highway>
              <surface>asphalt</surface>
              <maxspeed>40</maxspeed>
            </gpxtpx:Extensions>
          </gpxtpx:TrackPointExtension>
        </extensions>
      </trkpt>
      <trkpt lat="48.962223" lon="9.123292">
        <ele>222</ele>
        <extensions>
          <gpxtpx:TrackPointExtension>
            <gpxtpx:Extensions>
              <highway>secondary</highway>
              <surface>asphalt</surface>
              <maxspeed>40</maxspeed>
            </gpxtpx:Extensions>
          </gpxtpx:TrackPointExtension>
        </extensions>
      </trkpt>
      <trkpt lat="48.962152" lon="9.123542">
        <ele>221</ele>
        <extensions>
          <gpxtpx:TrackPointExtension>
            <gpxtpx:Extensions>
              <highway>secondary</highway>
              <surface>asphalt</surface>
              <maxspeed>40</maxspeed>
            </gpxtpx:Extensions>
          </gpxtpx:TrackPointExtension>
        </extensions>
      </trkpt>
      <trkpt lat="48.962117" lon="9.123661">
        <ele>220.75</ele>
        <extensions>
          <gpxtpx:TrackPointExtension>
            <gpxtpx:Extensions>
              <highway>secondary</highway>
              <surface>asphalt</surface>
              <maxspeed>40</maxspeed>
            </gpxtpx:Extensions>
          </gpxtpx:TrackPointExtension>
        </extensions>
      </trkpt>
      <trkpt lat="48.962067" lon="9.123778">
        <ele>220.25</ele>
        <extensions>
          <gpxtpx:TrackPointExtension>
            <gpxtpx:Extensions>
              <highway>secondary</highway>
              <surface>asphalt</surface>
              <maxspeed>40</maxspeed>
            </gpxtpx:Extensions>
          </gpxtpx:TrackPointExtension>
        </extensions>
      </trkpt>
      <trkpt lat="48.962029" lon="9.123888">
        <ele>219.75</ele>
        <extensions>
          <gpxtpx:TrackPointExtension>
            <gpxtpx:Extensions>
              <highway>secondary</highway>
              <surface>asphalt</surface>
              <maxspeed>40</maxspeed>
            </gpxtpx:Extensions>
          </gpxtpx:TrackPointExtension>
        </extensions>
      </trkpt>
      <trkpt lat="48.961892" lon="9.124293">
        <ele>218.25</ele>
        <extensions>
          <gpxtpx:TrackPointExtension>
            <gpxtpx:Extensions>
              <highway>secondary</highway>
              <surface>asphalt</surface>
              <maxspeed>40</maxspeed>
            </gpxtpx:Extensions>
          </gpxtpx:TrackPointExtension>
        </extensions>
      </trkpt>
      <trkpt lat="48.961725" lon="9.124821">
        <ele>215</ele>
        <extensions>
          <gpxtpx:TrackPointExtension>
            <gpxtpx:Extensions>
              <highway>secondary</highway>
              <surface>asphalt</surface>
              <maxspeed>40</maxspeed>
            </gpxtpx:Extensions>
          </gpxtpx:TrackPointExtension>
        </extensions>
      </trkpt>
      <trkpt lat="48.96165" lon="9.125161">
        <ele>213.5</ele>
        <extensions>
          <gpxtpx:TrackPointExtension>
            <gpxtpx:Extensions>
              <highway>secondary</highway>
              <surface>asphalt</surface>
              <maxspeed>40</maxspeed>
            </gpxtpx:Extensions>
          </gpxtpx:TrackPointExtension>
        </extensions>
      </trkpt>
      <trkpt lat="48.961629" lon="9.125304">
        <ele>213.25</ele>
        <extensions>
          <gpxtpx:TrackPointExtension>
            <gpxtpx:Extensions>
              <highway>secondary</highway>
              <surface>asphalt</surface>
              <maxspeed>40</maxspeed>
            </gpxtpx:Extensions>
          </gpxtpx:TrackPointExtension>
        </extensions>
      </trkpt>
      <trkpt lat="48.961626" lon="9.125375">
        <ele>213.25</ele>
        <extensions>
          <gpxtpx:TrackPointExtension>
            <gpxtpx:Extensions>
              <highway>secondary</highway>
              <surface>asphalt</surface>
              <maxspeed>40</maxspeed>
            </gpxtpx:Extensions>
          </gpxtpx:TrackPointExtension>
        </extensions>
      </trkpt>
      <trkpt lat="48.961621" lon="9.125509">
        <ele>213</ele>
        <extensions>
          <gpxtpx:TrackPointExtension>
            <gpxtpx:Extensions>
              <highway>secondary</highway>
              <surface>asphalt</surface>
              <maxspeed>40</maxspeed>
            </gpxtpx:Extensions>
          </gpxtpx:TrackPointExtension>
        </extensions>
      </trkpt>
      <trkpt lat="48.961619" lon="9.125703">
        <ele>212.75</ele>
        <extensions>
          <gpxtpx:TrackPointExtension>
            <gpxtpx:Extensions>
              <highway>secondary</highway>
              <surface>asphalt</surface>
              <maxspeed>40</maxspeed>
            </gpxtpx:Extensions>
          </gpxtpx:TrackPointExtension>
        </extensions>
      </trkpt>
      <trkpt lat="48.961617" lon="9.125808">
        <ele>212.5</ele>
        <extensions>
          <gpxtpx:TrackPointExtension>
            <gpxtpx:Extensions>
              <highway>secondary</highway>
              <surface>asphalt</surface>
              <maxspeed>40</maxspeed>
            </gpxtpx:Extensions>
          </gpxtpx:TrackPointExtension>
        </extensions>
      </trkpt>
      <trkpt lat="48.961618" lon="9.126076">
        <ele>212</ele>
        <extensions>
          <gpxtpx:TrackPointExtension>
            <gpxtpx:Extensions>
              <highway>secondary</highway>
              <surface>asphalt</surface>
              <maxspeed>40</maxspeed>
            </gpxtpx:Extensions>
          </gpxtpx:TrackPointExtension>
        </extensions>
      </trkpt>
      <trkpt lat="48.961617" lon="9.126429">
        <ele>211</ele>
        <extensions>
          <gpxtpx:TrackPointExtension>
            <gpxtpx:Extensions>
              <highway>secondary</highway>
              <surface>asphalt</surface>
              <maxspeed>40</maxspeed>
            </gpxtpx:Extensions>
          </gpxtpx:TrackPointExtension>
        </extensions>
      </trkpt>
      <trkpt lat="48.961617" lon="9.126573">
        <ele>210.75</ele>
        <extensions>
          <gpxtpx:TrackPointExtension>
            <gpxtpx:Extensions>
              <highway>secondary</highway>
              <surface>asphalt</surface>
              <maxspeed>40</maxspeed>
            </gpxtpx:Extensions>
          </gpxtpx:TrackPointExtension>
        </extensions>
      </trkpt>
      <trkpt lat="48.961617" lon="9.12709">
        <ele>208</ele>
        <extensions>
          <gpxtpx:TrackPointExtension>
            <gpxtpx:Extensions>
              <highway>secondary</highway>
              <surface>asphalt</surface>
              <maxspeed>40</maxspeed>
            </gpxtpx:Extensions>
          </gpxtpx:TrackPointExtension>
        </extensions>
      </trkpt>
      <trkpt lat="48.961645" lon="9.127235">
        <ele>207.25</ele>
        <extensions>
          <gpxtpx:TrackPointExtension>
            <gpxtpx:Extensions>
              <highway>secondary</highway>
              <surface>asphalt</surface>
              <maxspeed>40</maxspeed>
              <oneway>yes</oneway>
            </gpxtpx:Extensions>
          </gpxtpx:TrackPointExtension>
        </extensions>
      </trkpt>
      <trkpt lat="48.961653" lon="9.12755">
        <ele>205.5</ele>
        <extensions>
          <gpxtpx:TrackPointExtension>
            <gpxtpx:Extensions>
              <highway>secondary</highway>
              <surface>asphalt</surface>
              <maxspeed>40</maxspeed>
              <oneway>yes</oneway>
            </gpxtpx:Extensions>
          </gpxtpx:TrackPointExtension>
        </extensions>
      </trkpt>
      <trkpt lat="48.961645" lon="9.127846">
        <ele>203.75</ele>
        <extensions>
          <gpxtpx:TrackPointExtension>
            <gpxtpx:Extensions>
              <highway>secondary</highway>
              <surface>asphalt</surface>
              <maxspeed>40</maxspeed>
              <oneway>yes</oneway>
            </gpxtpx:Extensions>
          </gpxtpx:TrackPointExtension>
        </extensions>
      </trkpt>
      <trkpt lat="48.96162" lon="9.128192">
        <ele>201.5</ele>
        <extensions>
          <gpxtpx:TrackPointExtension>
            <gpxtpx:Extensions>
              <highway>secondary</highway>
              <surface>asphalt</surface>
              <maxspeed>40</maxspeed>
              <oneway>yes</oneway>
            </gpxtpx:Extensions>
          </gpxtpx:TrackPointExtension>
        </extensions>
      </trkpt>
      <trkpt lat="48.961556" lon="9.128628">
        <ele>199.25</ele>
        <extensions>
          <gpxtpx:TrackPointExtension>
            <gpxtpx:Extensions>
              <highway>secondary</highway>
              <surface>asphalt</surface>
              <maxspeed>40</maxspeed>
              <oneway>yes</oneway>
            </gpxtpx:Extensions>
          </gpxtpx:TrackPointExtension>
        </extensions>
      </trkpt>
      <trkpt lat="48.961525" lon="9.128756">
        <ele>198.75</ele>
        <extensions>
          <gpxtpx:TrackPointExtension>
            <gpxtpx:Extensions>
              <highway>secondary</highway>
              <surface>asphalt</surface>
              <maxspeed>40</maxspeed>
              <oneway>yes</oneway>
            </gpxtpx:Extensions>
          </gpxtpx:TrackPointExtension>
        </extensions>
      </trkpt>
      <trkpt lat="48.961425" lon="9.129176">
        <ele>196.5</ele>
        <extensions>
          <gpxtpx:TrackPointExtension>
            <gpxtpx:Extensions>
              <highway>secondary</highway>
              <surface>asphalt</surface>
              <maxspeed>40</maxspeed>
              <oneway>yes</oneway>
            </gpxtpx:Extensions>
          </gpxtpx:TrackPointExtension>
        </extensions>
      </trkpt>
      <trkpt lat="48.961348" lon="9.129476">
        <ele>195</ele>
        <extensions>
          <gpxtpx:TrackPointExtension>
            <gpxtpx:Extensions>
              <highway>secondary</highway>
              <surface>asphalt</surface>
              <maxspeed>50</maxspeed>
              <oneway>yes</oneway>
            </gpxtpx:Extensions>
          </gpxtpx:TrackPointExtension>
        </extensions>
      </trkpt>
      <trkpt lat="48.961283" lon="9.129776">
        <ele>193.75</ele>
        <extensions>
          <gpxtpx:TrackPointExtension>
            <gpxtpx:Extensions>
              <highway>secondary</highway>
              <surface>asphalt</surface>
              <maxspeed>50</maxspeed>
              <oneway>yes</oneway>
            </gpxtpx:Extensions>
          </gpxtpx:TrackPointExtension>
        </extensions>
      </trkpt>
      <trkpt lat="48.961235" lon="9.130146">
        <ele>192.5</ele>
        <extensions>
          <gpxtpx:TrackPointExtension>
            <gpxtpx:Extensions>
              <highway>secondary</highway>
              <surface>asphalt</surface>
              <maxspeed>50</maxspeed>
              <oneway>yes</oneway>
            </gpxtpx:Extensions>
          </gpxtpx:TrackPointExtension>
        </extensions>
      </trkpt>
      <trkpt lat="48.9612" lon="9.130541">
        <ele>191.75</ele>
        <extensions>
          <gpxtpx:TrackPointExtension>
            <gpxtpx:Extensions>
              <highway>secondary</highway>
              <surface>asphalt</surface>
              <maxspeed>50</maxspeed>
              <oneway>yes</oneway>
            </gpxtpx:Extensions>
          </gpxtpx:TrackPointExtension>
        </extensions>
      </trkpt>
      <trkpt lat="48.9612" lon="9.130731">
        <ele>191.25</ele>
        <extensions>
          <gpxtpx:TrackPointExtension>
            <gpxtpx:Extensions>
              <highway>secondary</highway>
              <surface>asphalt</surface>
              <maxspeed>50</maxspeed>
              <oneway>yes</oneway>
            </gpxtpx:Extensions>
          </gpxtpx:TrackPointExtension>
        </extensions>
      </trkpt>
      <trkpt lat="48.961217" lon="9.131031">
        <ele>190</ele>
        <extensions>
          <gpxtpx:TrackPointExtension>
            <gpxtpx:Extensions>
              <highway>secondary</highway>
              <surface>asphalt</surface>
              <maxspeed>50</maxspeed>
              <oneway>yes</oneway>
            </gpxtpx:Extensions>
          </gpxtpx:TrackPointExtension>
        </extensions>
      </trkpt>
      <trkpt lat="48.961279" lon="9.131454">
        <ele>187.75</ele>
        <extensions>
          <gpxtpx:TrackPointExtension>
            <gpxtpx:Extensions>
              <highway>secondary</highway>
              <surface>asphalt</surface>
              <maxspeed>50</maxspeed>
              <oneway>yes</oneway>
            </gpxtpx:Extensions>
          </gpxtpx:TrackPointExtension>
        </extensions>
      </trkpt>
      <trkpt lat="48.961312" lon="9.131731">
        <ele>186.75</ele>
        <extensions>
          <gpxtpx:TrackPointExtension>
            <gpxtpx:Extensions>
              <highway>secondary</highway>
              <surface>asphalt</surface>
              <maxspeed>50</maxspeed>
              <oneway>yes</oneway>
            </gpxtpx:Extensions>
          </gpxtpx:TrackPointExtension>
        </extensions>
      </trkpt>
      <trkpt lat="48.961335" lon="9.131918">
        <ele>186.75</ele>
        <extensions>
          <gpxtpx:TrackPointExtension>
            <gpxtpx:Extensions>
              <highway>secondary</highway>
              <surface>asphalt</surface>
              <maxspeed>50</maxspeed>
              <oneway>yes</oneway>
            </gpxtpx:Extensions>
          </gpxtpx:TrackPointExtension>
        </extensions>
      </trkpt>
      <trkpt lat="48.961255" lon="9.13195">
        <ele>186.75</ele>
        <extensions>
          <gpxtpx:TrackPointExtension>
            <gpxtpx:Extensions>
              <highway>primary</highway>
              <surface>asphalt</surface>
              <maxspeed>50</maxspeed>
              <oneway>yes</oneway>
            </gpxtpx:Extensions>
          </gpxtpx:TrackPointExtension>
        </extensions>
      </trkpt>
      <trkpt lat="48.961155" lon="9.131996">
        <ele>187</ele>
        <extensions>
          <gpxtpx:TrackPointExtension>
            <gpxtpx:Extensions>
              <highway>primary</highway>
              <surface>asphalt</surface>
              <maxspeed>50</maxspeed>
              <oneway>yes</oneway>
            </gpxtpx:Extensions>
          </gpxtpx:TrackPointExtension>
        </extensions>
      </trkpt>
      <trkpt lat="48.961079" lon="9.132034">
        <ele>187</ele>
        <extensions>
          <gpxtpx:TrackPointExtension>
            <gpxtpx:Extensions>
              <highway>primary</highway>
              <surface>asphalt</surface>
              <maxspeed>50</maxspeed>
              <oneway>yes</oneway>
            </gpxtpx:Extensions>
          </gpxtpx:TrackPointExtension>
        </extensions>
      </trkpt>
      <trkpt lat="48.960666" lon="9.13224">
        <ele>187</ele>
        <extensions>
          <gpxtpx:TrackPointExtension>
            <gpxtpx:Extensions>
              <highway>primary</highway>
              <surface>asphalt</surface>
              <maxspeed>50</maxspeed>
              <oneway>yes</oneway>
            </gpxtpx:Extensions>
          </gpxtpx:TrackPointExtension>
        </extensions>
      </trkpt>
      <trkpt lat="48.959737" lon="9.132668">
        <ele>187</ele>
        <extensions>
          <gpxtpx:TrackPointExtension>
            <gpxtpx:Extensions>
              <highway>primary</highway>
              <surface>asphalt</surface>
              <maxspeed>50</maxspeed>
              <oneway>yes</oneway>
            </gpxtpx:Extensions>
          </gpxtpx:TrackPointExtension>
        </extensions>
      </trkpt>
      <trkpt lat="48.95932" lon="9.132818">
        <ele>187</ele>
        <extensions>
          <gpxtpx:TrackPointExtension>
            <gpxtpx:Extensions>
              <highway>primary</highway>
              <surface>asphalt</surface>
              <maxspeed>50</maxspeed>
              <oneway>yes</oneway>
            </gpxtpx:Extensions>
          </gpxtpx:TrackPointExtension>
        </extensions>
      </trkpt>
      <trkpt lat="48.959101" lon="9.132856">
        <ele>187</ele>
        <extensions>
          <gpxtpx:TrackPointExtension>
            <gpxtpx:Extensions>
              <highway>primary</highway>
              <surface>asphalt</surface>
              <maxspeed>50</maxspeed>
              <oneway>yes</oneway>
            </gpxtpx:Extensions>
          </gpxtpx:TrackPointExtension>
        </extensions>
      </trkpt>
      <trkpt lat="48.959041" lon="9.132863">
        <ele>187</ele>
        <extensions>
          <gpxtpx:TrackPointExtension>
            <gpxtpx:Extensions>
              <highway>primary</highway>
              <surface>asphalt</surface>
              <maxspeed>50</maxspeed>
              <oneway>yes</oneway>
            </gpxtpx:Extensions>
          </gpxtpx:TrackPointExtension>
        </extensions>
      </trkpt>
      <trkpt lat="48.958934" lon="9.13287">
        <ele>187.25</ele>
        <extensions>
          <gpxtpx:TrackPointExtension>
            <gpxtpx:Extensions>
              <highway>primary</highway>
              <surface>asphalt</surface>
              <maxspeed>50</maxspeed>
              <oneway>yes</oneway>
            </gpxtpx:Extensions>
          </gpxtpx:TrackPointExtension>
        </extensions>
      </trkpt>
      <trkpt lat="48.958878" lon="9.132872">
        <ele>187.75</ele>
        <extensions>
          <gpxtpx:TrackPointExtension>
            <gpxtpx:Extensions>
              <highway>primary</highway>
              <surface>asphalt</surface>
              <maxspeed>50</maxspeed>
              <oneway>yes</oneway>
            </gpxtpx:Extensions>
          </gpxtpx:TrackPointExtension>
        </extensions>
      </trkpt>
      <trkpt lat="48.958792" lon="9.132867">
        <ele>188.5</ele>
        <extensions>
          <gpxtpx:TrackPointExtension>
            <gpxtpx:Extensions>
              <highway>primary</highway>
              <surface>asphalt</surface>
              <maxspeed>50</maxspeed>
              <oneway>yes</oneway>
            </gpxtpx:Extensions>
          </gpxtpx:TrackPointExtension>
        </extensions>
      </trkpt>
      <trkpt lat="48.958625" lon="9.132841">
        <ele>189.75</ele>
        <extensions>
          <gpxtpx:TrackPointExtension>
            <gpxtpx:Extensions>
              <highway>primary</highway>
              <surface>asphalt</surface>
              <maxspeed>50</maxspeed>
              <oneway>yes</oneway>
            </gpxtpx:Extensions>
          </gpxtpx:TrackPointExtension>
        </extensions>
      </trkpt>
      <trkpt lat="48.958499" lon="9.132815">
        <ele>190.75</ele>
        <extensions>
          <gpxtpx:TrackPointExtension>
            <gpxtpx:Extensions>
              <highway>primary</highway>
              <surface>asphalt</surface>
              <maxspeed>50</maxspeed>
              <oneway>yes</oneway>
            </gpxtpx:Extensions>
          </gpxtpx:TrackPointExtension>
        </extensions>
      </trkpt>
      <trkpt lat="48.958321" lon="9.132754">
        <ele>191.25</ele>
        <extensions>
          <gpxtpx:TrackPointExtension>
            <gpxtpx:Extensions>
              <highway>primary</highway>
              <surface>asphalt</surface>
              <maxspeed>50</maxspeed>
              <oneway>yes</oneway>
            </gpxtpx:Extensions>
          </gpxtpx:TrackPointExtension>
        </extensions>
      </trkpt>
      <trkpt lat="48.958208" lon="9.132707">
        <ele>191.5</ele>
        <extensions>
          <gpxtpx:TrackPointExtension>
            <gpxtpx:Extensions>
              <highway>primary</highway>
              <surface>asphalt</surface>
              <maxspeed>50</maxspeed>
              <oneway>yes</oneway>
            </gpxtpx:Extensions>
          </gpxtpx:TrackPointExtension>
        </extensions>
      </trkpt>
      <trkpt lat="48.958036" lon="9.132608">
        <ele>191.5</ele>
        <extensions>
          <gpxtpx:TrackPointExtension>
            <gpxtpx:Extensions>
              <highway>primary</highway>
              <surface>asphalt</surface>
              <maxspeed>50</maxspeed>
              <oneway>yes</oneway>
            </gpxtpx:Extensions>
          </gpxtpx:TrackPointExtension>
        </extensions>
      </trkpt>
      <trkpt lat="48.957838" lon="9.13247">
        <ele>191.25</ele>
        <extensions>
          <gpxtpx:TrackPointExtension>
            <gpxtpx:Extensions>
              <highway>primary</highway>
              <surface>asphalt</surface>
              <maxspeed>50</maxspeed>
              <oneway>yes</oneway>
            </gpxtpx:Extensions>
          </gpxtpx:TrackPointExtension>
        </extensions>
      </trkpt>
      <trkpt lat="48.957509" lon="9.132184">
        <ele>190.5</ele>
        <extensions>
          <gpxtpx:TrackPointExtension>
            <gpxtpx:Extensions>
              <highway>primary</highway>
              <surface>asphalt</surface>
              <maxspeed>50</maxspeed>
              <oneway>yes</oneway>
            </gpxtpx:Extensions>
          </gpxtpx:TrackPointExtension>
        </extensions>
      </trkpt>
      <trkpt lat="48.957407" lon="9.132126">
        <ele>190</ele>
        <extensions>
          <gpxtpx:TrackPointExtension>
            <gpxtpx:Extensions>
              <highway>primary</highway>
              <surface>asphalt</surface>
              <maxspeed>50</maxspeed>
              <oneway>yes</oneway>
            </gpxtpx:Extensions>
          </gpxtpx:TrackPointExtension>
        </extensions>
      </trkpt>
      <trkpt lat="48.957306" lon="9.132089">
        <ele>189.5</ele>
        <extensions>
          <gpxtpx:TrackPointExtension>
            <gpxtpx:Extensions>
              <highway>primary</highway>
              <surface>asphalt</surface>
              <maxspeed>50</maxspeed>
              <oneway>yes</oneway>
            </gpxtpx:Extensions>
          </gpxtpx:TrackPointExtension>
        </extensions>
      </trkpt>
      <trkpt lat="48.957225" lon="9.132069">
        <ele>189.5</ele>
        <extensions>
          <gpxtpx:TrackPointExtension>
            <gpxtpx:Extensions>
              <highway>primary</highway>
              <surface>asphalt</surface>
              <maxspeed>50</maxspeed>
              <oneway>yes</oneway>
            </gpxtpx:Extensions>
          </gpxtpx:TrackPointExtension>
        </extensions>
      </trkpt>
      <trkpt lat="48.957132" lon="9.132064">
        <ele>189.5</ele>
        <extensions>
          <gpxtpx:TrackPointExtension>
            <gpxtpx:Extensions>
              <highway>primary</highway>
              <surface>asphalt</surface>
              <maxspeed>50</maxspeed>
              <oneway>yes</oneway>
            </gpxtpx:Extensions>
          </gpxtpx:TrackPointExtension>
        </extensions>
      </trkpt>
      <trkpt lat="48.957051" lon="9.132072">
        <ele>189.5</ele>
        <extensions>
          <gpxtpx:TrackPointExtension>
            <gpxtpx:Extensions>
              <highway>primary</highway>
              <surface>asphalt</surface>
              <maxspeed>50</maxspeed>
              <oneway>yes</oneway>
            </gpxtpx:Extensions>
          </gpxtpx:TrackPointExtension>
        </extensions>
      </trkpt>
      <trkpt lat="48.95692" lon="9.132114">
        <ele>190</ele>
        <extensions>
          <gpxtpx:TrackPointExtension>
            <gpxtpx:Extensions>
              <highway>primary</highway>
              <surface>asphalt</surface>
              <maxspeed>50</maxspeed>
              <oneway>yes</oneway>
            </gpxtpx:Extensions>
          </gpxtpx:TrackPointExtension>
        </extensions>
      </trkpt>
      <trkpt lat="48.956776" lon="9.132205">
        <ele>191</ele>
        <extensions>
          <gpxtpx:TrackPointExtension>
            <gpxtpx:Extensions>
              <highway>primary</highway>
              <surface>asphalt</surface>
              <maxspeed>50</maxspeed>
              <oneway>yes</oneway>
            </gpxtpx:Extensions>
          </gpxtpx:TrackPointExtension>
        </extensions>
      </trkpt>
      <trkpt lat="48.956703" lon="9.132273">
        <ele>191.75</ele>
        <extensions>
          <gpxtpx:TrackPointExtension>
            <gpxtpx:Extensions>
              <highway>primary</highway>
              <surface>asphalt</surface>
              <maxspeed>50</maxspeed>
              <oneway>yes</oneway>
            </gpxtpx:Extensions>
          </gpxtpx:TrackPointExtension>
        </extensions>
      </trkpt>
      <trkpt lat="48.956631" lon="9.132362">
        <ele>192.75</ele>
        <extensions>
          <gpxtpx:TrackPointExtension>
            <gpxtpx:Extensions>
              <highway>primary</highway>
              <surface>asphalt</surface>
              <maxspeed>50</maxspeed>
              <oneway>yes</oneway>
            </gpxtpx:Extensions>
          </gpxtpx:TrackPointExtension>
        </extensions>
      </trkpt>
      <trkpt lat="48.956575" lon="9.132449">
        <ele>193.5</ele>
        <extensions>
          <gpxtpx:TrackPointExtension>
            <gpxtpx:Extensions>
              <highway>primary</highway>
              <surface>asphalt</surface>
              <maxspeed>50</maxspeed>
              <oneway>yes</oneway>
            </gpxtpx:Extensions>
          </gpxtpx:TrackPointExtension>
        </extensions>
      </trkpt>
      <trkpt lat="48.956492" lon="9.132608">
        <ele>195</ele>
        <extensions>
          <gpxtpx:TrackPointExtension>
            <gpxtpx:Extensions>
              <highway>primary</highway>
              <surface>asphalt</surface>
              <maxspeed>50</maxspeed>
              <oneway>yes</oneway>
            </gpxtpx:Extensions>
          </gpxtpx:TrackPointExtension>
        </extensions>
      </trkpt>
      <trkpt lat="48.956429" lon="9.132787">
        <ele>196.5</ele>
        <extensions>
          <gpxtpx:TrackPointExtension>
            <gpxtpx:Extensions>
              <highway>primary</highway>
              <surface>asphalt</surface>
              <maxspeed>50</maxspeed>
              <oneway>yes</oneway>
            </gpxtpx:Extensions>
          </gpxtpx:TrackPointExtension>
        </extensions>
      </trkpt>
      <trkpt lat="48.956379" lon="9.13308">
        <ele>198.5</ele>
        <extensions>
          <gpxtpx:TrackPointExtension>
            <gpxtpx:Extensions>
              <highway>primary</highway>
              <surface>asphalt</surface>
              <maxspeed>50</maxspeed>
              <oneway>yes</oneway>
            </gpxtpx:Extensions>
          </gpxtpx:TrackPointExtension>
        </extensions>
      </trkpt>
      <trkpt lat="48.956366" lon="9.133312">
        <ele>200</ele>
        <extensions>
          <gpxtpx:TrackPointExtension>
            <gpxtpx:Extensions>
              <highway>primary</highway>
              <surface>asphalt</surface>
              <maxspeed>50</maxspeed>
              <oneway>yes</oneway>
            </gpxtpx:Extensions>
          </gpxtpx:TrackPointExtension>
        </extensions>
      </trkpt>
      <trkpt lat="48.956374" lon="9.134121">
        <ele>201.75</ele>
        <extensions>
          <gpxtpx:TrackPointExtension>
            <gpxtpx:Extensions>
              <highway>primary</highway>
              <surface>asphalt</surface>
              <maxspeed>50</maxspeed>
              <oneway>yes</oneway>
            </gpxtpx:Extensions>
          </gpxtpx:TrackPointExtension>
        </extensions>
      </trkpt>
      <trkpt lat="48.956373" lon="9.134273">
        <ele>202.25</ele>
        <extensions>
          <gpxtpx:TrackPointExtension>
            <gpxtpx:Extensions>
              <highway>primary</highway>
              <surface>asphalt</surface>
              <maxspeed>50</maxspeed>
              <oneway>yes</oneway>
            </gpxtpx:Extensions>
          </gpxtpx:TrackPointExtension>
        </extensions>
      </trkpt>
      <trkpt lat="48.956361" lon="9.134405">
        <ele>202.5</ele>
        <extensions>
          <gpxtpx:TrackPointExtension>
            <gpxtpx:Extensions>
              <highway>primary</highway>
              <surface>asphalt</surface>
              <maxspeed>50</maxspeed>
              <oneway>yes</oneway>
            </gpxtpx:Extensions>
          </gpxtpx:TrackPointExtension>
        </extensions>
      </trkpt>
      <trkpt lat="48.956338" lon="9.134519">
        <ele>202.75</ele>
        <extensions>
          <gpxtpx:TrackPointExtension>
            <gpxtpx:Extensions>
              <highway>primary</highway>
              <surface>asphalt</surface>
              <maxspeed>50</maxspeed>
              <oneway>yes</oneway>
            </gpxtpx:Extensions>
          </gpxtpx:TrackPointExtension>
        </extensions>
      </trkpt>
      <trkpt lat="48.956267" lon="9.13476">
        <ele>203</ele>
        <extensions>
          <gpxtpx:TrackPointExtension>
            <gpxtpx:Extensions>
              <highway>primary</highway>
              <surface>asphalt</surface>
              <maxspeed>50</maxspeed>
              <oneway>yes</oneway>
            </gpxtpx:Extensions>
          </gpxtpx:TrackPointExtension>
        </extensions>
      </trkpt>
      <trkpt lat="48.956181" lon="9.134967">
        <ele>202.75</ele>
        <extensions>
          <gpxtpx:TrackPointExtension>
            <gpxtpx:Extensions>
              <highway>primary</highway>
              <surface>asphalt</surface>
              <maxspeed>50</maxspeed>
              <oneway>yes</oneway>
            </gpxtpx:Extensions>
          </gpxtpx:TrackPointExtension>
        </extensions>
      </trkpt>
      <trkpt lat="48.95613" lon="9.13506">
        <ele>202.5</ele>
        <extensions>
          <gpxtpx:TrackPointExtension>
            <gpxtpx:Extensions>
              <highway>primary</highway>
              <surface>asphalt</surface>
              <maxspeed>50</maxspeed>
              <oneway>yes</oneway>
            </gpxtpx:Extensions>
          </gpxtpx:TrackPointExtension>
        </extensions>
      </trkpt>
      <trkpt lat="48.956076" lon="9.135145">
        <ele>202</ele>
        <extensions>
          <gpxtpx:TrackPointExtension>
            <gpxtpx:Extensions>
              <highway>primary</highway>
              <surface>asphalt</surface>
              <maxspeed>50</maxspeed>
              <oneway>yes</oneway>
            </gpxtpx:Extensions>
          </gpxtpx:TrackPointExtension>
        </extensions>
      </trkpt>
      <trkpt lat="48.955994" lon="9.135247">
        <ele>201.25</ele>
        <extensions>
          <gpxtpx:TrackPointExtension>
            <gpxtpx:Extensions>
              <highway>primary</highway>
              <surface>asphalt</surface>
              <maxspeed>50</maxspeed>
              <oneway>yes</oneway>
            </gpxtpx:Extensions>
          </gpxtpx:TrackPointExtension>
        </extensions>
      </trkpt>
      <trkpt lat="48.955935" lon="9.135306">
        <ele>200.75</ele>
        <extensions>
          <gpxtpx:TrackPointExtension>
            <gpxtpx:Extensions>
              <highway>primary</highway>
              <surface>asphalt</surface>
              <maxspeed>50</maxspeed>
              <oneway>yes</oneway>
            </gpxtpx:Extensions>
          </gpxtpx:TrackPointExtension>
        </extensions>
      </trkpt>
      <trkpt lat="48.955862" lon="9.135345">
        <ele>200.25</ele>
        <extensions>
          <gpxtpx:TrackPointExtension>
            <gpxtpx:Extensions>
              <highway>primary</highway>
              <surface>asphalt</surface>
              <maxspeed>50</maxspeed>
              <oneway>yes</oneway>
            </gpxtpx:Extensions>
          </gpxtpx:TrackPointExtension>
        </extensions>
      </trkpt>
      <trkpt lat="48.955785" lon="9.135356">
        <ele>200.25</ele>
        <extensions>
          <gpxtpx:TrackPointExtension>
            <gpxtpx:Extensions>
              <highway>primary</highway>
              <surface>asphalt</surface>
              <maxspeed>50</maxspeed>
              <oneway>yes</oneway>
            </gpxtpx:Extensions>
          </gpxtpx:TrackPointExtension>
        </extensions>
      </trkpt>
      <trkpt lat="48.955758" lon="9.135356">
        <ele>200.25</ele>
        <extensions>
          <gpxtpx:TrackPointExtension>
            <gpxtpx:Extensions>
              <highway>primary</highway>
              <surface>asphalt</surface>
              <maxspeed>50</maxspeed>
              <oneway>yes</oneway>
            </gpxtpx:Extensions>
          </gpxtpx:TrackPointExtension>
        </extensions>
      </trkpt>
      <trkpt lat="48.955669" lon="9.135337">
        <ele>200.75</ele>
        <extensions>
          <gpxtpx:TrackPointExtension>
            <gpxtpx:Extensions>
              <highway>primary</highway>
              <surface>asphalt</surface>
              <maxspeed>50</maxspeed>
              <oneway>yes</oneway>
            </gpxtpx:Extensions>
          </gpxtpx:TrackPointExtension>
        </extensions>
      </trkpt>
      <trkpt lat="48.955604" lon="9.135308">
        <ele>201.25</ele>
        <extensions>
          <gpxtpx:TrackPointExtension>
            <gpxtpx:Extensions>
              <highway>primary</highway>
              <surface>asphalt</surface>
              <maxspeed>50</maxspeed>
              <oneway>yes</oneway>
            </gpxtpx:Extensions>
          </gpxtpx:TrackPointExtension>
        </extensions>
      </trkpt>
      <trkpt lat="48.955538" lon="9.135259">
        <ele>201.75</ele>
        <extensions>
          <gpxtpx:TrackPointExtension>
            <gpxtpx:Extensions>
              <highway>primary</highway>
              <surface>asphalt</surface>
              <maxspeed>50</maxspeed>
              <oneway>yes</oneway>
            </gpxtpx:Extensions>
          </gpxtpx:TrackPointExtension>
        </extensions>
      </trkpt>
      <trkpt lat="48.955486" lon="9.135201">
        <ele>202</ele>
        <extensions>
          <gpxtpx:TrackPointExtension>
            <gpxtpx:Extensions>
              <highway>primary</highway>
              <surface>asphalt</surface>
              <maxspeed>50</maxspeed>
              <oneway>yes</oneway>
            </gpxtpx:Extensions>
          </gpxtpx:TrackPointExtension>
        </extensions>
      </trkpt>
      <trkpt lat="48.955411" lon="9.13506">
        <ele>202.5</ele>
        <extensions>
          <gpxtpx:TrackPointExtension>
            <gpxtpx:Extensions>
              <highway>primary</highway>
              <surface>asphalt</surface>
              <maxspeed>50</maxspeed>
              <oneway>yes</oneway>
            </gpxtpx:Extensions>
          </gpxtpx:TrackPointExtension>
        </extensions>
      </trkpt>
      <trkpt lat="48.955245" lon="9.134649">
        <ele>203.5</ele>
        <extensions>
          <gpxtpx:TrackPointExtension>
            <gpxtpx:Extensions>
              <highway>primary</highway>
              <surface>asphalt</surface>
              <maxspeed>50</maxspeed>
              <oneway>yes</oneway>
            </gpxtpx:Extensions>
          </gpxtpx:TrackPointExtension>
        </extensions>
      </trkpt>
      <trkpt lat="48.955208" lon="9.134571">
        <ele>203.75</ele>
        <extensions>
          <gpxtpx:TrackPointExtension>
            <gpxtpx:Extensions>
              <highway>primary</highway>
              <surface>asphalt</surface>
              <maxspeed>50</maxspeed>
              <oneway>yes</oneway>
            </gpxtpx:Extensions>
          </gpxtpx:TrackPointExtension>
        </extensions>
      </trkpt>
      <trkpt lat="48.955163" lon="9.134502">
        <ele>204</ele>
        <extensions>
          <gpxtpx:TrackPointExtension>
            <gpxtpx:Extensions>
              <highway>primary</highway>
              <surface>asphalt</surface>
              <maxspeed>50</maxspeed>
              <oneway>yes</oneway>
            </gpxtpx:Extensions>
          </gpxtpx:TrackPointExtension>
        </extensions>
      </trkpt>
      <trkpt lat="48.955118" lon="9.134453">
        <ele>204.25</ele>
        <extensions>
          <gpxtpx:TrackPointExtension>
            <gpxtpx:Extensions>
              <highway>primary</highway>
              <surface>asphalt</surface>
              <maxspeed>50</maxspeed>
              <oneway>yes</oneway>
            </gpxtpx:Extensions>
          </gpxtpx:TrackPointExtension>
        </extensions>
      </trkpt>
      <trkpt lat="48.955069" lon="9.134419">
        <ele>204.5</ele>
        <extensions>
          <gpxtpx:TrackPointExtension>
            <gpxtpx:Extensions>
              <highway>primary</highway>
              <surface>asphalt</surface>
              <maxspeed>50</maxspeed>
              <oneway>yes</oneway>
            </gpxtpx:Extensions>
          </gpxtpx:TrackPointExtension>
        </extensions>
      </trkpt>
      <trkpt lat="48.955012" lon="9.134403">
        <ele>204.75</ele>
        <extensions>
          <gpxtpx:TrackPointExtension>
            <gpxtpx:Extensions>
              <highway>primary</highway>
              <surface>asphalt</surface>
              <maxspeed>50</maxspeed>
              <oneway>yes</oneway>
            </gpxtpx:Extensions>
          </gpxtpx:TrackPointExtension>
        </extensions>
      </trkpt>
      <trkpt lat="48.954962" lon="9.134397">
        <ele>205</ele>
        <extensions>
          <gpxtpx:TrackPointExtension>
            <gpxtpx:Extensions>
              <highway>primary</highway>
              <surface>asphalt</surface>
              <maxspeed>50</maxspeed>
              <oneway>yes</oneway>
            </gpxtpx:Extensions>
          </gpxtpx:TrackPointExtension>
        </extensions>
      </trkpt>
      <trkpt lat="48.954912" lon="9.134397">
        <ele>205.25</ele>
        <extensions>
          <gpxtpx:TrackPointExtension>
            <gpxtpx:Extensions>
              <highway>primary</highway>
              <surface>asphalt</surface>
              <maxspeed>50</maxspeed>
              <oneway>yes</oneway>
            </gpxtpx:Extensions>
          </gpxtpx:TrackPointExtension>
        </extensions>
      </trkpt>
      <trkpt lat="48.954859" lon="9.134408">
        <ele>205.5</ele>
        <extensions>
          <gpxtpx:TrackPointExtension>
            <gpxtpx:Extensions>
              <highway>primary</highway>
              <surface>asphalt</surface>
              <maxspeed>50</maxspeed>
              <oneway>yes</oneway>
            </gpxtpx:Extensions>
          </gpxtpx:TrackPointExtension>
        </extensions>
      </trkpt>
      <trkpt lat="48.95479" lon="9.13443">
        <ele>206</ele>
        <extensions>
          <gpxtpx:TrackPointExtension>
            <gpxtpx:Extensions>
              <highway>primary</highway>
              <surface>asphalt</surface>
              <maxspeed>50</maxspeed>
              <oneway>yes</oneway>
            </gpxtpx:Extensions>
          </gpxtpx:TrackPointExtension>
        </extensions>
      </trkpt>
      <trkpt lat="48.954679" lon="9.134474">
        <ele>206.5</ele>
        <extensions>
          <gpxtpx:TrackPointExtension>
            <gpxtpx:Extensions>
              <highway>primary</highway>
              <surface>asphalt</surface>
              <maxspeed>50</maxspeed>
              <oneway>yes</oneway>
            </gpxtpx:Extensions>
          </gpxtpx:TrackPointExtension>
        </extensions>
      </trkpt>
      <trkpt lat="48.95461" lon="9.134502">
        <ele>207</ele>
        <extensions>
          <gpxtpx:TrackPointExtension>
            <gpxtpx:Extensions>
              <highway>primary</highway>
              <surface>asphalt</surface>
              <maxspeed>50</maxspeed>
              <oneway>yes</oneway>
            </gpxtpx:Extensions>
          </gpxtpx:TrackPointExtension>
        </extensions>
      </trkpt>
      <trkpt lat="48.954477" lon="9.134561">
        <ele>207.75</ele>
        <extensions>
          <gpxtpx:TrackPointExtension>
            <gpxtpx:Extensions>
              <highway>primary</highway>
              <surface>asphalt</surface>
              <maxspeed>50</maxspeed>
              <oneway>yes</oneway>
            </gpxtpx:Extensions>
          </gpxtpx:TrackPointExtension>
        </extensions>
      </trkpt>
      <trkpt lat="48.954103" lon="9.134753">
        <ele>209.75</ele>
        <extensions>
          <gpxtpx:TrackPointExtension>
            <gpxtpx:Extensions>
              <highway>primary</highway>
              <surface>asphalt</surface>
              <maxspeed>50</maxspeed>
              <oneway>yes</oneway>
            </gpxtpx:Extensions>
          </gpxtpx:TrackPointExtension>
        </extensions>
      </trkpt>
      <trkpt lat="48.953973" lon="9.134846">
        <ele>210</ele>
        <extensions>
          <gpxtpx:TrackPointExtension>
            <gpxtpx:Extensions>
              <highway>primary</highway>
              <surface>asphalt</surface>
              <maxspeed>50</maxspeed>
              <oneway>yes</oneway>
            </gpxtpx:Extensions>
          </gpxtpx:TrackPointExtension>
        </extensions>
      </trkpt>
      <trkpt lat="48.953761" lon="9.134993">
        <ele>210.75</ele>
        <extensions>
          <gpxtpx:TrackPointExtension>
            <gpxtpx:Extensions>
              <highway>primary</highway>
              <surface>asphalt</surface>
              <maxspeed>50</maxspeed>
              <oneway>yes</oneway>
            </gpxtpx:Extensions>
          </gpxtpx:TrackPointExtension>
        </extensions>
      </trkpt>
      <trkpt lat="48.95364" lon="9.135056">
        <ele>211.25</ele>
        <extensions>
          <gpxtpx:TrackPointExtension>
            <gpxtpx:Extensions>
              <highway>primary</highway>
              <surface>asphalt</surface>
              <maxspeed>50</maxspeed>
              <oneway>yes</oneway>
            </gpxtpx:Extensions>
          </gpxtpx:TrackPointExtension>
        </extensions>
      </trkpt>
      <trkpt lat="48.953548" lon="9.135097">
        <ele>211.5</ele>
        <extensions>
          <gpxtpx:TrackPointExtension>
            <gpxtpx:Extensions>
              <highway>primary</highway>
              <surface>asphalt</surface>
              <maxspeed>50</maxspeed>
              <oneway>yes</oneway>
            </gpxtpx:Extensions>
          </gpxtpx:TrackPointExtension>
        </extensions>
      </trkpt>
      <trkpt lat="48.953441" lon="9.13515">
        <ele>212</ele>
        <extensions>
          <gpxtpx:TrackPointExtension>
            <gpxtpx:Extensions>
              <highway>primary</highway>
              <surface>asphalt</surface>
              <maxspeed>50</maxspeed>
              <oneway>yes</oneway>
            </gpxtpx:Extensions>
          </gpxtpx:TrackPointExtension>
        </extensions>
      </trkpt>
      <trkpt lat="48.953395" lon="9.13517">
        <ele>212.25</ele>
        <extensions>
          <gpxtpx:TrackPointExtension>
            <gpxtpx:Extensions>
              <highway>primary</highway>
              <surface>asphalt</surface>
              <maxspeed>50</maxspeed>
              <oneway>yes</oneway>
            </gpxtpx:Extensions>
          </gpxtpx:TrackPointExtension>
        </extensions>
      </trkpt>
      <trkpt lat="48.953188" lon="9.135271">
        <ele>213.25</ele>
        <extensions>
          <gpxtpx:TrackPointExtension>
            <gpxtpx:Extensions>
              <highway>primary</highway>
              <surface>asphalt</surface>
              <maxspeed>50</maxspeed>
              <oneway>yes</oneway>
            </gpxtpx:Extensions>
          </gpxtpx:TrackPointExtension>
        </extensions>
      </trkpt>
      <trkpt lat="48.953066" lon="9.135302">
        <ele>213.5</ele>
        <extensions>
          <gpxtpx:TrackPointExtension>
            <gpxtpx:Extensions>
              <highway>primary</highway>
              <surface>asphalt</surface>
              <maxspeed>50</maxspeed>
              <oneway>yes</oneway>
            </gpxtpx:Extensions>
          </gpxtpx:TrackPointExtension>
        </extensions>
      </trkpt>
      <trkpt lat="48.952891" lon="9.135377">
        <ele>213.75</ele>
        <extensions>
          <gpxtpx:TrackPointExtension>
            <gpxtpx:Extensions>
              <highway>primary</highway>
              <surface>asphalt</surface>
              <maxspeed>50</maxspeed>
              <oneway>yes</oneway>
            </gpxtpx:Extensions>
          </gpxtpx:TrackPointExtension>
        </extensions>
      </trkpt>
      <trkpt lat="48.952598" lon="9.135523">
        <ele>214.25</ele>
        <extensions>
          <gpxtpx:TrackPointExtension>
            <gpxtpx:Extensions>
              <highway>primary</highway>
              <surface>asphalt</surface>
              <maxspeed>50</maxspeed>
              <oneway>yes</oneway>
            </gpxtpx:Extensions>
          </gpxtpx:TrackPointExtension>
        </extensions>
      </trkpt>
      <trkpt lat="48.95174" lon="9.135954">
        <ele>217</ele>
        <extensions>
          <gpxtpx:TrackPointExtension>
            <gpxtpx:Extensions>
              <highway>primary</highway>
              <surface>asphalt</surface>
              <maxspeed>50</maxspeed>
              <oneway>yes</oneway>
            </gpxtpx:Extensions>
          </gpxtpx:TrackPointExtension>
        </extensions>
      </trkpt>
      <trkpt lat="48.951617" lon="9.136017">
        <ele>217.5</ele>
        <extensions>
          <gpxtpx:TrackPointExtension>
            <gpxtpx:Extensions>
              <highway>primary</highway>
              <surface>asphalt</surface>
              <maxspeed>50</maxspeed>
              <oneway>yes</oneway>
            </gpxtpx:Extensions>
          </gpxtpx:TrackPointExtension>
        </extensions>
      </trkpt>
      <trkpt lat="48.951486" lon="9.136107">
        <ele>218</ele>
        <extensions>
          <gpxtpx:TrackPointExtension>
            <gpxtpx:Extensions>
              <highway>primary</highway>
              <surface>asphalt</surface>
              <maxspeed>50</maxspeed>
              <oneway>yes</oneway>
            </gpxtpx:Extensions>
          </gpxtpx:TrackPointExtension>
        </extensions>
      </trkpt>
      <trkpt lat="48.951348" lon="9.136197">
        <ele>218.5</ele>
        <extensions>
          <gpxtpx:TrackPointExtension>
            <gpxtpx:Extensions>
              <highway>primary</highway>
              <surface>asphalt</surface>
              <maxspeed>50</maxspeed>
              <oneway>yes</oneway>
            </gpxtpx:Extensions>
          </gpxtpx:TrackPointExtension>
        </extensions>
      </trkpt>
      <trkpt lat="48.951252" lon="9.136248">
        <ele>218.75</ele>
        <extensions>
          <gpxtpx:TrackPointExtension>
            <gpxtpx:Extensions>
              <highway>primary</highway>
              <surface>asphalt</surface>
              <maxspeed>50</maxspeed>
              <oneway>yes</oneway>
            </gpxtpx:Extensions>
          </gpxtpx:TrackPointExtension>
        </extensions>
      </trkpt>
      <trkpt lat="48.951209" lon="9.136269">
        <ele>219</ele>
        <extensions>
          <gpxtpx:TrackPointExtension>
            <gpxtpx:Extensions>
              <highway>primary</highway>
              <surface>asphalt</surface>
              <maxspeed>50</maxspeed>
              <oneway>yes</oneway>
            </gpxtpx:Extensions>
          </gpxtpx:TrackPointExtension>
        </extensions>
      </trkpt>
      <trkpt lat="48.950813" lon="9.136465">
        <ele>220</ele>
        <extensions>
          <gpxtpx:TrackPointExtension>
            <gpxtpx:Extensions>
              <highway>primary</highway>
              <surface>asphalt</surface>
              <maxspeed>50</maxspeed>
              <oneway>yes</oneway>
            </gpxtpx:Extensions>
          </gpxtpx:TrackPointExtension>
        </extensions>
      </trkpt>
      <trkpt lat="48.950122" lon="9.136812">
        <ele>218.25</ele>
        <extensions>
          <gpxtpx:TrackPointExtension>
            <gpxtpx:Extensions>
              <highway>primary</highway>
              <surface>asphalt</surface>
              <maxspeed>50</maxspeed>
              <oneway>yes</oneway>
            </gpxtpx:Extensions>
          </gpxtpx:TrackPointExtension>
        </extensions>
      </trkpt>
      <trkpt lat="48.950052" lon="9.136856">
        <ele>218</ele>
        <extensions>
          <gpxtpx:TrackPointExtension>
            <gpxtpx:Extensions>
              <highway>primary</highway>
              <surface>asphalt</surface>
              <maxspeed>50</maxspeed>
              <oneway>yes</oneway>
            </gpxtpx:Extensions>
          </gpxtpx:TrackPointExtension>
        </extensions>
      </trkpt>
      <trkpt lat="48.94991" lon="9.136982">
        <ele>217.75</ele>
        <extensions>
          <gpxtpx:TrackPointExtension>
            <gpxtpx:Extensions>
              <highway>primary</highway>
              <surface>asphalt</surface>
              <maxspeed>50</maxspeed>
              <oneway>yes</oneway>
            </gpxtpx:Extensions>
          </gpxtpx:TrackPointExtension>
        </extensions>
      </trkpt>
      <trkpt lat="48.949888" lon="9.13701">
        <ele>217.75</ele>
        <extensions>
          <gpxtpx:TrackPointExtension>
            <gpxtpx:Extensions>
              <highway>primary</highway>
              <surface>asphalt</surface>
              <maxspeed>50</maxspeed>
              <oneway>yes</oneway>
            </gpxtpx:Extensions>
          </gpxtpx:TrackPointExtension>
        </extensions>
      </trkpt>
      <trkpt lat="48.949821" lon="9.137093">
        <ele>217.75</ele>
        <extensions>
          <gpxtpx:TrackPointExtension>
            <gpxtpx:Extensions>
              <highway>primary</highway>
              <surface>asphalt</surface>
              <maxspeed>50</maxspeed>
              <oneway>yes</oneway>
            </gpxtpx:Extensions>
          </gpxtpx:TrackPointExtension>
        </extensions>
      </trkpt>
      <trkpt lat="48.94977" lon="9.137184">
        <ele>217.75</ele>
        <extensions>
          <gpxtpx:TrackPointExtension>
            <gpxtpx:Extensions>
              <highway>primary</highway>
              <surface>asphalt</surface>
              <maxspeed>50</maxspeed>
              <oneway>yes</oneway>
            </gpxtpx:Extensions>
          </gpxtpx:TrackPointExtension>
        </extensions>
      </trkpt>
      <trkpt lat="48.949677" lon="9.137304">
        <ele>217.75</ele>
        <extensions>
          <gpxtpx:TrackPointExtension>
            <gpxtpx:Extensions>
              <highway>primary</highway>
              <surface>asphalt</surface>
              <maxspeed>50</maxspeed>
              <oneway>yes</oneway>
            </gpxtpx:Extensions>
          </gpxtpx:TrackPointExtension>
        </extensions>
      </trkpt>
      <trkpt lat="48.949563" lon="9.13769">
        <ele>218</ele>
        <extensions>
          <gpxtpx:TrackPointExtension>
            <gpxtpx:Extensions>
              <highway>primary</highway>
              <surface>asphalt</surface>
              <maxspeed>50</maxspeed>
              <oneway>yes</oneway>
            </gpxtpx:Extensions>
          </gpxtpx:TrackPointExtension>
        </extensions>
      </trkpt>
      <trkpt lat="48.949518" lon="9.137859">
        <ele>218</ele>
        <extensions>
          <gpxtpx:TrackPointExtension>
            <gpxtpx:Extensions>
              <highway>primary</highway>
              <surface>asphalt</surface>
              <maxspeed>50</maxspeed>
              <oneway>yes</oneway>
            </gpxtpx:Extensions>
          </gpxtpx:TrackPointExtension>
        </extensions>
      </trkpt>
      <trkpt lat="48.949474" lon="9.138056">
        <ele>218</ele>
        <extensions>
          <gpxtpx:TrackPointExtension>
            <gpxtpx:Extensions>
              <highway>primary</highway>
              <surface>asphalt</surface>
              <maxspeed>50</maxspeed>
              <oneway>yes</oneway>
            </gpxtpx:Extensions>
          </gpxtpx:TrackPointExtension>
        </extensions>
      </trkpt>
      <trkpt lat="48.949435" lon="9.138266">
        <ele>218</ele>
        <extensions>
          <gpxtpx:TrackPointExtension>
            <gpxtpx:Extensions>
              <highway>primary</highway>
              <surface>asphalt</surface>
              <maxspeed>50</maxspeed>
              <oneway>yes</oneway>
            </gpxtpx:Extensions>
          </gpxtpx:TrackPointExtension>
        </extensions>
      </trkpt>
      <trkpt lat="48.949423" lon="9.138335">
        <ele>217.75</ele>
        <extensions>
          <gpxtpx:TrackPointExtension>
            <gpxtpx:Extensions>
              <highway>primary</highway>
              <surface>asphalt</surface>
              <maxspeed>50</maxspeed>
              <oneway>yes</oneway>
            </gpxtpx:Extensions>
          </gpxtpx:TrackPointExtension>
        </extensions>
      </trkpt>
      <trkpt lat="48.949381" lon="9.13854">
        <ele>217.75</ele>
        <extensions>
          <gpxtpx:TrackPointExtension>
            <gpxtpx:Extensions>
              <highway>primary</highway>
              <surface>asphalt</surface>
              <maxspeed>50</maxspeed>
              <oneway>yes</oneway>
            </gpxtpx:Extensions>
          </gpxtpx:TrackPointExtension>
        </extensions>
      </trkpt>
      <trkpt lat="48.949339" lon="9.138686">
        <ele>217.75</ele>
        <extensions>
          <gpxtpx:TrackPointExtension>
            <gpxtpx:Extensions>
              <highway>primary</highway>
              <surface>asphalt</surface>
              <maxspeed>50</maxspeed>
              <oneway>yes</oneway>
            </gpxtpx:Extensions>
          </gpxtpx:TrackPointExtension>
        </extensions>
      </trkpt>
      <trkpt lat="48.949303" lon="9.138764">
        <ele>217.75</ele>
        <extensions>
          <gpxtpx:TrackPointExtension>
            <gpxtpx:Extensions>
              <highway>primary</highway>
              <surface>asphalt</surface>
              <maxspeed>50</maxspeed>
              <oneway>yes</oneway>
            </gpxtpx:Extensions>
          </gpxtpx:TrackPointExtension>
        </extensions>
      </trkpt>
      <trkpt lat="48.949232" lon="9.13887">
        <ele>217.75</ele>
        <extensions>
          <gpxtpx:TrackPointExtension>
            <gpxtpx:Extensions>
              <highway>primary</highway>
              <surface>asphalt</surface>
              <maxspeed>50</maxspeed>
              <oneway>yes</oneway>
            </gpxtpx:Extensions>
          </gpxtpx:TrackPointExtension>
        </extensions>
      </trkpt>
      <trkpt lat="48.948641" lon="9.139508">
        <ele>219.25</ele>
        <extensions>
          <gpxtpx:TrackPointExtension>
            <gpxtpx:Extensions>
              <highway>primary</highway>
              <surface>asphalt</surface>
              <maxspeed>50</maxspeed>
              <oneway>yes</oneway>
            </gpxtpx:Extensions>
          </gpxtpx:TrackPointExtension>
        </extensions>
      </trkpt>
      <trkpt lat="48.948598" lon="9.139549">
        <ele>219.25</ele>
        <extensions>
          <gpxtpx:TrackPointExtension>
            <gpxtpx:Extensions>
              <highway>primary</highway>
              <surface>asphalt</surface>
              <maxspeed>50</maxspeed>
              <oneway>yes</oneway>
            </gpxtpx:Extensions>
          </gpxtpx:TrackPointExtension>
        </extensions>
      </trkpt>
      <trkpt lat="48.948553" lon="9.139572">
        <ele>219.25</ele>
        <extensions>
          <gpxtpx:TrackPointExtension>
            <gpxtpx:Extensions>
              <highway>primary</highway>
              <surface>asphalt</surface>
              <maxspeed>50</maxspeed>
              <oneway>yes</oneway>
            </gpxtpx:Extensions>
          </gpxtpx:TrackPointExtension>
        </extensions>
      </trkpt>
      <trkpt lat="48.948508" lon="9.13959">
        <ele>219.5</ele>
        <extensions>
          <gpxtpx:TrackPointExtension>
            <gpxtpx:Extensions>
              <highway>primary</highway>
              <surface>asphalt</surface>
              <maxspeed>50</maxspeed>
              <oneway>yes</oneway>
            </gpxtpx:Extensions>
          </gpxtpx:TrackPointExtension>
        </extensions>
      </trkpt>
      <trkpt lat="48.948449" lon="9.13957">
        <ele>219.5</ele>
        <extensions>
          <gpxtpx:TrackPointExtension>
            <gpxtpx:Extensions>
              <highway>primary</highway>
              <surface>asphalt</surface>
              <maxspeed>50</maxspeed>
              <oneway>yes</oneway>
            </gpxtpx:Extensions>
          </gpxtpx:TrackPointExtension>
        </extensions>
      </trkpt>
      <trkpt lat="48.948337" lon="9.139509">
        <ele>219.75</ele>
        <extensions>
          <gpxtpx:TrackPointExtension>
            <gpxtpx:Extensions>
              <highway>primary</highway>
              <surface>asphalt</surface>
              <maxspeed>50</maxspeed>
              <oneway>yes</oneway>
            </gpxtpx:Extensions>
          </gpxtpx:TrackPointExtension>
        </extensions>
      </trkpt>
      <trkpt lat="48.948119" lon="9.1393">
        <ele>221.75</ele>
        <extensions>
          <gpxtpx:TrackPointExtension>
            <gpxtpx:Extensions>
              <highway>primary</highway>
              <surface>asphalt</surface>
              <maxspeed>50</maxspeed>
              <oneway>yes</oneway>
            </gpxtpx:Extensions>
          </gpxtpx:TrackPointExtension>
        </extensions>
      </trkpt>
      <trkpt lat="48.947871" lon="9.139046">
        <ele>223.5</ele>
        <extensions>
          <gpxtpx:TrackPointExtension>
            <gpxtpx:Extensions>
              <highway>primary</highway>
              <surface>asphalt</surface>
              <maxspeed>50</maxspeed>
              <oneway>yes</oneway>
            </gpxtpx:Extensions>
          </gpxtpx:TrackPointExtension>
        </extensions>
      </trkpt>
      <trkpt lat="48.947821" lon="9.138994">
        <ele>223.75</ele>
        <extensions>
          <gpxtpx:TrackPointExtension>
            <gpxtpx:Extensions>
              <highway>primary</highway>
              <surface>asphalt</surface>
              <maxspeed>50</maxspeed>
              <oneway>yes</oneway>
            </gpxtpx:Extensions>
          </gpxtpx:TrackPointExtension>
        </extensions>
      </trkpt>
      <trkpt lat="48.947666" lon="9.138839">
        <ele>224.5</ele>
        <extensions>
          <gpxtpx:TrackPointExtension>
            <gpxtpx:Extensions>
              <highway>primary</highway>
              <surface>asphalt</surface>
              <maxspeed>50</maxspeed>
              <oneway>yes</oneway>
            </gpxtpx:Extensions>
          </gpxtpx:TrackPointExtension>
        </extensions>
      </trkpt>
      <trkpt lat="48.9475" lon="9.138678">
        <ele>225</ele>
        <extensions>
          <gpxtpx:TrackPointExtension>
            <gpxtpx:Extensions>
              <highway>primary</highway>
              <surface>asphalt</surface>
              <maxspeed>50</maxspeed>
              <oneway>yes</oneway>
            </gpxtpx:Extensions>
          </gpxtpx:TrackPointExtension>
        </extensions>
      </trkpt>
      <trkpt lat="48.947368" lon="9.13856">
        <ele>225.75</ele>
        <extensions>
          <gpxtpx:TrackPointExtension>
            <gpxtpx:Extensions>
              <highway>primary</highway>
              <surface>asphalt</surface>
              <maxspeed>50</maxspeed>
              <oneway>yes</oneway>
            </gpxtpx:Extensions>
          </gpxtpx:TrackPointExtension>
        </extensions>
      </trkpt>
      <trkpt lat="48.947308" lon="9.138518">
        <ele>226.25</ele>
        <extensions>
          <gpxtpx:TrackPointExtension>
            <gpxtpx:Extensions>
              <highway>primary</highway>
              <surface>asphalt</surface>
              <maxspeed>50</maxspeed>
              <oneway>yes</oneway>
            </gpxtpx:Extensions>
          </gpxtpx:TrackPointExtension>
        </extensions>
      </trkpt>
      <trkpt lat="48.947236" lon="9.138481">
        <ele>227</ele>
        <extensions>
          <gpxtpx:TrackPointExtension>
            <gpxtpx:Extensions>
              <highway>primary</highway>
              <surface>asphalt</surface>
              <maxspeed>50</maxspeed>
              <oneway>yes</oneway>
            </gpxtpx:Extensions>
          </gpxtpx:TrackPointExtension>
        </extensions>
      </trkpt>
      <trkpt lat="48.947175" lon="9.138452">
        <ele>227.5</ele>
        <extensions>
          <gpxtpx:TrackPointExtension>
            <gpxtpx:Extensions>
              <highway>primary</highway>
              <surface>asphalt</surface>
              <maxspeed>50</maxspeed>
              <oneway>yes</oneway>
            </gpxtpx:Extensions>
          </gpxtpx:TrackPointExtension>
        </extensions>
      </trkpt>
      <trkpt lat="48.947089" lon="9.138436">
        <ele>228.25</ele>
        <extensions>
          <gpxtpx:TrackPointExtension>
            <gpxtpx:Extensions>
              <highway>primary</highway>
              <surface>asphalt</surface>
              <maxspeed>50</maxspeed>
              <oneway>yes</oneway>
            </gpxtpx:Extensions>
          </gpxtpx:TrackPointExtension>
        </extensions>
      </trkpt>
      <trkpt lat="48.946988" lon="9.138435">
        <ele>229.25</ele>
        <extensions>
          <gpxtpx:TrackPointExtension>
            <gpxtpx:Extensions>
              <highway>primary</highway>
              <surface>asphalt</surface>
              <maxspeed>50</maxspeed>
              <oneway>yes</oneway>
            </gpxtpx:Extensions>
          </gpxtpx:TrackPointExtension>
        </extensions>
      </trkpt>
      <trkpt lat="48.946868" lon="9.138454">
        <ele>230.5</ele>
        <extensions>
          <gpxtpx:TrackPointExtension>
            <gpxtpx:Extensions>
              <highway>primary</highway>
              <surface>asphalt</surface>
              <maxspeed>50</maxspeed>
              <oneway>yes</oneway>
            </gpxtpx:Extensions>
          </gpxtpx:TrackPointExtension>
        </extensions>
      </trkpt>
      <trkpt lat="48.946713" lon="9.138507">
        <ele>231.75</ele>
        <extensions>
          <gpxtpx:TrackPointExtension>
            <gpxtpx:Extensions>
              <highway>primary</highway>
              <surface>asphalt</surface>
              <maxspeed>50</maxspeed>
              <oneway>yes</oneway>
            </gpxtpx:Extensions>
          </gpxtpx:TrackPointExtension>
        </extensions>
      </trkpt>
      <trkpt lat="48.946602" lon="9.138556">
        <ele>232.25</ele>
        <extensions>
          <gpxtpx:TrackPointExtension>
            <gpxtpx:Extensions>
              <highway>primary</highway>
              <surface>asphalt</surface>
              <maxspeed>50</maxspeed>
              <oneway>yes</oneway>
            </gpxtpx:Extensions>
          </gpxtpx:TrackPointExtension>
        </extensions>
      </trkpt>
      <trkpt lat="48.945959" lon="9.138882">
        <ele>235.25</ele>
        <extensions>
          <gpxtpx:TrackPointExtension>
            <gpxtpx:Extensions>
              <highway>primary</highway>
              <surface>asphalt</surface>
              <maxspeed>50</maxspeed>
              <oneway>yes</oneway>
            </gpxtpx:Extensions>
          </gpxtpx:TrackPointExtension>
        </extensions>
      </trkpt>
      <trkpt lat="48.945687" lon="9.139022">
        <ele>236.5</ele>
        <extensions>
          <gpxtpx:TrackPointExtension>
            <gpxtpx:Extensions>
              <highway>primary</highway>
              <surface>asphalt</surface>
              <maxspeed>50</maxspeed>
              <oneway>yes</oneway>
            </gpxtpx:Extensions>
          </gpxtpx:TrackPointExtension>
        </extensions>
      </trkpt>
      <trkpt lat="48.945471" lon="9.139131">
        <ele>237.5</ele>
        <extensions>
          <gpxtpx:TrackPointExtension>
            <gpxtpx:Extensions>
              <highway>primary</highway>
              <surface>asphalt</surface>
              <maxspeed>50</maxspeed>
              <oneway>yes</oneway>
            </gpxtpx:Extensions>
          </gpxtpx:TrackPointExtension>
        </extensions>
      </trkpt>
      <trkpt lat="48.945405" lon="9.139165">
        <ele>238</ele>
        <extensions>
          <gpxtpx:TrackPointExtension>
            <gpxtpx:Extensions>
              <highway>primary</highway>
              <surface>asphalt</surface>
              <maxspeed>50</maxspeed>
              <oneway>yes</oneway>
            </gpxtpx:Extensions>
          </gpxtpx:TrackPointExtension>
        </extensions>
      </trkpt>
      <trkpt lat="48.945381" lon="9.139177">
        <ele>238</ele>
        <extensions>
          <gpxtpx:TrackPointExtension>
            <gpxtpx:Extensions>
              <highway>primary</highway>
              <surface>asphalt</surface>
              <maxspeed>50</maxspeed>
              <oneway>yes</oneway>
            </gpxtpx:Extensions>
          </gpxtpx:TrackPointExtension>
        </extensions>
      </trkpt>
      <trkpt lat="48.945069" lon="9.139335">
        <ele>239.5</ele>
        <extensions>
          <gpxtpx:TrackPointExtension>
            <gpxtpx:Extensions>
              <highway>primary</highway>
              <surface>asphalt</surface>
              <maxspeed>50</maxspeed>
              <oneway>yes</oneway>
            </gpxtpx:Extensions>
          </gpxtpx:TrackPointExtension>
        </extensions>
      </trkpt>
      <trkpt lat="48.944327" lon="9.139704">
        <ele>239.25</ele>
        <extensions>
          <gpxtpx:TrackPointExtension>
            <gpxtpx:Extensions>
              <highway>primary</highway>
              <surface>asphalt</surface>
              <maxspeed>50</maxspeed>
              <oneway>yes</oneway>
            </gpxtpx:Extensions>
          </gpxtpx:TrackPointExtension>
        </extensions>
      </trkpt>
      <trkpt lat="48.944019" lon="9.139817">
        <ele>240.25</ele>
        <extensions>
          <gpxtpx:TrackPointExtension>
            <gpxtpx:Extensions>
              <highway>primary</highway>
              <surface>asphalt</surface>
              <maxspeed>50</maxspeed>
              <oneway>yes</oneway>
            </gpxtpx:Extensions>
          </gpxtpx:TrackPointExtension>
        </extensions>
      </trkpt>
      <trkpt lat="48.943842" lon="9.139864">
        <ele>241.25</ele>
        <extensions>
          <gpxtpx:TrackPointExtension>
            <gpxtpx:Extensions>
              <highway>primary</highway>
              <surface>asphalt</surface>
              <maxspeed>50</maxspeed>
              <oneway>yes</oneway>
            </gpxtpx:Extensions>
          </gpxtpx:TrackPointExtension>
        </extensions>
      </trkpt>
      <trkpt lat="48.94371" lon="9.139888">
        <ele>241.75</ele>
        <extensions>
          <gpxtpx:TrackPointExtension>
            <gpxtpx:Extensions>
              <highway>primary</highway>
              <surface>asphalt</surface>
              <maxspeed>50</maxspeed>
              <oneway>yes</oneway>
            </gpxtpx:Extensions>
          </gpxtpx:TrackPointExtension>
        </extensions>
      </trkpt>
      <trkpt lat="48.943606" lon="9.139903">
        <ele>242.5</ele>
        <extensions>
          <gpxtpx:TrackPointExtension>
            <gpxtpx:Extensions>
              <highway>primary</highway>
              <surface>asphalt</surface>
              <maxspeed>50</maxspeed>
              <oneway>yes</oneway>
            </gpxtpx:Extensions>
          </gpxtpx:TrackPointExtension>
        </extensions>
      </trkpt>
      <trkpt lat="48.943541" lon="9.139909">
        <ele>242.75</ele>
        <extensions>
          <gpxtpx:TrackPointExtension>
            <gpxtpx:Extensions>
              <highway>primary</highway>
              <surface>asphalt</surface>
              <maxspeed>50</maxspeed>
              <oneway>yes</oneway>
            </gpxtpx:Extensions>
          </gpxtpx:TrackPointExtension>
        </extensions>
      </trkpt>
      <trkpt lat="48.943319" lon="9.13991">
        <ele>243.75</ele>
        <extensions>
          <gpxtpx:TrackPointExtension>
            <gpxtpx:Extensions>
              <highway>primary</highway>
              <surface>asphalt</surface>
              <maxspeed>50</maxspeed>
              <oneway>yes</oneway>
            </gpxtpx:Extensions>
          </gpxtpx:TrackPointExtension>
        </extensions>
      </trkpt>
      <trkpt lat="48.942996" lon="9.139889">
        <ele>244</ele>
        <extensions>
          <gpxtpx:TrackPointExtension>
            <gpxtpx:Extensions>
              <highway>primary</highway>
              <surface>asphalt</surface>
              <maxspeed>50</maxspeed>
              <oneway>yes</oneway>
            </gpxtpx:Extensions>
          </gpxtpx:TrackPointExtension>
        </extensions>
      </trkpt>
      <trkpt lat="48.942625" lon="9.139828">
        <ele>244.25</ele>
        <extensions>
          <gpxtpx:TrackPointExtension>
            <gpxtpx:Extensions>
              <highway>primary</highway>
              <surface>asphalt</surface>
              <maxspeed>50</maxspeed>
              <oneway>yes</oneway>
            </gpxtpx:Extensions>
          </gpxtpx:TrackPointExtension>
        </extensions>
      </trkpt>
      <trkpt lat="48.942442" lon="9.139786">
        <ele>244.5</ele>
        <extensions>
          <gpxtpx:TrackPointExtension>
            <gpxtpx:Extensions>
              <highway>primary</highway>
              <surface>asphalt</surface>
              <maxspeed>50</maxspeed>
              <oneway>yes</oneway>
            </gpxtpx:Extensions>
          </gpxtpx:TrackPointExtension>
        </extensions>
      </trkpt>
      <trkpt lat="48.942195" lon="9.139723">
        <ele>244.5</ele>
        <extensions>
          <gpxtpx:TrackPointExtension>
            <gpxtpx:Extensions>
              <highway>primary</highway>
              <surface>asphalt</surface>
              <maxspeed>50</maxspeed>
              <oneway>yes</oneway>
            </gpxtpx:Extensions>
          </gpxtpx:TrackPointExtension>
        </extensions>
      </trkpt>
      <trkpt lat="48.941685" lon="9.139575">
        <ele>244.25</ele>
        <extensions>
          <gpxtpx:TrackPointExtension>
            <gpxtpx:Extensions>
              <highway>primary</highway>
              <surface>asphalt</surface>
              <maxspeed>50</maxspeed>
              <oneway>yes</oneway>
            </gpxtpx:Extensions>
          </gpxtpx:TrackPointExtension>
        </extensions>
      </trkpt>
      <trkpt lat="48.941498" lon="9.139521">
        <ele>244.5</ele>
        <extensions>
          <gpxtpx:TrackPointExtension>
            <gpxtpx:Extensions>
              <highway>primary</highway>
              <surface>asphalt</surface>
              <maxspeed>50</maxspeed>
              <oneway>yes</oneway>
            </gpxtpx:Extensions>
          </gpxtpx:TrackPointExtension>
        </extensions>
      </trkpt>
      <trkpt lat="48.941426" lon="9.139504">
        <ele>244.5</ele>
        <extensions>
          <gpxtpx:TrackPointExtension>
            <gpxtpx:Extensions>
              <highway>primary</highway>
              <surface>asphalt</surface>
              <maxspeed>50</maxspeed>
              <oneway>yes</oneway>
            </gpxtpx:Extensions>
          </gpxtpx:TrackPointExtension>
        </extensions>
      </trkpt>
      <trkpt lat="48.94136" lon="9.139485">
        <ele>244.5</ele>
        <extensions>
          <gpxtpx:TrackPointExtension>
            <gpxtpx:Extensions>
              <highway>primary</highway>
              <surface>asphalt</surface>
              <maxspeed>50</maxspeed>
              <oneway>yes</oneway>
            </gpxtpx:Extensions>
          </gpxtpx:TrackPointExtension>
        </extensions>
      </trkpt>
      <trkpt lat="48.941308" lon="9.139471">
        <ele>244.5</ele>
        <extensions>
          <gpxtpx:TrackPointExtension>
            <gpxtpx:Extensions>
              <highway>primary</highway>
              <surface>asphalt</surface>
              <maxspeed>50</maxspeed>
              <oneway>yes</oneway>
            </gpxtpx:Extensions>
          </gpxtpx:TrackPointExtension>
        </extensions>
      </trkpt>
      <trkpt lat="48.941117" lon="9.139426">
        <ele>244.75</ele>
        <extensions>
          <gpxtpx:TrackPointExtension>
            <gpxtpx:Extensions>
              <highway>primary</highway>
              <surface>asphalt</surface>
              <maxspeed>50</maxspeed>
              <oneway>yes</oneway>
            </gpxtpx:Extensions>
          </gpxtpx:TrackPointExtension>
        </extensions>
      </trkpt>
      <trkpt lat="48.940828" lon="9.139371">
        <ele>245.25</ele>
        <extensions>
          <gpxtpx:TrackPointExtension>
            <gpxtpx:Extensions>
              <highway>primary</highway>
              <surface>asphalt</surface>
              <maxspeed>50</maxspeed>
              <oneway>yes</oneway>
            </gpxtpx:Extensions>
          </gpxtpx:TrackPointExtension>
        </extensions>
      </trkpt>
      <trkpt lat="48.940616" lon="9.139351">
        <ele>245.75</ele>
        <extensions>
          <gpxtpx:TrackPointExtension>
            <gpxtpx:Extensions>
              <highway>primary</highway>
              <surface>asphalt</surface>
              <maxspeed>50</maxspeed>
              <oneway>yes</oneway>
            </gpxtpx:Extensions>
          </gpxtpx:TrackPointExtension>
        </extensions>
      </trkpt>
      <trkpt lat="48.940453" lon="9.139345">
        <ele>246</ele>
        <extensions>
          <gpxtpx:TrackPointExtension>
            <gpxtpx:Extensions>
              <highway>primary</highway>
              <surface>asphalt</surface>
              <maxspeed>50</maxspeed>
              <oneway>yes</oneway>
            </gpxtpx:Extensions>
          </gpxtpx:TrackPointExtension>
        </extensions>
      </trkpt>
      <trkpt lat="48.940252" lon="9.139354">
        <ele>246.75</ele>
        <extensions>
          <gpxtpx:TrackPointExtension>
            <gpxtpx:Extensions>
              <highway>primary</highway>
              <surface>asphalt</surface>
              <maxspeed>50</maxspeed>
              <oneway>yes</oneway>
            </gpxtpx:Extensions>
          </gpxtpx:TrackPointExtension>
        </extensions>
      </trkpt>
      <trkpt lat="48.940052" lon="9.139375">
        <ele>247.25</ele>
        <extensions>
          <gpxtpx:TrackPointExtension>
            <gpxtpx:Extensions>
              <highway>primary</highway>
              <surface>asphalt</surface>
              <maxspeed>50</maxspeed>
              <oneway>yes</oneway>
            </gpxtpx:Extensions>
          </gpxtpx:TrackPointExtension>
        </extensions>
      </trkpt>
      <trkpt lat="48.939856" lon="9.139414">
        <ele>247.5</ele>
        <extensions>
          <gpxtpx:TrackPointExtension>
            <gpxtpx:Extensions>
              <highway>primary</highway>
              <surface>asphalt</surface>
              <maxspeed>50</maxspeed>
              <oneway>yes</oneway>
            </gpxtpx:Extensions>
          </gpxtpx:TrackPointExtension>
        </extensions>
      </trkpt>
      <trkpt lat="48.939661" lon="9.139484">
        <ele>247.75</ele>
        <extensions>
          <gpxtpx:TrackPointExtension>
            <gpxtpx:Extensions>
              <highway>primary</highway>
              <surface>asphalt</surface>
              <maxspeed>50</maxspeed>
              <oneway>yes</oneway>
            </gpxtpx:Extensions>
          </gpxtpx:TrackPointExtension>
        </extensions>
      </trkpt>
      <trkpt lat="48.939426" lon="9.139581">
        <ele>247.75</ele>
        <extensions>
          <gpxtpx:TrackPointExtension>
            <gpxtpx:Extensions>
              <highway>primary</highway>
              <surface>asphalt</surface>
              <maxspeed>60</maxspeed>
              <oneway>yes</oneway>
            </gpxtpx:Extensions>
          </gpxtpx:TrackPointExtension>
        </extensions>
      </trkpt>
      <trkpt lat="48.939106" lon="9.139757">
        <ele>248</ele>
        <extensions>
          <gpxtpx:TrackPointExtension>
            <gpxtpx:Extensions>
              <highway>primary</highway>
              <surface>asphalt</surface>
              <maxspeed>60</maxspeed>
              <oneway>yes</oneway>
            </gpxtpx:Extensions>
          </gpxtpx:TrackPointExtension>
        </extensions>
      </trkpt>
      <trkpt lat="48.938835" lon="9.139965">
        <ele>249</ele>
        <extensions>
          <gpxtpx:TrackPointExtension>
            <gpxtpx:Extensions>
              <highway>primary</highway>
              <surface>asphalt</surface>
              <maxspeed>60</maxspeed>
              <oneway>yes</oneway>
            </gpxtpx:Extensions>
          </gpxtpx:TrackPointExtension>
        </extensions>
      </trkpt>
      <trkpt lat="48.938527" lon="9.140269">
        <ele>251.5</ele>
        <extensions>
          <gpxtpx:TrackPointExtension>
            <gpxtpx:Extensions>
              <highway>trunk</highway>
              <surface>asphalt</surface>
              <maxspeed>60</maxspeed>
              <oneway>yes</oneway>
            </gpxtpx:Extensions>
          </gpxtpx:TrackPointExtension>
        </extensions>
      </trkpt>
      <trkpt lat="48.938316" lon="9.140533">
        <ele>253.5</ele>
        <extensions>
          <gpxtpx:TrackPointExtension>
            <gpxtpx:Extensions>
              <highway>trunk</highway>
              <surface>asphalt</surface>
              <maxspeed>60</maxspeed>
              <oneway>yes</oneway>
            </gpxtpx:Extensions>
          </gpxtpx:TrackPointExtension>
        </extensions>
      </trkpt>
      <trkpt lat="48.938104" lon="9.140837">
        <ele>255.25</ele>
        <extensions>
          <gpxtpx:TrackPointExtension>
            <gpxtpx:Extensions>
              <highway>trunk</highway>
              <surface>asphalt</surface>
              <maxspeed>60</maxspeed>
              <oneway>yes</oneway>
            </gpxtpx:Extensions>
          </gpxtpx:TrackPointExtension>
        </extensions>
      </trkpt>
      <trkpt lat="48.937795" lon="9.14131">
        <ele>255.5</ele>
        <extensions>
          <gpxtpx:TrackPointExtension>
            <gpxtpx:Extensions>
              <highway>trunk</highway>
              <surface>asphalt</surface>
              <maxspeed>60</maxspeed>
              <oneway>yes</oneway>
            </gpxtpx:Extensions>
          </gpxtpx:TrackPointExtension>
        </extensions>
      </trkpt>
      <trkpt lat="48.937195" lon="9.142358">
        <ele>253.25</ele>
        <extensions>
          <gpxtpx:TrackPointExtension>
            <gpxtpx:Extensions>
              <highway>trunk</highway>
              <surface>asphalt</surface>
              <maxspeed>60</maxspeed>
              <oneway>yes</oneway>
            </gpxtpx:Extensions>
          </gpxtpx:TrackPointExtension>
        </extensions>
      </trkpt>
      <trkpt lat="48.936975" lon="9.142731">
        <ele>253.5</ele>
        <extensions>
          <gpxtpx:TrackPointExtension>
            <gpxtpx:Extensions>
              <highway>trunk</highway>
              <surface>asphalt</surface>
              <maxspeed>80</maxspeed>
              <oneway>yes</oneway>
            </gpxtpx:Extensions>
          </gpxtpx:TrackPointExtension>
        </extensions>
      </trkpt>
      <trkpt lat="48.936738" lon="9.143108">
        <ele>254.25</ele>
        <extensions>
          <gpxtpx:TrackPointExtension>
            <gpxtpx:Extensions>
              <highway>trunk</highway>
              <surface>asphalt</surface>
              <maxspeed>80</maxspeed>
              <oneway>yes</oneway>
            </gpxtpx:Extensions>
          </gpxtpx:TrackPointExtension>
        </extensions>
      </trkpt>
      <trkpt lat="48.936511" lon="9.143444">
        <ele>253.5</ele>
        <extensions>
          <gpxtpx:TrackPointExtension>
            <gpxtpx:Extensions>
              <highway>trunk</highway>
              <surface>asphalt</surface>
              <maxspeed>80</maxspeed>
              <oneway>yes</oneway>
            </gpxtpx:Extensions>
          </gpxtpx:TrackPointExtension>
        </extensions>
      </trkpt>
      <trkpt lat="48.93619" lon="9.143855">
        <ele>252</ele>
        <extensions>
          <gpxtpx:TrackPointExtension>
            <gpxtpx:Extensions>
              <highway>trunk</highway>
              <surface>asphalt</surface>
              <maxspeed>80</maxspeed>
              <oneway>yes</oneway>
            </gpxtpx:Extensions>
          </gpxtpx:TrackPointExtension>
        </extensions>
      </trkpt>
      <trkpt lat="48.935966" lon="9.144102">
        <ele>251</ele>
        <extensions>
          <gpxtpx:TrackPointExtension>
            <gpxtpx:Extensions>
              <highway>trunk</highway>
              <surface>asphalt</surface>
              <maxspeed>80</maxspeed>
              <oneway>yes</oneway>
            </gpxtpx:Extensions>
          </gpxtpx:TrackPointExtension>
        </extensions>
      </trkpt>
      <trkpt lat="48.935712" lon="9.144352">
        <ele>249.5</ele>
        <extensions>
          <gpxtpx:TrackPointExtension>
            <gpxtpx:Extensions>
              <highway>trunk</highway>
              <surface>asphalt</surface>
              <maxspeed>80</maxspeed>
              <oneway>yes</oneway>
            </gpxtpx:Extensions>
          </gpxtpx:TrackPointExtension>
        </extensions>
      </trkpt>
      <trkpt lat="48.935297" lon="9.144691">
        <ele>247</ele>
        <extensions>
          <gpxtpx:TrackPointExtension>
            <gpxtpx:Extensions>
              <highway>trunk</highway>
              <surface>asphalt</surface>
              <maxspeed>80</maxspeed>
              <oneway>yes</oneway>
            </gpxtpx:Extensions>
          </gpxtpx:TrackPointExtension>
        </extensions>
      </trkpt>
      <trkpt lat="48.93499" lon="9.144896">
        <ele>245</ele>
        <extensions>
          <gpxtpx:TrackPointExtension>
            <gpxtpx:Extensions>
              <highway>trunk</highway>
              <surface>asphalt</surface>
              <maxspeed>80</maxspeed>
              <oneway>yes</oneway>
            </gpxtpx:Extensions>
          </gpxtpx:TrackPointExtension>
        </extensions>
      </trkpt>
      <trkpt lat="48.934504" lon="9.14517">
        <ele>246.5</ele>
        <extensions>
          <gpxtpx:TrackPointExtension>
            <gpxtpx:Extensions>
              <highway>trunk</highway>
              <surface>asphalt</surface>
              <maxspeed>80</maxspeed>
              <oneway>yes</oneway>
            </gpxtpx:Extensions>
          </gpxtpx:TrackPointExtension>
        </extensions>
      </trkpt>
      <trkpt lat="48.93434" lon="9.145249">
        <ele>247</ele>
        <extensions>
          <gpxtpx:TrackPointExtension>
            <gpxtpx:Extensions>
              <highway>trunk</highway>
              <surface>asphalt</surface>
              <maxspeed>80</maxspeed>
              <oneway>yes</oneway>
            </gpxtpx:Extensions>
          </gpxtpx:TrackPointExtension>
        </extensions>
      </trkpt>
      <trkpt lat="48.934025" lon="9.145406">
        <ele>247.75</ele>
        <extensions>
          <gpxtpx:TrackPointExtension>
            <gpxtpx:Extensions>
              <highway>trunk</highway>
              <surface>asphalt</surface>
              <maxspeed>80</maxspeed>
              <oneway>yes</oneway>
            </gpxtpx:Extensions>
          </gpxtpx:TrackPointExtension>
        </extensions>
      </trkpt>
      <trkpt lat="48.931289" lon="9.146793">
        <ele>257.25</ele>
        <extensions>
          <gpxtpx:TrackPointExtension>
            <gpxtpx:Extensions>
              <highway>trunk</highway>
              <surface>asphalt</surface>
              <maxspeed>100</maxspeed>
              <oneway>yes</oneway>
            </gpxtpx:Extensions>
          </gpxtpx:TrackPointExtension>
        </extensions>
      </trkpt>
      <trkpt lat="48.93056" lon="9.147171">
        <ele>255.75</ele>
        <extensions>
          <gpxtpx:TrackPointExtension>
            <gpxtpx:Extensions>
              <highway>trunk</highway>
              <surface>asphalt</surface>
              <maxspeed>100</maxspeed>
              <oneway>yes</oneway>
            </gpxtpx:Extensions>
          </gpxtpx:TrackPointExtension>
        </extensions>
      </trkpt>
      <trkpt lat="48.929933" lon="9.147508">
        <ele>255.25</ele>
        <extensions>
          <gpxtpx:TrackPointExtension>
            <gpxtpx:Extensions>
              <highway>trunk</highway>
              <surface>asphalt</surface>
              <maxspeed>100</maxspeed>
              <oneway>yes</oneway>
            </gpxtpx:Extensions>
          </gpxtpx:TrackPointExtension>
        </extensions>
      </trkpt>
      <trkpt lat="48.929446" lon="9.147798">
        <ele>257</ele>
        <extensions>
          <gpxtpx:TrackPointExtension>
            <gpxtpx:Extensions>
              <highway>trunk</highway>
              <surface>asphalt</surface>
              <maxspeed>100</maxspeed>
              <oneway>yes</oneway>
            </gpxtpx:Extensions>
          </gpxtpx:TrackPointExtension>
        </extensions>
      </trkpt>
      <trkpt lat="48.928933" lon="9.148121">
        <ele>258.5</ele>
        <extensions>
          <gpxtpx:TrackPointExtension>
            <gpxtpx:Extensions>
              <highway>trunk</highway>
              <surface>asphalt</surface>
              <maxspeed>100</maxspeed>
              <oneway>yes</oneway>
            </gpxtpx:Extensions>
          </gpxtpx:TrackPointExtension>
        </extensions>
      </trkpt>
      <trkpt lat="48.928602" lon="9.148358">
        <ele>259</ele>
        <extensions>
          <gpxtpx:TrackPointExtension>
            <gpxtpx:Extensions>
              <highway>trunk</highway>
              <surface>asphalt</surface>
              <maxspeed>100</maxspeed>
              <oneway>yes</oneway>
            </gpxtpx:Extensions>
          </gpxtpx:TrackPointExtension>
        </extensions>
      </trkpt>
      <trkpt lat="48.928123" lon="9.14872">
        <ele>259.5</ele>
        <extensions>
          <gpxtpx:TrackPointExtension>
            <gpxtpx:Extensions>
              <highway>trunk</highway>
              <surface>asphalt</surface>
              <maxspeed>100</maxspeed>
              <oneway>yes</oneway>
            </gpxtpx:Extensions>
          </gpxtpx:TrackPointExtension>
        </extensions>
      </trkpt>
      <trkpt lat="48.927768" lon="9.149023">
        <ele>262</ele>
        <extensions>
          <gpxtpx:TrackPointExtension>
            <gpxtpx:Extensions>
              <highway>trunk</highway>
              <surface>asphalt</surface>
              <maxspeed>100</maxspeed>
              <oneway>yes</oneway>
            </gpxtpx:Extensions>
          </gpxtpx:TrackPointExtension>
        </extensions>
      </trkpt>
      <trkpt lat="48.927217" lon="9.149557">
        <ele>265.25</ele>
        <extensions>
          <gpxtpx:TrackPointExtension>
            <gpxtpx:Extensions>
              <highway>trunk</highway>
              <surface>asphalt</surface>
              <maxspeed>100</maxspeed>
              <oneway>yes</oneway>
            </gpxtpx:Extensions>
          </gpxtpx:TrackPointExtension>
        </extensions>
      </trkpt>
      <trkpt lat="48.927015" lon="9.149786">
        <ele>265.75</ele>
        <extensions>
          <gpxtpx:TrackPointExtension>
            <gpxtpx:Extensions>
              <highway>trunk</highway>
              <surface>asphalt</surface>
              <maxspeed>100</maxspeed>
              <oneway>yes</oneway>
            </gpxtpx:Extensions>
          </gpxtpx:TrackPointExtension>
        </extensions>
      </trkpt>
      <trkpt lat="48.926713" lon="9.150146">
        <ele>267.5</ele>
        <extensions>
          <gpxtpx:TrackPointExtension>
            <gpxtpx:Extensions>
              <highway>trunk</highway>
              <surface>asphalt</surface>
              <maxspeed>100</maxspeed>
              <oneway>yes</oneway>
            </gpxtpx:Extensions>
          </gpxtpx:TrackPointExtension>
        </extensions>
      </trkpt>
      <trkpt lat="48.926414" lon="9.150544">
        <ele>269</ele>
        <extensions>
          <gpxtpx:TrackPointExtension>
            <gpxtpx:Extensions>
              <highway>trunk</highway>
              <surface>asphalt</surface>
              <maxspeed>100</maxspeed>
              <oneway>yes</oneway>
            </gpxtpx:Extensions>
          </gpxtpx:TrackPointExtension>
        </extensions>
      </trkpt>
      <trkpt lat="48.926056" lon="9.151059">
        <ele>268.75</ele>
        <extensions>
          <gpxtpx:TrackPointExtension>
            <gpxtpx:Extensions>
              <highway>trunk</highway>
              <surface>asphalt</surface>
              <maxspeed>100</maxspeed>
              <oneway>yes</oneway>
            </gpxtpx:Extensions>
          </gpxtpx:TrackPointExtension>
        </extensions>
      </trkpt>
      <trkpt lat="48.925433" lon="9.151966">
        <ele>268.25</ele>
        <extensions>
          <gpxtpx:TrackPointExtension>
            <gpxtpx:Extensions>
              <highway>trunk</highway>
              <surface>asphalt</surface>
              <maxspeed>100</maxspeed>
              <oneway>yes</oneway>
            </gpxtpx:Extensions>
          </gpxtpx:TrackPointExtension>
        </extensions>
      </trkpt>
      <trkpt lat="48.924771" lon="9.152881">
        <ele>264.75</ele>
        <extensions>
          <gpxtpx:TrackPointExtension>
            <gpxtpx:Extensions>
              <highway>trunk</highway>
              <surface>asphalt</surface>
              <maxspeed>100</maxspeed>
              <oneway>yes</oneway>
            </gpxtpx:Extensions>
          </gpxtpx:TrackPointExtension>
        </extensions>
      </trkpt>
      <trkpt lat="48.924364" lon="9.153382">
        <ele>260.5</ele>
        <extensions>
          <gpxtpx:TrackPointExtension>
            <gpxtpx:Extensions>
              <highway>trunk</highway>
              <surface>asphalt</surface>
              <maxspeed>100</maxspeed>
              <oneway>yes</oneway>
            </gpxtpx:Extensions>
          </gpxtpx:TrackPointExtension>
        </extensions>
      </trkpt>
      <trkpt lat="48.923983" lon="9.153809">
        <ele>257</ele>
        <extensions>
          <gpxtpx:TrackPointExtension>
            <gpxtpx:Extensions>
              <highway>trunk</highway>
              <surface>asphalt</surface>
              <maxspeed>100</maxspeed>
              <oneway>yes</oneway>
            </gpxtpx:Extensions>
          </gpxtpx:TrackPointExtension>
        </extensions>
      </trkpt>
      <trkpt lat="48.923785" lon="9.154019">
        <ele>255.75</ele>
        <extensions>
          <gpxtpx:TrackPointExtension>
            <gpxtpx:Extensions>
              <highway>trunk</highway>
              <surface>asphalt</surface>
              <maxspeed>70</maxspeed>
              <oneway>yes</oneway>
            </gpxtpx:Extensions>
          </gpxtpx:TrackPointExtension>
        </extensions>
      </trkpt>
      <trkpt lat="48.923573" lon="9.154224">
        <ele>254.75</ele>
        <extensions>
          <gpxtpx:TrackPointExtension>
            <gpxtpx:Extensions>
              <highway>trunk</highway>
              <surface>asphalt</surface>
              <maxspeed>70</maxspeed>
              <oneway>yes</oneway>
            </gpxtpx:Extensions>
          </gpxtpx:TrackPointExtension>
        </extensions>
      </trkpt>
      <trkpt lat="48.923178" lon="9.154619">
        <ele>253.5</ele>
        <extensions>
          <gpxtpx:TrackPointExtension>
            <gpxtpx:Extensions>
              <highway>trunk</highway>
              <surface>asphalt</surface>
              <maxspeed>70</maxspeed>
              <oneway>yes</oneway>
            </gpxtpx:Extensions>
          </gpxtpx:TrackPointExtension>
        </extensions>
      </trkpt>
      <trkpt lat="48.922552" lon="9.155206">
        <ele>251.25</ele>
        <extensions>
          <gpxtpx:TrackPointExtension>
            <gpxtpx:Extensions>
              <highway>trunk</highway>
              <surface>asphalt</surface>
              <maxspeed>70</maxspeed>
              <oneway>yes</oneway>
            </gpxtpx:Extensions>
          </gpxtpx:TrackPointExtension>
        </extensions>
      </trkpt>
      <trkpt lat="48.922111" lon="9.155601">
        <ele>249</ele>
        <extensions>
          <gpxtpx:TrackPointExtension>
            <gpxtpx:Extensions>
              <highway>trunk</highway>
              <surface>asphalt</surface>
              <maxspeed>70</maxspeed>
              <oneway>yes</oneway>
            </gpxtpx:Extensions>
          </gpxtpx:TrackPointExtension>
        </extensions>
      </trkpt>
      <trkpt lat="48.922051" lon="9.155781">
        <ele>248.5</ele>
        <extensions>
          <gpxtpx:TrackPointExtension>
            <gpxtpx:Extensions>
              <highway>motorway_link</highway>
              <surface>asphalt</surface>
              <maxspeed>70</maxspeed>
              <oneway>yes</oneway>
            </gpxtpx:Extensions>
          </gpxtpx:TrackPointExtension>
        </extensions>
      </trkpt>
      <trkpt lat="48.92184" lon="9.155983">
        <ele>247.75</ele>
        <extensions>
          <gpxtpx:TrackPointExtension>
            <gpxtpx:Extensions>
              <highway>motorway_link</highway>
              <surface>asphalt</surface>
              <maxspeed>70</maxspeed>
              <oneway>yes</oneway>
            </gpxtpx:Extensions>
          </gpxtpx:TrackPointExtension>
        </extensions>
      </trkpt>
      <trkpt lat="48.921287" lon="9.156592">
        <ele>247.5</ele>
        <extensions>
          <gpxtpx:TrackPointExtension>
            <gpxtpx:Extensions>
              <highway>motorway_link</highway>
              <surface>asphalt</surface>
              <maxspeed>70</maxspeed>
              <oneway>yes</oneway>
            </gpxtpx:Extensions>
          </gpxtpx:TrackPointExtension>
        </extensions>
      </trkpt>
      <trkpt lat="48.920261" lon="9.15759">
        <ele>249.25</ele>
        <extensions>
          <gpxtpx:TrackPointExtension>
            <gpxtpx:Extensions>
              <highway>motorway_link</highway>
              <surface>asphalt</surface>
              <maxspeed>70</maxspeed>
              <oneway>yes</oneway>
            </gpxtpx:Extensions>
          </gpxtpx:TrackPointExtension>
        </extensions>
      </trkpt>
      <trkpt lat="48.920067" lon="9.157815">
        <ele>249.5</ele>
        <extensions>
          <gpxtpx:TrackPointExtension>
            <gpxtpx:Extensions>
              <highway>motorway_link</highway>
              <surface>asphalt</surface>
              <maxspeed>70</maxspeed>
              <oneway>yes</oneway>
            </gpxtpx:Extensions>
          </gpxtpx:TrackPointExtension>
        </extensions>
      </trkpt>
      <trkpt lat="48.91988" lon="9.158063">
        <ele>250.25</ele>
        <extensions>
          <gpxtpx:TrackPointExtension>
            <gpxtpx:Extensions>
              <highway>motorway_link</highway>
              <surface>asphalt</surface>
              <maxspeed>70</maxspeed>
              <oneway>yes</oneway>
            </gpxtpx:Extensions>
          </gpxtpx:TrackPointExtension>
        </extensions>
      </trkpt>
      <trkpt lat="48.919701" lon="9.158329">
        <ele>250.5</ele>
        <extensions>
          <gpxtpx:TrackPointExtension>
            <gpxtpx:Extensions>
              <highway>motorway_link</highway>
              <surface>asphalt</surface>
              <maxspeed>70</maxspeed>
              <oneway>yes</oneway>
            </gpxtpx:Extensions>
          </gpxtpx:TrackPointExtension>
        </extensions>
      </trkpt>
      <trkpt lat="48.919582" lon="9.158483">
        <ele>250</ele>
        <extensions>
          <gpxtpx:TrackPointExtension>
            <gpxtpx:Extensions>
              <highway>motorway_link</highway>
              <surface>asphalt</surface>
              <maxspeed>70</maxspeed>
              <oneway>yes</oneway>
            </gpxtpx:Extensions>
          </gpxtpx:TrackPointExtension>
        </extensions>
      </trkpt>
      <trkpt lat="48.919485" lon="9.158584">
        <ele>250</ele>
        <extensions>
          <gpxtpx:TrackPointExtension>
            <gpxtpx:Extensions>
              <highway>motorway_link</highway>
              <surface>asphalt</surface>
              <maxspeed>70</maxspeed>
              <oneway>yes</oneway>
            </gpxtpx:Extensions>
          </gpxtpx:TrackPointExtension>
        </extensions>
      </trkpt>
      <trkpt lat="48.919384" lon="9.158659">
        <ele>249.5</ele>
        <extensions>
          <gpxtpx:TrackPointExtension>
            <gpxtpx:Extensions>
              <highway>motorway_link</highway>
              <surface>asphalt</surface>
              <maxspeed>70</maxspeed>
              <oneway>yes</oneway>
            </gpxtpx:Extensions>
          </gpxtpx:TrackPointExtension>
        </extensions>
      </trkpt>
      <trkpt lat="48.919268" lon="9.158709">
        <ele>249.25</ele>
        <extensions>
          <gpxtpx:TrackPointExtension>
            <gpxtpx:Extensions>
              <highway>motorway_link</highway>
              <surface>asphalt</surface>
              <maxspeed>70</maxspeed>
              <oneway>yes</oneway>
            </gpxtpx:Extensions>
          </gpxtpx:TrackPointExtension>
        </extensions>
      </trkpt>
      <trkpt lat="48.919142" lon="9.158734">
        <ele>249</ele>
        <extensions>
          <gpxtpx:TrackPointExtension>
            <gpxtpx:Extensions>
              <highway>motorway_link</highway>
              <surface>asphalt</surface>
              <maxspeed>70</maxspeed>
              <oneway>yes</oneway>
            </gpxtpx:Extensions>
          </gpxtpx:TrackPointExtension>
        </extensions>
      </trkpt>
      <trkpt lat="48.919014" lon="9.158727">
        <ele>248.75</ele>
        <extensions>
          <gpxtpx:TrackPointExtension>
            <gpxtpx:Extensions>
              <highway>motorway_link</highway>
              <surface>asphalt</surface>
              <maxspeed>70</maxspeed>
              <oneway>yes</oneway>
            </gpxtpx:Extensions>
          </gpxtpx:TrackPointExtension>
        </extensions>
      </trkpt>
      <trkpt lat="48.918915" lon="9.1587">
        <ele>248.5</ele>
        <extensions>
          <gpxtpx:TrackPointExtension>
            <gpxtpx:Extensions>
              <highway>motorway_link</highway>
              <surface>asphalt</surface>
              <maxspeed>70</maxspeed>
              <oneway>yes</oneway>
            </gpxtpx:Extensions>
          </gpxtpx:TrackPointExtension>
        </extensions>
      </trkpt>
      <trkpt lat="48.918815" lon="9.158648">
        <ele>248.25</ele>
        <extensions>
          <gpxtpx:TrackPointExtension>
            <gpxtpx:Extensions>
              <highway>motorway_link</highway>
              <surface>asphalt</surface>
              <maxspeed>70</maxspeed>
              <oneway>yes</oneway>
            </gpxtpx:Extensions>
          </gpxtpx:TrackPointExtension>
        </extensions>
      </trkpt>
      <trkpt lat="48.918745" lon="9.158597">
        <ele>248.25</ele>
        <extensions>
          <gpxtpx:TrackPointExtension>
            <gpxtpx:Extensions>
              <highway>motorway_link</highway>
              <surface>asphalt</surface>
              <maxspeed>70</maxspeed>
              <oneway>yes</oneway>
            </gpxtpx:Extensions>
          </gpxtpx:TrackPointExtension>
        </extensions>
      </trkpt>
      <trkpt lat="48.918678" lon="9.158527">
        <ele>248</ele>
        <extensions>
          <gpxtpx:TrackPointExtension>
            <gpxtpx:Extensions>
              <highway>motorway_link</highway>
              <surface>asphalt</surface>
              <maxspeed>70</maxspeed>
              <oneway>yes</oneway>
            </gpxtpx:Extensions>
          </gpxtpx:TrackPointExtension>
        </extensions>
      </trkpt>
      <trkpt lat="48.918539" lon="9.158345">
        <ele>247.75</ele>
        <extensions>
          <gpxtpx:TrackPointExtension>
            <gpxtpx:Extensions>
              <highway>motorway_link</highway>
              <surface>asphalt</surface>
              <maxspeed>70</maxspeed>
              <oneway>yes</oneway>
            </gpxtpx:Extensions>
          </gpxtpx:TrackPointExtension>
        </extensions>
      </trkpt>
      <trkpt lat="48.918467" lon="9.158185">
        <ele>248.25</ele>
        <extensions>
          <gpxtpx:TrackPointExtension>
            <gpxtpx:Extensions>
              <highway>motorway_link</highway>
              <surface>asphalt</surface>
              <maxspeed>70</maxspeed>
              <oneway>yes</oneway>
            </gpxtpx:Extensions>
          </gpxtpx:TrackPointExtension>
        </extensions>
      </trkpt>
      <trkpt lat="48.918404" lon="9.157993">
        <ele>248.75</ele>
        <extensions>
          <gpxtpx:TrackPointExtension>
            <gpxtpx:Extensions>
              <highway>motorway_link</highway>
              <surface>asphalt</surface>
              <maxspeed>70</maxspeed>
              <oneway>yes</oneway>
            </gpxtpx:Extensions>
          </gpxtpx:TrackPointExtension>
        </extensions>
      </trkpt>
      <trkpt lat="48.918362" lon="9.157797">
        <ele>249.25</ele>
        <extensions>
          <gpxtpx:TrackPointExtension>
            <gpxtpx:Extensions>
              <highway>motorway_link</highway>
              <surface>asphalt</surface>
              <maxspeed>70</maxspeed>
              <oneway>yes</oneway>
            </gpxtpx:Extensions>
          </gpxtpx:TrackPointExtension>
        </extensions>
      </trkpt>
      <trkpt lat="48.918331" lon="9.157591">
        <ele>249.75</ele>
        <extensions>
          <gpxtpx:TrackPointExtension>
            <gpxtpx:Extensions>
              <highway>motorway_link</highway>
              <surface>asphalt</surface>
              <maxspeed>70</maxspeed>
              <oneway>yes</oneway>
            </gpxtpx:Extensions>
          </gpxtpx:TrackPointExtension>
        </extensions>
      </trkpt>
      <trkpt lat="48.91824" lon="9.156872">
        <ele>251</ele>
        <extensions>
          <gpxtpx:TrackPointExtension>
            <gpxtpx:Extensions>
              <highway>motorway_link</highway>
              <surface>asphalt</surface>
              <maxspeed>70</maxspeed>
              <oneway>yes</oneway>
            </gpxtpx:Extensions>
          </gpxtpx:TrackPointExtension>
        </extensions>
      </trkpt>
      <trkpt lat="48.918206" lon="9.156695">
        <ele>251.25</ele>
        <extensions>
          <gpxtpx:TrackPointExtension>
            <gpxtpx:Extensions>
              <highway>motorway_link</highway>
              <surface>asphalt</surface>
              <maxspeed>70</maxspeed>
              <oneway>yes</oneway>
            </gpxtpx:Extensions>
          </gpxtpx:TrackPointExtension>
        </extensions>
      </trkpt>
      <trkpt lat="48.918169" lon="9.156579">
        <ele>251</ele>
        <extensions>
          <gpxtpx:TrackPointExtension>
            <gpxtpx:Extensions>
              <highway>motorway_link</highway>
              <surface>asphalt</surface>
              <maxspeed>70</maxspeed>
              <oneway>yes</oneway>
            </gpxtpx:Extensions>
          </gpxtpx:TrackPointExtension>
        </extensions>
      </trkpt>
      <trkpt lat="48.918118" lon="9.156458">
        <ele>250.75</ele>
        <extensions>
          <gpxtpx:TrackPointExtension>
            <gpxtpx:Extensions>
              <highway>motorway_link</highway>
              <surface>asphalt</surface>
              <maxspeed>70</maxspeed>
              <oneway>yes</oneway>
            </gpxtpx:Extensions>
          </gpxtpx:TrackPointExtension>
        </extensions>
      </trkpt>
      <trkpt lat="48.918029" lon="9.156299">
        <ele>250.5</ele>
        <extensions>
          <gpxtpx:TrackPointExtension>
            <gpxtpx:Extensions>
              <highway>motorway_link</highway>
              <surface>asphalt</surface>
              <maxspeed>70</maxspeed>
              <oneway>yes</oneway>
            </gpxtpx:Extensions>
          </gpxtpx:TrackPointExtension>
        </extensions>
      </trkpt>
      <trkpt lat="48.917944" lon="9.156192">
        <ele>250</ele>
        <extensions>
          <gpxtpx:TrackPointExtension>
            <gpxtpx:Extensions>
              <highway>motorway_link</highway>
              <surface>asphalt</surface>
              <maxspeed>70</maxspeed>
              <oneway>yes</oneway>
            </gpxtpx:Extensions>
          </gpxtpx:TrackPointExtension>
        </extensions>
      </trkpt>
      <trkpt lat="48.917832" lon="9.156089">
        <ele>249.5</ele>
        <extensions>
          <gpxtpx:TrackPointExtension>
            <gpxtpx:Extensions>
              <highway>motorway_link</highway>
              <surface>asphalt</surface>
              <maxspeed>70</maxspeed>
              <oneway>yes</oneway>
            </gpxtpx:Extensions>
          </gpxtpx:TrackPointExtension>
        </extensions>
      </trkpt>
      <trkpt lat="48.917702" lon="9.156007">
        <ele>248.75</ele>
        <extensions>
          <gpxtpx:TrackPointExtension>
            <gpxtpx:Extensions>
              <highway>motorway_link</highway>
              <surface>asphalt</surface>
              <maxspeed>70</maxspeed>
              <oneway>yes</oneway>
            </gpxtpx:Extensions>
          </gpxtpx:TrackPointExtension>
        </extensions>
      </trkpt>
      <trkpt lat="48.91744" lon="9.155878">
        <ele>247.75</ele>
        <extensions>
          <gpxtpx:TrackPointExtension>
            <gpxtpx:Extensions>
              <highway>motorway_link</highway>
              <surface>asphalt</surface>
              <maxspeed>70</maxspeed>
              <oneway>yes</oneway>
            </gpxtpx:Extensions>
          </gpxtpx:TrackPointExtension>
        </extensions>
      </trkpt>
      <trkpt lat="48.91713" lon="9.155733">
        <ele>247.75</ele>
        <extensions>
          <gpxtpx:TrackPointExtension>
            <gpxtpx:Extensions>
              <highway>motorway_link</highway>
              <surface>asphalt</surface>
              <maxspeed>unknown</maxspeed>
              <oneway>yes</oneway>
            </gpxtpx:Extensions>
          </gpxtpx:TrackPointExtension>
        </extensions>
      </trkpt>
      <trkpt lat="48.916765" lon="9.155555">
        <ele>247.75</ele>
        <extensions>
          <gpxtpx:TrackPointExtension>
            <gpxtpx:Extensions>
              <highway>motorway_link</highway>
              <surface>asphalt</surface>
              <maxspeed>unknown</maxspeed>
              <oneway>yes</oneway>
            </gpxtpx:Extensions>
          </gpxtpx:TrackPointExtension>
        </extensions>
      </trkpt>
      <trkpt lat="48.916216" lon="9.155168">
        <ele>247.75</ele>
        <extensions>
          <gpxtpx:TrackPointExtension>
            <gpxtpx:Extensions>
              <highway>motorway_link</highway>
              <surface>asphalt</surface>
              <maxspeed>unknown</maxspeed>
              <oneway>yes</oneway>
            </gpxtpx:Extensions>
          </gpxtpx:TrackPointExtension>
        </extensions>
      </trkpt>
      <trkpt lat="48.91564" lon="9.154992">
        <ele>248</ele>
        <extensions>
          <gpxtpx:TrackPointExtension>
            <gpxtpx:Extensions>
              <highway>motorway</highway>
              <surface>asphalt</surface>
              <maxspeed>unknown</maxspeed>
              <oneway>yes</oneway>
            </gpxtpx:Extensions>
          </gpxtpx:TrackPointExtension>
        </extensions>
      </trkpt>
      <trkpt lat="48.91515" lon="9.154869">
        <ele>248.25</ele>
        <extensions>
          <gpxtpx:TrackPointExtension>
            <gpxtpx:Extensions>
              <highway>motorway</highway>
              <surface>asphalt</surface>
              <maxspeed>unknown</maxspeed>
              <oneway>yes</oneway>
            </gpxtpx:Extensions>
          </gpxtpx:TrackPointExtension>
        </extensions>
      </trkpt>
      <trkpt lat="48.914647" lon="9.154762">
        <ele>247</ele>
        <extensions>
          <gpxtpx:TrackPointExtension>
            <gpxtpx:Extensions>
              <highway>motorway</highway>
              <surface>asphalt</surface>
              <maxspeed>unknown</maxspeed>
              <oneway>yes</oneway>
            </gpxtpx:Extensions>
          </gpxtpx:TrackPointExtension>
        </extensions>
      </trkpt>
      <trkpt lat="48.913992" lon="9.154662">
        <ele>244.5</ele>
        <extensions>
          <gpxtpx:TrackPointExtension>
            <gpxtpx:Extensions>
              <highway>motorway</highway>
              <surface>asphalt</surface>
              <maxspeed>unknown</maxspeed>
              <oneway>yes</oneway>
            </gpxtpx:Extensions>
          </gpxtpx:TrackPointExtension>
        </extensions>
      </trkpt>
      <trkpt lat="48.913482" lon="9.154607">
        <ele>244.5</ele>
        <extensions>
          <gpxtpx:TrackPointExtension>
            <gpxtpx:Extensions>
              <highway>motorway</highway>
              <surface>asphalt</surface>
              <maxspeed>unknown</maxspeed>
              <oneway>yes</oneway>
            </gpxtpx:Extensions>
          </gpxtpx:TrackPointExtension>
        </extensions>
      </trkpt>
      <trkpt lat="48.912878" lon="9.154585">
        <ele>243.25</ele>
        <extensions>
          <gpxtpx:TrackPointExtension>
            <gpxtpx:Extensions>
              <highway>motorway</highway>
              <surface>asphalt</surface>
              <maxspeed>unknown</maxspeed>
              <oneway>yes</oneway>
            </gpxtpx:Extensions>
          </gpxtpx:TrackPointExtension>
        </extensions>
      </trkpt>
      <trkpt lat="48.909886" lon="9.154591">
        <ele>254.5</ele>
        <extensions>
          <gpxtpx:TrackPointExtension>
            <gpxtpx:Extensions>
              <highway>motorway</highway>
              <surface>asphalt</surface>
              <maxspeed>unknown</maxspeed>
              <oneway>yes</oneway>
            </gpxtpx:Extensions>
          </gpxtpx:TrackPointExtension>
        </extensions>
      </trkpt>
      <trkpt lat="48.906856" lon="9.154613">
        <ele>269.5</ele>
        <extensions>
          <gpxtpx:TrackPointExtension>
            <gpxtpx:Extensions>
              <highway>motorway</highway>
              <surface>asphalt</surface>
              <maxspeed>unknown</maxspeed>
              <oneway>yes</oneway>
            </gpxtpx:Extensions>
          </gpxtpx:TrackPointExtension>
        </extensions>
      </trkpt>
      <trkpt lat="48.905067" lon="9.154619">
        <ele>265.25</ele>
        <extensions>
          <gpxtpx:TrackPointExtension>
            <gpxtpx:Extensions>
              <highway>motorway</highway>
              <surface>asphalt</surface>
              <maxspeed>unknown</maxspeed>
              <oneway>yes</oneway>
            </gpxtpx:Extensions>
          </gpxtpx:TrackPointExtension>
        </extensions>
      </trkpt>
      <trkpt lat="48.904649" lon="9.154626">
        <ele>266.25</ele>
        <extensions>
          <gpxtpx:TrackPointExtension>
            <gpxtpx:Extensions>
              <highway>motorway</highway>
              <surface>asphalt</surface>
              <maxspeed>unknown</maxspeed>
              <oneway>yes</oneway>
            </gpxtpx:Extensions>
          </gpxtpx:TrackPointExtension>
        </extensions>
      </trkpt>
      <trkpt lat="48.904172" lon="9.154626">
        <ele>267.75</ele>
        <extensions>
          <gpxtpx:TrackPointExtension>
            <gpxtpx:Extensions>
              <highway>motorway</highway>
              <surface>asphalt</surface>
              <maxspeed>unknown</maxspeed>
              <oneway>yes</oneway>
            </gpxtpx:Extensions>
          </gpxtpx:TrackPointExtension>
        </extensions>
      </trkpt>
      <trkpt lat="48.903677" lon="9.154597">
        <ele>267.75</ele>
        <extensions>
          <gpxtpx:TrackPointExtension>
            <gpxtpx:Extensions>
              <highway>motorway</highway>
              <surface>asphalt</surface>
              <maxspeed>unknown</maxspeed>
              <oneway>yes</oneway>
            </gpxtpx:Extensions>
          </gpxtpx:TrackPointExtension>
        </extensions>
      </trkpt>
      <trkpt lat="48.903276" lon="9.15457">
        <ele>272.75</ele>
        <extensions>
          <gpxtpx:TrackPointExtension>
            <gpxtpx:Extensions>
              <highway>motorway</highway>
              <surface>asphalt</surface>
              <maxspeed>unknown</maxspeed>
              <oneway>yes</oneway>
            </gpxtpx:Extensions>
          </gpxtpx:TrackPointExtension>
        </extensions>
      </trkpt>
      <trkpt lat="48.902889" lon="9.154518">
        <ele>277.5</ele>
        <extensions>
          <gpxtpx:TrackPointExtension>
            <gpxtpx:Extensions>
              <highway>motorway</highway>
              <surface>asphalt</surface>
              <maxspeed>unknown</maxspeed>
              <oneway>yes</oneway>
            </gpxtpx:Extensions>
          </gpxtpx:TrackPointExtension>
        </extensions>
      </trkpt>
      <trkpt lat="48.902313" lon="9.154404">
        <ele>285</ele>
        <extensions>
          <gpxtpx:TrackPointExtension>
            <gpxtpx:Extensions>
              <highway>motorway</highway>
              <surface>asphalt</surface>
              <maxspeed>unknown</maxspeed>
              <oneway>yes</oneway>
            </gpxtpx:Extensions>
          </gpxtpx:TrackPointExtension>
        </extensions>
      </trkpt>
      <trkpt lat="48.901807" lon="9.154275">
        <ele>287.75</ele>
        <extensions>
          <gpxtpx:TrackPointExtension>
            <gpxtpx:Extensions>
              <highway>motorway</highway>
              <surface>asphalt</surface>
              <maxspeed>unknown</maxspeed>
              <oneway>yes</oneway>
            </gpxtpx:Extensions>
          </gpxtpx:TrackPointExtension>
        </extensions>
      </trkpt>
      <trkpt lat="48.901148" lon="9.154065">
        <ele>293</ele>
        <extensions>
          <gpxtpx:TrackPointExtension>
            <gpxtpx:Extensions>
              <highway>motorway</highway>
              <surface>asphalt</surface>
              <maxspeed>unknown</maxspeed>
              <oneway>yes</oneway>
            </gpxtpx:Extensions>
          </gpxtpx:TrackPointExtension>
        </extensions>
      </trkpt>
      <trkpt lat="48.900535" lon="9.153821">
        <ele>297.25</ele>
        <extensions>
          <gpxtpx:TrackPointExtension>
            <gpxtpx:Extensions>
              <highway>motorway</highway>
              <surface>asphalt</surface>
              <maxspeed>unknown</maxspeed>
              <oneway>yes</oneway>
            </gpxtpx:Extensions>
          </gpxtpx:TrackPointExtension>
        </extensions>
      </trkpt>
      <trkpt lat="48.900022" lon="9.153576">
        <ele>300.5</ele>
        <extensions>
          <gpxtpx:TrackPointExtension>
            <gpxtpx:Extensions>
              <highway>motorway</highway>
              <surface>asphalt</surface>
              <maxspeed>unknown</maxspeed>
              <oneway>yes</oneway>
            </gpxtpx:Extensions>
          </gpxtpx:TrackPointExtension>
        </extensions>
      </trkpt>
      <trkpt lat="48.898692" lon="9.152878">
        <ele>302.5</ele>
        <extensions>
          <gpxtpx:TrackPointExtension>
            <gpxtpx:Extensions>
              <highway>motorway</highway>
              <surface>asphalt</surface>
              <maxspeed>unknown</maxspeed>
              <oneway>yes</oneway>
            </gpxtpx:Extensions>
          </gpxtpx:TrackPointExtension>
        </extensions>
      </trkpt>
      <trkpt lat="48.895475" lon="9.151192">
        <ele>308.75</ele>
        <extensions>
          <gpxtpx:TrackPointExtension>
            <gpxtpx:Extensions>
              <highway>motorway</highway>
              <surface>asphalt</surface>
              <maxspeed>unknown</maxspeed>
              <oneway>yes</oneway>
            </gpxtpx:Extensions>
          </gpxtpx:TrackPointExtension>
        </extensions>
      </trkpt>
      <trkpt lat="48.894442" lon="9.150646">
        <ele>310.25</ele>
        <extensions>
          <gpxtpx:TrackPointExtension>
            <gpxtpx:Extensions>
              <highway>motorway</highway>
              <surface>asphalt</surface>
              <maxspeed>unknown</maxspeed>
              <oneway>yes</oneway>
            </gpxtpx:Extensions>
          </gpxtpx:TrackPointExtension>
        </extensions>
      </trkpt>
      <trkpt lat="48.891424" lon="9.149059">
        <ele>310.25</ele>
        <extensions>
          <gpxtpx:TrackPointExtension>
            <gpxtpx:Extensions>
              <highway>motorway</highway>
              <surface>asphalt</surface>
              <maxspeed>unknown</maxspeed>
              <oneway>yes</oneway>
            </gpxtpx:Extensions>
          </gpxtpx:TrackPointExtension>
        </extensions>
      </trkpt>
      <trkpt lat="48.891166" lon="9.148928">
        <ele>310.25</ele>
        <extensions>
          <gpxtpx:TrackPointExtension>
            <gpxtpx:Extensions>
              <highway>motorway</highway>
              <surface>asphalt</surface>
              <maxspeed>unknown</maxspeed>
              <oneway>yes</oneway>
            </gpxtpx:Extensions>
          </gpxtpx:TrackPointExtension>
        </extensions>
      </trkpt>
      <trkpt lat="48.890991" lon="9.148823">
        <ele>310.25</ele>
        <extensions>
          <gpxtpx:TrackPointExtension>
            <gpxtpx:Extensions>
              <highway>motorway</highway>
              <surface>asphalt</surface>
              <maxspeed>unknown</maxspeed>
              <oneway>yes</oneway>
            </gpxtpx:Extensions>
          </gpxtpx:TrackPointExtension>
        </extensions>
      </trkpt>
      <trkpt lat="48.888358" lon="9.147447">
        <ele>311</ele>
        <extensions>
          <gpxtpx:TrackPointExtension>
            <gpxtpx:Extensions>
              <highway>motorway</highway>
              <surface>asphalt</surface>
              <maxspeed>unknown</maxspeed>
              <oneway>yes</oneway>
            </gpxtpx:Extensions>
          </gpxtpx:TrackPointExtension>
        </extensions>
      </trkpt>
      <trkpt lat="48.886481" lon="9.14646">
        <ele>305.75</ele>
        <extensions>
          <gpxtpx:TrackPointExtension>
            <gpxtpx:Extensions>
              <highway>motorway</highway>
              <surface>asphalt</surface>
              <maxspeed>unknown</maxspeed>
              <oneway>yes</oneway>
            </gpxtpx:Extensions>
          </gpxtpx:TrackPointExtension>
        </extensions>
      </trkpt>
      <trkpt lat="48.885739" lon="9.146069">
        <ele>301</ele>
        <extensions>
          <gpxtpx:TrackPointExtension>
            <gpxtpx:Extensions>
              <highway>motorway</highway>
              <surface>asphalt</surface>
              <maxspeed>unknown</maxspeed>
              <oneway>yes</oneway>
            </gpxtpx:Extensions>
          </gpxtpx:TrackPointExtension>
        </extensions>
      </trkpt>
      <trkpt lat="48.885531" lon="9.145958">
        <ele>300</ele>
        <extensions>
          <gpxtpx:TrackPointExtension>
            <gpxtpx:Extensions>
              <highway>motorway</highway>
              <surface>asphalt</surface>
              <maxspeed>unknown</maxspeed>
              <oneway>yes</oneway>
            </gpxtpx:Extensions>
          </gpxtpx:TrackPointExtension>
        </extensions>
      </trkpt>
      <trkpt lat="48.88494" lon="9.145648">
        <ele>298</ele>
        <extensions>
          <gpxtpx:TrackPointExtension>
            <gpxtpx:Extensions>
              <highway>motorway</highway>
              <surface>asphalt</surface>
              <maxspeed>unknown</maxspeed>
              <oneway>yes</oneway>
            </gpxtpx:Extensions>
          </gpxtpx:TrackPointExtension>
        </extensions>
      </trkpt>
      <trkpt lat="48.883013" lon="9.144638">
        <ele>307</ele>
        <extensions>
          <gpxtpx:TrackPointExtension>
            <gpxtpx:Extensions>
              <highway>motorway</highway>
              <surface>asphalt</surface>
              <maxspeed>unknown</maxspeed>
              <oneway>yes</oneway>
            </gpxtpx:Extensions>
          </gpxtpx:TrackPointExtension>
        </extensions>
      </trkpt>
      <trkpt lat="48.882441" lon="9.144327">
        <ele>309</ele>
        <extensions>
          <gpxtpx:TrackPointExtension>
            <gpxtpx:Extensions>
              <highway>motorway</highway>
              <surface>asphalt</surface>
              <maxspeed>unknown</maxspeed>
              <oneway>yes</oneway>
            </gpxtpx:Extensions>
          </gpxtpx:TrackPointExtension>
        </extensions>
      </trkpt>
      <trkpt lat="48.881818" lon="9.143972">
        <ele>308</ele>
        <extensions>
          <gpxtpx:TrackPointExtension>
            <gpxtpx:Extensions>
              <highway>motorway</highway>
              <surface>asphalt</surface>
              <maxspeed>unknown</maxspeed>
              <oneway>yes</oneway>
            </gpxtpx:Extensions>
          </gpxtpx:TrackPointExtension>
        </extensions>
      </trkpt>
      <trkpt lat="48.881253" lon="9.14363">
        <ele>307.75</ele>
        <extensions>
          <gpxtpx:TrackPointExtension>
            <gpxtpx:Extensions>
              <highway>motorway</highway>
              <surface>asphalt</surface>
              <maxspeed>unknown</maxspeed>
              <oneway>yes</oneway>
            </gpxtpx:Extensions>
          </gpxtpx:TrackPointExtension>
        </extensions>
      </trkpt>
      <trkpt lat="48.880372" lon="9.143067">
        <ele>307.75</ele>
        <extensions>
          <gpxtpx:TrackPointExtension>
            <gpxtpx:Extensions>
              <highway>motorway</highway>
              <surface>asphalt</surface>
              <maxspeed>unknown</maxspeed>
              <oneway>yes</oneway>
            </gpxtpx:Extensions>
          </gpxtpx:TrackPointExtension>
        </extensions>
      </trkpt>
      <trkpt lat="48.879946" lon="9.142777">
        <ele>307.75</ele>
        <extensions>
          <gpxtpx:TrackPointExtension>
            <gpxtpx:Extensions>
              <highway>motorway</highway>
              <surface>asphalt</surface>
              <maxspeed>unknown</maxspeed>
              <oneway>yes</oneway>
            </gpxtpx:Extensions>
          </gpxtpx:TrackPointExtension>
        </extensions>
      </trkpt>
      <trkpt lat="48.879157" lon="9.142219">
        <ele>309.25</ele>
        <extensions>
          <gpxtpx:TrackPointExtension>
            <gpxtpx:Extensions>
              <highway>motorway</highway>
              <surface>asphalt</surface>
              <maxspeed>unknown</maxspeed>
              <oneway>yes</oneway>
            </gpxtpx:Extensions>
          </gpxtpx:TrackPointExtension>
        </extensions>
      </trkpt>
      <trkpt lat="48.878554" lon="9.14176">
        <ele>311.75</ele>
        <extensions>
          <gpxtpx:TrackPointExtension>
            <gpxtpx:Extensions>
              <highway>motorway</highway>
              <surface>asphalt</surface>
              <maxspeed>unknown</maxspeed>
              <oneway>yes</oneway>
            </gpxtpx:Extensions>
          </gpxtpx:TrackPointExtension>
        </extensions>
      </trkpt>
      <trkpt lat="48.878469" lon="9.141693">
        <ele>312</ele>
        <extensions>
          <gpxtpx:TrackPointExtension>
            <gpxtpx:Extensions>
              <highway>motorway</highway>
              <surface>asphalt</surface>
              <maxspeed>unknown</maxspeed>
              <oneway>yes</oneway>
            </gpxtpx:Extensions>
          </gpxtpx:TrackPointExtension>
        </extensions>
      </trkpt>
      <trkpt lat="48.877817" lon="9.141177">
        <ele>313.5</ele>
        <extensions>
          <gpxtpx:TrackPointExtension>
            <gpxtpx:Extensions>
              <highway>motorway</highway>
              <surface>asphalt</surface>
              <maxspeed>unknown</maxspeed>
              <oneway>yes</oneway>
            </gpxtpx:Extensions>
          </gpxtpx:TrackPointExtension>
        </extensions>
      </trkpt>
      <trkpt lat="48.877366" lon="9.140804">
        <ele>315.25</ele>
        <extensions>
          <gpxtpx:TrackPointExtension>
            <gpxtpx:Extensions>
              <highway>motorway</highway>
              <surface>asphalt</surface>
              <maxspeed>unknown</maxspeed>
              <oneway>yes</oneway>
            </gpxtpx:Extensions>
          </gpxtpx:TrackPointExtension>
        </extensions>
      </trkpt>
      <trkpt lat="48.875894" lon="9.139538">
        <ele>320.5</ele>
        <extensions>
          <gpxtpx:TrackPointExtension>
            <gpxtpx:Extensions>
              <highway>motorway</highway>
              <surface>asphalt</surface>
              <maxspeed>unknown</maxspeed>
              <oneway>yes</oneway>
            </gpxtpx:Extensions>
          </gpxtpx:TrackPointExtension>
        </extensions>
      </trkpt>
      <trkpt lat="48.875399" lon="9.139111">
        <ele>321.25</ele>
        <extensions>
          <gpxtpx:TrackPointExtension>
            <gpxtpx:Extensions>
              <highway>motorway</highway>
              <surface>asphalt</surface>
              <maxspeed>unknown</maxspeed>
              <oneway>yes</oneway>
            </gpxtpx:Extensions>
          </gpxtpx:TrackPointExtension>
        </extensions>
      </trkpt>
      <trkpt lat="48.873748" lon="9.137688">
        <ele>328</ele>
        <extensions>
          <gpxtpx:TrackPointExtension>
            <gpxtpx:Extensions>
              <highway>motorway</highway>
              <surface>asphalt</surface>
              <maxspeed>unknown</maxspeed>
              <oneway>yes</oneway>
            </gpxtpx:Extensions>
          </gpxtpx:TrackPointExtension>
        </extensions>
      </trkpt>
      <trkpt lat="48.873702" lon="9.137649">
        <ele>328.25</ele>
        <extensions>
          <gpxtpx:TrackPointExtension>
            <gpxtpx:Extensions>
              <highway>motorway</highway>
              <surface>asphalt</surface>
              <maxspeed>unknown</maxspeed>
              <oneway>yes</oneway>
            </gpxtpx:Extensions>
          </gpxtpx:TrackPointExtension>
        </extensions>
      </trkpt>
      <trkpt lat="48.87361" lon="9.137567">
        <ele>328.5</ele>
        <extensions>
          <gpxtpx:TrackPointExtension>
            <gpxtpx:Extensions>
              <highway>motorway</highway>
              <surface>asphalt</surface>
              <maxspeed>unknown</maxspeed>
              <oneway>yes</oneway>
            </gpxtpx:Extensions>
          </gpxtpx:TrackPointExtension>
        </extensions>
      </trkpt>
      <trkpt lat="48.872482" lon="9.136602">
        <ele>332.75</ele>
        <extensions>
          <gpxtpx:TrackPointExtension>
            <gpxtpx:Extensions>
              <highway>motorway</highway>
              <surface>asphalt</surface>
              <maxspeed>unknown</maxspeed>
              <oneway>yes</oneway>
            </gpxtpx:Extensions>
          </gpxtpx:TrackPointExtension>
        </extensions>
      </trkpt>
      <trkpt lat="48.872233" lon="9.136388">
        <ele>333.25</ele>
        <extensions>
          <gpxtpx:TrackPointExtension>
            <gpxtpx:Extensions>
              <highway>motorway</highway>
              <surface>asphalt</surface>
              <maxspeed>unknown</maxspeed>
              <oneway>yes</oneway>
            </gpxtpx:Extensions>
          </gpxtpx:TrackPointExtension>
        </extensions>
      </trkpt>
      <trkpt lat="48.871983" lon="9.136173">
        <ele>334</ele>
        <extensions>
          <gpxtpx:TrackPointExtension>
            <gpxtpx:Extensions>
              <highway>motorway</highway>
              <surface>asphalt</surface>
              <maxspeed>unknown</maxspeed>
              <oneway>yes</oneway>
            </gpxtpx:Extensions>
          </gpxtpx:TrackPointExtension>
        </extensions>
      </trkpt>
      <trkpt lat="48.867375" lon="9.132198">
        <ele>326</ele>
        <extensions>
          <gpxtpx:TrackPointExtension>
            <gpxtpx:Extensions>
              <highway>motorway</highway>
              <surface>asphalt</surface>
              <maxspeed>unknown</maxspeed>
              <oneway>yes</oneway>
            </gpxtpx:Extensions>
          </gpxtpx:TrackPointExtension>
        </extensions>
      </trkpt>
      <trkpt lat="48.867285" lon="9.132119">
        <ele>326</ele>
        <extensions>
          <gpxtpx:TrackPointExtension>
            <gpxtpx:Extensions>
              <highway>motorway</highway>
              <surface>asphalt</surface>
              <maxspeed>unknown</maxspeed>
              <oneway>yes</oneway>
            </gpxtpx:Extensions>
          </gpxtpx:TrackPointExtension>
        </extensions>
      </trkpt>
      <trkpt lat="48.864915" lon="9.13008">
        <ele>331.25</ele>
        <extensions>
          <gpxtpx:TrackPointExtension>
            <gpxtpx:Extensions>
              <highway>motorway</highway>
              <surface>asphalt</surface>
              <maxspeed>unknown</maxspeed>
              <oneway>yes</oneway>
            </gpxtpx:Extensions>
          </gpxtpx:TrackPointExtension>
        </extensions>
      </trkpt>
      <trkpt lat="48.864453" lon="9.129693">
        <ele>333.5</ele>
        <extensions>
          <gpxtpx:TrackPointExtension>
            <gpxtpx:Extensions>
              <highway>motorway</highway>
              <surface>asphalt</surface>
              <maxspeed>unknown</maxspeed>
              <oneway>yes</oneway>
            </gpxtpx:Extensions>
          </gpxtpx:TrackPointExtension>
        </extensions>
      </trkpt>
      <trkpt lat="48.863989" lon="9.129324">
        <ele>334.75</ele>
        <extensions>
          <gpxtpx:TrackPointExtension>
            <gpxtpx:Extensions>
              <highway>motorway</highway>
              <surface>asphalt</surface>
              <maxspeed>unknown</maxspeed>
              <oneway>yes</oneway>
            </gpxtpx:Extensions>
          </gpxtpx:TrackPointExtension>
        </extensions>
      </trkpt>
      <trkpt lat="48.863621" lon="9.129044">
        <ele>335.75</ele>
        <extensions>
          <gpxtpx:TrackPointExtension>
            <gpxtpx:Extensions>
              <highway>motorway</highway>
              <surface>asphalt</surface>
              <maxspeed>unknown</maxspeed>
              <oneway>yes</oneway>
            </gpxtpx:Extensions>
          </gpxtpx:TrackPointExtension>
        </extensions>
      </trkpt>
      <trkpt lat="48.863214" lon="9.128744">
        <ele>336.75</ele>
        <extensions>
          <gpxtpx:TrackPointExtension>
            <gpxtpx:Extensions>
              <highway>motorway</highway>
              <surface>asphalt</surface>
              <maxspeed>unknown</maxspeed>
              <oneway>yes</oneway>
            </gpxtpx:Extensions>
          </gpxtpx:TrackPointExtension>
        </extensions>
      </trkpt>
      <trkpt lat="48.862805" lon="9.128459">
        <ele>339</ele>
        <extensions>
          <gpxtpx:TrackPointExtension>
            <gpxtpx:Extensions>
              <highway>motorway</highway>
              <surface>asphalt</surface>
              <maxspeed>unknown</maxspeed>
              <oneway>yes</oneway>
            </gpxtpx:Extensions>
          </gpxtpx:TrackPointExtension>
        </extensions>
      </trkpt>
      <trkpt lat="48.861912" lon="9.12787">
        <ele>338.75</ele>
        <extensions>
          <gpxtpx:TrackPointExtension>
            <gpxtpx:Extensions>
              <highway>motorway</highway>
              <surface>asphalt</surface>
              <maxspeed>unknown</maxspeed>
              <oneway>yes</oneway>
            </gpxtpx:Extensions>
          </gpxtpx:TrackPointExtension>
        </extensions>
      </trkpt>
      <trkpt lat="48.860547" lon="9.126998">
        <ele>339.25</ele>
        <extensions>
          <gpxtpx:TrackPointExtension>
            <gpxtpx:Extensions>
              <highway>motorway</highway>
              <surface>asphalt</surface>
              <maxspeed>unknown</maxspeed>
              <oneway>yes</oneway>
            </gpxtpx:Extensions>
          </gpxtpx:TrackPointExtension>
        </extensions>
      </trkpt>
      <trkpt lat="48.858365" lon="9.1256">
        <ele>337</ele>
        <extensions>
          <gpxtpx:TrackPointExtension>
            <gpxtpx:Extensions>
              <highway>motorway</highway>
              <surface>asphalt</surface>
              <maxspeed>unknown</maxspeed>
              <oneway>yes</oneway>
            </gpxtpx:Extensions>
          </gpxtpx:TrackPointExtension>
        </extensions>
      </trkpt>
      <trkpt lat="48.85815" lon="9.125459">
        <ele>336.75</ele>
        <extensions>
          <gpxtpx:TrackPointExtension>
            <gpxtpx:Extensions>
              <highway>motorway</highway>
              <surface>asphalt</surface>
              <maxspeed>unknown</maxspeed>
              <oneway>yes</oneway>
            </gpxtpx:Extensions>
          </gpxtpx:TrackPointExtension>
        </extensions>
      </trkpt>
      <trkpt lat="48.857934" lon="9.125318">
        <ele>336.75</ele>
        <extensions>
          <gpxtpx:TrackPointExtension>
            <gpxtpx:Extensions>
              <highway>motorway</highway>
              <surface>asphalt</surface>
              <maxspeed>unknown</maxspeed>
              <oneway>yes</oneway>
            </gpxtpx:Extensions>
          </gpxtpx:TrackPointExtension>
        </extensions>
      </trkpt>
      <trkpt lat="48.857695" lon="9.125161">
        <ele>336.75</ele>
        <extensions>
          <gpxtpx:TrackPointExtension>
            <gpxtpx:Extensions>
              <highway>motorway</highway>
              <surface>asphalt</surface>
              <maxspeed>unknown</maxspeed>
              <oneway>yes</oneway>
            </gpxtpx:Extensions>
          </gpxtpx:TrackPointExtension>
        </extensions>
      </trkpt>
      <trkpt lat="48.857196" lon="9.124838">
        <ele>337.25</ele>
        <extensions>
          <gpxtpx:TrackPointExtension>
            <gpxtpx:Extensions>
              <highway>motorway</highway>
              <surface>asphalt</surface>
              <maxspeed>unknown</maxspeed>
              <oneway>yes</oneway>
            </gpxtpx:Extensions>
          </gpxtpx:TrackPointExtension>
        </extensions>
      </trkpt>
      <trkpt lat="48.856214" lon="9.124211">
        <ele>334.25</ele>
        <extensions>
          <gpxtpx:TrackPointExtension>
            <gpxtpx:Extensions>
              <highway>motorway</highway>
              <surface>asphalt</surface>
              <maxspeed>unknown</maxspeed>
              <oneway>yes</oneway>
            </gpxtpx:Extensions>
          </gpxtpx:TrackPointExtension>
        </extensions>
      </trkpt>
      <trkpt lat="48.855885" lon="9.124002">
        <ele>332</ele>
        <extensions>
          <gpxtpx:TrackPointExtension>
            <gpxtpx:Extensions>
              <highway>motorway</highway>
              <surface>asphalt</surface>
              <maxspeed>unknown</maxspeed>
              <oneway>yes</oneway>
            </gpxtpx:Extensions>
          </gpxtpx:TrackPointExtension>
        </extensions>
      </trkpt>
      <trkpt lat="48.85572" lon="9.123894">
        <ele>331.75</ele>
        <extensions>
          <gpxtpx:TrackPointExtension>
            <gpxtpx:Extensions>
              <highway>motorway</highway>
              <surface>asphalt</surface>
              <maxspeed>unknown</maxspeed>
              <oneway>yes</oneway>
            </gpxtpx:Extensions>
          </gpxtpx:TrackPointExtension>
        </extensions>
      </trkpt>
      <trkpt lat="48.854353" lon="9.123021">
        <ele>328.5</ele>
        <extensions>
          <gpxtpx:TrackPointExtension>
            <gpxtpx:Extensions>
              <highway>motorway</highway>
              <surface>asphalt</surface>
              <maxspeed>unknown</maxspeed>
              <oneway>yes</oneway>
            </gpxtpx:Extensions>
          </gpxtpx:TrackPointExtension>
        </extensions>
      </trkpt>
      <trkpt lat="48.852902" lon="9.122105">
        <ele>323.5</ele>
        <extensions>
          <gpxtpx:TrackPointExtension>
            <gpxtpx:Extensions>
              <highway>motorway</highway>
              <surface>asphalt</surface>
              <maxspeed>unknown</maxspeed>
              <oneway>yes</oneway>
            </gpxtpx:Extensions>
          </gpxtpx:TrackPointExtension>
        </extensions>
      </trkpt>
      <trkpt lat="48.850743" lon="9.120732">
        <ele>317.75</ele>
        <extensions>
          <gpxtpx:TrackPointExtension>
            <gpxtpx:Extensions>
              <highway>motorway</highway>
              <surface>asphalt</surface>
              <maxspeed>unknown</maxspeed>
              <oneway>yes</oneway>
            </gpxtpx:Extensions>
          </gpxtpx:TrackPointExtension>
        </extensions>
      </trkpt>
      <trkpt lat="48.850237" lon="9.120404">
        <ele>317</ele>
        <extensions>
          <gpxtpx:TrackPointExtension>
            <gpxtpx:Extensions>
              <highway>motorway</highway>
              <surface>asphalt</surface>
              <maxspeed>unknown</maxspeed>
              <oneway>yes</oneway>
            </gpxtpx:Extensions>
          </gpxtpx:TrackPointExtension>
        </extensions>
      </trkpt>
      <trkpt lat="48.849762" lon="9.120075">
        <ele>315.5</ele>
        <extensions>
          <gpxtpx:TrackPointExtension>
            <gpxtpx:Extensions>
              <highway>motorway</highway>
              <surface>asphalt</surface>
              <maxspeed>unknown</maxspeed>
              <oneway>yes</oneway>
            </gpxtpx:Extensions>
          </gpxtpx:TrackPointExtension>
        </extensions>
      </trkpt>
      <trkpt lat="48.849277" lon="9.119741">
        <ele>314</ele>
        <extensions>
          <gpxtpx:TrackPointExtension>
            <gpxtpx:Extensions>
              <highway>motorway</highway>
              <surface>asphalt</surface>
              <maxspeed>unknown</maxspeed>
              <oneway>yes</oneway>
            </gpxtpx:Extensions>
          </gpxtpx:TrackPointExtension>
        </extensions>
      </trkpt>
      <trkpt lat="48.848819" lon="9.119375">
        <ele>314.5</ele>
        <extensions>
          <gpxtpx:TrackPointExtension>
            <gpxtpx:Extensions>
              <highway>motorway</highway>
              <surface>asphalt</surface>
              <maxspeed>unknown</maxspeed>
              <oneway>yes</oneway>
            </gpxtpx:Extensions>
          </gpxtpx:TrackPointExtension>
        </extensions>
      </trkpt>
      <trkpt lat="48.848434" lon="9.119046">
        <ele>315.25</ele>
        <extensions>
          <gpxtpx:TrackPointExtension>
            <gpxtpx:Extensions>
              <highway>motorway</highway>
              <surface>asphalt</surface>
              <maxspeed>unknown</maxspeed>
              <oneway>yes</oneway>
            </gpxtpx:Extensions>
          </gpxtpx:TrackPointExtension>
        </extensions>
      </trkpt>
      <trkpt lat="48.847859" lon="9.118519">
        <ele>316</ele>
        <extensions>
          <gpxtpx:TrackPointExtension>
            <gpxtpx:Extensions>
              <highway>motorway</highway>
              <surface>asphalt</surface>
              <maxspeed>unknown</maxspeed>
              <oneway>yes</oneway>
            </gpxtpx:Extensions>
          </gpxtpx:TrackPointExtension>
        </extensions>
      </trkpt>
      <trkpt lat="48.847686" lon="9.118351">
        <ele>316.75</ele>
        <extensions>
          <gpxtpx:TrackPointExtension>
            <gpxtpx:Extensions>
              <highway>motorway</highway>
              <surface>asphalt</surface>
              <maxspeed>unknown</maxspeed>
              <oneway>yes</oneway>
            </gpxtpx:Extensions>
          </gpxtpx:TrackPointExtension>
        </extensions>
      </trkpt>
      <trkpt lat="48.847614" lon="9.11828">
        <ele>317</ele>
        <extensions>
          <gpxtpx:TrackPointExtension>
            <gpxtpx:Extensions>
              <highway>motorway</highway>
              <surface>asphalt</surface>
              <maxspeed>unknown</maxspeed>
              <oneway>yes</oneway>
            </gpxtpx:Extensions>
          </gpxtpx:TrackPointExtension>
        </extensions>
      </trkpt>
      <trkpt lat="48.847323" lon="9.117996">
        <ele>318</ele>
        <extensions>
          <gpxtpx:TrackPointExtension>
            <gpxtpx:Extensions>
              <highway>motorway</highway>
              <surface>asphalt</surface>
              <maxspeed>unknown</maxspeed>
              <oneway>yes</oneway>
            </gpxtpx:Extensions>
          </gpxtpx:TrackPointExtension>
        </extensions>
      </trkpt>
      <trkpt lat="48.846752" lon="9.117393">
        <ele>318.5</ele>
        <extensions>
          <gpxtpx:TrackPointExtension>
            <gpxtpx:Extensions>
              <highway>motorway</highway>
              <surface>asphalt</surface>
              <maxspeed>unknown</maxspeed>
              <oneway>yes</oneway>
            </gpxtpx:Extensions>
          </gpxtpx:TrackPointExtension>
        </extensions>
      </trkpt>
      <trkpt lat="48.846312" lon="9.116879">
        <ele>318</ele>
        <extensions>
          <gpxtpx:TrackPointExtension>
            <gpxtpx:Extensions>
              <highway>motorway</highway>
              <surface>asphalt</surface>
              <maxspeed>unknown</maxspeed>
              <oneway>yes</oneway>
            </gpxtpx:Extensions>
          </gpxtpx:TrackPointExtension>
        </extensions>
      </trkpt>
      <trkpt lat="48.84587" lon="9.116329">
        <ele>317</ele>
        <extensions>
          <gpxtpx:TrackPointExtension>
            <gpxtpx:Extensions>
              <highway>motorway</highway>
              <surface>asphalt</surface>
              <maxspeed>unknown</maxspeed>
              <oneway>yes</oneway>
            </gpxtpx:Extensions>
          </gpxtpx:TrackPointExtension>
        </extensions>
      </trkpt>
      <trkpt lat="48.845665" lon="9.116075">
        <ele>316.5</ele>
        <extensions>
          <gpxtpx:TrackPointExtension>
            <gpxtpx:Extensions>
              <highway>motorway</highway>
              <surface>asphalt</surface>
              <maxspeed>unknown</maxspeed>
              <oneway>yes</oneway>
            </gpxtpx:Extensions>
          </gpxtpx:TrackPointExtension>
        </extensions>
      </trkpt>
      <trkpt lat="48.845235" lon="9.11549">
        <ele>317.5</ele>
        <extensions>
          <gpxtpx:TrackPointExtension>
            <gpxtpx:Extensions>
              <highway>motorway</highway>
              <surface>asphalt</surface>
              <maxspeed>unknown</maxspeed>
              <oneway>yes</oneway>
            </gpxtpx:Extensions>
          </gpxtpx:TrackPointExtension>
        </extensions>
      </trkpt>
      <trkpt lat="48.844919" lon="9.115019">
        <ele>319.25</ele>
        <extensions>
          <gpxtpx:TrackPointExtension>
            <gpxtpx:Extensions>
              <highway>motorway</highway>
              <surface>asphalt</surface>
              <maxspeed>unknown</maxspeed>
              <oneway>yes</oneway>
            </gpxtpx:Extensions>
          </gpxtpx:TrackPointExtension>
        </extensions>
      </trkpt>
      <trkpt lat="48.844605" lon="9.114554">
        <ele>319.75</ele>
        <extensions>
          <gpxtpx:TrackPointExtension>
            <gpxtpx:Extensions>
              <highway>motorway</highway>
              <surface>asphalt</surface>
              <maxspeed>unknown</maxspeed>
              <oneway>yes</oneway>
            </gpxtpx:Extensions>
          </gpxtpx:TrackPointExtension>
        </extensions>
      </trkpt>
      <trkpt lat="48.843995" lon="9.113566">
        <ele>320.75</ele>
        <extensions>
          <gpxtpx:TrackPointExtension>
            <gpxtpx:Extensions>
              <highway>motorway</highway>
              <surface>asphalt</surface>
              <maxspeed>unknown</maxspeed>
              <oneway>yes</oneway>
            </gpxtpx:Extensions>
          </gpxtpx:TrackPointExtension>
        </extensions>
      </trkpt>
      <trkpt lat="48.843713" lon="9.113069">
        <ele>321.25</ele>
        <extensions>
          <gpxtpx:TrackPointExtension>
            <gpxtpx:Extensions>
              <highway>motorway</highway>
              <surface>asphalt</surface>
              <maxspeed>unknown</maxspeed>
              <oneway>yes</oneway>
            </gpxtpx:Extensions>
          </gpxtpx:TrackPointExtension>
        </extensions>
      </trkpt>
      <trkpt lat="48.843434" lon="9.112559">
        <ele>321.5</ele>
        <extensions>
          <gpxtpx:TrackPointExtension>
            <gpxtpx:Extensions>
              <highway>motorway</highway>
              <surface>asphalt</surface>
              <maxspeed>unknown</maxspeed>
              <oneway>yes</oneway>
            </gpxtpx:Extensions>
          </gpxtpx:TrackPointExtension>
        </extensions>
      </trkpt>
      <trkpt lat="48.843123" lon="9.11196">
        <ele>323.5</ele>
        <extensions>
          <gpxtpx:TrackPointExtension>
            <gpxtpx:Extensions>
              <highway>motorway</highway>
              <surface>asphalt</surface>
              <maxspeed>unknown</maxspeed>
              <oneway>yes</oneway>
            </gpxtpx:Extensions>
          </gpxtpx:TrackPointExtension>
        </extensions>
      </trkpt>
      <trkpt lat="48.842826" lon="9.11137">
        <ele>324.25</ele>
        <extensions>
          <gpxtpx:TrackPointExtension>
            <gpxtpx:Extensions>
              <highway>motorway</highway>
              <surface>asphalt</surface>
              <maxspeed>unknown</maxspeed>
              <oneway>yes</oneway>
            </gpxtpx:Extensions>
          </gpxtpx:TrackPointExtension>
        </extensions>
      </trkpt>
      <trkpt lat="48.842591" lon="9.110861">
        <ele>323.75</ele>
        <extensions>
          <gpxtpx:TrackPointExtension>
            <gpxtpx:Extensions>
              <highway>motorway</highway>
              <surface>asphalt</surface>
              <maxspeed>unknown</maxspeed>
              <oneway>yes</oneway>
            </gpxtpx:Extensions>
          </gpxtpx:TrackPointExtension>
        </extensions>
      </trkpt>
      <trkpt lat="48.842182" lon="9.109927">
        <ele>324.25</ele>
        <extensions>
          <gpxtpx:TrackPointExtension>
            <gpxtpx:Extensions>
              <highway>motorway</highway>
              <surface>asphalt</surface>
              <maxspeed>unknown</maxspeed>
              <oneway>yes</oneway>
            </gpxtpx:Extensions>
          </gpxtpx:TrackPointExtension>
        </extensions>
      </trkpt>
      <trkpt lat="48.840272" lon="9.105477">
        <ele>327.5</ele>
        <extensions>
          <gpxtpx:TrackPointExtension>
            <gpxtpx:Extensions>
              <highway>motorway</highway>
              <surface>asphalt</surface>
              <maxspeed>unknown</maxspeed>
              <oneway>yes</oneway>
            </gpxtpx:Extensions>
          </gpxtpx:TrackPointExtension>
        </extensions>
      </trkpt>
      <trkpt lat="48.838665" lon="9.101729">
        <ele>338.5</ele>
        <extensions>
          <gpxtpx:TrackPointExtension>
            <gpxtpx:Extensions>
              <highway>motorway</highway>
              <surface>asphalt</surface>
              <maxspeed>unknown</maxspeed>
              <oneway>yes</oneway>
            </gpxtpx:Extensions>
          </gpxtpx:TrackPointExtension>
        </extensions>
      </trkpt>
      <trkpt lat="48.838537" lon="9.101436">
        <ele>339.5</ele>
        <extensions>
          <gpxtpx:TrackPointExtension>
            <gpxtpx:Extensions>
              <highway>motorway</highway>
              <surface>asphalt</surface>
              <maxspeed>unknown</maxspeed>
              <oneway>yes</oneway>
            </gpxtpx:Extensions>
          </gpxtpx:TrackPointExtension>
        </extensions>
      </trkpt>
      <trkpt lat="48.837835" lon="9.099797">
        <ele>344.75</ele>
        <extensions>
          <gpxtpx:TrackPointExtension>
            <gpxtpx:Extensions>
              <highway>motorway</highway>
              <surface>asphalt</surface>
              <maxspeed>unknown</maxspeed>
              <oneway>yes</oneway>
            </gpxtpx:Extensions>
          </gpxtpx:TrackPointExtension>
        </extensions>
      </trkpt>
      <trkpt lat="48.837814" lon="9.099748">
        <ele>345</ele>
        <extensions>
          <gpxtpx:TrackPointExtension>
            <gpxtpx:Extensions>
              <highway>motorway</highway>
              <surface>asphalt</surface>
              <maxspeed>unknown</maxspeed>
              <oneway>yes</oneway>
            </gpxtpx:Extensions>
          </gpxtpx:TrackPointExtension>
        </extensions>
      </trkpt>
      <trkpt lat="48.837001" lon="9.097849">
        <ele>346.75</ele>
        <extensions>
          <gpxtpx:TrackPointExtension>
            <gpxtpx:Extensions>
              <highway>motorway</highway>
              <surface>asphalt</surface>
              <maxspeed>unknown</maxspeed>
              <oneway>yes</oneway>
            </gpxtpx:Extensions>
          </gpxtpx:TrackPointExtension>
        </extensions>
      </trkpt>
      <trkpt lat="48.836847" lon="9.097497">
        <ele>347</ele>
        <extensions>
          <gpxtpx:TrackPointExtension>
            <gpxtpx:Extensions>
              <highway>motorway</highway>
              <surface>asphalt</surface>
              <maxspeed>unknown</maxspeed>
              <oneway>yes</oneway>
            </gpxtpx:Extensions>
          </gpxtpx:TrackPointExtension>
        </extensions>
      </trkpt>
      <trkpt lat="48.835352" lon="9.094011">
        <ele>338.75</ele>
        <extensions>
          <gpxtpx:TrackPointExtension>
            <gpxtpx:Extensions>
              <highway>motorway</highway>
              <surface>asphalt</surface>
              <maxspeed>unknown</maxspeed>
              <oneway>yes</oneway>
            </gpxtpx:Extensions>
          </gpxtpx:TrackPointExtension>
        </extensions>
      </trkpt>
      <trkpt lat="48.835295" lon="9.093879">
        <ele>338.25</ele>
        <extensions>
          <gpxtpx:TrackPointExtension>
            <gpxtpx:Extensions>
              <highway>motorway</highway>
              <surface>asphalt</surface>
              <maxspeed>unknown</maxspeed>
              <oneway>yes</oneway>
            </gpxtpx:Extensions>
          </gpxtpx:TrackPointExtension>
        </extensions>
      </trkpt>
      <trkpt lat="48.834677" lon="9.092449">
        <ele>335.5</ele>
        <extensions>
          <gpxtpx:TrackPointExtension>
            <gpxtpx:Extensions>
              <highway>motorway</highway>
              <surface>asphalt</surface>
              <maxspeed>unknown</maxspeed>
              <oneway>yes</oneway>
            </gpxtpx:Extensions>
          </gpxtpx:TrackPointExtension>
        </extensions>
      </trkpt>
      <trkpt lat="48.834313" lon="9.091652">
        <ele>332.25</ele>
        <extensions>
          <gpxtpx:TrackPointExtension>
            <gpxtpx:Extensions>
              <highway>motorway</highway>
              <surface>asphalt</surface>
              <maxspeed>unknown</maxspeed>
              <oneway>yes</oneway>
            </gpxtpx:Extensions>
          </gpxtpx:TrackPointExtension>
        </extensions>
      </trkpt>
      <trkpt lat="48.834094" lon="9.091201">
        <ele>330.25</ele>
        <extensions>
          <gpxtpx:TrackPointExtension>
            <gpxtpx:Extensions>
              <highway>motorway</highway>
              <surface>asphalt</surface>
              <maxspeed>unknown</maxspeed>
              <oneway>yes</oneway>
            </gpxtpx:Extensions>
          </gpxtpx:TrackPointExtension>
        </extensions>
      </trkpt>
      <trkpt lat="48.833683" lon="9.090405">
        <ele>325.75</ele>
        <extensions>
          <gpxtpx:TrackPointExtension>
            <gpxtpx:Extensions>
              <highway>motorway</highway>
              <surface>asphalt</surface>
              <maxspeed>unknown</maxspeed>
              <oneway>yes</oneway>
            </gpxtpx:Extensions>
          </gpxtpx:TrackPointExtension>
        </extensions>
      </trkpt>
      <trkpt lat="48.83347" lon="9.090026">
        <ele>323.25</ele>
        <extensions>
          <gpxtpx:TrackPointExtension>
            <gpxtpx:Extensions>
              <highway>motorway</highway>
              <surface>asphalt</surface>
              <maxspeed>unknown</maxspeed>
              <oneway>yes</oneway>
            </gpxtpx:Extensions>
          </gpxtpx:TrackPointExtension>
        </extensions>
      </trkpt>
      <trkpt lat="48.832889" lon="9.089025">
        <ele>318.5</ele>
        <extensions>
          <gpxtpx:TrackPointExtension>
            <gpxtpx:Extensions>
              <highway>motorway</highway>
              <surface>asphalt</surface>
              <maxspeed>unknown</maxspeed>
              <oneway>yes</oneway>
            </gpxtpx:Extensions>
          </gpxtpx:TrackPointExtension>
        </extensions>
      </trkpt>
      <trkpt lat="48.83265" lon="9.08866">
        <ele>316.75</ele>
        <extensions>
          <gpxtpx:TrackPointExtension>
            <gpxtpx:Extensions>
              <highway>motorway</highway>
              <surface>asphalt</surface>
              <maxspeed>unknown</maxspeed>
              <oneway>yes</oneway>
            </gpxtpx:Extensions>
          </gpxtpx:TrackPointExtension>
        </extensions>
      </trkpt>
      <trkpt lat="48.832524" lon="9.088465">
        <ele>316</ele>
        <extensions>
          <gpxtpx:TrackPointExtension>
            <gpxtpx:Extensions>
              <highway>motorway</highway>
              <surface>asphalt</surface>
              <maxspeed>unknown</maxspeed>
              <oneway>yes</oneway>
            </gpxtpx:Extensions>
          </gpxtpx:TrackPointExtension>
        </extensions>
      </trkpt>
      <trkpt lat="48.831946" lon="9.08761">
        <ele>311</ele>
        <extensions>
          <gpxtpx:TrackPointExtension>
            <gpxtpx:Extensions>
              <highway>motorway</highway>
              <surface>asphalt</surface>
              <maxspeed>unknown</maxspeed>
              <oneway>yes</oneway>
            </gpxtpx:Extensions>
          </gpxtpx:TrackPointExtension>
        </extensions>
      </trkpt>
      <trkpt lat="48.831464" lon="9.086959">
        <ele>310</ele>
        <extensions>
          <gpxtpx:TrackPointExtension>
            <gpxtpx:Extensions>
              <highway>motorway</highway>
              <surface>asphalt</surface>
              <maxspeed>unknown</maxspeed>
              <oneway>yes</oneway>
            </gpxtpx:Extensions>
          </gpxtpx:TrackPointExtension>
        </extensions>
      </trkpt>
      <trkpt lat="48.83121" lon="9.086635">
        <ele>309.75</ele>
        <extensions>
          <gpxtpx:TrackPointExtension>
            <gpxtpx:Extensions>
              <highway>motorway</highway>
              <surface>asphalt</surface>
              <maxspeed>unknown</maxspeed>
              <oneway>yes</oneway>
            </gpxtpx:Extensions>
          </gpxtpx:TrackPointExtension>
        </extensions>
      </trkpt>
      <trkpt lat="48.830706" lon="9.086027">
        <ele>308</ele>
        <extensions>
          <gpxtpx:TrackPointExtension>
            <gpxtpx:Extensions>
              <highway>motorway</highway>
              <surface>asphalt</surface>
              <maxspeed>unknown</maxspeed>
              <oneway>yes</oneway>
            </gpxtpx:Extensions>
          </gpxtpx:TrackPointExtension>
        </extensions>
      </trkpt>
      <trkpt lat="48.83041" lon="9.085689">
        <ele>307</ele>
        <extensions>
          <gpxtpx:TrackPointExtension>
            <gpxtpx:Extensions>
              <highway>motorway</highway>
              <surface>asphalt</surface>
              <maxspeed>unknown</maxspeed>
              <oneway>yes</oneway>
            </gpxtpx:Extensions>
          </gpxtpx:TrackPointExtension>
        </extensions>
      </trkpt>
      <trkpt lat="48.829518" lon="9.084755">
        <ele>306</ele>
        <extensions>
          <gpxtpx:TrackPointExtension>
            <gpxtpx:Extensions>
              <highway>motorway</highway>
              <surface>asphalt</surface>
              <maxspeed>unknown</maxspeed>
              <oneway>yes</oneway>
            </gpxtpx:Extensions>
          </gpxtpx:TrackPointExtension>
        </extensions>
      </trkpt>
      <trkpt lat="48.829161" lon="9.084414">
        <ele>307</ele>
        <extensions>
          <gpxtpx:TrackPointExtension>
            <gpxtpx:Extensions>
              <highway>motorway</highway>
              <surface>asphalt</surface>
              <maxspeed>unknown</maxspeed>
              <oneway>yes</oneway>
            </gpxtpx:Extensions>
          </gpxtpx:TrackPointExtension>
        </extensions>
      </trkpt>
      <trkpt lat="48.828154" lon="9.08349">
        <ele>304.5</ele>
        <extensions>
          <gpxtpx:TrackPointExtension>
            <gpxtpx:Extensions>
              <highway>motorway</highway>
              <surface>asphalt</surface>
              <maxspeed>unknown</maxspeed>
              <oneway>yes</oneway>
            </gpxtpx:Extensions>
          </gpxtpx:TrackPointExtension>
        </extensions>
      </trkpt>
      <trkpt lat="48.826357" lon="9.081892">
        <ele>303.5</ele>
        <extensions>
          <gpxtpx:TrackPointExtension>
            <gpxtpx:Extensions>
              <highway>motorway</highway>
              <surface>asphalt</surface>
              <maxspeed>unknown</maxspeed>
              <oneway>yes</oneway>
            </gpxtpx:Extensions>
          </gpxtpx:TrackPointExtension>
        </extensions>
      </trkpt>
      <trkpt lat="48.825979" lon="9.081553">
        <ele>304.25</ele>
        <extensions>
          <gpxtpx:TrackPointExtension>
            <gpxtpx:Extensions>
              <highway>motorway</highway>
              <surface>asphalt</surface>
              <maxspeed>unknown</maxspeed>
              <oneway>yes</oneway>
            </gpxtpx:Extensions>
          </gpxtpx:TrackPointExtension>
        </extensions>
      </trkpt>
      <trkpt lat="48.823323" lon="9.079181">
        <ele>317.75</ele>
        <extensions>
          <gpxtpx:TrackPointExtension>
            <gpxtpx:Extensions>
              <highway>motorway</highway>
              <surface>asphalt</surface>
              <maxspeed>unknown</maxspeed>
              <oneway>yes</oneway>
            </gpxtpx:Extensions>
          </gpxtpx:TrackPointExtension>
        </extensions>
      </trkpt>
      <trkpt lat="48.822785" lon="9.078698">
        <ele>320.25</ele>
        <extensions>
          <gpxtpx:TrackPointExtension>
            <gpxtpx:Extensions>
              <highway>motorway</highway>
              <surface>asphalt</surface>
              <maxspeed>unknown</maxspeed>
              <oneway>yes</oneway>
            </gpxtpx:Extensions>
          </gpxtpx:TrackPointExtension>
        </extensions>
      </trkpt>
      <trkpt lat="48.822533" lon="9.078458">
        <ele>322.25</ele>
        <extensions>
          <gpxtpx:TrackPointExtension>
            <gpxtpx:Extensions>
              <highway>motorway</highway>
              <surface>asphalt</surface>
              <maxspeed>120</maxspeed>
              <oneway>yes</oneway>
            </gpxtpx:Extensions>
          </gpxtpx:TrackPointExtension>
        </extensions>
      </trkpt>
      <trkpt lat="48.821827" lon="9.07779">
        <ele>321</ele>
        <extensions>
          <gpxtpx:TrackPointExtension>
            <gpxtpx:Extensions>
              <highway>motorway</highway>
              <surface>asphalt</surface>
              <maxspeed>unknown</maxspeed>
              <oneway>yes</oneway>
            </gpxtpx:Extensions>
          </gpxtpx:TrackPointExtension>
        </extensions>
      </trkpt>
      <trkpt lat="48.821112" lon="9.077073">
        <ele>318.25</ele>
        <extensions>
          <gpxtpx:TrackPointExtension>
            <gpxtpx:Extensions>
              <highway>motorway</highway>
              <surface>asphalt</surface>
              <maxspeed>unknown</maxspeed>
              <oneway>yes</oneway>
            </gpxtpx:Extensions>
          </gpxtpx:TrackPointExtension>
        </extensions>
      </trkpt>
      <trkpt lat="48.820852" lon="9.076808">
        <ele>317</ele>
        <extensions>
          <gpxtpx:TrackPointExtension>
            <gpxtpx:Extensions>
              <highway>motorway</highway>
              <surface>asphalt</surface>
              <maxspeed>unknown</maxspeed>
              <oneway>yes</oneway>
            </gpxtpx:Extensions>
          </gpxtpx:TrackPointExtension>
        </extensions>
      </trkpt>
      <trkpt lat="48.820424" lon="9.076346">
        <ele>315</ele>
        <extensions>
          <gpxtpx:TrackPointExtension>
            <gpxtpx:Extensions>
              <highway>motorway</highway>
              <surface>asphalt</surface>
              <maxspeed>unknown</maxspeed>
              <oneway>yes</oneway>
            </gpxtpx:Extensions>
          </gpxtpx:TrackPointExtension>
        </extensions>
      </trkpt>
      <trkpt lat="48.820075" lon="9.075952">
        <ele>315</ele>
        <extensions>
          <gpxtpx:TrackPointExtension>
            <gpxtpx:Extensions>
              <highway>motorway</highway>
              <surface>asphalt</surface>
              <maxspeed>unknown</maxspeed>
              <oneway>yes</oneway>
            </gpxtpx:Extensions>
          </gpxtpx:TrackPointExtension>
        </extensions>
      </trkpt>
      <trkpt lat="48.819478" lon="9.075212">
        <ele>314.5</ele>
        <extensions>
          <gpxtpx:TrackPointExtension>
            <gpxtpx:Extensions>
              <highway>motorway</highway>
              <surface>asphalt</surface>
              <maxspeed>unknown</maxspeed>
              <oneway>yes</oneway>
            </gpxtpx:Extensions>
          </gpxtpx:TrackPointExtension>
        </extensions>
      </trkpt>
      <trkpt lat="48.818937" lon="9.074502">
        <ele>314.25</ele>
        <extensions>
          <gpxtpx:TrackPointExtension>
            <gpxtpx:Extensions>
              <highway>motorway</highway>
              <surface>asphalt</surface>
              <maxspeed>unknown</maxspeed>
              <oneway>yes</oneway>
            </gpxtpx:Extensions>
          </gpxtpx:TrackPointExtension>
        </extensions>
      </trkpt>
      <trkpt lat="48.818619" lon="9.074053">
        <ele>314.25</ele>
        <extensions>
          <gpxtpx:TrackPointExtension>
            <gpxtpx:Extensions>
              <highway>motorway</highway>
              <surface>asphalt</surface>
              <maxspeed>unknown</maxspeed>
              <oneway>yes</oneway>
            </gpxtpx:Extensions>
          </gpxtpx:TrackPointExtension>
        </extensions>
      </trkpt>
      <trkpt lat="48.818134" lon="9.073299">
        <ele>316.25</ele>
        <extensions>
          <gpxtpx:TrackPointExtension>
            <gpxtpx:Extensions>
              <highway>motorway</highway>
              <surface>asphalt</surface>
              <maxspeed>unknown</maxspeed>
              <oneway>yes</oneway>
            </gpxtpx:Extensions>
          </gpxtpx:TrackPointExtension>
        </extensions>
      </trkpt>
      <trkpt lat="48.817686" lon="9.072582">
        <ele>316.75</ele>
        <extensions>
          <gpxtpx:TrackPointExtension>
            <gpxtpx:Extensions>
              <highway>motorway</highway>
              <surface>asphalt</surface>
              <maxspeed>unknown</maxspeed>
              <oneway>yes</oneway>
            </gpxtpx:Extensions>
          </gpxtpx:TrackPointExtension>
        </extensions>
      </trkpt>
      <trkpt lat="48.81739" lon="9.072064">
        <ele>318</ele>
        <extensions>
          <gpxtpx:TrackPointExtension>
            <gpxtpx:Extensions>
              <highway>motorway</highway>
              <surface>asphalt</surface>
              <maxspeed>unknown</maxspeed>
              <oneway>yes</oneway>
            </gpxtpx:Extensions>
          </gpxtpx:TrackPointExtension>
        </extensions>
      </trkpt>
      <trkpt lat="48.817107" lon="9.07154">
        <ele>320</ele>
        <extensions>
          <gpxtpx:TrackPointExtension>
            <gpxtpx:Extensions>
              <highway>motorway</highway>
              <surface>asphalt</surface>
              <maxspeed>unknown</maxspeed>
              <oneway>yes</oneway>
            </gpxtpx:Extensions>
          </gpxtpx:TrackPointExtension>
        </extensions>
      </trkpt>
      <trkpt lat="48.816813" lon="9.070954">
        <ele>321.5</ele>
        <extensions>
          <gpxtpx:TrackPointExtension>
            <gpxtpx:Extensions>
              <highway>motorway</highway>
              <surface>asphalt</surface>
              <maxspeed>unknown</maxspeed>
              <oneway>yes</oneway>
            </gpxtpx:Extensions>
          </gpxtpx:TrackPointExtension>
        </extensions>
      </trkpt>
      <trkpt lat="48.81653" lon="9.070365">
        <ele>323.75</ele>
        <extensions>
          <gpxtpx:TrackPointExtension>
            <gpxtpx:Extensions>
              <highway>motorway</highway>
              <surface>asphalt</surface>
              <maxspeed>unknown</maxspeed>
              <oneway>yes</oneway>
            </gpxtpx:Extensions>
          </gpxtpx:TrackPointExtension>
        </extensions>
      </trkpt>
      <trkpt lat="48.816213" lon="9.069653">
        <ele>325.75</ele>
        <extensions>
          <gpxtpx:TrackPointExtension>
            <gpxtpx:Extensions>
              <highway>motorway</highway>
              <surface>asphalt</surface>
              <maxspeed>unknown</maxspeed>
              <oneway>yes</oneway>
            </gpxtpx:Extensions>
          </gpxtpx:TrackPointExtension>
        </extensions>
      </trkpt>
      <trkpt lat="48.815915" lon="9.068928">
        <ele>326.75</ele>
        <extensions>
          <gpxtpx:TrackPointExtension>
            <gpxtpx:Extensions>
              <highway>motorway</highway>
              <surface>asphalt</surface>
              <maxspeed>unknown</maxspeed>
              <oneway>yes</oneway>
            </gpxtpx:Extensions>
          </gpxtpx:TrackPointExtension>
        </extensions>
      </trkpt>
      <trkpt lat="48.815735" lon="9.068472">
        <ele>327.25</ele>
        <extensions>
          <gpxtpx:TrackPointExtension>
            <gpxtpx:Extensions>
              <highway>motorway</highway>
              <surface>asphalt</surface>
              <maxspeed>unknown</maxspeed>
              <oneway>yes</oneway>
            </gpxtpx:Extensions>
          </gpxtpx:TrackPointExtension>
        </extensions>
      </trkpt>
      <trkpt lat="48.815176" lon="9.066949">
        <ele>332</ele>
        <extensions>
          <gpxtpx:TrackPointExtension>
            <gpxtpx:Extensions>
              <highway>motorway</highway>
              <surface>asphalt</surface>
              <maxspeed>unknown</maxspeed>
              <oneway>yes</oneway>
            </gpxtpx:Extensions>
          </gpxtpx:TrackPointExtension>
        </extensions>
      </trkpt>
      <trkpt lat="48.813974" lon="9.063635">
        <ele>338.75</ele>
        <extensions>
          <gpxtpx:TrackPointExtension>
            <gpxtpx:Extensions>
              <highway>motorway</highway>
              <surface>asphalt</surface>
              <maxspeed>unknown</maxspeed>
              <oneway>yes</oneway>
            </gpxtpx:Extensions>
          </gpxtpx:TrackPointExtension>
        </extensions>
      </trkpt>
      <trkpt lat="48.810773" lon="9.054786">
        <ele>329.75</ele>
        <extensions>
          <gpxtpx:TrackPointExtension>
            <gpxtpx:Extensions>
              <highway>motorway</highway>
              <surface>asphalt</surface>
              <maxspeed>unknown</maxspeed>
              <oneway>yes</oneway>
            </gpxtpx:Extensions>
          </gpxtpx:TrackPointExtension>
        </extensions>
      </trkpt>
      <trkpt lat="48.809825" lon="9.052143">
        <ele>329.5</ele>
        <extensions>
          <gpxtpx:TrackPointExtension>
            <gpxtpx:Extensions>
              <highway>motorway</highway>
              <surface>asphalt</surface>
              <maxspeed>unknown</maxspeed>
              <oneway>yes</oneway>
            </gpxtpx:Extensions>
          </gpxtpx:TrackPointExtension>
        </extensions>
      </trkpt>
      <trkpt lat="48.809736" lon="9.051897">
        <ele>329.75</ele>
        <extensions>
          <gpxtpx:TrackPointExtension>
            <gpxtpx:Extensions>
              <highway>motorway</highway>
              <surface>asphalt</surface>
              <maxspeed>100</maxspeed>
              <oneway>yes</oneway>
            </gpxtpx:Extensions>
          </gpxtpx:TrackPointExtension>
        </extensions>
      </trkpt>
      <trkpt lat="48.809098" lon="9.050163">
        <ele>331.5</ele>
        <extensions>
          <gpxtpx:TrackPointExtension>
            <gpxtpx:Extensions>
              <highway>motorway</highway>
              <surface>asphalt</surface>
              <maxspeed>unknown</maxspeed>
              <oneway>yes</oneway>
            </gpxtpx:Extensions>
          </gpxtpx:TrackPointExtension>
        </extensions>
      </trkpt>
      <trkpt lat="48.808432" lon="9.048316">
        <ele>335</ele>
        <extensions>
          <gpxtpx:TrackPointExtension>
            <gpxtpx:Extensions>
              <highway>motorway</highway>
              <surface>asphalt</surface>
              <maxspeed>unknown</maxspeed>
              <oneway>yes</oneway>
            </gpxtpx:Extensions>
          </gpxtpx:TrackPointExtension>
        </extensions>
      </trkpt>
      <trkpt lat="48.808133" lon="9.047513">
        <ele>337.25</ele>
        <extensions>
          <gpxtpx:TrackPointExtension>
            <gpxtpx:Extensions>
              <highway>motorway</highway>
              <surface>asphalt</surface>
              <maxspeed>unknown</maxspeed>
              <oneway>yes</oneway>
            </gpxtpx:Extensions>
          </gpxtpx:TrackPointExtension>
        </extensions>
      </trkpt>
      <trkpt lat="48.807612" lon="9.046152">
        <ele>337</ele>
        <extensions>
          <gpxtpx:TrackPointExtension>
            <gpxtpx:Extensions>
              <highway>motorway</highway>
              <surface>asphalt</surface>
              <maxspeed>unknown</maxspeed>
              <oneway>yes</oneway>
            </gpxtpx:Extensions>
          </gpxtpx:TrackPointExtension>
        </extensions>
      </trkpt>
      <trkpt lat="48.807291" lon="9.045365">
        <ele>339</ele>
        <extensions>
          <gpxtpx:TrackPointExtension>
            <gpxtpx:Extensions>
              <highway>motorway</highway>
              <surface>asphalt</surface>
              <maxspeed>unknown</maxspeed>
              <oneway>yes</oneway>
            </gpxtpx:Extensions>
          </gpxtpx:TrackPointExtension>
        </extensions>
      </trkpt>
      <trkpt lat="48.80688" lon="9.044391">
        <ele>341</ele>
        <extensions>
          <gpxtpx:TrackPointExtension>
            <gpxtpx:Extensions>
              <highway>motorway</highway>
              <surface>asphalt</surface>
              <maxspeed>unknown</maxspeed>
              <oneway>yes</oneway>
            </gpxtpx:Extensions>
          </gpxtpx:TrackPointExtension>
        </extensions>
      </trkpt>
      <trkpt lat="48.806599" lon="9.043776">
        <ele>343</ele>
        <extensions>
          <gpxtpx:TrackPointExtension>
            <gpxtpx:Extensions>
              <highway>motorway</highway>
              <surface>asphalt</surface>
              <maxspeed>unknown</maxspeed>
              <oneway>yes</oneway>
            </gpxtpx:Extensions>
          </gpxtpx:TrackPointExtension>
        </extensions>
      </trkpt>
      <trkpt lat="48.806487" lon="9.043545">
        <ele>344</ele>
        <extensions>
          <gpxtpx:TrackPointExtension>
            <gpxtpx:Extensions>
              <highway>motorway</highway>
              <surface>asphalt</surface>
              <maxspeed>unknown</maxspeed>
              <oneway>yes</oneway>
            </gpxtpx:Extensions>
          </gpxtpx:TrackPointExtension>
        </extensions>
      </trkpt>
      <trkpt lat="48.806101" lon="9.042766">
        <ele>346.5</ele>
        <extensions>
          <gpxtpx:TrackPointExtension>
            <gpxtpx:Extensions>
              <highway>motorway</highway>
              <surface>asphalt</surface>
              <maxspeed>unknown</maxspeed>
              <oneway>yes</oneway>
            </gpxtpx:Extensions>
          </gpxtpx:TrackPointExtension>
        </extensions>
      </trkpt>
      <trkpt lat="48.805658" lon="9.041889">
        <ele>348.5</ele>
        <extensions>
          <gpxtpx:TrackPointExtension>
            <gpxtpx:Extensions>
              <highway>motorway</highway>
              <surface>asphalt</surface>
              <maxspeed>unknown</maxspeed>
              <oneway>yes</oneway>
            </gpxtpx:Extensions>
          </gpxtpx:TrackPointExtension>
        </extensions>
      </trkpt>
      <trkpt lat="48.805111" lon="9.040914">
        <ele>351.5</ele>
        <extensions>
          <gpxtpx:TrackPointExtension>
            <gpxtpx:Extensions>
              <highway>motorway</highway>
              <surface>asphalt</surface>
              <maxspeed>unknown</maxspeed>
              <oneway>yes</oneway>
            </gpxtpx:Extensions>
          </gpxtpx:TrackPointExtension>
        </extensions>
      </trkpt>
      <trkpt lat="48.804696" lon="9.040209">
        <ele>353.25</ele>
        <extensions>
          <gpxtpx:TrackPointExtension>
            <gpxtpx:Extensions>
              <highway>motorway</highway>
              <surface>asphalt</surface>
              <maxspeed>unknown</maxspeed>
              <oneway>yes</oneway>
            </gpxtpx:Extensions>
          </gpxtpx:TrackPointExtension>
        </extensions>
      </trkpt>
      <trkpt lat="48.804324" lon="9.039632">
        <ele>354.75</ele>
        <extensions>
          <gpxtpx:TrackPointExtension>
            <gpxtpx:Extensions>
              <highway>motorway</highway>
              <surface>asphalt</surface>
              <maxspeed>unknown</maxspeed>
              <oneway>yes</oneway>
            </gpxtpx:Extensions>
          </gpxtpx:TrackPointExtension>
        </extensions>
      </trkpt>
      <trkpt lat="48.803785" lon="9.038815">
        <ele>358</ele>
        <extensions>
          <gpxtpx:TrackPointExtension>
            <gpxtpx:Extensions>
              <highway>motorway</highway>
              <surface>asphalt</surface>
              <maxspeed>100</maxspeed>
              <oneway>yes</oneway>
            </gpxtpx:Extensions>
          </gpxtpx:TrackPointExtension>
        </extensions>
      </trkpt>
      <trkpt lat="48.803363" lon="9.038224">
        <ele>358</ele>
        <extensions>
          <gpxtpx:TrackPointExtension>
            <gpxtpx:Extensions>
              <highway>motorway</highway>
              <surface>asphalt</surface>
              <maxspeed>100</maxspeed>
              <oneway>yes</oneway>
            </gpxtpx:Extensions>
          </gpxtpx:TrackPointExtension>
        </extensions>
      </trkpt>
      <trkpt lat="48.801486" lon="9.035752">
        <ele>359</ele>
        <extensions>
          <gpxtpx:TrackPointExtension>
            <gpxtpx:Extensions>
              <highway>motorway</highway>
              <surface>asphalt</surface>
              <maxspeed>unknown</maxspeed>
              <oneway>yes</oneway>
            </gpxtpx:Extensions>
          </gpxtpx:TrackPointExtension>
        </extensions>
      </trkpt>
      <trkpt lat="48.799455" lon="9.033205">
        <ele>360.5</ele>
        <extensions>
          <gpxtpx:TrackPointExtension>
            <gpxtpx:Extensions>
              <highway>motorway</highway>
              <surface>asphalt</surface>
              <maxspeed>unknown</maxspeed>
              <oneway>yes</oneway>
            </gpxtpx:Extensions>
          </gpxtpx:TrackPointExtension>
        </extensions>
      </trkpt>
      <trkpt lat="48.798713" lon="9.032309">
        <ele>360.75</ele>
        <extensions>
          <gpxtpx:TrackPointExtension>
            <gpxtpx:Extensions>
              <highway>motorway</highway>
              <surface>asphalt</surface>
              <maxspeed>unknown</maxspeed>
              <oneway>yes</oneway>
            </gpxtpx:Extensions>
          </gpxtpx:TrackPointExtension>
        </extensions>
      </trkpt>
      <trkpt lat="48.798206" lon="9.031674">
        <ele>361.25</ele>
        <extensions>
          <gpxtpx:TrackPointExtension>
            <gpxtpx:Extensions>
              <highway>motorway</highway>
              <surface>asphalt</surface>
              <maxspeed>unknown</maxspeed>
              <oneway>yes</oneway>
            </gpxtpx:Extensions>
          </gpxtpx:TrackPointExtension>
        </extensions>
      </trkpt>
      <trkpt lat="48.797201" lon="9.030272">
        <ele>361.75</ele>
        <extensions>
          <gpxtpx:TrackPointExtension>
            <gpxtpx:Extensions>
              <highway>motorway</highway>
              <surface>asphalt</surface>
              <maxspeed>unknown</maxspeed>
              <oneway>yes</oneway>
            </gpxtpx:Extensions>
          </gpxtpx:TrackPointExtension>
        </extensions>
      </trkpt>
      <trkpt lat="48.796138" lon="9.028639">
        <ele>362.5</ele>
        <extensions>
          <gpxtpx:TrackPointExtension>
            <gpxtpx:Extensions>
              <highway>motorway</highway>
              <surface>asphalt</surface>
              <maxspeed>unknown</maxspeed>
              <oneway>yes</oneway>
            </gpxtpx:Extensions>
          </gpxtpx:TrackPointExtension>
        </extensions>
      </trkpt>
      <trkpt lat="48.795112" lon="9.026948">
        <ele>363.25</ele>
        <extensions>
          <gpxtpx:TrackPointExtension>
            <gpxtpx:Extensions>
              <highway>motorway</highway>
              <surface>asphalt</surface>
              <maxspeed>unknown</maxspeed>
              <oneway>yes</oneway>
            </gpxtpx:Extensions>
          </gpxtpx:TrackPointExtension>
        </extensions>
      </trkpt>
      <trkpt lat="48.793973" lon="9.024945">
        <ele>364.25</ele>
        <extensions>
          <gpxtpx:TrackPointExtension>
            <gpxtpx:Extensions>
              <highway>motorway</highway>
              <surface>asphalt</surface>
              <maxspeed>unknown</maxspeed>
              <oneway>yes</oneway>
            </gpxtpx:Extensions>
          </gpxtpx:TrackPointExtension>
        </extensions>
      </trkpt>
      <trkpt lat="48.793022" lon="9.023345">
        <ele>365</ele>
        <extensions>
          <gpxtpx:TrackPointExtension>
            <gpxtpx:Extensions>
              <highway>motorway</highway>
              <surface>asphalt</surface>
              <maxspeed>unknown</maxspeed>
              <oneway>yes</oneway>
            </gpxtpx:Extensions>
          </gpxtpx:TrackPointExtension>
        </extensions>
      </trkpt>
      <trkpt lat="48.792427" lon="9.022375">
        <ele>365.25</ele>
        <extensions>
          <gpxtpx:TrackPointExtension>
            <gpxtpx:Extensions>
              <highway>motorway</highway>
              <surface>asphalt</surface>
              <maxspeed>unknown</maxspeed>
              <oneway>yes</oneway>
            </gpxtpx:Extensions>
          </gpxtpx:TrackPointExtension>
        </extensions>
      </trkpt>
      <trkpt lat="48.791852" lon="9.021523">
        <ele>365.75</ele>
        <extensions>
          <gpxtpx:TrackPointExtension>
            <gpxtpx:Extensions>
              <highway>motorway</highway>
              <surface>asphalt</surface>
              <maxspeed>unknown</maxspeed>
              <oneway>yes</oneway>
            </gpxtpx:Extensions>
          </gpxtpx:TrackPointExtension>
        </extensions>
      </trkpt>
      <trkpt lat="48.791308" lon="9.020755">
        <ele>366</ele>
        <extensions>
          <gpxtpx:TrackPointExtension>
            <gpxtpx:Extensions>
              <highway>motorway</highway>
              <surface>asphalt</surface>
              <maxspeed>unknown</maxspeed>
              <oneway>yes</oneway>
            </gpxtpx:Extensions>
          </gpxtpx:TrackPointExtension>
        </extensions>
      </trkpt>
      <trkpt lat="48.790099" lon="9.019439">
        <ele>366.75</ele>
        <extensions>
          <gpxtpx:TrackPointExtension>
            <gpxtpx:Extensions>
              <highway>motorway</highway>
              <surface>asphalt</surface>
              <maxspeed>unknown</maxspeed>
              <oneway>yes</oneway>
            </gpxtpx:Extensions>
          </gpxtpx:TrackPointExtension>
        </extensions>
      </trkpt>
      <trkpt lat="48.787772" lon="9.017559">
        <ele>368</ele>
        <extensions>
          <gpxtpx:TrackPointExtension>
            <gpxtpx:Extensions>
              <highway>motorway</highway>
              <surface>asphalt</surface>
              <maxspeed>unknown</maxspeed>
              <oneway>yes</oneway>
            </gpxtpx:Extensions>
          </gpxtpx:TrackPointExtension>
        </extensions>
      </trkpt>
      <trkpt lat="48.787511" lon="9.017351">
        <ele>368.25</ele>
        <extensions>
          <gpxtpx:TrackPointExtension>
            <gpxtpx:Extensions>
              <highway>motorway</highway>
              <surface>asphalt</surface>
              <maxspeed>unknown</maxspeed>
              <oneway>yes</oneway>
            </gpxtpx:Extensions>
          </gpxtpx:TrackPointExtension>
        </extensions>
      </trkpt>
      <trkpt lat="48.786916" lon="9.016904">
        <ele>368.5</ele>
        <extensions>
          <gpxtpx:TrackPointExtension>
            <gpxtpx:Extensions>
              <highway>motorway</highway>
              <surface>asphalt</surface>
              <maxspeed>unknown</maxspeed>
              <oneway>yes</oneway>
            </gpxtpx:Extensions>
          </gpxtpx:TrackPointExtension>
        </extensions>
      </trkpt>
      <trkpt lat="48.786187" lon="9.01637">
        <ele>369</ele>
        <extensions>
          <gpxtpx:TrackPointExtension>
            <gpxtpx:Extensions>
              <highway>motorway</highway>
              <surface>asphalt</surface>
              <maxspeed>unknown</maxspeed>
              <oneway>yes</oneway>
            </gpxtpx:Extensions>
          </gpxtpx:TrackPointExtension>
        </extensions>
      </trkpt>
      <trkpt lat="48.785483" lon="9.015829">
        <ele>369.5</ele>
        <extensions>
          <gpxtpx:TrackPointExtension>
            <gpxtpx:Extensions>
              <highway>motorway</highway>
              <surface>asphalt</surface>
              <maxspeed>unknown</maxspeed>
              <oneway>yes</oneway>
            </gpxtpx:Extensions>
          </gpxtpx:TrackPointExtension>
        </extensions>
      </trkpt>
      <trkpt lat="48.78537" lon="9.01574">
        <ele>369.25</ele>
        <extensions>
          <gpxtpx:TrackPointExtension>
            <gpxtpx:Extensions>
              <highway>motorway</highway>
              <surface>asphalt</surface>
              <maxspeed>unknown</maxspeed>
              <oneway>yes</oneway>
            </gpxtpx:Extensions>
          </gpxtpx:TrackPointExtension>
        </extensions>
      </trkpt>
      <trkpt lat="48.7845" lon="9.015056">
        <ele>371</ele>
        <extensions>
          <gpxtpx:TrackPointExtension>
            <gpxtpx:Extensions>
              <highway>motorway</highway>
              <surface>asphalt</surface>
              <maxspeed>unknown</maxspeed>
              <oneway>yes</oneway>
            </gpxtpx:Extensions>
          </gpxtpx:TrackPointExtension>
        </extensions>
      </trkpt>
      <trkpt lat="48.783852" lon="9.014455">
        <ele>373.5</ele>
        <extensions>
          <gpxtpx:TrackPointExtension>
            <gpxtpx:Extensions>
              <highway>motorway_link</highway>
              <surface>asphalt</surface>
              <maxspeed>unknown</maxspeed>
              <oneway>yes</oneway>
            </gpxtpx:Extensions>
          </gpxtpx:TrackPointExtension>
        </extensions>
      </trkpt>
      <trkpt lat="48.783572" lon="9.014147">
        <ele>374.5</ele>
        <extensions>
          <gpxtpx:TrackPointExtension>
            <gpxtpx:Extensions>
              <highway>motorway_link</highway>
              <surface>asphalt</surface>
              <maxspeed>100</maxspeed>
              <oneway>yes</oneway>
            </gpxtpx:Extensions>
          </gpxtpx:TrackPointExtension>
        </extensions>
      </trkpt>
      <trkpt lat="48.783319" lon="9.013824">
        <ele>374.5</ele>
        <extensions>
          <gpxtpx:TrackPointExtension>
            <gpxtpx:Extensions>
              <highway>motorway_link</highway>
              <surface>asphalt</surface>
              <maxspeed>100</maxspeed>
              <oneway>yes</oneway>
            </gpxtpx:Extensions>
          </gpxtpx:TrackPointExtension>
        </extensions>
      </trkpt>
      <trkpt lat="48.783182" lon="9.01362">
        <ele>374.25</ele>
        <extensions>
          <gpxtpx:TrackPointExtension>
            <gpxtpx:Extensions>
              <highway>motorway_link</highway>
              <surface>asphalt</surface>
              <maxspeed>100</maxspeed>
              <oneway>yes</oneway>
            </gpxtpx:Extensions>
          </gpxtpx:TrackPointExtension>
        </extensions>
      </trkpt>
      <trkpt lat="48.783037" lon="9.013384">
        <ele>374.25</ele>
        <extensions>
          <gpxtpx:TrackPointExtension>
            <gpxtpx:Extensions>
              <highway>motorway_link</highway>
              <surface>asphalt</surface>
              <maxspeed>100</maxspeed>
              <oneway>yes</oneway>
            </gpxtpx:Extensions>
          </gpxtpx:TrackPointExtension>
        </extensions>
      </trkpt>
      <trkpt lat="48.782903" lon="9.013144">
        <ele>374</ele>
        <extensions>
          <gpxtpx:TrackPointExtension>
            <gpxtpx:Extensions>
              <highway>motorway_link</highway>
              <surface>asphalt</surface>
              <maxspeed>100</maxspeed>
              <oneway>yes</oneway>
            </gpxtpx:Extensions>
          </gpxtpx:TrackPointExtension>
        </extensions>
      </trkpt>
      <trkpt lat="48.782743" lon="9.012833">
        <ele>374</ele>
        <extensions>
          <gpxtpx:TrackPointExtension>
            <gpxtpx:Extensions>
              <highway>motorway_link</highway>
              <surface>asphalt</surface>
              <maxspeed>100</maxspeed>
              <oneway>yes</oneway>
            </gpxtpx:Extensions>
          </gpxtpx:TrackPointExtension>
        </extensions>
      </trkpt>
      <trkpt lat="48.782636" lon="9.012608">
        <ele>374</ele>
        <extensions>
          <gpxtpx:TrackPointExtension>
            <gpxtpx:Extensions>
              <highway>motorway_link</highway>
              <surface>asphalt</surface>
              <maxspeed>100</maxspeed>
              <oneway>yes</oneway>
            </gpxtpx:Extensions>
          </gpxtpx:TrackPointExtension>
        </extensions>
      </trkpt>
      <trkpt lat="48.782525" lon="9.012339">
        <ele>374</ele>
        <extensions>
          <gpxtpx:TrackPointExtension>
            <gpxtpx:Extensions>
              <highway>motorway_link</highway>
              <surface>asphalt</surface>
              <maxspeed>100</maxspeed>
              <oneway>yes</oneway>
            </gpxtpx:Extensions>
          </gpxtpx:TrackPointExtension>
        </extensions>
      </trkpt>
      <trkpt lat="48.782401" lon="9.012016">
        <ele>374</ele>
        <extensions>
          <gpxtpx:TrackPointExtension>
            <gpxtpx:Extensions>
              <highway>motorway_link</highway>
              <surface>asphalt</surface>
              <maxspeed>100</maxspeed>
              <oneway>yes</oneway>
            </gpxtpx:Extensions>
          </gpxtpx:TrackPointExtension>
        </extensions>
      </trkpt>
      <trkpt lat="48.782239" lon="9.011475">
        <ele>374.5</ele>
        <extensions>
          <gpxtpx:TrackPointExtension>
            <gpxtpx:Extensions>
              <highway>motorway_link</highway>
              <surface>asphalt</surface>
              <maxspeed>100</maxspeed>
              <oneway>yes</oneway>
            </gpxtpx:Extensions>
          </gpxtpx:TrackPointExtension>
        </extensions>
      </trkpt>
      <trkpt lat="48.782152" lon="9.011147">
        <ele>374.75</ele>
        <extensions>
          <gpxtpx:TrackPointExtension>
            <gpxtpx:Extensions>
              <highway>motorway_link</highway>
              <surface>asphalt</surface>
              <maxspeed>100</maxspeed>
              <oneway>yes</oneway>
            </gpxtpx:Extensions>
          </gpxtpx:TrackPointExtension>
        </extensions>
      </trkpt>
      <trkpt lat="48.782085" lon="9.010847">
        <ele>375.25</ele>
        <extensions>
          <gpxtpx:TrackPointExtension>
            <gpxtpx:Extensions>
              <highway>motorway_link</highway>
              <surface>asphalt</surface>
              <maxspeed>100</maxspeed>
              <oneway>yes</oneway>
            </gpxtpx:Extensions>
          </gpxtpx:TrackPointExtension>
        </extensions>
      </trkpt>
      <trkpt lat="48.781977" lon="9.010214">
        <ele>375.75</ele>
        <extensions>
          <gpxtpx:TrackPointExtension>
            <gpxtpx:Extensions>
              <highway>motorway_link</highway>
              <surface>asphalt</surface>
              <maxspeed>100</maxspeed>
              <oneway>yes</oneway>
            </gpxtpx:Extensions>
          </gpxtpx:TrackPointExtension>
        </extensions>
      </trkpt>
      <trkpt lat="48.781915" lon="9.00967">
        <ele>376.25</ele>
        <extensions>
          <gpxtpx:TrackPointExtension>
            <gpxtpx:Extensions>
              <highway>motorway_link</highway>
              <surface>asphalt</surface>
              <maxspeed>100</maxspeed>
              <oneway>yes</oneway>
            </gpxtpx:Extensions>
          </gpxtpx:TrackPointExtension>
        </extensions>
      </trkpt>
      <trkpt lat="48.781892" lon="9.009407">
        <ele>376.75</ele>
        <extensions>
          <gpxtpx:TrackPointExtension>
            <gpxtpx:Extensions>
              <highway>motorway_link</highway>
              <surface>asphalt</surface>
              <maxspeed>100</maxspeed>
              <oneway>yes</oneway>
            </gpxtpx:Extensions>
          </gpxtpx:TrackPointExtension>
        </extensions>
      </trkpt>
      <trkpt lat="48.781889" lon="9.00907">
        <ele>377.5</ele>
        <extensions>
          <gpxtpx:TrackPointExtension>
            <gpxtpx:Extensions>
              <highway>motorway_link</highway>
              <surface>asphalt</surface>
              <maxspeed>100</maxspeed>
              <oneway>yes</oneway>
            </gpxtpx:Extensions>
          </gpxtpx:TrackPointExtension>
        </extensions>
      </trkpt>
      <trkpt lat="48.781894" lon="9.008721">
        <ele>379</ele>
        <extensions>
          <gpxtpx:TrackPointExtension>
            <gpxtpx:Extensions>
              <highway>motorway_link</highway>
              <surface>asphalt</surface>
              <maxspeed>100</maxspeed>
              <oneway>yes</oneway>
            </gpxtpx:Extensions>
          </gpxtpx:TrackPointExtension>
        </extensions>
      </trkpt>
      <trkpt lat="48.781926" lon="9.008429">
        <ele>380</ele>
        <extensions>
          <gpxtpx:TrackPointExtension>
            <gpxtpx:Extensions>
              <highway>motorway_link</highway>
              <surface>asphalt</surface>
              <maxspeed>100</maxspeed>
              <oneway>yes</oneway>
            </gpxtpx:Extensions>
          </gpxtpx:TrackPointExtension>
        </extensions>
      </trkpt>
      <trkpt lat="48.781981" lon="9.008104">
        <ele>381</ele>
        <extensions>
          <gpxtpx:TrackPointExtension>
            <gpxtpx:Extensions>
              <highway>motorway_link</highway>
              <surface>asphalt</surface>
              <maxspeed>100</maxspeed>
              <oneway>yes</oneway>
            </gpxtpx:Extensions>
          </gpxtpx:TrackPointExtension>
        </extensions>
      </trkpt>
      <trkpt lat="48.782066" lon="9.007792">
        <ele>381.75</ele>
        <extensions>
          <gpxtpx:TrackPointExtension>
            <gpxtpx:Extensions>
              <highway>motorway_link</highway>
              <surface>asphalt</surface>
              <maxspeed>100</maxspeed>
              <oneway>yes</oneway>
            </gpxtpx:Extensions>
          </gpxtpx:TrackPointExtension>
        </extensions>
      </trkpt>
      <trkpt lat="48.782178" lon="9.007501">
        <ele>382</ele>
        <extensions>
          <gpxtpx:TrackPointExtension>
            <gpxtpx:Extensions>
              <highway>motorway_link</highway>
              <surface>asphalt</surface>
              <maxspeed>100</maxspeed>
              <oneway>yes</oneway>
            </gpxtpx:Extensions>
          </gpxtpx:TrackPointExtension>
        </extensions>
      </trkpt>
      <trkpt lat="48.782295" lon="9.007256">
        <ele>382.25</ele>
        <extensions>
          <gpxtpx:TrackPointExtension>
            <gpxtpx:Extensions>
              <highway>motorway_link</highway>
              <surface>asphalt</surface>
              <maxspeed>100</maxspeed>
              <oneway>yes</oneway>
            </gpxtpx:Extensions>
          </gpxtpx:TrackPointExtension>
        </extensions>
      </trkpt>
      <trkpt lat="48.782803" lon="9.006423">
        <ele>381.75</ele>
        <extensions>
          <gpxtpx:TrackPointExtension>
            <gpxtpx:Extensions>
              <highway>motorway_link</highway>
              <surface>asphalt</surface>
              <maxspeed>100</maxspeed>
              <oneway>yes</oneway>
            </gpxtpx:Extensions>
          </gpxtpx:TrackPointExtension>
        </extensions>
      </trkpt>
      <trkpt lat="48.782863" lon="9.006278">
        <ele>381.5</ele>
        <extensions>
          <gpxtpx:TrackPointExtension>
            <gpxtpx:Extensions>
              <highway>motorway_link</highway>
              <surface>asphalt</surface>
              <maxspeed>100</maxspeed>
              <oneway>yes</oneway>
            </gpxtpx:Extensions>
          </gpxtpx:TrackPointExtension>
        </extensions>
      </trkpt>
      <trkpt lat="48.78295" lon="9.006095">
        <ele>381.25</ele>
        <extensions>
          <gpxtpx:TrackPointExtension>
            <gpxtpx:Extensions>
              <highway>motorway_link</highway>
              <surface>asphalt</surface>
              <maxspeed>100</maxspeed>
              <oneway>yes</oneway>
            </gpxtpx:Extensions>
          </gpxtpx:TrackPointExtension>
        </extensions>
      </trkpt>
      <trkpt lat="48.783094" lon="9.005735">
        <ele>380.5</ele>
        <extensions>
          <gpxtpx:TrackPointExtension>
            <gpxtpx:Extensions>
              <highway>motorway_link</highway>
              <surface>asphalt</surface>
              <maxspeed>100</maxspeed>
              <oneway>yes</oneway>
            </gpxtpx:Extensions>
          </gpxtpx:TrackPointExtension>
        </extensions>
      </trkpt>
      <trkpt lat="48.78334" lon="9.004469">
        <ele>379.5</ele>
        <extensions>
          <gpxtpx:TrackPointExtension>
            <gpxtpx:Extensions>
              <highway>motorway_link</highway>
              <surface>asphalt</surface>
              <maxspeed>100</maxspeed>
              <oneway>yes</oneway>
            </gpxtpx:Extensions>
          </gpxtpx:TrackPointExtension>
        </extensions>
      </trkpt>
      <trkpt lat="48.78357" lon="9.003227">
        <ele>382.25</ele>
        <extensions>
          <gpxtpx:TrackPointExtension>
            <gpxtpx:Extensions>
              <highway>motorway_link</highway>
              <surface>asphalt</surface>
              <maxspeed>100</maxspeed>
              <oneway>yes</oneway>
            </gpxtpx:Extensions>
          </gpxtpx:TrackPointExtension>
        </extensions>
      </trkpt>
      <trkpt lat="48.783812" lon="9.001984">
        <ele>382.75</ele>
        <extensions>
          <gpxtpx:TrackPointExtension>
            <gpxtpx:Extensions>
              <highway>motorway_link</highway>
              <surface>asphalt</surface>
              <maxspeed>100</maxspeed>
              <oneway>yes</oneway>
            </gpxtpx:Extensions>
          </gpxtpx:TrackPointExtension>
        </extensions>
      </trkpt>
      <trkpt lat="48.784051" lon="9.001055">
        <ele>378.5</ele>
        <extensions>
          <gpxtpx:TrackPointExtension>
            <gpxtpx:Extensions>
              <highway>motorway_link</highway>
              <surface>asphalt</surface>
              <maxspeed>100</maxspeed>
              <oneway>yes</oneway>
            </gpxtpx:Extensions>
          </gpxtpx:TrackPointExtension>
        </extensions>
      </trkpt>
      <trkpt lat="48.784109" lon="9.000691">
        <ele>377.25</ele>
        <extensions>
          <gpxtpx:TrackPointExtension>
            <gpxtpx:Extensions>
              <highway>motorway</highway>
              <surface>asphalt</surface>
              <maxspeed>unknown</maxspeed>
              <oneway>yes</oneway>
            </gpxtpx:Extensions>
          </gpxtpx:TrackPointExtension>
        </extensions>
      </trkpt>
      <trkpt lat="48.784881" lon="8.995695">
        <ele>369</ele>
        <extensions>
          <gpxtpx:TrackPointExtension>
            <gpxtpx:Extensions>
              <highway>motorway</highway>
              <surface>asphalt</surface>
              <maxspeed>unknown</maxspeed>
              <oneway>yes</oneway>
            </gpxtpx:Extensions>
          </gpxtpx:TrackPointExtension>
        </extensions>
      </trkpt>
      <trkpt lat="48.785431" lon="8.992215">
        <ele>367.5</ele>
        <extensions>
          <gpxtpx:TrackPointExtension>
            <gpxtpx:Extensions>
              <highway>motorway</highway>
              <surface>asphalt</surface>
              <maxspeed>unknown</maxspeed>
              <oneway>yes</oneway>
            </gpxtpx:Extensions>
          </gpxtpx:TrackPointExtension>
        </extensions>
      </trkpt>
      <trkpt lat="48.785795" lon="8.989848">
        <ele>373.5</ele>
        <extensions>
          <gpxtpx:TrackPointExtension>
            <gpxtpx:Extensions>
              <highway>motorway</highway>
              <surface>asphalt</surface>
              <maxspeed>unknown</maxspeed>
              <oneway>yes</oneway>
            </gpxtpx:Extensions>
          </gpxtpx:TrackPointExtension>
        </extensions>
      </trkpt>
      <trkpt lat="48.786001" lon="8.988575">
        <ele>376.5</ele>
        <extensions>
          <gpxtpx:TrackPointExtension>
            <gpxtpx:Extensions>
              <highway>motorway</highway>
              <surface>asphalt</surface>
              <maxspeed>unknown</maxspeed>
              <oneway>yes</oneway>
            </gpxtpx:Extensions>
          </gpxtpx:TrackPointExtension>
        </extensions>
      </trkpt>
      <trkpt lat="48.786494" lon="8.985986">
        <ele>371.75</ele>
        <extensions>
          <gpxtpx:TrackPointExtension>
            <gpxtpx:Extensions>
              <highway>motorway</highway>
              <surface>asphalt</surface>
              <maxspeed>unknown</maxspeed>
              <oneway>yes</oneway>
            </gpxtpx:Extensions>
          </gpxtpx:TrackPointExtension>
        </extensions>
      </trkpt>
      <trkpt lat="48.786476" lon="8.985761">
        <ele>372</ele>
        <extensions>
          <gpxtpx:TrackPointExtension>
            <gpxtpx:Extensions>
              <highway>motorway_link</highway>
              <surface>asphalt</surface>
              <oneway>yes</oneway>
            </gpxtpx:Extensions>
          </gpxtpx:TrackPointExtension>
        </extensions>
      </trkpt>
      <trkpt lat="48.7869" lon="8.983698">
        <ele>370.25</ele>
        <extensions>
          <gpxtpx:TrackPointExtension>
            <gpxtpx:Extensions>
              <highway>motorway_link</highway>
              <surface>asphalt</surface>
              <oneway>yes</oneway>
            </gpxtpx:Extensions>
          </gpxtpx:TrackPointExtension>
        </extensions>
      </trkpt>
      <trkpt lat="48.787029" lon="8.983147">
        <ele>371.25</ele>
        <extensions>
          <gpxtpx:TrackPointExtension>
            <gpxtpx:Extensions>
              <highway>motorway_link</highway>
              <surface>asphalt</surface>
              <oneway>yes</oneway>
            </gpxtpx:Extensions>
          </gpxtpx:TrackPointExtension>
        </extensions>
      </trkpt>
      <trkpt lat="48.787461" lon="8.981081">
        <ele>376.5</ele>
        <extensions>
          <gpxtpx:TrackPointExtension>
            <gpxtpx:Extensions>
              <highway>motorway_link</highway>
              <surface>asphalt</surface>
              <oneway>yes</oneway>
            </gpxtpx:Extensions>
          </gpxtpx:TrackPointExtension>
        </extensions>
      </trkpt>
      <trkpt lat="48.787453" lon="8.980859">
        <ele>377.5</ele>
        <extensions>
          <gpxtpx:TrackPointExtension>
            <gpxtpx:Extensions>
              <highway>motorway_link</highway>
              <surface>asphalt</surface>
              <oneway>yes</oneway>
            </gpxtpx:Extensions>
          </gpxtpx:TrackPointExtension>
        </extensions>
      </trkpt>
      <trkpt lat="48.78744" lon="8.980778">
        <ele>377.75</ele>
        <extensions>
          <gpxtpx:TrackPointExtension>
            <gpxtpx:Extensions>
              <highway>motorway_link</highway>
              <surface>asphalt</surface>
              <oneway>yes</oneway>
            </gpxtpx:Extensions>
          </gpxtpx:TrackPointExtension>
        </extensions>
      </trkpt>
      <trkpt lat="48.787384" lon="8.980631">
        <ele>378.75</ele>
        <extensions>
          <gpxtpx:TrackPointExtension>
            <gpxtpx:Extensions>
              <highway>motorway_link</highway>
              <surface>asphalt</surface>
              <oneway>yes</oneway>
            </gpxtpx:Extensions>
          </gpxtpx:TrackPointExtension>
        </extensions>
      </trkpt>
      <trkpt lat="48.787345" lon="8.980558">
        <ele>379.25</ele>
        <extensions>
          <gpxtpx:TrackPointExtension>
            <gpxtpx:Extensions>
              <highway>motorway_link</highway>
              <surface>asphalt</surface>
              <oneway>yes</oneway>
            </gpxtpx:Extensions>
          </gpxtpx:TrackPointExtension>
        </extensions>
      </trkpt>
      <trkpt lat="48.787303" lon="8.980498">
        <ele>379.75</ele>
        <extensions>
          <gpxtpx:TrackPointExtension>
            <gpxtpx:Extensions>
              <highway>motorway_link</highway>
              <surface>asphalt</surface>
              <oneway>yes</oneway>
            </gpxtpx:Extensions>
          </gpxtpx:TrackPointExtension>
        </extensions>
      </trkpt>
      <trkpt lat="48.787184" lon="8.980464">
        <ele>381</ele>
        <extensions>
          <gpxtpx:TrackPointExtension>
            <gpxtpx:Extensions>
              <highway>trunk</highway>
              <surface>asphalt</surface>
              <maxspeed>70</maxspeed>
              <oneway>yes</oneway>
            </gpxtpx:Extensions>
          </gpxtpx:TrackPointExtension>
        </extensions>
      </trkpt>
      <trkpt lat="48.78711" lon="8.980454">
        <ele>381.75</ele>
        <extensions>
          <gpxtpx:TrackPointExtension>
            <gpxtpx:Extensions>
              <highway>trunk</highway>
              <surface>asphalt</surface>
              <maxspeed>70</maxspeed>
              <oneway>yes</oneway>
            </gpxtpx:Extensions>
          </gpxtpx:TrackPointExtension>
        </extensions>
      </trkpt>
      <trkpt lat="48.786809" lon="8.980402">
        <ele>385</ele>
        <extensions>
          <gpxtpx:TrackPointExtension>
            <gpxtpx:Extensions>
              <highway>trunk</highway>
              <surface>asphalt</surface>
              <maxspeed>70</maxspeed>
              <oneway>yes</oneway>
            </gpxtpx:Extensions>
          </gpxtpx:TrackPointExtension>
        </extensions>
      </trkpt>
      <trkpt lat="48.786182" lon="8.98033">
        <ele>393.25</ele>
        <extensions>
          <gpxtpx:TrackPointExtension>
            <gpxtpx:Extensions>
              <highway>trunk</highway>
              <surface>asphalt</surface>
              <maxspeed>70</maxspeed>
              <oneway>yes</oneway>
            </gpxtpx:Extensions>
          </gpxtpx:TrackPointExtension>
        </extensions>
      </trkpt>
      <trkpt lat="48.785891" lon="8.980252">
        <ele>397.75</ele>
        <extensions>
          <gpxtpx:TrackPointExtension>
            <gpxtpx:Extensions>
              <highway>trunk</highway>
              <surface>asphalt</surface>
              <maxspeed>70</maxspeed>
              <oneway>yes</oneway>
            </gpxtpx:Extensions>
          </gpxtpx:TrackPointExtension>
        </extensions>
      </trkpt>
      <trkpt lat="48.785594" lon="8.980148">
        <ele>401.25</ele>
        <extensions>
          <gpxtpx:TrackPointExtension>
            <gpxtpx:Extensions>
              <highway>trunk</highway>
              <surface>asphalt</surface>
              <maxspeed>70</maxspeed>
              <oneway>yes</oneway>
            </gpxtpx:Extensions>
          </gpxtpx:TrackPointExtension>
        </extensions>
      </trkpt>
      <trkpt lat="48.78529" lon="8.980017">
        <ele>404.75</ele>
        <extensions>
          <gpxtpx:TrackPointExtension>
            <gpxtpx:Extensions>
              <highway>trunk</highway>
              <surface>asphalt</surface>
              <maxspeed>70</maxspeed>
              <oneway>yes</oneway>
            </gpxtpx:Extensions>
          </gpxtpx:TrackPointExtension>
        </extensions>
      </trkpt>
      <trkpt lat="48.784997" lon="8.979845">
        <ele>410</ele>
        <extensions>
          <gpxtpx:TrackPointExtension>
            <gpxtpx:Extensions>
              <highway>trunk</highway>
              <surface>asphalt</surface>
              <maxspeed>70</maxspeed>
              <oneway>yes</oneway>
            </gpxtpx:Extensions>
          </gpxtpx:TrackPointExtension>
        </extensions>
      </trkpt>
      <trkpt lat="48.784705" lon="8.979642">
        <ele>415.5</ele>
        <extensions>
          <gpxtpx:TrackPointExtension>
            <gpxtpx:Extensions>
              <highway>trunk</highway>
              <surface>asphalt</surface>
              <maxspeed>70</maxspeed>
              <oneway>yes</oneway>
            </gpxtpx:Extensions>
          </gpxtpx:TrackPointExtension>
        </extensions>
      </trkpt>
      <trkpt lat="48.784373" lon="8.979349">
        <ele>422</ele>
        <extensions>
          <gpxtpx:TrackPointExtension>
            <gpxtpx:Extensions>
              <highway>trunk</highway>
              <surface>asphalt</surface>
              <maxspeed>70</maxspeed>
              <oneway>yes</oneway>
            </gpxtpx:Extensions>
          </gpxtpx:TrackPointExtension>
        </extensions>
      </trkpt>
      <trkpt lat="48.784063" lon="8.979045">
        <ele>426</ele>
        <extensions>
          <gpxtpx:TrackPointExtension>
            <gpxtpx:Extensions>
              <highway>trunk</highway>
              <surface>asphalt</surface>
              <maxspeed>70</maxspeed>
              <oneway>yes</oneway>
            </gpxtpx:Extensions>
          </gpxtpx:TrackPointExtension>
        </extensions>
      </trkpt>
      <trkpt lat="48.783842" lon="8.978775">
        <ele>426.5</ele>
        <extensions>
          <gpxtpx:TrackPointExtension>
            <gpxtpx:Extensions>
              <highway>trunk</highway>
              <surface>asphalt</surface>
              <maxspeed>70</maxspeed>
              <oneway>yes</oneway>
            </gpxtpx:Extensions>
          </gpxtpx:TrackPointExtension>
        </extensions>
      </trkpt>
      <trkpt lat="48.783625" lon="8.978483">
        <ele>426.5</ele>
        <extensions>
          <gpxtpx:TrackPointExtension>
            <gpxtpx:Extensions>
              <highway>trunk</highway>
              <surface>asphalt</surface>
              <maxspeed>70</maxspeed>
              <oneway>yes</oneway>
            </gpxtpx:Extensions>
          </gpxtpx:TrackPointExtension>
        </extensions>
      </trkpt>
      <trkpt lat="48.783397" lon="8.978141">
        <ele>428</ele>
        <extensions>
          <gpxtpx:TrackPointExtension>
            <gpxtpx:Extensions>
              <highway>trunk</highway>
              <surface>asphalt</surface>
              <maxspeed>70</maxspeed>
              <oneway>yes</oneway>
            </gpxtpx:Extensions>
          </gpxtpx:TrackPointExtension>
        </extensions>
      </trkpt>
      <trkpt lat="48.783191" lon="8.977798">
        <ele>429.5</ele>
        <extensions>
          <gpxtpx:TrackPointExtension>
            <gpxtpx:Extensions>
              <highway>trunk</highway>
              <surface>asphalt</surface>
              <maxspeed>70</maxspeed>
              <oneway>yes</oneway>
            </gpxtpx:Extensions>
          </gpxtpx:TrackPointExtension>
        </extensions>
      </trkpt>
      <trkpt lat="48.783002" lon="8.977389">
        <ele>431.25</ele>
        <extensions>
          <gpxtpx:TrackPointExtension>
            <gpxtpx:Extensions>
              <highway>trunk</highway>
              <surface>asphalt</surface>
              <maxspeed>70</maxspeed>
              <oneway>yes</oneway>
            </gpxtpx:Extensions>
          </gpxtpx:TrackPointExtension>
        </extensions>
      </trkpt>
      <trkpt lat="48.782829" lon="8.976983">
        <ele>432</ele>
        <extensions>
          <gpxtpx:TrackPointExtension>
            <gpxtpx:Extensions>
              <highway>trunk</highway>
              <surface>asphalt</surface>
              <maxspeed>70</maxspeed>
              <oneway>yes</oneway>
            </gpxtpx:Extensions>
          </gpxtpx:TrackPointExtension>
        </extensions>
      </trkpt>
      <trkpt lat="48.782714" lon="8.976662">
        <ele>433</ele>
        <extensions>
          <gpxtpx:TrackPointExtension>
            <gpxtpx:Extensions>
              <highway>trunk</highway>
              <surface>asphalt</surface>
              <maxspeed>70</maxspeed>
              <oneway>yes</oneway>
            </gpxtpx:Extensions>
          </gpxtpx:TrackPointExtension>
        </extensions>
      </trkpt>
      <trkpt lat="48.782483" lon="8.975864">
        <ele>434.75</ele>
        <extensions>
          <gpxtpx:TrackPointExtension>
            <gpxtpx:Extensions>
              <highway>trunk</highway>
              <surface>asphalt</surface>
              <maxspeed>70</maxspeed>
              <oneway>yes</oneway>
            </gpxtpx:Extensions>
          </gpxtpx:TrackPointExtension>
        </extensions>
      </trkpt>
      <trkpt lat="48.782316" lon="8.975271">
        <ele>436.5</ele>
        <extensions>
          <gpxtpx:TrackPointExtension>
            <gpxtpx:Extensions>
              <highway>trunk</highway>
              <surface>asphalt</surface>
              <maxspeed>70</maxspeed>
              <oneway>yes</oneway>
            </gpxtpx:Extensions>
          </gpxtpx:TrackPointExtension>
        </extensions>
      </trkpt>
      <trkpt lat="48.782083" lon="8.97439">
        <ele>442.75</ele>
        <extensions>
          <gpxtpx:TrackPointExtension>
            <gpxtpx:Extensions>
              <highway>trunk</highway>
              <surface>asphalt</surface>
              <maxspeed>70</maxspeed>
              <oneway>yes</oneway>
            </gpxtpx:Extensions>
          </gpxtpx:TrackPointExtension>
        </extensions>
      </trkpt>
      <trkpt lat="48.781912" lon="8.973801">
        <ele>445.5</ele>
        <extensions>
          <gpxtpx:TrackPointExtension>
            <gpxtpx:Extensions>
              <highway>trunk</highway>
              <surface>asphalt</surface>
              <maxspeed>70</maxspeed>
              <oneway>yes</oneway>
            </gpxtpx:Extensions>
          </gpxtpx:TrackPointExtension>
        </extensions>
      </trkpt>
      <trkpt lat="48.781756" lon="8.973321">
        <ele>446.75</ele>
        <extensions>
          <gpxtpx:TrackPointExtension>
            <gpxtpx:Extensions>
              <highway>trunk</highway>
              <surface>asphalt</surface>
              <maxspeed>70</maxspeed>
              <oneway>yes</oneway>
            </gpxtpx:Extensions>
          </gpxtpx:TrackPointExtension>
        </extensions>
      </trkpt>
      <trkpt lat="48.781517" lon="8.972656">
        <ele>448</ele>
        <extensions>
          <gpxtpx:TrackPointExtension>
            <gpxtpx:Extensions>
              <highway>trunk</highway>
              <surface>asphalt</surface>
              <maxspeed>70</maxspeed>
              <oneway>yes</oneway>
            </gpxtpx:Extensions>
          </gpxtpx:TrackPointExtension>
        </extensions>
      </trkpt>
      <trkpt lat="48.781318" lon="8.972157">
        <ele>449</ele>
        <extensions>
          <gpxtpx:TrackPointExtension>
            <gpxtpx:Extensions>
              <highway>trunk</highway>
              <surface>asphalt</surface>
              <maxspeed>100</maxspeed>
              <oneway>yes</oneway>
            </gpxtpx:Extensions>
          </gpxtpx:TrackPointExtension>
        </extensions>
      </trkpt>
      <trkpt lat="48.781178" lon="8.971834">
        <ele>449.75</ele>
        <extensions>
          <gpxtpx:TrackPointExtension>
            <gpxtpx:Extensions>
              <highway>trunk</highway>
              <surface>asphalt</surface>
              <maxspeed>100</maxspeed>
              <oneway>yes</oneway>
            </gpxtpx:Extensions>
          </gpxtpx:TrackPointExtension>
        </extensions>
      </trkpt>
      <trkpt lat="48.780987" lon="8.971445">
        <ele>450</ele>
        <extensions>
          <gpxtpx:TrackPointExtension>
            <gpxtpx:Extensions>
              <highway>trunk</highway>
              <surface>asphalt</surface>
              <maxspeed>100</maxspeed>
              <oneway>yes</oneway>
            </gpxtpx:Extensions>
          </gpxtpx:TrackPointExtension>
        </extensions>
      </trkpt>
      <trkpt lat="48.780783" lon="8.971042">
        <ele>449.5</ele>
        <extensions>
          <gpxtpx:TrackPointExtension>
            <gpxtpx:Extensions>
              <highway>trunk</highway>
              <surface>asphalt</surface>
              <maxspeed>100</maxspeed>
              <oneway>yes</oneway>
            </gpxtpx:Extensions>
          </gpxtpx:TrackPointExtension>
        </extensions>
      </trkpt>
      <trkpt lat="48.780363" lon="8.970262">
        <ele>450.5</ele>
        <extensions>
          <gpxtpx:TrackPointExtension>
            <gpxtpx:Extensions>
              <highway>trunk</highway>
              <surface>asphalt</surface>
              <maxspeed>100</maxspeed>
              <oneway>yes</oneway>
            </gpxtpx:Extensions>
          </gpxtpx:TrackPointExtension>
        </extensions>
      </trkpt>
      <trkpt lat="48.780246" lon="8.97006">
        <ele>450.5</ele>
        <extensions>
          <gpxtpx:TrackPointExtension>
            <gpxtpx:Extensions>
              <highway>trunk</highway>
              <surface>asphalt</surface>
              <maxspeed>100</maxspeed>
              <oneway>yes</oneway>
            </gpxtpx:Extensions>
          </gpxtpx:TrackPointExtension>
        </extensions>
      </trkpt>
      <trkpt lat="48.779704" lon="8.969098">
        <ele>451.5</ele>
        <extensions>
          <gpxtpx:TrackPointExtension>
            <gpxtpx:Extensions>
              <highway>trunk</highway>
              <surface>asphalt</surface>
              <maxspeed>100</maxspeed>
              <oneway>yes</oneway>
            </gpxtpx:Extensions>
          </gpxtpx:TrackPointExtension>
        </extensions>
      </trkpt>
      <trkpt lat="48.778553" lon="8.967055">
        <ele>450</ele>
        <extensions>
          <gpxtpx:TrackPointExtension>
            <gpxtpx:Extensions>
              <highway>trunk</highway>
              <surface>asphalt</surface>
              <maxspeed>100</maxspeed>
              <oneway>yes</oneway>
            </gpxtpx:Extensions>
          </gpxtpx:TrackPointExtension>
        </extensions>
      </trkpt>
      <trkpt lat="48.777782" lon="8.965658">
        <ele>450.75</ele>
        <extensions>
          <gpxtpx:TrackPointExtension>
            <gpxtpx:Extensions>
              <highway>trunk</highway>
              <surface>asphalt</surface>
              <maxspeed>100</maxspeed>
              <oneway>yes</oneway>
            </gpxtpx:Extensions>
          </gpxtpx:TrackPointExtension>
        </extensions>
      </trkpt>
      <trkpt lat="48.777258" lon="8.964683">
        <ele>449.75</ele>
        <extensions>
          <gpxtpx:TrackPointExtension>
            <gpxtpx:Extensions>
              <highway>trunk</highway>
              <surface>asphalt</surface>
              <maxspeed>100</maxspeed>
              <oneway>yes</oneway>
            </gpxtpx:Extensions>
          </gpxtpx:TrackPointExtension>
        </extensions>
      </trkpt>
      <trkpt lat="48.777156" lon="8.964479">
        <ele>449.5</ele>
        <extensions>
          <gpxtpx:TrackPointExtension>
            <gpxtpx:Extensions>
              <highway>trunk</highway>
              <surface>asphalt</surface>
              <maxspeed>100</maxspeed>
              <oneway>yes</oneway>
            </gpxtpx:Extensions>
          </gpxtpx:TrackPointExtension>
        </extensions>
      </trkpt>
      <trkpt lat="48.775879" lon="8.961984">
        <ele>446.75</ele>
        <extensions>
          <gpxtpx:TrackPointExtension>
            <gpxtpx:Extensions>
              <highway>trunk</highway>
              <surface>asphalt</surface>
              <maxspeed>100</maxspeed>
              <oneway>yes</oneway>
            </gpxtpx:Extensions>
          </gpxtpx:TrackPointExtension>
        </extensions>
      </trkpt>
      <trkpt lat="48.77526" lon="8.960681">
        <ele>446.5</ele>
        <extensions>
          <gpxtpx:TrackPointExtension>
            <gpxtpx:Extensions>
              <highway>trunk</highway>
              <surface>asphalt</surface>
              <maxspeed>100</maxspeed>
              <oneway>yes</oneway>
            </gpxtpx:Extensions>
          </gpxtpx:TrackPointExtension>
        </extensions>
      </trkpt>
      <trkpt lat="48.77467" lon="8.959412">
        <ele>442.5</ele>
        <extensions>
          <gpxtpx:TrackPointExtension>
            <gpxtpx:Extensions>
              <highway>trunk</highway>
              <surface>asphalt</surface>
              <maxspeed>100</maxspeed>
              <oneway>yes</oneway>
            </gpxtpx:Extensions>
          </gpxtpx:TrackPointExtension>
        </extensions>
      </trkpt>
      <trkpt lat="48.773945" lon="8.957788">
        <ele>438</ele>
        <extensions>
          <gpxtpx:TrackPointExtension>
            <gpxtpx:Extensions>
              <highway>trunk</highway>
              <surface>asphalt</surface>
              <maxspeed>100</maxspeed>
              <oneway>yes</oneway>
            </gpxtpx:Extensions>
          </gpxtpx:TrackPointExtension>
        </extensions>
      </trkpt>
      <trkpt lat="48.773566" lon="8.956896">
        <ele>432.25</ele>
        <extensions>
          <gpxtpx:TrackPointExtension>
            <gpxtpx:Extensions>
              <highway>trunk</highway>
              <surface>asphalt</surface>
              <maxspeed>100</maxspeed>
              <oneway>yes</oneway>
            </gpxtpx:Extensions>
          </gpxtpx:TrackPointExtension>
        </extensions>
      </trkpt>
      <trkpt lat="48.773408" lon="8.956465">
        <ele>428.75</ele>
        <extensions>
          <gpxtpx:TrackPointExtension>
            <gpxtpx:Extensions>
              <highway>trunk</highway>
              <surface>asphalt</surface>
              <maxspeed>100</maxspeed>
              <oneway>yes</oneway>
            </gpxtpx:Extensions>
          </gpxtpx:TrackPointExtension>
        </extensions>
      </trkpt>
      <trkpt lat="48.773158" lon="8.955881">
        <ele>424.25</ele>
        <extensions>
          <gpxtpx:TrackPointExtension>
            <gpxtpx:Extensions>
              <reversedirection>yes</reversedirection>
              <highway>trunk</highway>
              <surface>asphalt</surface>
            </gpxtpx:Extensions>
          </gpxtpx:TrackPointExtension>
        </extensions>
      </trkpt>
      <trkpt lat="48.772639" lon="8.954725">
        <ele>416.75</ele>
        <extensions>
          <gpxtpx:TrackPointExtension>
            <gpxtpx:Extensions>
              <reversedirection>yes</reversedirection>
              <highway>trunk</highway>
              <surface>asphalt</surface>
            </gpxtpx:Extensions>
          </gpxtpx:TrackPointExtension>
        </extensions>
      </trkpt>
      <trkpt lat="48.772486" lon="8.954402">
        <ele>414.25</ele>
        <extensions>
          <gpxtpx:TrackPointExtension>
            <gpxtpx:Extensions>
              <reversedirection>yes</reversedirection>
              <highway>trunk</highway>
              <surface>asphalt</surface>
            </gpxtpx:Extensions>
          </gpxtpx:TrackPointExtension>
        </extensions>
      </trkpt>
      <trkpt lat="48.772438" lon="8.954299">
        <ele>413.75</ele>
        <extensions>
          <gpxtpx:TrackPointExtension>
            <gpxtpx:Extensions>
              <reversedirection>yes</reversedirection>
              <highway>trunk</highway>
              <surface>asphalt</surface>
            </gpxtpx:Extensions>
          </gpxtpx:TrackPointExtension>
        </extensions>
      </trkpt>
      <trkpt lat="48.771999" lon="8.9534">
        <ele>410</ele>
        <extensions>
          <gpxtpx:TrackPointExtension>
            <gpxtpx:Extensions>
              <reversedirection>yes</reversedirection>
              <highway>trunk</highway>
              <surface>asphalt</surface>
            </gpxtpx:Extensions>
          </gpxtpx:TrackPointExtension>
        </extensions>
      </trkpt>
      <trkpt lat="48.77153" lon="8.952489">
        <ele>408.25</ele>
        <extensions>
          <gpxtpx:TrackPointExtension>
            <gpxtpx:Extensions>
              <reversedirection>yes</reversedirection>
              <highway>trunk</highway>
              <surface>asphalt</surface>
            </gpxtpx:Extensions>
          </gpxtpx:TrackPointExtension>
        </extensions>
      </trkpt>
      <trkpt lat="48.771116" lon="8.951739">
        <ele>407</ele>
        <extensions>
          <gpxtpx:TrackPointExtension>
            <gpxtpx:Extensions>
              <reversedirection>yes</reversedirection>
              <highway>trunk</highway>
              <surface>asphalt</surface>
            </gpxtpx:Extensions>
          </gpxtpx:TrackPointExtension>
        </extensions>
      </trkpt>
      <trkpt lat="48.770742" lon="8.951123">
        <ele>406.75</ele>
        <extensions>
          <gpxtpx:TrackPointExtension>
            <gpxtpx:Extensions>
              <reversedirection>yes</reversedirection>
              <highway>trunk</highway>
              <surface>asphalt</surface>
            </gpxtpx:Extensions>
          </gpxtpx:TrackPointExtension>
        </extensions>
      </trkpt>
      <trkpt lat="48.770364" lon="8.950578">
        <ele>406</ele>
        <extensions>
          <gpxtpx:TrackPointExtension>
            <gpxtpx:Extensions>
              <reversedirection>yes</reversedirection>
              <highway>trunk</highway>
              <surface>asphalt</surface>
            </gpxtpx:Extensions>
          </gpxtpx:TrackPointExtension>
        </extensions>
      </trkpt>
      <trkpt lat="48.770069" lon="8.950188">
        <ele>405.25</ele>
        <extensions>
          <gpxtpx:TrackPointExtension>
            <gpxtpx:Extensions>
              <reversedirection>yes</reversedirection>
              <highway>trunk</highway>
              <surface>asphalt</surface>
            </gpxtpx:Extensions>
          </gpxtpx:TrackPointExtension>
        </extensions>
      </trkpt>
      <trkpt lat="48.769763" lon="8.949823">
        <ele>404.5</ele>
        <extensions>
          <gpxtpx:TrackPointExtension>
            <gpxtpx:Extensions>
              <reversedirection>yes</reversedirection>
              <highway>trunk</highway>
              <surface>asphalt</surface>
            </gpxtpx:Extensions>
          </gpxtpx:TrackPointExtension>
        </extensions>
      </trkpt>
      <trkpt lat="48.769512" lon="8.949527">
        <ele>404.25</ele>
        <extensions>
          <gpxtpx:TrackPointExtension>
            <gpxtpx:Extensions>
              <reversedirection>yes</reversedirection>
              <highway>trunk</highway>
              <surface>asphalt</surface>
            </gpxtpx:Extensions>
          </gpxtpx:TrackPointExtension>
        </extensions>
      </trkpt>
      <trkpt lat="48.769331" lon="8.949334">
        <ele>404</ele>
        <extensions>
          <gpxtpx:TrackPointExtension>
            <gpxtpx:Extensions>
              <reversedirection>yes</reversedirection>
              <highway>trunk</highway>
              <surface>asphalt</surface>
            </gpxtpx:Extensions>
          </gpxtpx:TrackPointExtension>
        </extensions>
      </trkpt>
      <trkpt lat="48.769133" lon="8.949154">
        <ele>404</ele>
        <extensions>
          <gpxtpx:TrackPointExtension>
            <gpxtpx:Extensions>
              <reversedirection>yes</reversedirection>
              <highway>trunk</highway>
              <surface>asphalt</surface>
            </gpxtpx:Extensions>
          </gpxtpx:TrackPointExtension>
        </extensions>
      </trkpt>
      <trkpt lat="48.768652" lon="8.948856">
        <ele>404</ele>
        <extensions>
          <gpxtpx:TrackPointExtension>
            <gpxtpx:Extensions>
              <highway>trunk</highway>
              <surface>asphalt</surface>
              <maxspeed>70</maxspeed>
              <oneway>yes</oneway>
            </gpxtpx:Extensions>
          </gpxtpx:TrackPointExtension>
        </extensions>
      </trkpt>
      <trkpt lat="48.768495" lon="8.948756">
        <ele>404</ele>
        <extensions>
          <gpxtpx:TrackPointExtension>
            <gpxtpx:Extensions>
              <highway>trunk</highway>
              <surface>asphalt</surface>
              <maxspeed>70</maxspeed>
              <oneway>yes</oneway>
            </gpxtpx:Extensions>
          </gpxtpx:TrackPointExtension>
        </extensions>
      </trkpt>
      <trkpt lat="48.768072" lon="8.948487">
        <ele>403.5</ele>
        <extensions>
          <gpxtpx:TrackPointExtension>
            <gpxtpx:Extensions>
              <highway>trunk</highway>
              <surface>asphalt</surface>
              <maxspeed>70</maxspeed>
              <oneway>yes</oneway>
            </gpxtpx:Extensions>
          </gpxtpx:TrackPointExtension>
        </extensions>
      </trkpt>
      <trkpt lat="48.76797" lon="8.948435">
        <ele>403.5</ele>
        <extensions>
          <gpxtpx:TrackPointExtension>
            <gpxtpx:Extensions>
              <highway>primary</highway>
              <surface>asphalt</surface>
              <maxspeed>70</maxspeed>
              <oneway>yes</oneway>
            </gpxtpx:Extensions>
          </gpxtpx:TrackPointExtension>
        </extensions>
      </trkpt>
      <trkpt lat="48.767486" lon="8.948202">
        <ele>403</ele>
        <extensions>
          <gpxtpx:TrackPointExtension>
            <gpxtpx:Extensions>
              <highway>primary</highway>
              <surface>asphalt</surface>
              <maxspeed>70</maxspeed>
              <oneway>yes</oneway>
            </gpxtpx:Extensions>
          </gpxtpx:TrackPointExtension>
        </extensions>
      </trkpt>
      <trkpt lat="48.767209" lon="8.948004">
        <ele>403.5</ele>
        <extensions>
          <gpxtpx:TrackPointExtension>
            <gpxtpx:Extensions>
              <highway>primary</highway>
              <surface>asphalt</surface>
              <maxspeed>70</maxspeed>
              <oneway>yes</oneway>
            </gpxtpx:Extensions>
          </gpxtpx:TrackPointExtension>
        </extensions>
      </trkpt>
      <trkpt lat="48.766943" lon="8.947916">
        <ele>403.75</ele>
        <extensions>
          <gpxtpx:TrackPointExtension>
            <gpxtpx:Extensions>
              <reversedirection>yes</reversedirection>
              <highway>primary</highway>
              <surface>asphalt</surface>
              <maxspeed>70</maxspeed>
            </gpxtpx:Extensions>
          </gpxtpx:TrackPointExtension>
        </extensions>
      </trkpt>
      <trkpt lat="48.76664" lon="8.947829">
        <ele>403.75</ele>
        <extensions>
          <gpxtpx:TrackPointExtension>
            <gpxtpx:Extensions>
              <reversedirection>yes</reversedirection>
              <highway>primary</highway>
              <surface>asphalt</surface>
              <maxspeed>70</maxspeed>
            </gpxtpx:Extensions>
          </gpxtpx:TrackPointExtension>
        </extensions>
      </trkpt>
      <trkpt lat="48.766345" lon="8.947776">
        <ele>403</ele>
        <extensions>
          <gpxtpx:TrackPointExtension>
            <gpxtpx:Extensions>
              <reversedirection>yes</reversedirection>
              <highway>primary</highway>
              <surface>asphalt</surface>
              <maxspeed>70</maxspeed>
            </gpxtpx:Extensions>
          </gpxtpx:TrackPointExtension>
        </extensions>
      </trkpt>
      <trkpt lat="48.766028" lon="8.947728">
        <ele>402.25</ele>
        <extensions>
          <gpxtpx:TrackPointExtension>
            <gpxtpx:Extensions>
              <reversedirection>yes</reversedirection>
              <highway>primary</highway>
              <surface>asphalt</surface>
              <maxspeed>70</maxspeed>
            </gpxtpx:Extensions>
          </gpxtpx:TrackPointExtension>
        </extensions>
      </trkpt>
      <trkpt lat="48.765427" lon="8.947696">
        <ele>402.5</ele>
        <extensions>
          <gpxtpx:TrackPointExtension>
            <gpxtpx:Extensions>
              <reversedirection>yes</reversedirection>
              <highway>primary</highway>
              <surface>asphalt</surface>
              <maxspeed>70</maxspeed>
            </gpxtpx:Extensions>
          </gpxtpx:TrackPointExtension>
        </extensions>
      </trkpt>
      <trkpt lat="48.763939" lon="8.947873">
        <ele>403.25</ele>
        <extensions>
          <gpxtpx:TrackPointExtension>
            <gpxtpx:Extensions>
              <reversedirection>yes</reversedirection>
              <highway>primary</highway>
              <surface>asphalt</surface>
              <maxspeed>70</maxspeed>
            </gpxtpx:Extensions>
          </gpxtpx:TrackPointExtension>
        </extensions>
      </trkpt>
      <trkpt lat="48.763237" lon="8.947938">
        <ele>404</ele>
        <extensions>
          <gpxtpx:TrackPointExtension>
            <gpxtpx:Extensions>
              <reversedirection>yes</reversedirection>
              <highway>primary</highway>
              <surface>asphalt</surface>
              <maxspeed>70</maxspeed>
            </gpxtpx:Extensions>
          </gpxtpx:TrackPointExtension>
        </extensions>
      </trkpt>
      <trkpt lat="48.762804" lon="8.947919">
        <ele>405.25</ele>
        <extensions>
          <gpxtpx:TrackPointExtension>
            <gpxtpx:Extensions>
              <reversedirection>yes</reversedirection>
              <highway>primary</highway>
              <surface>asphalt</surface>
              <maxspeed>70</maxspeed>
            </gpxtpx:Extensions>
          </gpxtpx:TrackPointExtension>
        </extensions>
      </trkpt>
      <trkpt lat="48.762322" lon="8.947858">
        <ele>405.75</ele>
        <extensions>
          <gpxtpx:TrackPointExtension>
            <gpxtpx:Extensions>
              <reversedirection>yes</reversedirection>
              <highway>primary</highway>
              <surface>asphalt</surface>
              <maxspeed>70</maxspeed>
            </gpxtpx:Extensions>
          </gpxtpx:TrackPointExtension>
        </extensions>
      </trkpt>
      <trkpt lat="48.761831" lon="8.947705">
        <ele>406</ele>
        <extensions>
          <gpxtpx:TrackPointExtension>
            <gpxtpx:Extensions>
              <reversedirection>yes</reversedirection>
              <highway>primary</highway>
              <surface>asphalt</surface>
              <maxspeed>70</maxspeed>
            </gpxtpx:Extensions>
          </gpxtpx:TrackPointExtension>
        </extensions>
      </trkpt>
      <trkpt lat="48.761529" lon="8.947554">
        <ele>406</ele>
        <extensions>
          <gpxtpx:TrackPointExtension>
            <gpxtpx:Extensions>
              <reversedirection>yes</reversedirection>
              <highway>primary</highway>
              <surface>asphalt</surface>
              <maxspeed>70</maxspeed>
            </gpxtpx:Extensions>
          </gpxtpx:TrackPointExtension>
        </extensions>
      </trkpt>
      <trkpt lat="48.761277" lon="8.947401">
        <ele>406</ele>
        <extensions>
          <gpxtpx:TrackPointExtension>
            <gpxtpx:Extensions>
              <reversedirection>yes</reversedirection>
              <highway>primary</highway>
              <surface>asphalt</surface>
              <maxspeed>70</maxspeed>
            </gpxtpx:Extensions>
          </gpxtpx:TrackPointExtension>
        </extensions>
      </trkpt>
      <trkpt lat="48.760997" lon="8.9472">
        <ele>406.25</ele>
        <extensions>
          <gpxtpx:TrackPointExtension>
            <gpxtpx:Extensions>
              <reversedirection>yes</reversedirection>
              <highway>primary</highway>
              <surface>asphalt</surface>
              <maxspeed>70</maxspeed>
            </gpxtpx:Extensions>
          </gpxtpx:TrackPointExtension>
        </extensions>
      </trkpt>
      <trkpt lat="48.760769" lon="8.94702">
        <ele>406.5</ele>
        <extensions>
          <gpxtpx:TrackPointExtension>
            <gpxtpx:Extensions>
              <reversedirection>yes</reversedirection>
              <highway>primary</highway>
              <surface>asphalt</surface>
              <maxspeed>70</maxspeed>
            </gpxtpx:Extensions>
          </gpxtpx:TrackPointExtension>
        </extensions>
      </trkpt>
      <trkpt lat="48.760661" lon="8.946936">
        <ele>406.75</ele>
        <extensions>
          <gpxtpx:TrackPointExtension>
            <gpxtpx:Extensions>
              <reversedirection>yes</reversedirection>
              <highway>primary</highway>
              <surface>asphalt</surface>
              <maxspeed>70</maxspeed>
            </gpxtpx:Extensions>
          </gpxtpx:TrackPointExtension>
        </extensions>
      </trkpt>
      <trkpt lat="48.760418" lon="8.946725">
        <ele>407.25</ele>
        <extensions>
          <gpxtpx:TrackPointExtension>
            <gpxtpx:Extensions>
              <reversedirection>yes</reversedirection>
              <highway>primary</highway>
              <surface>asphalt</surface>
              <maxspeed>70</maxspeed>
            </gpxtpx:Extensions>
          </gpxtpx:TrackPointExtension>
        </extensions>
      </trkpt>
      <trkpt lat="48.760312" lon="8.946617">
        <ele>407.5</ele>
        <extensions>
          <gpxtpx:TrackPointExtension>
            <gpxtpx:Extensions>
              <reversedirection>yes</reversedirection>
              <highway>primary</highway>
              <surface>asphalt</surface>
              <maxspeed>70</maxspeed>
            </gpxtpx:Extensions>
          </gpxtpx:TrackPointExtension>
        </extensions>
      </trkpt>
      <trkpt lat="48.760166" lon="8.946472">
        <ele>407.5</ele>
        <extensions>
          <gpxtpx:TrackPointExtension>
            <gpxtpx:Extensions>
              <reversedirection>yes</reversedirection>
              <highway>primary</highway>
              <surface>asphalt</surface>
              <maxspeed>70</maxspeed>
            </gpxtpx:Extensions>
          </gpxtpx:TrackPointExtension>
        </extensions>
      </trkpt>
      <trkpt lat="48.759882" lon="8.946141">
        <ele>407.25</ele>
        <extensions>
          <gpxtpx:TrackPointExtension>
            <gpxtpx:Extensions>
              <reversedirection>yes</reversedirection>
              <highway>primary</highway>
              <surface>asphalt</surface>
              <maxspeed>70</maxspeed>
            </gpxtpx:Extensions>
          </gpxtpx:TrackPointExtension>
        </extensions>
      </trkpt>
      <trkpt lat="48.75962" lon="8.945789">
        <ele>406.75</ele>
        <extensions>
          <gpxtpx:TrackPointExtension>
            <gpxtpx:Extensions>
              <reversedirection>yes</reversedirection>
              <highway>primary</highway>
              <surface>asphalt</surface>
              <maxspeed>70</maxspeed>
            </gpxtpx:Extensions>
          </gpxtpx:TrackPointExtension>
        </extensions>
      </trkpt>
      <trkpt lat="48.759393" lon="8.945435">
        <ele>407.25</ele>
        <extensions>
          <gpxtpx:TrackPointExtension>
            <gpxtpx:Extensions>
              <reversedirection>yes</reversedirection>
              <highway>primary</highway>
              <surface>asphalt</surface>
              <maxspeed>70</maxspeed>
            </gpxtpx:Extensions>
          </gpxtpx:TrackPointExtension>
        </extensions>
      </trkpt>
      <trkpt lat="48.759203" lon="8.945112">
        <ele>408.5</ele>
        <extensions>
          <gpxtpx:TrackPointExtension>
            <gpxtpx:Extensions>
              <reversedirection>yes</reversedirection>
              <highway>primary</highway>
              <surface>asphalt</surface>
              <maxspeed>70</maxspeed>
            </gpxtpx:Extensions>
          </gpxtpx:TrackPointExtension>
        </extensions>
      </trkpt>
      <trkpt lat="48.759039" lon="8.94477">
        <ele>408.5</ele>
        <extensions>
          <gpxtpx:TrackPointExtension>
            <gpxtpx:Extensions>
              <reversedirection>yes</reversedirection>
              <highway>primary</highway>
              <surface>asphalt</surface>
              <maxspeed>70</maxspeed>
            </gpxtpx:Extensions>
          </gpxtpx:TrackPointExtension>
        </extensions>
      </trkpt>
      <trkpt lat="48.758778" lon="8.944175">
        <ele>408.25</ele>
        <extensions>
          <gpxtpx:TrackPointExtension>
            <gpxtpx:Extensions>
              <reversedirection>yes</reversedirection>
              <highway>primary</highway>
              <surface>asphalt</surface>
              <maxspeed>70</maxspeed>
            </gpxtpx:Extensions>
          </gpxtpx:TrackPointExtension>
        </extensions>
      </trkpt>
      <trkpt lat="48.758618" lon="8.943731">
        <ele>408.75</ele>
        <extensions>
          <gpxtpx:TrackPointExtension>
            <gpxtpx:Extensions>
              <reversedirection>yes</reversedirection>
              <highway>primary</highway>
              <surface>asphalt</surface>
            </gpxtpx:Extensions>
          </gpxtpx:TrackPointExtension>
        </extensions>
      </trkpt>
      <trkpt lat="48.758583" lon="8.943622">
        <ele>409</ele>
        <extensions>
          <gpxtpx:TrackPointExtension>
            <gpxtpx:Extensions>
              <reversedirection>yes</reversedirection>
              <highway>primary</highway>
              <surface>asphalt</surface>
            </gpxtpx:Extensions>
          </gpxtpx:TrackPointExtension>
        </extensions>
      </trkpt>
      <trkpt lat="48.758513" lon="8.94352">
        <ele>409.5</ele>
        <extensions>
          <gpxtpx:TrackPointExtension>
            <gpxtpx:Extensions>
              <highway>primary_link</highway>
              <surface>asphalt</surface>
              <maxspeed>50</maxspeed>
              <oneway>yes</oneway>
            </gpxtpx:Extensions>
          </gpxtpx:TrackPointExtension>
        </extensions>
      </trkpt>
      <trkpt lat="48.758487" lon="8.943485">
        <ele>409.75</ele>
        <extensions>
          <gpxtpx:TrackPointExtension>
            <gpxtpx:Extensions>
              <highway>primary_link</highway>
              <surface>asphalt</surface>
              <maxspeed>50</maxspeed>
              <oneway>yes</oneway>
            </gpxtpx:Extensions>
          </gpxtpx:TrackPointExtension>
        </extensions>
      </trkpt>
      <trkpt lat="48.758451" lon="8.943457">
        <ele>410</ele>
        <extensions>
          <gpxtpx:TrackPointExtension>
            <gpxtpx:Extensions>
              <highway>primary_link</highway>
              <surface>asphalt</surface>
              <maxspeed>50</maxspeed>
              <oneway>yes</oneway>
            </gpxtpx:Extensions>
          </gpxtpx:TrackPointExtension>
        </extensions>
      </trkpt>
      <trkpt lat="48.758413" lon="8.943441">
        <ele>410.25</ele>
        <extensions>
          <gpxtpx:TrackPointExtension>
            <gpxtpx:Extensions>
              <highway>primary_link</highway>
              <surface>asphalt</surface>
              <maxspeed>50</maxspeed>
              <oneway>yes</oneway>
            </gpxtpx:Extensions>
          </gpxtpx:TrackPointExtension>
        </extensions>
      </trkpt>
      <trkpt lat="48.758366" lon="8.943446">
        <ele>410.5</ele>
        <extensions>
          <gpxtpx:TrackPointExtension>
            <gpxtpx:Extensions>
              <highway>primary_link</highway>
              <surface>asphalt</surface>
              <maxspeed>50</maxspeed>
              <oneway>yes</oneway>
            </gpxtpx:Extensions>
          </gpxtpx:TrackPointExtension>
        </extensions>
      </trkpt>
      <trkpt lat="48.758129" lon="8.943548">
        <ele>410</ele>
        <extensions>
          <gpxtpx:TrackPointExtension>
            <gpxtpx:Extensions>
              <highway>primary_link</highway>
              <surface>asphalt</surface>
              <maxspeed>50</maxspeed>
              <oneway>yes</oneway>
            </gpxtpx:Extensions>
          </gpxtpx:TrackPointExtension>
        </extensions>
      </trkpt>
      <trkpt lat="48.758047" lon="8.943565">
        <ele>410</ele>
        <extensions>
          <gpxtpx:TrackPointExtension>
            <gpxtpx:Extensions>
              <highway>primary_link</highway>
              <surface>asphalt</surface>
              <maxspeed>50</maxspeed>
            </gpxtpx:Extensions>
          </gpxtpx:TrackPointExtension>
        </extensions>
      </trkpt>
      <trkpt lat="48.757958" lon="8.943552">
        <ele>410</ele>
        <extensions>
          <gpxtpx:TrackPointExtension>
            <gpxtpx:Extensions>
              <highway>primary_link</highway>
              <surface>asphalt</surface>
              <maxspeed>50</maxspeed>
            </gpxtpx:Extensions>
          </gpxtpx:TrackPointExtension>
        </extensions>
      </trkpt>
      <trkpt lat="48.757871" lon="8.943508">
        <ele>410</ele>
        <extensions>
          <gpxtpx:TrackPointExtension>
            <gpxtpx:Extensions>
              <highway>primary_link</highway>
              <surface>asphalt</surface>
              <maxspeed>50</maxspeed>
            </gpxtpx:Extensions>
          </gpxtpx:TrackPointExtension>
        </extensions>
      </trkpt>
      <trkpt lat="48.757732" lon="8.943391">
        <ele>410</ele>
        <extensions>
          <gpxtpx:TrackPointExtension>
            <gpxtpx:Extensions>
              <highway>primary_link</highway>
              <surface>asphalt</surface>
              <maxspeed>50</maxspeed>
            </gpxtpx:Extensions>
          </gpxtpx:TrackPointExtension>
        </extensions>
      </trkpt>
      <trkpt lat="48.757605" lon="8.943273">
        <ele>410.25</ele>
        <extensions>
          <gpxtpx:TrackPointExtension>
            <gpxtpx:Extensions>
              <highway>primary_link</highway>
              <surface>asphalt</surface>
              <maxspeed>50</maxspeed>
              <oneway>yes</oneway>
            </gpxtpx:Extensions>
          </gpxtpx:TrackPointExtension>
        </extensions>
      </trkpt>
      <trkpt lat="48.757486" lon="8.943136">
        <ele>410.75</ele>
        <extensions>
          <gpxtpx:TrackPointExtension>
            <gpxtpx:Extensions>
              <highway>primary_link</highway>
              <surface>asphalt</surface>
              <maxspeed>50</maxspeed>
              <oneway>yes</oneway>
            </gpxtpx:Extensions>
          </gpxtpx:TrackPointExtension>
        </extensions>
      </trkpt>
      <trkpt lat="48.757405" lon="8.943069">
        <ele>411</ele>
        <extensions>
          <gpxtpx:TrackPointExtension>
            <gpxtpx:Extensions>
              <highway>primary_link</highway>
              <surface>asphalt</surface>
              <maxspeed>50</maxspeed>
              <oneway>yes</oneway>
            </gpxtpx:Extensions>
          </gpxtpx:TrackPointExtension>
        </extensions>
      </trkpt>
      <trkpt lat="48.757371" lon="8.943068">
        <ele>411</ele>
        <extensions>
          <gpxtpx:TrackPointExtension>
            <gpxtpx:Extensions>
              <highway>primary</highway>
              <surface>asphalt</surface>
              <maxspeed>50</maxspeed>
              <junction>roundabout</junction>
            </gpxtpx:Extensions>
          </gpxtpx:TrackPointExtension>
        </extensions>
      </trkpt>
      <trkpt lat="48.757339" lon="8.943051">
        <ele>411.25</ele>
        <extensions>
          <gpxtpx:TrackPointExtension>
            <gpxtpx:Extensions>
              <highway>primary</highway>
              <surface>asphalt</surface>
              <maxspeed>50</maxspeed>
              <junction>roundabout</junction>
            </gpxtpx:Extensions>
          </gpxtpx:TrackPointExtension>
        </extensions>
      </trkpt>
      <trkpt lat="48.757312" lon="8.943019">
        <ele>411.25</ele>
        <extensions>
          <gpxtpx:TrackPointExtension>
            <gpxtpx:Extensions>
              <highway>primary</highway>
              <surface>asphalt</surface>
              <maxspeed>50</maxspeed>
              <junction>roundabout</junction>
            </gpxtpx:Extensions>
          </gpxtpx:TrackPointExtension>
        </extensions>
      </trkpt>
      <trkpt lat="48.757251" lon="8.943016">
        <ele>411.25</ele>
        <extensions>
          <gpxtpx:TrackPointExtension>
            <gpxtpx:Extensions>
              <highway>primary</highway>
              <surface>asphalt</surface>
              <maxspeed>50</maxspeed>
              <oneway>yes</oneway>
            </gpxtpx:Extensions>
          </gpxtpx:TrackPointExtension>
        </extensions>
      </trkpt>
      <trkpt lat="48.75675" lon="8.942832">
        <ele>412.5</ele>
        <extensions>
          <gpxtpx:TrackPointExtension>
            <gpxtpx:Extensions>
              <highway>primary</highway>
              <surface>asphalt</surface>
              <maxspeed>50</maxspeed>
              <oneway>yes</oneway>
            </gpxtpx:Extensions>
          </gpxtpx:TrackPointExtension>
        </extensions>
      </trkpt>
      <trkpt lat="48.756634" lon="8.942822">
        <ele>412.75</ele>
        <extensions>
          <gpxtpx:TrackPointExtension>
            <gpxtpx:Extensions>
              <highway>primary</highway>
              <surface>asphalt</surface>
              <maxspeed>50</maxspeed>
            </gpxtpx:Extensions>
          </gpxtpx:TrackPointExtension>
        </extensions>
      </trkpt>
      <trkpt lat="48.756417" lon="8.942827">
        <ele>414.5</ele>
        <extensions>
          <gpxtpx:TrackPointExtension>
            <gpxtpx:Extensions>
              <highway>primary</highway>
              <surface>asphalt</surface>
              <maxspeed>50</maxspeed>
            </gpxtpx:Extensions>
          </gpxtpx:TrackPointExtension>
        </extensions>
      </trkpt>
      <trkpt lat="48.756263" lon="8.942835">
        <ele>415.5</ele>
        <extensions>
          <gpxtpx:TrackPointExtension>
            <gpxtpx:Extensions>
              <highway>primary</highway>
              <surface>asphalt</surface>
              <maxspeed>50</maxspeed>
            </gpxtpx:Extensions>
          </gpxtpx:TrackPointExtension>
        </extensions>
      </trkpt>
      <trkpt lat="48.756113" lon="8.942855">
        <ele>416.5</ele>
        <extensions>
          <gpxtpx:TrackPointExtension>
            <gpxtpx:Extensions>
              <highway>primary</highway>
              <surface>asphalt</surface>
              <maxspeed>50</maxspeed>
            </gpxtpx:Extensions>
          </gpxtpx:TrackPointExtension>
        </extensions>
      </trkpt>
      <trkpt lat="48.755903" lon="8.942908">
        <ele>417.5</ele>
        <extensions>
          <gpxtpx:TrackPointExtension>
            <gpxtpx:Extensions>
              <highway>primary</highway>
              <surface>asphalt</surface>
              <maxspeed>50</maxspeed>
            </gpxtpx:Extensions>
          </gpxtpx:TrackPointExtension>
        </extensions>
      </trkpt>
      <trkpt lat="48.755757" lon="8.942955">
        <ele>418.25</ele>
        <extensions>
          <gpxtpx:TrackPointExtension>
            <gpxtpx:Extensions>
              <highway>primary</highway>
              <surface>asphalt</surface>
              <maxspeed>50</maxspeed>
            </gpxtpx:Extensions>
          </gpxtpx:TrackPointExtension>
        </extensions>
      </trkpt>
      <trkpt lat="48.755515" lon="8.943058">
        <ele>419</ele>
        <extensions>
          <gpxtpx:TrackPointExtension>
            <gpxtpx:Extensions>
              <highway>primary</highway>
              <surface>asphalt</surface>
              <oneway>no</oneway>
            </gpxtpx:Extensions>
          </gpxtpx:TrackPointExtension>
        </extensions>
      </trkpt>
      <trkpt lat="48.754936" lon="8.943389">
        <ele>419.5</ele>
        <extensions>
          <gpxtpx:TrackPointExtension>
            <gpxtpx:Extensions>
              <highway>primary</highway>
              <surface>asphalt</surface>
              <oneway>no</oneway>
            </gpxtpx:Extensions>
          </gpxtpx:TrackPointExtension>
        </extensions>
      </trkpt>
      <trkpt lat="48.754121" lon="8.944105">
        <ele>420.5</ele>
        <extensions>
          <gpxtpx:TrackPointExtension>
            <gpxtpx:Extensions>
              <highway>primary</highway>
              <surface>asphalt</surface>
              <maxspeed>90</maxspeed>
              <oneway>no</oneway>
            </gpxtpx:Extensions>
          </gpxtpx:TrackPointExtension>
        </extensions>
      </trkpt>
      <trkpt lat="48.753768" lon="8.944392">
        <ele>420</ele>
        <extensions>
          <gpxtpx:TrackPointExtension>
            <gpxtpx:Extensions>
              <highway>primary</highway>
              <surface>asphalt</surface>
              <maxspeed>90</maxspeed>
              <oneway>no</oneway>
            </gpxtpx:Extensions>
          </gpxtpx:TrackPointExtension>
        </extensions>
      </trkpt>
      <trkpt lat="48.753553" lon="8.944539">
        <ele>419.25</ele>
        <extensions>
          <gpxtpx:TrackPointExtension>
            <gpxtpx:Extensions>
              <highway>primary</highway>
              <surface>asphalt</surface>
              <maxspeed>90</maxspeed>
              <oneway>no</oneway>
            </gpxtpx:Extensions>
          </gpxtpx:TrackPointExtension>
        </extensions>
      </trkpt>
      <trkpt lat="48.753177" lon="8.944748">
        <ele>416.5</ele>
        <extensions>
          <gpxtpx:TrackPointExtension>
            <gpxtpx:Extensions>
              <highway>primary</highway>
              <surface>asphalt</surface>
              <maxspeed>90</maxspeed>
              <oneway>no</oneway>
            </gpxtpx:Extensions>
          </gpxtpx:TrackPointExtension>
        </extensions>
      </trkpt>
      <trkpt lat="48.752869" lon="8.944873">
        <ele>414.75</ele>
        <extensions>
          <gpxtpx:TrackPointExtension>
            <gpxtpx:Extensions>
              <highway>primary</highway>
              <surface>asphalt</surface>
              <maxspeed>90</maxspeed>
              <oneway>no</oneway>
            </gpxtpx:Extensions>
          </gpxtpx:TrackPointExtension>
        </extensions>
      </trkpt>
      <trkpt lat="48.752534" lon="8.94496">
        <ele>414.5</ele>
        <extensions>
          <gpxtpx:TrackPointExtension>
            <gpxtpx:Extensions>
              <highway>primary</highway>
              <surface>asphalt</surface>
              <maxspeed>90</maxspeed>
              <oneway>no</oneway>
            </gpxtpx:Extensions>
          </gpxtpx:TrackPointExtension>
        </extensions>
      </trkpt>
      <trkpt lat="48.752244" lon="8.945001">
        <ele>414.25</ele>
        <extensions>
          <gpxtpx:TrackPointExtension>
            <gpxtpx:Extensions>
              <highway>primary</highway>
              <surface>asphalt</surface>
              <maxspeed>90</maxspeed>
              <oneway>no</oneway>
            </gpxtpx:Extensions>
          </gpxtpx:TrackPointExtension>
        </extensions>
      </trkpt>
      <trkpt lat="48.751832" lon="8.944987">
        <ele>414.75</ele>
        <extensions>
          <gpxtpx:TrackPointExtension>
            <gpxtpx:Extensions>
              <highway>primary</highway>
              <surface>asphalt</surface>
              <maxspeed>90</maxspeed>
              <oneway>no</oneway>
            </gpxtpx:Extensions>
          </gpxtpx:TrackPointExtension>
        </extensions>
      </trkpt>
      <trkpt lat="48.75162" lon="8.944965">
        <ele>415.25</ele>
        <extensions>
          <gpxtpx:TrackPointExtension>
            <gpxtpx:Extensions>
              <highway>primary</highway>
              <surface>asphalt</surface>
              <maxspeed>90</maxspeed>
              <oneway>no</oneway>
            </gpxtpx:Extensions>
          </gpxtpx:TrackPointExtension>
        </extensions>
      </trkpt>
      <trkpt lat="48.751353" lon="8.944954">
        <ele>415.5</ele>
        <extensions>
          <gpxtpx:TrackPointExtension>
            <gpxtpx:Extensions>
              <highway>primary</highway>
              <surface>asphalt</surface>
              <maxspeed>90</maxspeed>
              <oneway>yes</oneway>
            </gpxtpx:Extensions>
          </gpxtpx:TrackPointExtension>
        </extensions>
      </trkpt>
      <trkpt lat="48.750977" lon="8.944891">
        <ele>416.5</ele>
        <extensions>
          <gpxtpx:TrackPointExtension>
            <gpxtpx:Extensions>
              <highway>primary</highway>
              <surface>asphalt</surface>
              <maxspeed>90</maxspeed>
              <oneway>yes</oneway>
            </gpxtpx:Extensions>
          </gpxtpx:TrackPointExtension>
        </extensions>
      </trkpt>
      <trkpt lat="48.750728" lon="8.944864">
        <ele>417.5</ele>
        <extensions>
          <gpxtpx:TrackPointExtension>
            <gpxtpx:Extensions>
              <highway>primary</highway>
              <surface>asphalt</surface>
              <maxspeed>90</maxspeed>
              <oneway>yes</oneway>
            </gpxtpx:Extensions>
          </gpxtpx:TrackPointExtension>
        </extensions>
      </trkpt>
      <trkpt lat="48.750477" lon="8.944818">
        <ele>419.25</ele>
        <extensions>
          <gpxtpx:TrackPointExtension>
            <gpxtpx:Extensions>
              <highway>primary</highway>
              <surface>asphalt</surface>
              <maxspeed>90</maxspeed>
              <oneway>yes</oneway>
            </gpxtpx:Extensions>
          </gpxtpx:TrackPointExtension>
        </extensions>
      </trkpt>
      <trkpt lat="48.750235" lon="8.944816">
        <ele>420.5</ele>
        <extensions>
          <gpxtpx:TrackPointExtension>
            <gpxtpx:Extensions>
              <highway>primary</highway>
              <surface>asphalt</surface>
              <maxspeed>90</maxspeed>
              <oneway>yes</oneway>
            </gpxtpx:Extensions>
          </gpxtpx:TrackPointExtension>
        </extensions>
      </trkpt>
      <trkpt lat="48.749976" lon="8.944808">
        <ele>422</ele>
        <extensions>
          <gpxtpx:TrackPointExtension>
            <gpxtpx:Extensions>
              <highway>primary</highway>
              <surface>asphalt</surface>
              <maxspeed>90</maxspeed>
              <oneway>yes</oneway>
            </gpxtpx:Extensions>
          </gpxtpx:TrackPointExtension>
        </extensions>
      </trkpt>
      <trkpt lat="48.749707" lon="8.944893">
        <ele>424</ele>
        <extensions>
          <gpxtpx:TrackPointExtension>
            <gpxtpx:Extensions>
              <highway>primary</highway>
              <surface>asphalt</surface>
              <maxspeed>90</maxspeed>
              <oneway>no</oneway>
            </gpxtpx:Extensions>
          </gpxtpx:TrackPointExtension>
        </extensions>
      </trkpt>
      <trkpt lat="48.749408" lon="8.945039">
        <ele>426</ele>
        <extensions>
          <gpxtpx:TrackPointExtension>
            <gpxtpx:Extensions>
              <highway>primary</highway>
              <surface>asphalt</surface>
              <maxspeed>90</maxspeed>
              <oneway>no</oneway>
            </gpxtpx:Extensions>
          </gpxtpx:TrackPointExtension>
        </extensions>
      </trkpt>
      <trkpt lat="48.749145" lon="8.945216">
        <ele>427.75</ele>
        <extensions>
          <gpxtpx:TrackPointExtension>
            <gpxtpx:Extensions>
              <highway>primary</highway>
              <surface>asphalt</surface>
              <maxspeed>90</maxspeed>
              <oneway>no</oneway>
            </gpxtpx:Extensions>
          </gpxtpx:TrackPointExtension>
        </extensions>
      </trkpt>
      <trkpt lat="48.7489" lon="8.94542">
        <ele>429.75</ele>
        <extensions>
          <gpxtpx:TrackPointExtension>
            <gpxtpx:Extensions>
              <highway>primary</highway>
              <surface>asphalt</surface>
              <maxspeed>90</maxspeed>
              <oneway>no</oneway>
            </gpxtpx:Extensions>
          </gpxtpx:TrackPointExtension>
        </extensions>
      </trkpt>
      <trkpt lat="48.748719" lon="8.945585">
        <ele>431.25</ele>
        <extensions>
          <gpxtpx:TrackPointExtension>
            <gpxtpx:Extensions>
              <highway>primary</highway>
              <surface>asphalt</surface>
              <maxspeed>90</maxspeed>
              <oneway>no</oneway>
            </gpxtpx:Extensions>
          </gpxtpx:TrackPointExtension>
        </extensions>
      </trkpt>
      <trkpt lat="48.748347" lon="8.945976">
        <ele>434</ele>
        <extensions>
          <gpxtpx:TrackPointExtension>
            <gpxtpx:Extensions>
              <highway>primary</highway>
              <surface>asphalt</surface>
              <maxspeed>90</maxspeed>
              <oneway>no</oneway>
            </gpxtpx:Extensions>
          </gpxtpx:TrackPointExtension>
        </extensions>
      </trkpt>
      <trkpt lat="48.747699" lon="8.946737">
        <ele>436.25</ele>
        <extensions>
          <gpxtpx:TrackPointExtension>
            <gpxtpx:Extensions>
              <highway>primary</highway>
              <surface>asphalt</surface>
              <maxspeed>90</maxspeed>
              <oneway>no</oneway>
            </gpxtpx:Extensions>
          </gpxtpx:TrackPointExtension>
        </extensions>
      </trkpt>
      <trkpt lat="48.747058" lon="8.947556">
        <ele>436.25</ele>
        <extensions>
          <gpxtpx:TrackPointExtension>
            <gpxtpx:Extensions>
              <highway>primary</highway>
              <surface>asphalt</surface>
              <maxspeed>90</maxspeed>
              <oneway>no</oneway>
            </gpxtpx:Extensions>
          </gpxtpx:TrackPointExtension>
        </extensions>
      </trkpt>
      <trkpt lat="48.746994" lon="8.947634">
        <ele>436.25</ele>
        <extensions>
          <gpxtpx:TrackPointExtension>
            <gpxtpx:Extensions>
              <highway>primary</highway>
              <surface>asphalt</surface>
              <maxspeed>90</maxspeed>
              <oneway>no</oneway>
            </gpxtpx:Extensions>
          </gpxtpx:TrackPointExtension>
        </extensions>
      </trkpt>
      <trkpt lat="48.746372" lon="8.948244">
        <ele>439.75</ele>
        <extensions>
          <gpxtpx:TrackPointExtension>
            <gpxtpx:Extensions>
              <highway>primary</highway>
              <surface>asphalt</surface>
              <maxspeed>90</maxspeed>
              <oneway>no</oneway>
            </gpxtpx:Extensions>
          </gpxtpx:TrackPointExtension>
        </extensions>
      </trkpt>
      <trkpt lat="48.746053" lon="8.948499">
        <ele>442</ele>
        <extensions>
          <gpxtpx:TrackPointExtension>
            <gpxtpx:Extensions>
              <highway>primary</highway>
              <surface>asphalt</surface>
              <maxspeed>90</maxspeed>
              <oneway>no</oneway>
            </gpxtpx:Extensions>
          </gpxtpx:TrackPointExtension>
        </extensions>
      </trkpt>
      <trkpt lat="48.745848" lon="8.948635">
        <ele>443.75</ele>
        <extensions>
          <gpxtpx:TrackPointExtension>
            <gpxtpx:Extensions>
              <highway>primary</highway>
              <surface>asphalt</surface>
              <maxspeed>90</maxspeed>
              <oneway>no</oneway>
            </gpxtpx:Extensions>
          </gpxtpx:TrackPointExtension>
        </extensions>
      </trkpt>
      <trkpt lat="48.745567" lon="8.948773">
        <ele>441.5</ele>
        <extensions>
          <gpxtpx:TrackPointExtension>
            <gpxtpx:Extensions>
              <highway>primary</highway>
              <surface>asphalt</surface>
              <maxspeed>90</maxspeed>
              <oneway>no</oneway>
            </gpxtpx:Extensions>
          </gpxtpx:TrackPointExtension>
        </extensions>
      </trkpt>
      <trkpt lat="48.745368" lon="8.948851">
        <ele>440.25</ele>
        <extensions>
          <gpxtpx:TrackPointExtension>
            <gpxtpx:Extensions>
              <highway>primary</highway>
              <surface>asphalt</surface>
              <maxspeed>90</maxspeed>
              <oneway>no</oneway>
            </gpxtpx:Extensions>
          </gpxtpx:TrackPointExtension>
        </extensions>
      </trkpt>
      <trkpt lat="48.745181" lon="8.948912">
        <ele>439</ele>
        <extensions>
          <gpxtpx:TrackPointExtension>
            <gpxtpx:Extensions>
              <highway>primary</highway>
              <surface>asphalt</surface>
              <maxspeed>90</maxspeed>
              <oneway>no</oneway>
            </gpxtpx:Extensions>
          </gpxtpx:TrackPointExtension>
        </extensions>
      </trkpt>
      <trkpt lat="48.74499" lon="8.948932">
        <ele>438.25</ele>
        <extensions>
          <gpxtpx:TrackPointExtension>
            <gpxtpx:Extensions>
              <highway>primary</highway>
              <surface>asphalt</surface>
              <maxspeed>90</maxspeed>
              <oneway>no</oneway>
            </gpxtpx:Extensions>
          </gpxtpx:TrackPointExtension>
        </extensions>
      </trkpt>
      <trkpt lat="48.744933" lon="8.94895">
        <ele>438.25</ele>
        <extensions>
          <gpxtpx:TrackPointExtension>
            <gpxtpx:Extensions>
              <reversedirection>yes</reversedirection>
              <highway>primary</highway>
              <surface>asphalt</surface>
              <maxspeed>90</maxspeed>
              <oneway>no</oneway>
            </gpxtpx:Extensions>
          </gpxtpx:TrackPointExtension>
        </extensions>
      </trkpt>
      <trkpt lat="48.74487" lon="8.948954">
        <ele>438.25</ele>
        <extensions>
          <gpxtpx:TrackPointExtension>
            <gpxtpx:Extensions>
              <reversedirection>yes</reversedirection>
              <highway>primary</highway>
              <surface>asphalt</surface>
              <maxspeed>90</maxspeed>
              <oneway>no</oneway>
            </gpxtpx:Extensions>
          </gpxtpx:TrackPointExtension>
        </extensions>
      </trkpt>
      <trkpt lat="48.74452" lon="8.94895">
        <ele>439</ele>
        <extensions>
          <gpxtpx:TrackPointExtension>
            <gpxtpx:Extensions>
              <reversedirection>yes</reversedirection>
              <highway>primary</highway>
              <surface>asphalt</surface>
              <maxspeed>90</maxspeed>
              <oneway>no</oneway>
            </gpxtpx:Extensions>
          </gpxtpx:TrackPointExtension>
        </extensions>
      </trkpt>
      <trkpt lat="48.744398" lon="8.94895">
        <ele>439</ele>
        <extensions>
          <gpxtpx:TrackPointExtension>
            <gpxtpx:Extensions>
              <reversedirection>yes</reversedirection>
              <highway>primary</highway>
              <surface>asphalt</surface>
              <maxspeed>90</maxspeed>
              <oneway>no</oneway>
            </gpxtpx:Extensions>
          </gpxtpx:TrackPointExtension>
        </extensions>
      </trkpt>
      <trkpt lat="48.74421" lon="8.948927">
        <ele>439.5</ele>
        <extensions>
          <gpxtpx:TrackPointExtension>
            <gpxtpx:Extensions>
              <reversedirection>yes</reversedirection>
              <highway>primary</highway>
              <surface>asphalt</surface>
              <maxspeed>90</maxspeed>
              <oneway>no</oneway>
            </gpxtpx:Extensions>
          </gpxtpx:TrackPointExtension>
        </extensions>
      </trkpt>
      <trkpt lat="48.744003" lon="8.948869">
        <ele>440</ele>
        <extensions>
          <gpxtpx:TrackPointExtension>
            <gpxtpx:Extensions>
              <reversedirection>yes</reversedirection>
              <highway>primary</highway>
              <surface>asphalt</surface>
              <maxspeed>90</maxspeed>
              <oneway>no</oneway>
            </gpxtpx:Extensions>
          </gpxtpx:TrackPointExtension>
        </extensions>
      </trkpt>
      <trkpt lat="48.743826" lon="8.948812">
        <ele>440.5</ele>
        <extensions>
          <gpxtpx:TrackPointExtension>
            <gpxtpx:Extensions>
              <reversedirection>yes</reversedirection>
              <highway>primary</highway>
              <surface>asphalt</surface>
              <maxspeed>90</maxspeed>
              <oneway>no</oneway>
            </gpxtpx:Extensions>
          </gpxtpx:TrackPointExtension>
        </extensions>
      </trkpt>
      <trkpt lat="48.743505" lon="8.948674">
        <ele>441.75</ele>
        <extensions>
          <gpxtpx:TrackPointExtension>
            <gpxtpx:Extensions>
              <reversedirection>yes</reversedirection>
              <highway>primary</highway>
              <surface>asphalt</surface>
              <maxspeed>90</maxspeed>
              <oneway>no</oneway>
            </gpxtpx:Extensions>
          </gpxtpx:TrackPointExtension>
        </extensions>
      </trkpt>
      <trkpt lat="48.742782" lon="8.948341">
        <ele>447.25</ele>
        <extensions>
          <gpxtpx:TrackPointExtension>
            <gpxtpx:Extensions>
              <reversedirection>yes</reversedirection>
              <highway>primary</highway>
              <surface>asphalt</surface>
              <maxspeed>90</maxspeed>
              <oneway>no</oneway>
            </gpxtpx:Extensions>
          </gpxtpx:TrackPointExtension>
        </extensions>
      </trkpt>
      <trkpt lat="48.74261" lon="8.94827">
        <ele>448.5</ele>
        <extensions>
          <gpxtpx:TrackPointExtension>
            <gpxtpx:Extensions>
              <reversedirection>yes</reversedirection>
              <highway>primary</highway>
              <surface>asphalt</surface>
              <maxspeed>90</maxspeed>
              <oneway>no</oneway>
            </gpxtpx:Extensions>
          </gpxtpx:TrackPointExtension>
        </extensions>
      </trkpt>
      <trkpt lat="48.742347" lon="8.948161">
        <ele>450.25</ele>
        <extensions>
          <gpxtpx:TrackPointExtension>
            <gpxtpx:Extensions>
              <highway>primary</highway>
              <surface>asphalt</surface>
              <maxspeed>90</maxspeed>
              <oneway>no</oneway>
            </gpxtpx:Extensions>
          </gpxtpx:TrackPointExtension>
        </extensions>
      </trkpt>
      <trkpt lat="48.742053" lon="8.948068">
        <ele>451.25</ele>
        <extensions>
          <gpxtpx:TrackPointExtension>
            <gpxtpx:Extensions>
              <highway>primary</highway>
              <surface>asphalt</surface>
              <maxspeed>90</maxspeed>
              <oneway>no</oneway>
            </gpxtpx:Extensions>
          </gpxtpx:TrackPointExtension>
        </extensions>
      </trkpt>
      <trkpt lat="48.741749" lon="8.947996">
        <ele>451.75</ele>
        <extensions>
          <gpxtpx:TrackPointExtension>
            <gpxtpx:Extensions>
              <highway>primary</highway>
              <surface>asphalt</surface>
              <maxspeed>90</maxspeed>
              <oneway>no</oneway>
            </gpxtpx:Extensions>
          </gpxtpx:TrackPointExtension>
        </extensions>
      </trkpt>
      <trkpt lat="48.741437" lon="8.947949">
        <ele>453.25</ele>
        <extensions>
          <gpxtpx:TrackPointExtension>
            <gpxtpx:Extensions>
              <highway>primary</highway>
              <surface>asphalt</surface>
              <maxspeed>90</maxspeed>
              <oneway>no</oneway>
            </gpxtpx:Extensions>
          </gpxtpx:TrackPointExtension>
        </extensions>
      </trkpt>
      <trkpt lat="48.740977" lon="8.94795">
        <ele>456</ele>
        <extensions>
          <gpxtpx:TrackPointExtension>
            <gpxtpx:Extensions>
              <highway>primary</highway>
              <surface>asphalt</surface>
              <maxspeed>90</maxspeed>
              <oneway>no</oneway>
            </gpxtpx:Extensions>
          </gpxtpx:TrackPointExtension>
        </extensions>
      </trkpt>
      <trkpt lat="48.740606" lon="8.947997">
        <ele>458.5</ele>
        <extensions>
          <gpxtpx:TrackPointExtension>
            <gpxtpx:Extensions>
              <highway>primary</highway>
              <surface>asphalt</surface>
              <maxspeed>90</maxspeed>
              <oneway>no</oneway>
            </gpxtpx:Extensions>
          </gpxtpx:TrackPointExtension>
        </extensions>
      </trkpt>
      <trkpt lat="48.740303" lon="8.948061">
        <ele>460.25</ele>
        <extensions>
          <gpxtpx:TrackPointExtension>
            <gpxtpx:Extensions>
              <highway>primary</highway>
              <surface>asphalt</surface>
              <maxspeed>90</maxspeed>
              <oneway>no</oneway>
            </gpxtpx:Extensions>
          </gpxtpx:TrackPointExtension>
        </extensions>
      </trkpt>
      <trkpt lat="48.73998" lon="8.948169">
        <ele>461.75</ele>
        <extensions>
          <gpxtpx:TrackPointExtension>
            <gpxtpx:Extensions>
              <highway>primary</highway>
              <surface>asphalt</surface>
              <maxspeed>90</maxspeed>
              <oneway>no</oneway>
            </gpxtpx:Extensions>
          </gpxtpx:TrackPointExtension>
        </extensions>
      </trkpt>
      <trkpt lat="48.739718" lon="8.948281">
        <ele>460.5</ele>
        <extensions>
          <gpxtpx:TrackPointExtension>
            <gpxtpx:Extensions>
              <highway>primary</highway>
              <surface>asphalt</surface>
              <maxspeed>90</maxspeed>
              <oneway>no</oneway>
            </gpxtpx:Extensions>
          </gpxtpx:TrackPointExtension>
        </extensions>
      </trkpt>
      <trkpt lat="48.73937" lon="8.948461">
        <ele>459.25</ele>
        <extensions>
          <gpxtpx:TrackPointExtension>
            <gpxtpx:Extensions>
              <highway>primary</highway>
              <surface>asphalt</surface>
              <maxspeed>90</maxspeed>
              <oneway>no</oneway>
            </gpxtpx:Extensions>
          </gpxtpx:TrackPointExtension>
        </extensions>
      </trkpt>
      <trkpt lat="48.73902" lon="8.948715">
        <ele>459.25</ele>
        <extensions>
          <gpxtpx:TrackPointExtension>
            <gpxtpx:Extensions>
              <highway>primary</highway>
              <surface>asphalt</surface>
              <maxspeed>90</maxspeed>
              <oneway>no</oneway>
            </gpxtpx:Extensions>
          </gpxtpx:TrackPointExtension>
        </extensions>
      </trkpt>
      <trkpt lat="48.738818" lon="8.948846">
        <ele>459.75</ele>
        <extensions>
          <gpxtpx:TrackPointExtension>
            <gpxtpx:Extensions>
              <highway>primary</highway>
              <surface>asphalt</surface>
              <maxspeed>90</maxspeed>
              <oneway>no</oneway>
            </gpxtpx:Extensions>
          </gpxtpx:TrackPointExtension>
        </extensions>
      </trkpt>
      <trkpt lat="48.738549" lon="8.949059">
        <ele>460</ele>
        <extensions>
          <gpxtpx:TrackPointExtension>
            <gpxtpx:Extensions>
              <highway>primary</highway>
              <surface>asphalt</surface>
              <maxspeed>90</maxspeed>
              <oneway>no</oneway>
            </gpxtpx:Extensions>
          </gpxtpx:TrackPointExtension>
        </extensions>
      </trkpt>
      <trkpt lat="48.738015" lon="8.949476">
        <ele>461.75</ele>
        <extensions>
          <gpxtpx:TrackPointExtension>
            <gpxtpx:Extensions>
              <highway>primary</highway>
              <surface>asphalt</surface>
              <maxspeed>90</maxspeed>
              <oneway>no</oneway>
            </gpxtpx:Extensions>
          </gpxtpx:TrackPointExtension>
        </extensions>
      </trkpt>
      <trkpt lat="48.737625" lon="8.949773">
        <ele>463.5</ele>
        <extensions>
          <gpxtpx:TrackPointExtension>
            <gpxtpx:Extensions>
              <highway>primary</highway>
              <surface>asphalt</surface>
              <maxspeed>90</maxspeed>
              <oneway>no</oneway>
            </gpxtpx:Extensions>
          </gpxtpx:TrackPointExtension>
        </extensions>
      </trkpt>
      <trkpt lat="48.736962" lon="8.950202">
        <ele>466</ele>
        <extensions>
          <gpxtpx:TrackPointExtension>
            <gpxtpx:Extensions>
              <highway>trunk</highway>
              <surface>asphalt</surface>
              <maxspeed>90</maxspeed>
              <oneway>no</oneway>
            </gpxtpx:Extensions>
          </gpxtpx:TrackPointExtension>
        </extensions>
      </trkpt>
      <trkpt lat="48.736613" lon="8.950409">
        <ele>467.5</ele>
        <extensions>
          <gpxtpx:TrackPointExtension>
            <gpxtpx:Extensions>
              <highway>trunk</highway>
              <surface>asphalt</surface>
              <maxspeed>90</maxspeed>
              <oneway>no</oneway>
            </gpxtpx:Extensions>
          </gpxtpx:TrackPointExtension>
        </extensions>
      </trkpt>
      <trkpt lat="48.736337" lon="8.950529">
        <ele>469</ele>
        <extensions>
          <gpxtpx:TrackPointExtension>
            <gpxtpx:Extensions>
              <highway>trunk</highway>
              <surface>asphalt</surface>
              <maxspeed>90</maxspeed>
              <oneway>no</oneway>
            </gpxtpx:Extensions>
          </gpxtpx:TrackPointExtension>
        </extensions>
      </trkpt>
      <trkpt lat="48.736048" lon="8.950655">
        <ele>470.75</ele>
        <extensions>
          <gpxtpx:TrackPointExtension>
            <gpxtpx:Extensions>
              <highway>trunk</highway>
              <surface>asphalt</surface>
              <maxspeed>90</maxspeed>
              <oneway>no</oneway>
            </gpxtpx:Extensions>
          </gpxtpx:TrackPointExtension>
        </extensions>
      </trkpt>
      <trkpt lat="48.735712" lon="8.950773">
        <ele>472.75</ele>
        <extensions>
          <gpxtpx:TrackPointExtension>
            <gpxtpx:Extensions>
              <highway>trunk</highway>
              <surface>asphalt</surface>
              <maxspeed>90</maxspeed>
              <oneway>no</oneway>
            </gpxtpx:Extensions>
          </gpxtpx:TrackPointExtension>
        </extensions>
      </trkpt>
      <trkpt lat="48.735564" lon="8.950824">
        <ele>474.25</ele>
        <extensions>
          <gpxtpx:TrackPointExtension>
            <gpxtpx:Extensions>
              <highway>trunk</highway>
              <surface>asphalt</surface>
              <maxspeed>90</maxspeed>
              <oneway>no</oneway>
            </gpxtpx:Extensions>
          </gpxtpx:TrackPointExtension>
        </extensions>
      </trkpt>
      <trkpt lat="48.735217" lon="8.950912">
        <ele>477</ele>
        <extensions>
          <gpxtpx:TrackPointExtension>
            <gpxtpx:Extensions>
              <highway>trunk</highway>
              <surface>asphalt</surface>
              <maxspeed>90</maxspeed>
              <oneway>no</oneway>
            </gpxtpx:Extensions>
          </gpxtpx:TrackPointExtension>
        </extensions>
      </trkpt>
      <trkpt lat="48.734923" lon="8.950973">
        <ele>479</ele>
        <extensions>
          <gpxtpx:TrackPointExtension>
            <gpxtpx:Extensions>
              <highway>trunk</highway>
              <surface>asphalt</surface>
              <maxspeed>90</maxspeed>
              <oneway>no</oneway>
            </gpxtpx:Extensions>
          </gpxtpx:TrackPointExtension>
        </extensions>
      </trkpt>
      <trkpt lat="48.734579" lon="8.951019">
        <ele>479.5</ele>
        <extensions>
          <gpxtpx:TrackPointExtension>
            <gpxtpx:Extensions>
              <highway>trunk</highway>
              <surface>asphalt</surface>
              <maxspeed>90</maxspeed>
              <oneway>no</oneway>
            </gpxtpx:Extensions>
          </gpxtpx:TrackPointExtension>
        </extensions>
      </trkpt>
      <trkpt lat="48.734256" lon="8.951044">
        <ele>479.75</ele>
        <extensions>
          <gpxtpx:TrackPointExtension>
            <gpxtpx:Extensions>
              <highway>trunk</highway>
              <surface>asphalt</surface>
              <maxspeed>90</maxspeed>
              <oneway>no</oneway>
            </gpxtpx:Extensions>
          </gpxtpx:TrackPointExtension>
        </extensions>
      </trkpt>
      <trkpt lat="48.733957" lon="8.951054">
        <ele>479.75</ele>
        <extensions>
          <gpxtpx:TrackPointExtension>
            <gpxtpx:Extensions>
              <highway>trunk</highway>
              <surface>asphalt</surface>
              <maxspeed>90</maxspeed>
              <oneway>no</oneway>
            </gpxtpx:Extensions>
          </gpxtpx:TrackPointExtension>
        </extensions>
      </trkpt>
      <trkpt lat="48.733519" lon="8.951032">
        <ele>479.25</ele>
        <extensions>
          <gpxtpx:TrackPointExtension>
            <gpxtpx:Extensions>
              <highway>trunk</highway>
              <surface>asphalt</surface>
              <maxspeed>90</maxspeed>
              <oneway>no</oneway>
            </gpxtpx:Extensions>
          </gpxtpx:TrackPointExtension>
        </extensions>
      </trkpt>
      <trkpt lat="48.732986" lon="8.950954">
        <ele>478.5</ele>
        <extensions>
          <gpxtpx:TrackPointExtension>
            <gpxtpx:Extensions>
              <highway>trunk</highway>
              <surface>asphalt</surface>
              <maxspeed>90</maxspeed>
              <oneway>no</oneway>
            </gpxtpx:Extensions>
          </gpxtpx:TrackPointExtension>
        </extensions>
      </trkpt>
      <trkpt lat="48.732613" lon="8.950868">
        <ele>478</ele>
        <extensions>
          <gpxtpx:TrackPointExtension>
            <gpxtpx:Extensions>
              <highway>trunk</highway>
              <surface>asphalt</surface>
              <maxspeed>90</maxspeed>
              <oneway>no</oneway>
            </gpxtpx:Extensions>
          </gpxtpx:TrackPointExtension>
        </extensions>
      </trkpt>
      <trkpt lat="48.732173" lon="8.950735">
        <ele>478.25</ele>
        <extensions>
          <gpxtpx:TrackPointExtension>
            <gpxtpx:Extensions>
              <highway>trunk</highway>
              <surface>asphalt</surface>
              <maxspeed>90</maxspeed>
              <oneway>no</oneway>
            </gpxtpx:Extensions>
          </gpxtpx:TrackPointExtension>
        </extensions>
      </trkpt>
      <trkpt lat="48.731744" lon="8.950574">
        <ele>479</ele>
        <extensions>
          <gpxtpx:TrackPointExtension>
            <gpxtpx:Extensions>
              <highway>trunk</highway>
              <surface>asphalt</surface>
              <maxspeed>90</maxspeed>
              <oneway>no</oneway>
            </gpxtpx:Extensions>
          </gpxtpx:TrackPointExtension>
        </extensions>
      </trkpt>
      <trkpt lat="48.731114" lon="8.950293">
        <ele>483</ele>
        <extensions>
          <gpxtpx:TrackPointExtension>
            <gpxtpx:Extensions>
              <highway>trunk</highway>
              <surface>asphalt</surface>
              <maxspeed>90</maxspeed>
              <oneway>no</oneway>
            </gpxtpx:Extensions>
          </gpxtpx:TrackPointExtension>
        </extensions>
      </trkpt>
      <trkpt lat="48.730694" lon="8.950075">
        <ele>485.25</ele>
        <extensions>
          <gpxtpx:TrackPointExtension>
            <gpxtpx:Extensions>
              <highway>trunk</highway>
              <surface>asphalt</surface>
              <maxspeed>90</maxspeed>
              <oneway>no</oneway>
            </gpxtpx:Extensions>
          </gpxtpx:TrackPointExtension>
        </extensions>
      </trkpt>
      <trkpt lat="48.729779" lon="8.949552">
        <ele>491.25</ele>
        <extensions>
          <gpxtpx:TrackPointExtension>
            <gpxtpx:Extensions>
              <highway>trunk</highway>
              <surface>asphalt</surface>
              <maxspeed>90</maxspeed>
              <oneway>no</oneway>
            </gpxtpx:Extensions>
          </gpxtpx:TrackPointExtension>
        </extensions>
      </trkpt>
      <trkpt lat="48.725971" lon="8.947265">
        <ele>480</ele>
        <extensions>
          <gpxtpx:TrackPointExtension>
            <gpxtpx:Extensions>
              <highway>trunk</highway>
              <surface>asphalt</surface>
              <maxspeed>90</maxspeed>
              <oneway>no</oneway>
            </gpxtpx:Extensions>
          </gpxtpx:TrackPointExtension>
        </extensions>
      </trkpt>
      <trkpt lat="48.72575" lon="8.947134">
        <ele>479.25</ele>
        <extensions>
          <gpxtpx:TrackPointExtension>
            <gpxtpx:Extensions>
              <highway>trunk</highway>
              <surface>asphalt</surface>
              <maxspeed>90</maxspeed>
              <oneway>no</oneway>
            </gpxtpx:Extensions>
          </gpxtpx:TrackPointExtension>
        </extensions>
      </trkpt>
      <trkpt lat="48.725257" lon="8.946854">
        <ele>479.5</ele>
        <extensions>
          <gpxtpx:TrackPointExtension>
            <gpxtpx:Extensions>
              <reversedirection>yes</reversedirection>
              <highway>trunk</highway>
              <surface>asphalt</surface>
              <maxspeed>90</maxspeed>
              <oneway>no</oneway>
            </gpxtpx:Extensions>
          </gpxtpx:TrackPointExtension>
        </extensions>
      </trkpt>
      <trkpt lat="48.724939" lon="8.946683">
        <ele>480</ele>
        <extensions>
          <gpxtpx:TrackPointExtension>
            <gpxtpx:Extensions>
              <reversedirection>yes</reversedirection>
              <highway>trunk</highway>
              <surface>asphalt</surface>
              <maxspeed>90</maxspeed>
              <oneway>no</oneway>
            </gpxtpx:Extensions>
          </gpxtpx:TrackPointExtension>
        </extensions>
      </trkpt>
      <trkpt lat="48.724517" lon="8.946472">
        <ele>480</ele>
        <extensions>
          <gpxtpx:TrackPointExtension>
            <gpxtpx:Extensions>
              <reversedirection>yes</reversedirection>
              <highway>trunk</highway>
              <surface>asphalt</surface>
              <maxspeed>90</maxspeed>
              <oneway>no</oneway>
            </gpxtpx:Extensions>
          </gpxtpx:TrackPointExtension>
        </extensions>
      </trkpt>
      <trkpt lat="48.724092" lon="8.946279">
        <ele>480.25</ele>
        <extensions>
          <gpxtpx:TrackPointExtension>
            <gpxtpx:Extensions>
              <reversedirection>yes</reversedirection>
              <highway>trunk</highway>
              <surface>asphalt</surface>
              <maxspeed>90</maxspeed>
              <oneway>no</oneway>
            </gpxtpx:Extensions>
          </gpxtpx:TrackPointExtension>
        </extensions>
      </trkpt>
      <trkpt lat="48.723588" lon="8.946092">
        <ele>480.25</ele>
        <extensions>
          <gpxtpx:TrackPointExtension>
            <gpxtpx:Extensions>
              <reversedirection>yes</reversedirection>
              <highway>trunk</highway>
              <surface>asphalt</surface>
              <maxspeed>90</maxspeed>
              <oneway>no</oneway>
            </gpxtpx:Extensions>
          </gpxtpx:TrackPointExtension>
        </extensions>
      </trkpt>
      <trkpt lat="48.723145" lon="8.945959">
        <ele>481</ele>
        <extensions>
          <gpxtpx:TrackPointExtension>
            <gpxtpx:Extensions>
              <reversedirection>yes</reversedirection>
              <highway>trunk</highway>
              <surface>asphalt</surface>
              <maxspeed>90</maxspeed>
              <oneway>no</oneway>
            </gpxtpx:Extensions>
          </gpxtpx:TrackPointExtension>
        </extensions>
      </trkpt>
      <trkpt lat="48.722972" lon="8.945915">
        <ele>481.5</ele>
        <extensions>
          <gpxtpx:TrackPointExtension>
            <gpxtpx:Extensions>
              <reversedirection>yes</reversedirection>
              <highway>trunk</highway>
              <surface>asphalt</surface>
              <maxspeed>90</maxspeed>
              <oneway>no</oneway>
            </gpxtpx:Extensions>
          </gpxtpx:TrackPointExtension>
        </extensions>
      </trkpt>
      <trkpt lat="48.722547" lon="8.945832">
        <ele>482.75</ele>
        <extensions>
          <gpxtpx:TrackPointExtension>
            <gpxtpx:Extensions>
              <reversedirection>yes</reversedirection>
              <highway>trunk</highway>
              <surface>asphalt</surface>
              <maxspeed>90</maxspeed>
              <oneway>no</oneway>
            </gpxtpx:Extensions>
          </gpxtpx:TrackPointExtension>
        </extensions>
      </trkpt>
      <trkpt lat="48.722117" lon="8.945781">
        <ele>481.5</ele>
        <extensions>
          <gpxtpx:TrackPointExtension>
            <gpxtpx:Extensions>
              <reversedirection>yes</reversedirection>
              <highway>trunk</highway>
              <surface>asphalt</surface>
              <maxspeed>90</maxspeed>
              <oneway>no</oneway>
            </gpxtpx:Extensions>
          </gpxtpx:TrackPointExtension>
        </extensions>
      </trkpt>
      <trkpt lat="48.722005" lon="8.945774">
        <ele>481</ele>
        <extensions>
          <gpxtpx:TrackPointExtension>
            <gpxtpx:Extensions>
              <reversedirection>yes</reversedirection>
              <highway>trunk</highway>
              <surface>asphalt</surface>
              <maxspeed>90</maxspeed>
              <oneway>no</oneway>
            </gpxtpx:Extensions>
          </gpxtpx:TrackPointExtension>
        </extensions>
      </trkpt>
      <trkpt lat="48.721892" lon="8.945766">
        <ele>480.5</ele>
        <extensions>
          <gpxtpx:TrackPointExtension>
            <gpxtpx:Extensions>
              <reversedirection>yes</reversedirection>
              <highway>trunk</highway>
              <surface>asphalt</surface>
              <maxspeed>90</maxspeed>
              <oneway>no</oneway>
            </gpxtpx:Extensions>
          </gpxtpx:TrackPointExtension>
        </extensions>
      </trkpt>
      <trkpt lat="48.721748" lon="8.945763">
        <ele>480</ele>
        <extensions>
          <gpxtpx:TrackPointExtension>
            <gpxtpx:Extensions>
              <reversedirection>yes</reversedirection>
              <highway>trunk</highway>
              <surface>asphalt</surface>
              <maxspeed>90</maxspeed>
              <oneway>no</oneway>
            </gpxtpx:Extensions>
          </gpxtpx:TrackPointExtension>
        </extensions>
      </trkpt>
      <trkpt lat="48.721303" lon="8.945769">
        <ele>481</ele>
        <extensions>
          <gpxtpx:TrackPointExtension>
            <gpxtpx:Extensions>
              <reversedirection>yes</reversedirection>
              <highway>trunk</highway>
              <surface>asphalt</surface>
              <maxspeed>90</maxspeed>
              <oneway>no</oneway>
            </gpxtpx:Extensions>
          </gpxtpx:TrackPointExtension>
        </extensions>
      </trkpt>
      <trkpt lat="48.721042" lon="8.945788">
        <ele>482</ele>
        <extensions>
          <gpxtpx:TrackPointExtension>
            <gpxtpx:Extensions>
              <reversedirection>yes</reversedirection>
              <highway>trunk</highway>
              <surface>asphalt</surface>
              <maxspeed>90</maxspeed>
              <oneway>no</oneway>
            </gpxtpx:Extensions>
          </gpxtpx:TrackPointExtension>
        </extensions>
      </trkpt>
      <trkpt lat="48.720911" lon="8.945802">
        <ele>482.5</ele>
        <extensions>
          <gpxtpx:TrackPointExtension>
            <gpxtpx:Extensions>
              <reversedirection>yes</reversedirection>
              <highway>trunk</highway>
              <surface>asphalt</surface>
              <maxspeed>90</maxspeed>
              <oneway>no</oneway>
            </gpxtpx:Extensions>
          </gpxtpx:TrackPointExtension>
        </extensions>
      </trkpt>
      <trkpt lat="48.720708" lon="8.945831">
        <ele>482.75</ele>
        <extensions>
          <gpxtpx:TrackPointExtension>
            <gpxtpx:Extensions>
              <reversedirection>yes</reversedirection>
              <highway>trunk</highway>
              <surface>asphalt</surface>
              <maxspeed>90</maxspeed>
              <oneway>no</oneway>
            </gpxtpx:Extensions>
          </gpxtpx:TrackPointExtension>
        </extensions>
      </trkpt>
      <trkpt lat="48.720396" lon="8.945886">
        <ele>482.5</ele>
        <extensions>
          <gpxtpx:TrackPointExtension>
            <gpxtpx:Extensions>
              <reversedirection>yes</reversedirection>
              <highway>trunk</highway>
              <surface>asphalt</surface>
              <maxspeed>90</maxspeed>
              <oneway>no</oneway>
            </gpxtpx:Extensions>
          </gpxtpx:TrackPointExtension>
        </extensions>
      </trkpt>
      <trkpt lat="48.72007" lon="8.945962">
        <ele>482.25</ele>
        <extensions>
          <gpxtpx:TrackPointExtension>
            <gpxtpx:Extensions>
              <reversedirection>yes</reversedirection>
              <highway>trunk</highway>
              <surface>asphalt</surface>
              <maxspeed>90</maxspeed>
              <oneway>no</oneway>
            </gpxtpx:Extensions>
          </gpxtpx:TrackPointExtension>
        </extensions>
      </trkpt>
      <trkpt lat="48.719908" lon="8.946004">
        <ele>482</ele>
        <extensions>
          <gpxtpx:TrackPointExtension>
            <gpxtpx:Extensions>
              <reversedirection>yes</reversedirection>
              <highway>trunk</highway>
              <surface>asphalt</surface>
              <maxspeed>90</maxspeed>
              <oneway>no</oneway>
            </gpxtpx:Extensions>
          </gpxtpx:TrackPointExtension>
        </extensions>
      </trkpt>
      <trkpt lat="48.719546" lon="8.94611">
        <ele>481.25</ele>
        <extensions>
          <gpxtpx:TrackPointExtension>
            <gpxtpx:Extensions>
              <reversedirection>yes</reversedirection>
              <highway>trunk</highway>
              <surface>asphalt</surface>
              <maxspeed>90</maxspeed>
              <oneway>no</oneway>
            </gpxtpx:Extensions>
          </gpxtpx:TrackPointExtension>
        </extensions>
      </trkpt>
      <trkpt lat="48.719303" lon="8.946192">
        <ele>480.75</ele>
        <extensions>
          <gpxtpx:TrackPointExtension>
            <gpxtpx:Extensions>
              <reversedirection>yes</reversedirection>
              <highway>trunk</highway>
              <surface>asphalt</surface>
              <maxspeed>90</maxspeed>
              <oneway>no</oneway>
            </gpxtpx:Extensions>
          </gpxtpx:TrackPointExtension>
        </extensions>
      </trkpt>
      <trkpt lat="48.71886" lon="8.946358">
        <ele>479.5</ele>
        <extensions>
          <gpxtpx:TrackPointExtension>
            <gpxtpx:Extensions>
              <reversedirection>yes</reversedirection>
              <highway>trunk</highway>
              <surface>asphalt</surface>
              <maxspeed>90</maxspeed>
              <oneway>no</oneway>
            </gpxtpx:Extensions>
          </gpxtpx:TrackPointExtension>
        </extensions>
      </trkpt>
      <trkpt lat="48.718632" lon="8.946449">
        <ele>478.75</ele>
        <extensions>
          <gpxtpx:TrackPointExtension>
            <gpxtpx:Extensions>
              <reversedirection>yes</reversedirection>
              <highway>trunk</highway>
              <surface>asphalt</surface>
              <maxspeed>90</maxspeed>
              <oneway>no</oneway>
            </gpxtpx:Extensions>
          </gpxtpx:TrackPointExtension>
        </extensions>
      </trkpt>
      <trkpt lat="48.717661" lon="8.946865">
        <ele>476.25</ele>
        <extensions>
          <gpxtpx:TrackPointExtension>
            <gpxtpx:Extensions>
              <reversedirection>yes</reversedirection>
              <highway>trunk</highway>
              <surface>asphalt</surface>
              <maxspeed>90</maxspeed>
              <oneway>no</oneway>
            </gpxtpx:Extensions>
          </gpxtpx:TrackPointExtension>
        </extensions>
      </trkpt>
      <trkpt lat="48.714415" lon="8.948315">
        <ele>474.25</ele>
        <extensions>
          <gpxtpx:TrackPointExtension>
            <gpxtpx:Extensions>
              <reversedirection>yes</reversedirection>
              <highway>trunk</highway>
              <surface>asphalt</surface>
              <maxspeed>90</maxspeed>
              <oneway>no</oneway>
            </gpxtpx:Extensions>
          </gpxtpx:TrackPointExtension>
        </extensions>
      </trkpt>
      <trkpt lat="48.713668" lon="8.948673">
        <ele>474.5</ele>
        <extensions>
          <gpxtpx:TrackPointExtension>
            <gpxtpx:Extensions>
              <reversedirection>yes</reversedirection>
              <highway>trunk</highway>
              <surface>asphalt</surface>
              <maxspeed>90</maxspeed>
              <oneway>no</oneway>
            </gpxtpx:Extensions>
          </gpxtpx:TrackPointExtension>
        </extensions>
      </trkpt>
      <trkpt lat="48.713274" lon="8.948883">
        <ele>474.5</ele>
        <extensions>
          <gpxtpx:TrackPointExtension>
            <gpxtpx:Extensions>
              <reversedirection>yes</reversedirection>
              <highway>trunk</highway>
              <surface>asphalt</surface>
              <maxspeed>90</maxspeed>
              <oneway>no</oneway>
            </gpxtpx:Extensions>
          </gpxtpx:TrackPointExtension>
        </extensions>
      </trkpt>
      <trkpt lat="48.712933" lon="8.949086">
        <ele>474.25</ele>
        <extensions>
          <gpxtpx:TrackPointExtension>
            <gpxtpx:Extensions>
              <reversedirection>yes</reversedirection>
              <highway>trunk</highway>
              <surface>asphalt</surface>
              <maxspeed>90</maxspeed>
              <oneway>no</oneway>
            </gpxtpx:Extensions>
          </gpxtpx:TrackPointExtension>
        </extensions>
      </trkpt>
      <trkpt lat="48.712451" lon="8.949414">
        <ele>472.5</ele>
        <extensions>
          <gpxtpx:TrackPointExtension>
            <gpxtpx:Extensions>
              <reversedirection>yes</reversedirection>
              <highway>trunk</highway>
              <surface>asphalt</surface>
              <maxspeed>90</maxspeed>
              <oneway>no</oneway>
            </gpxtpx:Extensions>
          </gpxtpx:TrackPointExtension>
        </extensions>
      </trkpt>
      <trkpt lat="48.712298" lon="8.949527">
        <ele>471.25</ele>
        <extensions>
          <gpxtpx:TrackPointExtension>
            <gpxtpx:Extensions>
              <reversedirection>yes</reversedirection>
              <highway>trunk</highway>
              <surface>asphalt</surface>
              <maxspeed>90</maxspeed>
              <oneway>no</oneway>
            </gpxtpx:Extensions>
          </gpxtpx:TrackPointExtension>
        </extensions>
      </trkpt>
      <trkpt lat="48.711784" lon="8.949975">
        <ele>467.25</ele>
        <extensions>
          <gpxtpx:TrackPointExtension>
            <gpxtpx:Extensions>
              <reversedirection>yes</reversedirection>
              <highway>trunk</highway>
              <surface>asphalt</surface>
              <maxspeed>90</maxspeed>
              <oneway>no</oneway>
            </gpxtpx:Extensions>
          </gpxtpx:TrackPointExtension>
        </extensions>
      </trkpt>
      <trkpt lat="48.711513" lon="8.950248">
        <ele>466.25</ele>
        <extensions>
          <gpxtpx:TrackPointExtension>
            <gpxtpx:Extensions>
              <reversedirection>yes</reversedirection>
              <highway>trunk</highway>
              <surface>asphalt</surface>
              <maxspeed>90</maxspeed>
              <oneway>no</oneway>
            </gpxtpx:Extensions>
          </gpxtpx:TrackPointExtension>
        </extensions>
      </trkpt>
      <trkpt lat="48.711301" lon="8.950484">
        <ele>465.5</ele>
        <extensions>
          <gpxtpx:TrackPointExtension>
            <gpxtpx:Extensions>
              <reversedirection>yes</reversedirection>
              <highway>trunk</highway>
              <surface>asphalt</surface>
              <maxspeed>90</maxspeed>
              <oneway>no</oneway>
            </gpxtpx:Extensions>
          </gpxtpx:TrackPointExtension>
        </extensions>
      </trkpt>
      <trkpt lat="48.711117" lon="8.950689">
        <ele>464.75</ele>
        <extensions>
          <gpxtpx:TrackPointExtension>
            <gpxtpx:Extensions>
              <reversedirection>yes</reversedirection>
              <highway>trunk</highway>
              <surface>asphalt</surface>
              <maxspeed>90</maxspeed>
              <oneway>no</oneway>
            </gpxtpx:Extensions>
          </gpxtpx:TrackPointExtension>
        </extensions>
      </trkpt>
      <trkpt lat="48.710935" lon="8.950929">
        <ele>463.75</ele>
        <extensions>
          <gpxtpx:TrackPointExtension>
            <gpxtpx:Extensions>
              <reversedirection>yes</reversedirection>
              <highway>trunk</highway>
              <surface>asphalt</surface>
              <maxspeed>90</maxspeed>
              <oneway>no</oneway>
            </gpxtpx:Extensions>
          </gpxtpx:TrackPointExtension>
        </extensions>
      </trkpt>
      <trkpt lat="48.710696" lon="8.951283">
        <ele>462</ele>
        <extensions>
          <gpxtpx:TrackPointExtension>
            <gpxtpx:Extensions>
              <reversedirection>yes</reversedirection>
              <highway>trunk</highway>
              <surface>asphalt</surface>
              <maxspeed>90</maxspeed>
              <oneway>no</oneway>
            </gpxtpx:Extensions>
          </gpxtpx:TrackPointExtension>
        </extensions>
      </trkpt>
      <trkpt lat="48.710461" lon="8.951656">
        <ele>460.5</ele>
        <extensions>
          <gpxtpx:TrackPointExtension>
            <gpxtpx:Extensions>
              <reversedirection>yes</reversedirection>
              <highway>trunk</highway>
              <surface>asphalt</surface>
              <maxspeed>90</maxspeed>
              <oneway>no</oneway>
            </gpxtpx:Extensions>
          </gpxtpx:TrackPointExtension>
        </extensions>
      </trkpt>
      <trkpt lat="48.710237" lon="8.95206">
        <ele>459.75</ele>
        <extensions>
          <gpxtpx:TrackPointExtension>
            <gpxtpx:Extensions>
              <highway>trunk</highway>
              <surface>asphalt</surface>
              <maxspeed>90</maxspeed>
              <oneway>no</oneway>
            </gpxtpx:Extensions>
          </gpxtpx:TrackPointExtension>
        </extensions>
      </trkpt>
      <trkpt lat="48.710167" lon="8.952198">
        <ele>459.5</ele>
        <extensions>
          <gpxtpx:TrackPointExtension>
            <gpxtpx:Extensions>
              <highway>trunk</highway>
              <surface>asphalt</surface>
              <maxspeed>90</maxspeed>
              <oneway>no</oneway>
            </gpxtpx:Extensions>
          </gpxtpx:TrackPointExtension>
        </extensions>
      </trkpt>
      <trkpt lat="48.710099" lon="8.952341">
        <ele>459.25</ele>
        <extensions>
          <gpxtpx:TrackPointExtension>
            <gpxtpx:Extensions>
              <highway>trunk</highway>
              <surface>asphalt</surface>
              <maxspeed>90</maxspeed>
              <oneway>no</oneway>
            </gpxtpx:Extensions>
          </gpxtpx:TrackPointExtension>
        </extensions>
      </trkpt>
      <trkpt lat="48.70985" lon="8.952891">
        <ele>458.5</ele>
        <extensions>
          <gpxtpx:TrackPointExtension>
            <gpxtpx:Extensions>
              <highway>trunk</highway>
              <surface>asphalt</surface>
              <maxspeed>90</maxspeed>
              <oneway>no</oneway>
            </gpxtpx:Extensions>
          </gpxtpx:TrackPointExtension>
        </extensions>
      </trkpt>
      <trkpt lat="48.709735" lon="8.953169">
        <ele>458.25</ele>
        <extensions>
          <gpxtpx:TrackPointExtension>
            <gpxtpx:Extensions>
              <highway>trunk</highway>
              <surface>asphalt</surface>
              <maxspeed>90</maxspeed>
              <oneway>no</oneway>
            </gpxtpx:Extensions>
          </gpxtpx:TrackPointExtension>
        </extensions>
      </trkpt>
      <trkpt lat="48.709578" lon="8.95359">
        <ele>458</ele>
        <extensions>
          <gpxtpx:TrackPointExtension>
            <gpxtpx:Extensions>
              <highway>trunk</highway>
              <surface>asphalt</surface>
              <maxspeed>90</maxspeed>
              <oneway>no</oneway>
            </gpxtpx:Extensions>
          </gpxtpx:TrackPointExtension>
        </extensions>
      </trkpt>
      <trkpt lat="48.709492" lon="8.953842">
        <ele>457.75</ele>
        <extensions>
          <gpxtpx:TrackPointExtension>
            <gpxtpx:Extensions>
              <highway>trunk</highway>
              <surface>asphalt</surface>
              <maxspeed>90</maxspeed>
              <oneway>no</oneway>
            </gpxtpx:Extensions>
          </gpxtpx:TrackPointExtension>
        </extensions>
      </trkpt>
      <trkpt lat="48.709321" lon="8.954391">
        <ele>457</ele>
        <extensions>
          <gpxtpx:TrackPointExtension>
            <gpxtpx:Extensions>
              <highway>trunk</highway>
              <surface>asphalt</surface>
              <maxspeed>90</maxspeed>
              <oneway>no</oneway>
            </gpxtpx:Extensions>
          </gpxtpx:TrackPointExtension>
        </extensions>
      </trkpt>
      <trkpt lat="48.70919" lon="8.954852">
        <ele>456.25</ele>
        <extensions>
          <gpxtpx:TrackPointExtension>
            <gpxtpx:Extensions>
              <highway>trunk</highway>
              <surface>asphalt</surface>
              <maxspeed>90</maxspeed>
              <oneway>no</oneway>
            </gpxtpx:Extensions>
          </gpxtpx:TrackPointExtension>
        </extensions>
      </trkpt>
      <trkpt lat="48.709109" lon="8.955145">
        <ele>455.75</ele>
        <extensions>
          <gpxtpx:TrackPointExtension>
            <gpxtpx:Extensions>
              <highway>trunk</highway>
              <surface>asphalt</surface>
              <maxspeed>90</maxspeed>
              <oneway>no</oneway>
            </gpxtpx:Extensions>
          </gpxtpx:TrackPointExtension>
        </extensions>
      </trkpt>
      <trkpt lat="48.708948" lon="8.955787">
        <ele>454.75</ele>
        <extensions>
          <gpxtpx:TrackPointExtension>
            <gpxtpx:Extensions>
              <highway>trunk</highway>
              <surface>asphalt</surface>
              <maxspeed>90</maxspeed>
              <oneway>no</oneway>
            </gpxtpx:Extensions>
          </gpxtpx:TrackPointExtension>
        </extensions>
      </trkpt>
      <trkpt lat="48.708747" lon="8.956666">
        <ele>452.75</ele>
        <extensions>
          <gpxtpx:TrackPointExtension>
            <gpxtpx:Extensions>
              <highway>trunk</highway>
              <surface>asphalt</surface>
              <maxspeed>90</maxspeed>
              <oneway>no</oneway>
            </gpxtpx:Extensions>
          </gpxtpx:TrackPointExtension>
        </extensions>
      </trkpt>
      <trkpt lat="48.708366" lon="8.95841">
        <ele>449.75</ele>
        <extensions>
          <gpxtpx:TrackPointExtension>
            <gpxtpx:Extensions>
              <highway>trunk</highway>
              <surface>asphalt</surface>
              <maxspeed>90</maxspeed>
              <oneway>no</oneway>
            </gpxtpx:Extensions>
          </gpxtpx:TrackPointExtension>
        </extensions>
      </trkpt>
      <trkpt lat="48.708244" lon="8.958934">
        <ele>449.75</ele>
        <extensions>
          <gpxtpx:TrackPointExtension>
            <gpxtpx:Extensions>
              <highway>trunk</highway>
              <surface>asphalt</surface>
              <maxspeed>90</maxspeed>
              <oneway>no</oneway>
            </gpxtpx:Extensions>
          </gpxtpx:TrackPointExtension>
        </extensions>
      </trkpt>
      <trkpt lat="48.708079" lon="8.959591">
        <ele>448.25</ele>
        <extensions>
          <gpxtpx:TrackPointExtension>
            <gpxtpx:Extensions>
              <highway>trunk</highway>
              <surface>asphalt</surface>
              <maxspeed>90</maxspeed>
              <oneway>no</oneway>
            </gpxtpx:Extensions>
          </gpxtpx:TrackPointExtension>
        </extensions>
      </trkpt>
      <trkpt lat="48.707916" lon="8.960177">
        <ele>446.25</ele>
        <extensions>
          <gpxtpx:TrackPointExtension>
            <gpxtpx:Extensions>
              <highway>trunk</highway>
              <surface>asphalt</surface>
              <maxspeed>90</maxspeed>
              <oneway>no</oneway>
            </gpxtpx:Extensions>
          </gpxtpx:TrackPointExtension>
        </extensions>
      </trkpt>
      <trkpt lat="48.707711" lon="8.960832">
        <ele>444.25</ele>
        <extensions>
          <gpxtpx:TrackPointExtension>
            <gpxtpx:Extensions>
              <highway>trunk</highway>
              <surface>asphalt</surface>
              <maxspeed>90</maxspeed>
              <oneway>no</oneway>
            </gpxtpx:Extensions>
          </gpxtpx:TrackPointExtension>
        </extensions>
      </trkpt>
      <trkpt lat="48.707567" lon="8.96124">
        <ele>443</ele>
        <extensions>
          <gpxtpx:TrackPointExtension>
            <gpxtpx:Extensions>
              <highway>trunk</highway>
              <surface>asphalt</surface>
              <maxspeed>90</maxspeed>
              <oneway>no</oneway>
            </gpxtpx:Extensions>
          </gpxtpx:TrackPointExtension>
        </extensions>
      </trkpt>
      <trkpt lat="48.707415" lon="8.96163">
        <ele>442</ele>
        <extensions>
          <gpxtpx:TrackPointExtension>
            <gpxtpx:Extensions>
              <highway>trunk</highway>
              <surface>asphalt</surface>
              <maxspeed>90</maxspeed>
              <oneway>no</oneway>
            </gpxtpx:Extensions>
          </gpxtpx:TrackPointExtension>
        </extensions>
      </trkpt>
      <trkpt lat="48.707306" lon="8.961887">
        <ele>442</ele>
        <extensions>
          <gpxtpx:TrackPointExtension>
            <gpxtpx:Extensions>
              <highway>trunk</highway>
              <surface>asphalt</surface>
              <maxspeed>90</maxspeed>
              <oneway>no</oneway>
            </gpxtpx:Extensions>
          </gpxtpx:TrackPointExtension>
        </extensions>
      </trkpt>
      <trkpt lat="48.707131" lon="8.962266">
        <ele>442</ele>
        <extensions>
          <gpxtpx:TrackPointExtension>
            <gpxtpx:Extensions>
              <highway>trunk</highway>
              <surface>asphalt</surface>
              <maxspeed>90</maxspeed>
              <oneway>no</oneway>
            </gpxtpx:Extensions>
          </gpxtpx:TrackPointExtension>
        </extensions>
      </trkpt>
      <trkpt lat="48.706885" lon="8.962742">
        <ele>441.75</ele>
        <extensions>
          <gpxtpx:TrackPointExtension>
            <gpxtpx:Extensions>
              <highway>trunk</highway>
              <surface>asphalt</surface>
              <maxspeed>90</maxspeed>
              <oneway>no</oneway>
            </gpxtpx:Extensions>
          </gpxtpx:TrackPointExtension>
        </extensions>
      </trkpt>
      <trkpt lat="48.706676" lon="8.9631">
        <ele>441.25</ele>
        <extensions>
          <gpxtpx:TrackPointExtension>
            <gpxtpx:Extensions>
              <highway>trunk</highway>
              <surface>asphalt</surface>
              <maxspeed>90</maxspeed>
              <oneway>no</oneway>
            </gpxtpx:Extensions>
          </gpxtpx:TrackPointExtension>
        </extensions>
      </trkpt>
      <trkpt lat="48.706471" lon="8.963417">
        <ele>441</ele>
        <extensions>
          <gpxtpx:TrackPointExtension>
            <gpxtpx:Extensions>
              <highway>trunk</highway>
              <surface>asphalt</surface>
              <maxspeed>90</maxspeed>
              <oneway>no</oneway>
            </gpxtpx:Extensions>
          </gpxtpx:TrackPointExtension>
        </extensions>
      </trkpt>
      <trkpt lat="48.706324" lon="8.963629">
        <ele>441.5</ele>
        <extensions>
          <gpxtpx:TrackPointExtension>
            <gpxtpx:Extensions>
              <highway>trunk</highway>
              <surface>asphalt</surface>
              <maxspeed>90</maxspeed>
              <oneway>no</oneway>
            </gpxtpx:Extensions>
          </gpxtpx:TrackPointExtension>
        </extensions>
      </trkpt>
      <trkpt lat="48.706097" lon="8.963929">
        <ele>442</ele>
        <extensions>
          <gpxtpx:TrackPointExtension>
            <gpxtpx:Extensions>
              <highway>trunk</highway>
              <surface>asphalt</surface>
              <maxspeed>90</maxspeed>
              <oneway>no</oneway>
            </gpxtpx:Extensions>
          </gpxtpx:TrackPointExtension>
        </extensions>
      </trkpt>
      <trkpt lat="48.705916" lon="8.964147">
        <ele>442.75</ele>
        <extensions>
          <gpxtpx:TrackPointExtension>
            <gpxtpx:Extensions>
              <highway>trunk</highway>
              <surface>asphalt</surface>
              <maxspeed>90</maxspeed>
              <oneway>no</oneway>
            </gpxtpx:Extensions>
          </gpxtpx:TrackPointExtension>
        </extensions>
      </trkpt>
      <trkpt lat="48.705691" lon="8.964401">
        <ele>443</ele>
        <extensions>
          <gpxtpx:TrackPointExtension>
            <gpxtpx:Extensions>
              <highway>trunk</highway>
              <surface>asphalt</surface>
              <maxspeed>90</maxspeed>
              <oneway>no</oneway>
            </gpxtpx:Extensions>
          </gpxtpx:TrackPointExtension>
        </extensions>
      </trkpt>
      <trkpt lat="48.705305" lon="8.964779">
        <ele>444</ele>
        <extensions>
          <gpxtpx:TrackPointExtension>
            <gpxtpx:Extensions>
              <highway>trunk</highway>
              <surface>asphalt</surface>
              <maxspeed>90</maxspeed>
              <oneway>no</oneway>
            </gpxtpx:Extensions>
          </gpxtpx:TrackPointExtension>
        </extensions>
      </trkpt>
      <trkpt lat="48.705011" lon="8.965024">
        <ele>444.75</ele>
        <extensions>
          <gpxtpx:TrackPointExtension>
            <gpxtpx:Extensions>
              <highway>trunk</highway>
              <surface>asphalt</surface>
              <maxspeed>90</maxspeed>
              <oneway>no</oneway>
            </gpxtpx:Extensions>
          </gpxtpx:TrackPointExtension>
        </extensions>
      </trkpt>
      <trkpt lat="48.704941" lon="8.965076">
        <ele>444.5</ele>
        <extensions>
          <gpxtpx:TrackPointExtension>
            <gpxtpx:Extensions>
              <highway>trunk</highway>
              <surface>asphalt</surface>
              <maxspeed>90</maxspeed>
              <oneway>no</oneway>
            </gpxtpx:Extensions>
          </gpxtpx:TrackPointExtension>
        </extensions>
      </trkpt>
      <trkpt lat="48.704923" lon="8.965104">
        <ele>444.5</ele>
        <extensions>
          <gpxtpx:TrackPointExtension>
            <gpxtpx:Extensions>
              <highway>trunk</highway>
              <surface>asphalt</surface>
              <maxspeed>90</maxspeed>
              <oneway>yes</oneway>
            </gpxtpx:Extensions>
          </gpxtpx:TrackPointExtension>
        </extensions>
      </trkpt>
      <trkpt lat="48.704864" lon="8.965158">
        <ele>444.25</ele>
        <extensions>
          <gpxtpx:TrackPointExtension>
            <gpxtpx:Extensions>
              <highway>trunk</highway>
              <surface>asphalt</surface>
              <maxspeed>90</maxspeed>
              <oneway>yes</oneway>
            </gpxtpx:Extensions>
          </gpxtpx:TrackPointExtension>
        </extensions>
      </trkpt>
      <trkpt lat="48.704495" lon="8.965392">
        <ele>443.25</ele>
        <extensions>
          <gpxtpx:TrackPointExtension>
            <gpxtpx:Extensions>
              <highway>trunk</highway>
              <surface>asphalt</surface>
              <maxspeed>90</maxspeed>
              <oneway>yes</oneway>
            </gpxtpx:Extensions>
          </gpxtpx:TrackPointExtension>
        </extensions>
      </trkpt>
      <trkpt lat="48.704116" lon="8.965598">
        <ele>442.5</ele>
        <extensions>
          <gpxtpx:TrackPointExtension>
            <gpxtpx:Extensions>
              <highway>trunk</highway>
              <surface>asphalt</surface>
              <maxspeed>90</maxspeed>
              <oneway>yes</oneway>
            </gpxtpx:Extensions>
          </gpxtpx:TrackPointExtension>
        </extensions>
      </trkpt>
      <trkpt lat="48.703748" lon="8.96577">
        <ele>441.25</ele>
        <extensions>
          <gpxtpx:TrackPointExtension>
            <gpxtpx:Extensions>
              <highway>trunk</highway>
              <surface>asphalt</surface>
              <maxspeed>90</maxspeed>
              <oneway>yes</oneway>
            </gpxtpx:Extensions>
          </gpxtpx:TrackPointExtension>
        </extensions>
      </trkpt>
      <trkpt lat="48.703486" lon="8.965869">
        <ele>440.5</ele>
        <extensions>
          <gpxtpx:TrackPointExtension>
            <gpxtpx:Extensions>
              <highway>trunk</highway>
              <surface>asphalt</surface>
              <maxspeed>90</maxspeed>
              <oneway>yes</oneway>
            </gpxtpx:Extensions>
          </gpxtpx:TrackPointExtension>
        </extensions>
      </trkpt>
      <trkpt lat="48.703168" lon="8.965976">
        <ele>440.5</ele>
        <extensions>
          <gpxtpx:TrackPointExtension>
            <gpxtpx:Extensions>
              <highway>trunk</highway>
              <surface>asphalt</surface>
              <maxspeed>90</maxspeed>
              <oneway>yes</oneway>
            </gpxtpx:Extensions>
          </gpxtpx:TrackPointExtension>
        </extensions>
      </trkpt>
      <trkpt lat="48.702801" lon="8.966085">
        <ele>441.75</ele>
        <extensions>
          <gpxtpx:TrackPointExtension>
            <gpxtpx:Extensions>
              <highway>trunk</highway>
              <surface>asphalt</surface>
              <maxspeed>90</maxspeed>
              <oneway>yes</oneway>
            </gpxtpx:Extensions>
          </gpxtpx:TrackPointExtension>
        </extensions>
      </trkpt>
      <trkpt lat="48.702558" lon="8.96615">
        <ele>442.25</ele>
        <extensions>
          <gpxtpx:TrackPointExtension>
            <gpxtpx:Extensions>
              <highway>trunk</highway>
              <surface>asphalt</surface>
              <maxspeed>90</maxspeed>
              <oneway>yes</oneway>
            </gpxtpx:Extensions>
          </gpxtpx:TrackPointExtension>
        </extensions>
      </trkpt>
      <trkpt lat="48.70229" lon="8.966203">
        <ele>444.25</ele>
        <extensions>
          <gpxtpx:TrackPointExtension>
            <gpxtpx:Extensions>
              <highway>trunk</highway>
              <surface>asphalt</surface>
              <maxspeed>90</maxspeed>
              <oneway>yes</oneway>
            </gpxtpx:Extensions>
          </gpxtpx:TrackPointExtension>
        </extensions>
      </trkpt>
      <trkpt lat="48.70189" lon="8.966269">
        <ele>448</ele>
        <extensions>
          <gpxtpx:TrackPointExtension>
            <gpxtpx:Extensions>
              <highway>trunk</highway>
              <surface>asphalt</surface>
              <maxspeed>90</maxspeed>
              <oneway>yes</oneway>
            </gpxtpx:Extensions>
          </gpxtpx:TrackPointExtension>
        </extensions>
      </trkpt>
      <trkpt lat="48.701568" lon="8.966305">
        <ele>450.5</ele>
        <extensions>
          <gpxtpx:TrackPointExtension>
            <gpxtpx:Extensions>
              <highway>trunk</highway>
              <surface>asphalt</surface>
              <maxspeed>90</maxspeed>
              <oneway>yes</oneway>
            </gpxtpx:Extensions>
          </gpxtpx:TrackPointExtension>
        </extensions>
      </trkpt>
      <trkpt lat="48.701138" lon="8.966326">
        <ele>451</ele>
        <extensions>
          <gpxtpx:TrackPointExtension>
            <gpxtpx:Extensions>
              <highway>trunk</highway>
              <surface>asphalt</surface>
              <maxspeed>90</maxspeed>
              <oneway>yes</oneway>
            </gpxtpx:Extensions>
          </gpxtpx:TrackPointExtension>
        </extensions>
      </trkpt>
      <trkpt lat="48.7006" lon="8.966336">
        <ele>450.75</ele>
        <extensions>
          <gpxtpx:TrackPointExtension>
            <gpxtpx:Extensions>
              <highway>trunk</highway>
              <surface>asphalt</surface>
              <maxspeed>90</maxspeed>
              <oneway>yes</oneway>
            </gpxtpx:Extensions>
          </gpxtpx:TrackPointExtension>
        </extensions>
      </trkpt>
      <trkpt lat="48.699415" lon="8.966348">
        <ele>449.5</ele>
        <extensions>
          <gpxtpx:TrackPointExtension>
            <gpxtpx:Extensions>
              <highway>trunk</highway>
              <surface>asphalt</surface>
              <maxspeed>90</maxspeed>
              <oneway>yes</oneway>
            </gpxtpx:Extensions>
          </gpxtpx:TrackPointExtension>
        </extensions>
      </trkpt>
      <trkpt lat="48.69845" lon="8.966378">
        <ele>448</ele>
        <extensions>
          <gpxtpx:TrackPointExtension>
            <gpxtpx:Extensions>
              <highway>trunk</highway>
              <surface>asphalt</surface>
              <maxspeed>90</maxspeed>
              <oneway>yes</oneway>
            </gpxtpx:Extensions>
          </gpxtpx:TrackPointExtension>
        </extensions>
      </trkpt>
      <trkpt lat="48.697696" lon="8.966437">
        <ele>448</ele>
        <extensions>
          <gpxtpx:TrackPointExtension>
            <gpxtpx:Extensions>
              <highway>trunk</highway>
              <surface>asphalt</surface>
              <maxspeed>90</maxspeed>
              <oneway>yes</oneway>
            </gpxtpx:Extensions>
          </gpxtpx:TrackPointExtension>
        </extensions>
      </trkpt>
      <trkpt lat="48.697156" lon="8.966512">
        <ele>447.5</ele>
        <extensions>
          <gpxtpx:TrackPointExtension>
            <gpxtpx:Extensions>
              <highway>trunk</highway>
              <surface>asphalt</surface>
              <maxspeed>90</maxspeed>
              <oneway>yes</oneway>
            </gpxtpx:Extensions>
          </gpxtpx:TrackPointExtension>
        </extensions>
      </trkpt>
      <trkpt lat="48.696628" lon="8.96661">
        <ele>446.75</ele>
        <extensions>
          <gpxtpx:TrackPointExtension>
            <gpxtpx:Extensions>
              <highway>trunk</highway>
              <surface>asphalt</surface>
              <maxspeed>90</maxspeed>
              <oneway>yes</oneway>
            </gpxtpx:Extensions>
          </gpxtpx:TrackPointExtension>
        </extensions>
      </trkpt>
      <trkpt lat="48.696098" lon="8.966732">
        <ele>444.25</ele>
        <extensions>
          <gpxtpx:TrackPointExtension>
            <gpxtpx:Extensions>
              <highway>trunk</highway>
              <surface>asphalt</surface>
              <maxspeed>90</maxspeed>
              <oneway>yes</oneway>
            </gpxtpx:Extensions>
          </gpxtpx:TrackPointExtension>
        </extensions>
      </trkpt>
      <trkpt lat="48.695568" lon="8.966882">
        <ele>443.5</ele>
        <extensions>
          <gpxtpx:TrackPointExtension>
            <gpxtpx:Extensions>
              <highway>trunk</highway>
              <surface>asphalt</surface>
              <maxspeed>90</maxspeed>
              <oneway>yes</oneway>
            </gpxtpx:Extensions>
          </gpxtpx:TrackPointExtension>
        </extensions>
      </trkpt>
      <trkpt lat="48.695255" lon="8.966986">
        <ele>444</ele>
        <extensions>
          <gpxtpx:TrackPointExtension>
            <gpxtpx:Extensions>
              <highway>trunk</highway>
              <surface>asphalt</surface>
              <maxspeed>90</maxspeed>
              <oneway>yes</oneway>
            </gpxtpx:Extensions>
          </gpxtpx:TrackPointExtension>
        </extensions>
      </trkpt>
      <trkpt lat="48.694626" lon="8.967218">
        <ele>442.25</ele>
        <extensions>
          <gpxtpx:TrackPointExtension>
            <gpxtpx:Extensions>
              <highway>trunk</highway>
              <surface>asphalt</surface>
              <maxspeed>100</maxspeed>
              <oneway>yes</oneway>
            </gpxtpx:Extensions>
          </gpxtpx:TrackPointExtension>
        </extensions>
      </trkpt>
      <trkpt lat="48.692863" lon="8.967938">
        <ele>429.25</ele>
        <extensions>
          <gpxtpx:TrackPointExtension>
            <gpxtpx:Extensions>
              <highway>trunk</highway>
              <surface>asphalt</surface>
              <maxspeed>100</maxspeed>
              <oneway>yes</oneway>
            </gpxtpx:Extensions>
          </gpxtpx:TrackPointExtension>
        </extensions>
      </trkpt>
      <trkpt lat="48.692136" lon="8.968217">
        <ele>425.75</ele>
        <extensions>
          <gpxtpx:TrackPointExtension>
            <gpxtpx:Extensions>
              <highway>trunk</highway>
              <surface>asphalt</surface>
              <maxspeed>100</maxspeed>
              <oneway>yes</oneway>
            </gpxtpx:Extensions>
          </gpxtpx:TrackPointExtension>
        </extensions>
      </trkpt>
      <trkpt lat="48.691718" lon="8.968363">
        <ele>425</ele>
        <extensions>
          <gpxtpx:TrackPointExtension>
            <gpxtpx:Extensions>
              <highway>trunk</highway>
              <surface>asphalt</surface>
              <maxspeed>100</maxspeed>
              <oneway>yes</oneway>
            </gpxtpx:Extensions>
          </gpxtpx:TrackPointExtension>
        </extensions>
      </trkpt>
      <trkpt lat="48.691402" lon="8.968462">
        <ele>423.75</ele>
        <extensions>
          <gpxtpx:TrackPointExtension>
            <gpxtpx:Extensions>
              <highway>trunk</highway>
              <surface>asphalt</surface>
              <maxspeed>100</maxspeed>
              <oneway>yes</oneway>
            </gpxtpx:Extensions>
          </gpxtpx:TrackPointExtension>
        </extensions>
      </trkpt>
      <trkpt lat="48.691084" lon="8.968553">
        <ele>422.75</ele>
        <extensions>
          <gpxtpx:TrackPointExtension>
            <gpxtpx:Extensions>
              <highway>trunk</highway>
              <surface>asphalt</surface>
              <maxspeed>100</maxspeed>
              <oneway>yes</oneway>
            </gpxtpx:Extensions>
          </gpxtpx:TrackPointExtension>
        </extensions>
      </trkpt>
      <trkpt lat="48.690755" lon="8.968635">
        <ele>422.5</ele>
        <extensions>
          <gpxtpx:TrackPointExtension>
            <gpxtpx:Extensions>
              <highway>trunk</highway>
              <surface>asphalt</surface>
              <maxspeed>100</maxspeed>
              <oneway>yes</oneway>
            </gpxtpx:Extensions>
          </gpxtpx:TrackPointExtension>
        </extensions>
      </trkpt>
      <trkpt lat="48.690491" lon="8.968695">
        <ele>424.25</ele>
        <extensions>
          <gpxtpx:TrackPointExtension>
            <gpxtpx:Extensions>
              <highway>trunk</highway>
              <surface>asphalt</surface>
              <maxspeed>100</maxspeed>
              <oneway>yes</oneway>
            </gpxtpx:Extensions>
          </gpxtpx:TrackPointExtension>
        </extensions>
      </trkpt>
      <trkpt lat="48.690233" lon="8.968746">
        <ele>425.75</ele>
        <extensions>
          <gpxtpx:TrackPointExtension>
            <gpxtpx:Extensions>
              <highway>trunk</highway>
              <surface>asphalt</surface>
              <maxspeed>100</maxspeed>
              <oneway>yes</oneway>
            </gpxtpx:Extensions>
          </gpxtpx:TrackPointExtension>
        </extensions>
      </trkpt>
      <trkpt lat="48.689915" lon="8.968802">
        <ele>427.5</ele>
        <extensions>
          <gpxtpx:TrackPointExtension>
            <gpxtpx:Extensions>
              <highway>trunk</highway>
              <surface>asphalt</surface>
              <maxspeed>100</maxspeed>
              <oneway>yes</oneway>
            </gpxtpx:Extensions>
          </gpxtpx:TrackPointExtension>
        </extensions>
      </trkpt>
      <trkpt lat="48.689591" lon="8.968847">
        <ele>428</ele>
        <extensions>
          <gpxtpx:TrackPointExtension>
            <gpxtpx:Extensions>
              <highway>trunk</highway>
              <surface>asphalt</surface>
              <maxspeed>100</maxspeed>
              <oneway>yes</oneway>
            </gpxtpx:Extensions>
          </gpxtpx:TrackPointExtension>
        </extensions>
      </trkpt>
      <trkpt lat="48.688953" lon="8.96891">
        <ele>429</ele>
        <extensions>
          <gpxtpx:TrackPointExtension>
            <gpxtpx:Extensions>
              <highway>trunk</highway>
              <surface>asphalt</surface>
              <maxspeed>100</maxspeed>
              <oneway>yes</oneway>
            </gpxtpx:Extensions>
          </gpxtpx:TrackPointExtension>
        </extensions>
      </trkpt>
      <trkpt lat="48.688518" lon="8.968938">
        <ele>430</ele>
        <extensions>
          <gpxtpx:TrackPointExtension>
            <gpxtpx:Extensions>
              <highway>trunk</highway>
              <surface>asphalt</surface>
              <maxspeed>100</maxspeed>
              <oneway>yes</oneway>
            </gpxtpx:Extensions>
          </gpxtpx:TrackPointExtension>
        </extensions>
      </trkpt>
      <trkpt lat="48.687869" lon="8.968964">
        <ele>429</ele>
        <extensions>
          <gpxtpx:TrackPointExtension>
            <gpxtpx:Extensions>
              <highway>trunk</highway>
              <surface>asphalt</surface>
              <maxspeed>100</maxspeed>
              <oneway>yes</oneway>
            </gpxtpx:Extensions>
          </gpxtpx:TrackPointExtension>
        </extensions>
      </trkpt>
      <trkpt lat="48.687551" lon="8.968975">
        <ele>427.75</ele>
        <extensions>
          <gpxtpx:TrackPointExtension>
            <gpxtpx:Extensions>
              <highway>trunk</highway>
              <surface>asphalt</surface>
              <maxspeed>100</maxspeed>
              <oneway>yes</oneway>
            </gpxtpx:Extensions>
          </gpxtpx:TrackPointExtension>
        </extensions>
      </trkpt>
      <trkpt lat="48.686684" lon="8.969007">
        <ele>434.25</ele>
        <extensions>
          <gpxtpx:TrackPointExtension>
            <gpxtpx:Extensions>
              <highway>trunk</highway>
              <surface>asphalt</surface>
              <maxspeed>100</maxspeed>
              <oneway>yes</oneway>
            </gpxtpx:Extensions>
          </gpxtpx:TrackPointExtension>
        </extensions>
      </trkpt>
      <trkpt lat="48.686528" lon="8.969102">
        <ele>434.25</ele>
        <extensions>
          <gpxtpx:TrackPointExtension>
            <gpxtpx:Extensions>
              <highway>trunk_link</highway>
              <surface>asphalt</surface>
              <maxspeed>80</maxspeed>
              <oneway>yes</oneway>
            </gpxtpx:Extensions>
          </gpxtpx:TrackPointExtension>
        </extensions>
      </trkpt>
      <trkpt lat="48.686277" lon="8.969165">
        <ele>434.25</ele>
        <extensions>
          <gpxtpx:TrackPointExtension>
            <gpxtpx:Extensions>
              <highway>trunk_link</highway>
              <surface>asphalt</surface>
              <maxspeed>80</maxspeed>
              <oneway>yes</oneway>
            </gpxtpx:Extensions>
          </gpxtpx:TrackPointExtension>
        </extensions>
      </trkpt>
      <trkpt lat="48.685968" lon="8.969215">
        <ele>434.5</ele>
        <extensions>
          <gpxtpx:TrackPointExtension>
            <gpxtpx:Extensions>
              <highway>trunk_link</highway>
              <surface>asphalt</surface>
              <maxspeed>80</maxspeed>
              <oneway>yes</oneway>
            </gpxtpx:Extensions>
          </gpxtpx:TrackPointExtension>
        </extensions>
      </trkpt>
      <trkpt lat="48.685505" lon="8.969261">
        <ele>434</ele>
        <extensions>
          <gpxtpx:TrackPointExtension>
            <gpxtpx:Extensions>
              <highway>trunk_link</highway>
              <surface>asphalt</surface>
              <maxspeed>80</maxspeed>
              <oneway>yes</oneway>
            </gpxtpx:Extensions>
          </gpxtpx:TrackPointExtension>
        </extensions>
      </trkpt>
      <trkpt lat="48.685067" lon="8.969322">
        <ele>433.25</ele>
        <extensions>
          <gpxtpx:TrackPointExtension>
            <gpxtpx:Extensions>
              <highway>trunk_link</highway>
              <surface>asphalt</surface>
              <maxspeed>80</maxspeed>
              <oneway>yes</oneway>
            </gpxtpx:Extensions>
          </gpxtpx:TrackPointExtension>
        </extensions>
      </trkpt>
      <trkpt lat="48.684832" lon="8.969343">
        <ele>433.25</ele>
        <extensions>
          <gpxtpx:TrackPointExtension>
            <gpxtpx:Extensions>
              <highway>trunk_link</highway>
              <surface>asphalt</surface>
              <maxspeed>80</maxspeed>
              <oneway>yes</oneway>
            </gpxtpx:Extensions>
          </gpxtpx:TrackPointExtension>
        </extensions>
      </trkpt>
      <trkpt lat="48.684442" lon="8.969429">
        <ele>433</ele>
        <extensions>
          <gpxtpx:TrackPointExtension>
            <gpxtpx:Extensions>
              <highway>trunk_link</highway>
              <surface>asphalt</surface>
              <maxspeed>80</maxspeed>
              <oneway>yes</oneway>
            </gpxtpx:Extensions>
          </gpxtpx:TrackPointExtension>
        </extensions>
      </trkpt>
      <trkpt lat="48.683847" lon="8.969602">
        <ele>432.75</ele>
        <extensions>
          <gpxtpx:TrackPointExtension>
            <gpxtpx:Extensions>
              <highway>trunk_link</highway>
              <surface>asphalt</surface>
              <maxspeed>80</maxspeed>
              <oneway>yes</oneway>
            </gpxtpx:Extensions>
          </gpxtpx:TrackPointExtension>
        </extensions>
      </trkpt>
      <trkpt lat="48.683603" lon="8.969689">
        <ele>432.75</ele>
        <extensions>
          <gpxtpx:TrackPointExtension>
            <gpxtpx:Extensions>
              <highway>trunk_link</highway>
              <surface>asphalt</surface>
              <maxspeed>80</maxspeed>
              <oneway>yes</oneway>
            </gpxtpx:Extensions>
          </gpxtpx:TrackPointExtension>
        </extensions>
      </trkpt>
      <trkpt lat="48.683352" lon="8.969793">
        <ele>432.5</ele>
        <extensions>
          <gpxtpx:TrackPointExtension>
            <gpxtpx:Extensions>
              <highway>trunk_link</highway>
              <surface>asphalt</surface>
              <maxspeed>80</maxspeed>
              <oneway>yes</oneway>
            </gpxtpx:Extensions>
          </gpxtpx:TrackPointExtension>
        </extensions>
      </trkpt>
      <trkpt lat="48.683012" lon="8.969937">
        <ele>433.25</ele>
        <extensions>
          <gpxtpx:TrackPointExtension>
            <gpxtpx:Extensions>
              <highway>trunk_link</highway>
              <surface>asphalt</surface>
              <maxspeed>80</maxspeed>
              <oneway>yes</oneway>
            </gpxtpx:Extensions>
          </gpxtpx:TrackPointExtension>
        </extensions>
      </trkpt>
      <trkpt lat="48.682425" lon="8.970248">
        <ele>434.25</ele>
        <extensions>
          <gpxtpx:TrackPointExtension>
            <gpxtpx:Extensions>
              <highway>trunk_link</highway>
              <surface>asphalt</surface>
              <maxspeed>80</maxspeed>
              <oneway>yes</oneway>
            </gpxtpx:Extensions>
          </gpxtpx:TrackPointExtension>
        </extensions>
      </trkpt>
      <trkpt lat="48.68219" lon="8.970383">
        <ele>433.25</ele>
        <extensions>
          <gpxtpx:TrackPointExtension>
            <gpxtpx:Extensions>
              <highway>trunk_link</highway>
              <surface>asphalt</surface>
              <maxspeed>80</maxspeed>
              <oneway>yes</oneway>
            </gpxtpx:Extensions>
          </gpxtpx:TrackPointExtension>
        </extensions>
      </trkpt>
      <trkpt lat="48.682091" lon="8.970505">
        <ele>432.5</ele>
        <extensions>
          <gpxtpx:TrackPointExtension>
            <gpxtpx:Extensions>
              <highway>motorway_link</highway>
              <oneway>yes</oneway>
            </gpxtpx:Extensions>
          </gpxtpx:TrackPointExtension>
        </extensions>
      </trkpt>
      <trkpt lat="48.682008" lon="8.97059">
        <ele>432</ele>
        <extensions>
          <gpxtpx:TrackPointExtension>
            <gpxtpx:Extensions>
              <highway>motorway_link</highway>
              <oneway>yes</oneway>
            </gpxtpx:Extensions>
          </gpxtpx:TrackPointExtension>
        </extensions>
      </trkpt>
      <trkpt lat="48.681952" lon="8.97067">
        <ele>431.5</ele>
        <extensions>
          <gpxtpx:TrackPointExtension>
            <gpxtpx:Extensions>
              <highway>motorway_link</highway>
              <oneway>yes</oneway>
            </gpxtpx:Extensions>
          </gpxtpx:TrackPointExtension>
        </extensions>
      </trkpt>
      <trkpt lat="48.681915" lon="8.970739">
        <ele>431.25</ele>
        <extensions>
          <gpxtpx:TrackPointExtension>
            <gpxtpx:Extensions>
              <highway>motorway_link</highway>
              <oneway>yes</oneway>
            </gpxtpx:Extensions>
          </gpxtpx:TrackPointExtension>
        </extensions>
      </trkpt>
      <trkpt lat="48.681875" lon="8.970845">
        <ele>430.5</ele>
        <extensions>
          <gpxtpx:TrackPointExtension>
            <gpxtpx:Extensions>
              <highway>motorway_link</highway>
              <oneway>yes</oneway>
            </gpxtpx:Extensions>
          </gpxtpx:TrackPointExtension>
        </extensions>
      </trkpt>
      <trkpt lat="48.681849" lon="8.970952">
        <ele>430.25</ele>
        <extensions>
          <gpxtpx:TrackPointExtension>
            <gpxtpx:Extensions>
              <highway>motorway_link</highway>
              <oneway>yes</oneway>
            </gpxtpx:Extensions>
          </gpxtpx:TrackPointExtension>
        </extensions>
      </trkpt>
      <trkpt lat="48.681835" lon="8.971055">
        <ele>430.25</ele>
        <extensions>
          <gpxtpx:TrackPointExtension>
            <gpxtpx:Extensions>
              <highway>motorway_link</highway>
              <oneway>yes</oneway>
            </gpxtpx:Extensions>
          </gpxtpx:TrackPointExtension>
        </extensions>
      </trkpt>
      <trkpt lat="48.681831" lon="8.971187">
        <ele>430</ele>
        <extensions>
          <gpxtpx:TrackPointExtension>
            <gpxtpx:Extensions>
              <highway>motorway_link</highway>
              <oneway>yes</oneway>
            </gpxtpx:Extensions>
          </gpxtpx:TrackPointExtension>
        </extensions>
      </trkpt>
      <trkpt lat="48.68184" lon="8.9713">
        <ele>430</ele>
        <extensions>
          <gpxtpx:TrackPointExtension>
            <gpxtpx:Extensions>
              <highway>motorway_link</highway>
              <oneway>yes</oneway>
            </gpxtpx:Extensions>
          </gpxtpx:TrackPointExtension>
        </extensions>
      </trkpt>
      <trkpt lat="48.681862" lon="8.971413">
        <ele>430.25</ele>
        <extensions>
          <gpxtpx:TrackPointExtension>
            <gpxtpx:Extensions>
              <highway>motorway_link</highway>
              <oneway>yes</oneway>
            </gpxtpx:Extensions>
          </gpxtpx:TrackPointExtension>
        </extensions>
      </trkpt>
      <trkpt lat="48.681897" lon="8.971519">
        <ele>430.25</ele>
        <extensions>
          <gpxtpx:TrackPointExtension>
            <gpxtpx:Extensions>
              <highway>motorway_link</highway>
              <oneway>yes</oneway>
            </gpxtpx:Extensions>
          </gpxtpx:TrackPointExtension>
        </extensions>
      </trkpt>
      <trkpt lat="48.681957" lon="8.971636">
        <ele>430.75</ele>
        <extensions>
          <gpxtpx:TrackPointExtension>
            <gpxtpx:Extensions>
              <highway>motorway_link</highway>
              <oneway>yes</oneway>
            </gpxtpx:Extensions>
          </gpxtpx:TrackPointExtension>
        </extensions>
      </trkpt>
      <trkpt lat="48.682019" lon="8.971718">
        <ele>430.75</ele>
        <extensions>
          <gpxtpx:TrackPointExtension>
            <gpxtpx:Extensions>
              <highway>motorway_link</highway>
              <oneway>yes</oneway>
            </gpxtpx:Extensions>
          </gpxtpx:TrackPointExtension>
        </extensions>
      </trkpt>
      <trkpt lat="48.682078" lon="8.971777">
        <ele>431</ele>
        <extensions>
          <gpxtpx:TrackPointExtension>
            <gpxtpx:Extensions>
              <highway>motorway_link</highway>
              <oneway>yes</oneway>
            </gpxtpx:Extensions>
          </gpxtpx:TrackPointExtension>
        </extensions>
      </trkpt>
      <trkpt lat="48.682137" lon="8.971822">
        <ele>431</ele>
        <extensions>
          <gpxtpx:TrackPointExtension>
            <gpxtpx:Extensions>
              <highway>motorway_link</highway>
              <oneway>yes</oneway>
            </gpxtpx:Extensions>
          </gpxtpx:TrackPointExtension>
        </extensions>
      </trkpt>
      <trkpt lat="48.682196" lon="8.971852">
        <ele>431</ele>
        <extensions>
          <gpxtpx:TrackPointExtension>
            <gpxtpx:Extensions>
              <highway>motorway_link</highway>
              <oneway>yes</oneway>
            </gpxtpx:Extensions>
          </gpxtpx:TrackPointExtension>
        </extensions>
      </trkpt>
      <trkpt lat="48.682276" lon="8.971867">
        <ele>431.5</ele>
        <extensions>
          <gpxtpx:TrackPointExtension>
            <gpxtpx:Extensions>
              <highway>motorway_link</highway>
              <oneway>yes</oneway>
            </gpxtpx:Extensions>
          </gpxtpx:TrackPointExtension>
        </extensions>
      </trkpt>
      <trkpt lat="48.682349" lon="8.971864">
        <ele>431.75</ele>
        <extensions>
          <gpxtpx:TrackPointExtension>
            <gpxtpx:Extensions>
              <highway>motorway_link</highway>
              <oneway>yes</oneway>
            </gpxtpx:Extensions>
          </gpxtpx:TrackPointExtension>
        </extensions>
      </trkpt>
      <trkpt lat="48.682427" lon="8.971845">
        <ele>432.25</ele>
        <extensions>
          <gpxtpx:TrackPointExtension>
            <gpxtpx:Extensions>
              <highway>motorway_link</highway>
              <oneway>yes</oneway>
            </gpxtpx:Extensions>
          </gpxtpx:TrackPointExtension>
        </extensions>
      </trkpt>
      <trkpt lat="48.682505" lon="8.971802">
        <ele>433</ele>
        <extensions>
          <gpxtpx:TrackPointExtension>
            <gpxtpx:Extensions>
              <highway>motorway_link</highway>
              <oneway>yes</oneway>
            </gpxtpx:Extensions>
          </gpxtpx:TrackPointExtension>
        </extensions>
      </trkpt>
      <trkpt lat="48.682567" lon="8.971752">
        <ele>433.5</ele>
        <extensions>
          <gpxtpx:TrackPointExtension>
            <gpxtpx:Extensions>
              <highway>motorway_link</highway>
              <oneway>yes</oneway>
            </gpxtpx:Extensions>
          </gpxtpx:TrackPointExtension>
        </extensions>
      </trkpt>
      <trkpt lat="48.682622" lon="8.971687">
        <ele>434.25</ele>
        <extensions>
          <gpxtpx:TrackPointExtension>
            <gpxtpx:Extensions>
              <highway>motorway_link</highway>
              <oneway>yes</oneway>
            </gpxtpx:Extensions>
          </gpxtpx:TrackPointExtension>
        </extensions>
      </trkpt>
      <trkpt lat="48.68267" lon="8.971616">
        <ele>434.5</ele>
        <extensions>
          <gpxtpx:TrackPointExtension>
            <gpxtpx:Extensions>
              <highway>motorway_link</highway>
              <oneway>yes</oneway>
            </gpxtpx:Extensions>
          </gpxtpx:TrackPointExtension>
        </extensions>
      </trkpt>
      <trkpt lat="48.682704" lon="8.97155">
        <ele>434.75</ele>
        <extensions>
          <gpxtpx:TrackPointExtension>
            <gpxtpx:Extensions>
              <highway>motorway_link</highway>
              <oneway>yes</oneway>
            </gpxtpx:Extensions>
          </gpxtpx:TrackPointExtension>
        </extensions>
      </trkpt>
      <trkpt lat="48.682744" lon="8.971436">
        <ele>435</ele>
        <extensions>
          <gpxtpx:TrackPointExtension>
            <gpxtpx:Extensions>
              <highway>motorway_link</highway>
              <oneway>yes</oneway>
            </gpxtpx:Extensions>
          </gpxtpx:TrackPointExtension>
        </extensions>
      </trkpt>
      <trkpt lat="48.682767" lon="8.971336">
        <ele>435.25</ele>
        <extensions>
          <gpxtpx:TrackPointExtension>
            <gpxtpx:Extensions>
              <highway>motorway_link</highway>
              <oneway>yes</oneway>
            </gpxtpx:Extensions>
          </gpxtpx:TrackPointExtension>
        </extensions>
      </trkpt>
      <trkpt lat="48.682777" lon="8.971245">
        <ele>435.5</ele>
        <extensions>
          <gpxtpx:TrackPointExtension>
            <gpxtpx:Extensions>
              <highway>motorway_link</highway>
              <oneway>yes</oneway>
            </gpxtpx:Extensions>
          </gpxtpx:TrackPointExtension>
        </extensions>
      </trkpt>
      <trkpt lat="48.682781" lon="8.971152">
        <ele>435.5</ele>
        <extensions>
          <gpxtpx:TrackPointExtension>
            <gpxtpx:Extensions>
              <highway>motorway_link</highway>
              <oneway>yes</oneway>
            </gpxtpx:Extensions>
          </gpxtpx:TrackPointExtension>
        </extensions>
      </trkpt>
      <trkpt lat="48.682777" lon="8.971072">
        <ele>435.5</ele>
        <extensions>
          <gpxtpx:TrackPointExtension>
            <gpxtpx:Extensions>
              <highway>motorway_link</highway>
              <oneway>yes</oneway>
            </gpxtpx:Extensions>
          </gpxtpx:TrackPointExtension>
        </extensions>
      </trkpt>
      <trkpt lat="48.682766" lon="8.970978">
        <ele>435.75</ele>
        <extensions>
          <gpxtpx:TrackPointExtension>
            <gpxtpx:Extensions>
              <highway>motorway_link</highway>
              <oneway>yes</oneway>
            </gpxtpx:Extensions>
          </gpxtpx:TrackPointExtension>
        </extensions>
      </trkpt>
      <trkpt lat="48.682747" lon="8.970883">
        <ele>435.75</ele>
        <extensions>
          <gpxtpx:TrackPointExtension>
            <gpxtpx:Extensions>
              <highway>motorway_link</highway>
              <oneway>yes</oneway>
            </gpxtpx:Extensions>
          </gpxtpx:TrackPointExtension>
        </extensions>
      </trkpt>
      <trkpt lat="48.682717" lon="8.970765">
        <ele>435.75</ele>
        <extensions>
          <gpxtpx:TrackPointExtension>
            <gpxtpx:Extensions>
              <highway>motorway_link</highway>
              <oneway>yes</oneway>
            </gpxtpx:Extensions>
          </gpxtpx:TrackPointExtension>
        </extensions>
      </trkpt>
      <trkpt lat="48.682682" lon="8.970658">
        <ele>435.5</ele>
        <extensions>
          <gpxtpx:TrackPointExtension>
            <gpxtpx:Extensions>
              <highway>motorway_link</highway>
              <oneway>yes</oneway>
            </gpxtpx:Extensions>
          </gpxtpx:TrackPointExtension>
        </extensions>
      </trkpt>
      <trkpt lat="48.682597" lon="8.970454">
        <ele>435</ele>
        <extensions>
          <gpxtpx:TrackPointExtension>
            <gpxtpx:Extensions>
              <highway>motorway_link</highway>
              <oneway>yes</oneway>
            </gpxtpx:Extensions>
          </gpxtpx:TrackPointExtension>
        </extensions>
      </trkpt>
      <trkpt lat="48.682578" lon="8.970342">
        <ele>434.75</ele>
        <extensions>
          <gpxtpx:TrackPointExtension>
            <gpxtpx:Extensions>
              <highway>motorway_link</highway>
              <oneway>yes</oneway>
            </gpxtpx:Extensions>
          </gpxtpx:TrackPointExtension>
        </extensions>
      </trkpt>
      <trkpt lat="48.682551" lon="8.97029">
        <ele>434.5</ele>
        <extensions>
          <gpxtpx:TrackPointExtension>
            <gpxtpx:Extensions>
              <highway>motorway_link</highway>
              <oneway>yes</oneway>
            </gpxtpx:Extensions>
          </gpxtpx:TrackPointExtension>
        </extensions>
      </trkpt>
      <trkpt lat="48.682255" lon="8.969748">
        <ele>433.75</ele>
        <extensions>
          <gpxtpx:TrackPointExtension>
            <gpxtpx:Extensions>
              <highway>motorway_link</highway>
              <oneway>yes</oneway>
            </gpxtpx:Extensions>
          </gpxtpx:TrackPointExtension>
        </extensions>
      </trkpt>
      <trkpt lat="48.681933" lon="8.969209">
        <ele>433.75</ele>
        <extensions>
          <gpxtpx:TrackPointExtension>
            <gpxtpx:Extensions>
              <highway>motorway_link</highway>
              <surface>asphalt</surface>
              <oneway>yes</oneway>
            </gpxtpx:Extensions>
          </gpxtpx:TrackPointExtension>
        </extensions>
      </trkpt>
      <trkpt lat="48.681718" lon="8.968873">
        <ele>434</ele>
        <extensions>
          <gpxtpx:TrackPointExtension>
            <gpxtpx:Extensions>
              <highway>motorway_link</highway>
              <surface>asphalt</surface>
              <oneway>yes</oneway>
            </gpxtpx:Extensions>
          </gpxtpx:TrackPointExtension>
        </extensions>
      </trkpt>
      <trkpt lat="48.681527" lon="8.968592">
        <ele>434.75</ele>
        <extensions>
          <gpxtpx:TrackPointExtension>
            <gpxtpx:Extensions>
              <highway>motorway_link</highway>
              <surface>asphalt</surface>
              <oneway>yes</oneway>
            </gpxtpx:Extensions>
          </gpxtpx:TrackPointExtension>
        </extensions>
      </trkpt>
      <trkpt lat="48.681328" lon="8.968315">
        <ele>435.5</ele>
        <extensions>
          <gpxtpx:TrackPointExtension>
            <gpxtpx:Extensions>
              <highway>motorway_link</highway>
              <surface>asphalt</surface>
              <oneway>yes</oneway>
            </gpxtpx:Extensions>
          </gpxtpx:TrackPointExtension>
        </extensions>
      </trkpt>
      <trkpt lat="48.680925" lon="8.967797">
        <ele>434.25</ele>
        <extensions>
          <gpxtpx:TrackPointExtension>
            <gpxtpx:Extensions>
              <highway>motorway_link</highway>
              <surface>asphalt</surface>
              <oneway>yes</oneway>
            </gpxtpx:Extensions>
          </gpxtpx:TrackPointExtension>
        </extensions>
      </trkpt>
      <trkpt lat="48.68063" lon="8.967452">
        <ele>433</ele>
        <extensions>
          <gpxtpx:TrackPointExtension>
            <gpxtpx:Extensions>
              <highway>motorway_link</highway>
              <surface>asphalt</surface>
              <oneway>yes</oneway>
            </gpxtpx:Extensions>
          </gpxtpx:TrackPointExtension>
        </extensions>
      </trkpt>
      <trkpt lat="48.68034" lon="8.967135">
        <ele>431.25</ele>
        <extensions>
          <gpxtpx:TrackPointExtension>
            <gpxtpx:Extensions>
              <highway>motorway_link</highway>
              <surface>asphalt</surface>
              <oneway>yes</oneway>
            </gpxtpx:Extensions>
          </gpxtpx:TrackPointExtension>
        </extensions>
      </trkpt>
      <trkpt lat="48.680161" lon="8.966982">
        <ele>430.75</ele>
        <extensions>
          <gpxtpx:TrackPointExtension>
            <gpxtpx:Extensions>
              <highway>motorway_link</highway>
              <surface>asphalt</surface>
              <oneway>yes</oneway>
            </gpxtpx:Extensions>
          </gpxtpx:TrackPointExtension>
        </extensions>
      </trkpt>
      <trkpt lat="48.679488" lon="8.966335">
        <ele>432</ele>
        <extensions>
          <gpxtpx:TrackPointExtension>
            <gpxtpx:Extensions>
              <highway>motorway_link</highway>
              <surface>asphalt</surface>
              <oneway>yes</oneway>
            </gpxtpx:Extensions>
          </gpxtpx:TrackPointExtension>
        </extensions>
      </trkpt>
      <trkpt lat="48.67914" lon="8.966023">
        <ele>432</ele>
        <extensions>
          <gpxtpx:TrackPointExtension>
            <gpxtpx:Extensions>
              <highway>motorway_link</highway>
              <surface>asphalt</surface>
              <oneway>yes</oneway>
            </gpxtpx:Extensions>
          </gpxtpx:TrackPointExtension>
        </extensions>
      </trkpt>
      <trkpt lat="48.67894" lon="8.965781">
        <ele>431.25</ele>
        <extensions>
          <gpxtpx:TrackPointExtension>
            <gpxtpx:Extensions>
              <highway>motorway_link</highway>
              <surface>asphalt</surface>
              <oneway>yes</oneway>
            </gpxtpx:Extensions>
          </gpxtpx:TrackPointExtension>
        </extensions>
      </trkpt>
      <trkpt lat="48.678833" lon="8.965624">
        <ele>431.25</ele>
        <extensions>
          <gpxtpx:TrackPointExtension>
            <gpxtpx:Extensions>
              <highway>motorway_link</highway>
              <surface>asphalt</surface>
              <oneway>yes</oneway>
            </gpxtpx:Extensions>
          </gpxtpx:TrackPointExtension>
        </extensions>
      </trkpt>
      <trkpt lat="48.678532" lon="8.965417">
        <ele>431.75</ele>
        <extensions>
          <gpxtpx:TrackPointExtension>
            <gpxtpx:Extensions>
              <highway>motorway</highway>
              <surface>asphalt</surface>
              <maxspeed>100</maxspeed>
              <oneway>yes</oneway>
            </gpxtpx:Extensions>
          </gpxtpx:TrackPointExtension>
        </extensions>
      </trkpt>
      <trkpt lat="48.678275" lon="8.965256">
        <ele>432.75</ele>
        <extensions>
          <gpxtpx:TrackPointExtension>
            <gpxtpx:Extensions>
              <highway>motorway</highway>
              <surface>asphalt</surface>
              <maxspeed>100</maxspeed>
              <oneway>yes</oneway>
            </gpxtpx:Extensions>
          </gpxtpx:TrackPointExtension>
        </extensions>
      </trkpt>
      <trkpt lat="48.67785" lon="8.965012">
        <ele>433.75</ele>
        <extensions>
          <gpxtpx:TrackPointExtension>
            <gpxtpx:Extensions>
              <highway>motorway</highway>
              <surface>asphalt</surface>
              <maxspeed>100</maxspeed>
              <oneway>yes</oneway>
            </gpxtpx:Extensions>
          </gpxtpx:TrackPointExtension>
        </extensions>
      </trkpt>
      <trkpt lat="48.677622" lon="8.964885">
        <ele>434.25</ele>
        <extensions>
          <gpxtpx:TrackPointExtension>
            <gpxtpx:Extensions>
              <highway>motorway</highway>
              <surface>asphalt</surface>
              <maxspeed>120</maxspeed>
              <oneway>yes</oneway>
            </gpxtpx:Extensions>
          </gpxtpx:TrackPointExtension>
        </extensions>
      </trkpt>
      <trkpt lat="48.677312" lon="8.964731">
        <ele>434.75</ele>
        <extensions>
          <gpxtpx:TrackPointExtension>
            <gpxtpx:Extensions>
              <highway>motorway</highway>
              <surface>asphalt</surface>
              <maxspeed>120</maxspeed>
              <oneway>yes</oneway>
            </gpxtpx:Extensions>
          </gpxtpx:TrackPointExtension>
        </extensions>
      </trkpt>
      <trkpt lat="48.676843" lon="8.964525">
        <ele>435.5</ele>
        <extensions>
          <gpxtpx:TrackPointExtension>
            <gpxtpx:Extensions>
              <highway>motorway</highway>
              <surface>asphalt</surface>
              <maxspeed>120</maxspeed>
              <oneway>yes</oneway>
            </gpxtpx:Extensions>
          </gpxtpx:TrackPointExtension>
        </extensions>
      </trkpt>
      <trkpt lat="48.676378" lon="8.964346">
        <ele>436.25</ele>
        <extensions>
          <gpxtpx:TrackPointExtension>
            <gpxtpx:Extensions>
              <highway>motorway</highway>
              <surface>asphalt</surface>
              <maxspeed>120</maxspeed>
              <oneway>yes</oneway>
            </gpxtpx:Extensions>
          </gpxtpx:TrackPointExtension>
        </extensions>
      </trkpt>
      <trkpt lat="48.675892" lon="8.964185">
        <ele>435</ele>
        <extensions>
          <gpxtpx:TrackPointExtension>
            <gpxtpx:Extensions>
              <highway>motorway</highway>
              <surface>asphalt</surface>
              <maxspeed>120</maxspeed>
              <oneway>yes</oneway>
            </gpxtpx:Extensions>
          </gpxtpx:TrackPointExtension>
        </extensions>
      </trkpt>
      <trkpt lat="48.675591" lon="8.964097">
        <ele>435.25</ele>
        <extensions>
          <gpxtpx:TrackPointExtension>
            <gpxtpx:Extensions>
              <highway>motorway</highway>
              <surface>asphalt</surface>
              <maxspeed>120</maxspeed>
              <oneway>yes</oneway>
            </gpxtpx:Extensions>
          </gpxtpx:TrackPointExtension>
        </extensions>
      </trkpt>
      <trkpt lat="48.674934" lon="8.963935">
        <ele>436.75</ele>
        <extensions>
          <gpxtpx:TrackPointExtension>
            <gpxtpx:Extensions>
              <highway>motorway</highway>
              <surface>asphalt</surface>
              <maxspeed>120</maxspeed>
              <oneway>yes</oneway>
            </gpxtpx:Extensions>
          </gpxtpx:TrackPointExtension>
        </extensions>
      </trkpt>
      <trkpt lat="48.674289" lon="8.963807">
        <ele>439.25</ele>
        <extensions>
          <gpxtpx:TrackPointExtension>
            <gpxtpx:Extensions>
              <highway>motorway</highway>
              <surface>asphalt</surface>
              <maxspeed>120</maxspeed>
              <oneway>yes</oneway>
            </gpxtpx:Extensions>
          </gpxtpx:TrackPointExtension>
        </extensions>
      </trkpt>
      <trkpt lat="48.673656" lon="8.963711">
        <ele>442</ele>
        <extensions>
          <gpxtpx:TrackPointExtension>
            <gpxtpx:Extensions>
              <highway>motorway</highway>
              <surface>asphalt</surface>
              <maxspeed>120</maxspeed>
              <oneway>yes</oneway>
            </gpxtpx:Extensions>
          </gpxtpx:TrackPointExtension>
        </extensions>
      </trkpt>
      <trkpt lat="48.673102" lon="8.963647">
        <ele>444.25</ele>
        <extensions>
          <gpxtpx:TrackPointExtension>
            <gpxtpx:Extensions>
              <highway>motorway</highway>
              <surface>asphalt</surface>
              <maxspeed>120</maxspeed>
              <oneway>yes</oneway>
            </gpxtpx:Extensions>
          </gpxtpx:TrackPointExtension>
        </extensions>
      </trkpt>
      <trkpt lat="48.672183" lon="8.96357">
        <ele>446</ele>
        <extensions>
          <gpxtpx:TrackPointExtension>
            <gpxtpx:Extensions>
              <highway>motorway</highway>
              <surface>asphalt</surface>
              <maxspeed>120</maxspeed>
              <oneway>yes</oneway>
            </gpxtpx:Extensions>
          </gpxtpx:TrackPointExtension>
        </extensions>
      </trkpt>
      <trkpt lat="48.671537" lon="8.963544">
        <ele>446.5</ele>
        <extensions>
          <gpxtpx:TrackPointExtension>
            <gpxtpx:Extensions>
              <highway>motorway</highway>
              <surface>asphalt</surface>
              <maxspeed>120</maxspeed>
              <oneway>yes</oneway>
            </gpxtpx:Extensions>
          </gpxtpx:TrackPointExtension>
        </extensions>
      </trkpt>
      <trkpt lat="48.669006" lon="8.963483">
        <ele>460.5</ele>
        <extensions>
          <gpxtpx:TrackPointExtension>
            <gpxtpx:Extensions>
              <highway>motorway</highway>
              <surface>asphalt</surface>
              <maxspeed>120</maxspeed>
              <oneway>yes</oneway>
            </gpxtpx:Extensions>
          </gpxtpx:TrackPointExtension>
        </extensions>
      </trkpt>
      <trkpt lat="48.667987" lon="8.96345">
        <ele>462</ele>
        <extensions>
          <gpxtpx:TrackPointExtension>
            <gpxtpx:Extensions>
              <highway>motorway</highway>
              <surface>asphalt</surface>
              <maxspeed>120</maxspeed>
              <oneway>yes</oneway>
            </gpxtpx:Extensions>
          </gpxtpx:TrackPointExtension>
        </extensions>
      </trkpt>
      <trkpt lat="48.667084" lon="8.963387">
        <ele>461</ele>
        <extensions>
          <gpxtpx:TrackPointExtension>
            <gpxtpx:Extensions>
              <highway>motorway</highway>
              <surface>asphalt</surface>
              <maxspeed>120</maxspeed>
              <oneway>yes</oneway>
            </gpxtpx:Extensions>
          </gpxtpx:TrackPointExtension>
        </extensions>
      </trkpt>
      <trkpt lat="48.666567" lon="8.963344">
        <ele>460</ele>
        <extensions>
          <gpxtpx:TrackPointExtension>
            <gpxtpx:Extensions>
              <highway>motorway</highway>
              <surface>asphalt</surface>
              <maxspeed>120</maxspeed>
              <oneway>yes</oneway>
            </gpxtpx:Extensions>
          </gpxtpx:TrackPointExtension>
        </extensions>
      </trkpt>
      <trkpt lat="48.665919" lon="8.963264">
        <ele>460</ele>
        <extensions>
          <gpxtpx:TrackPointExtension>
            <gpxtpx:Extensions>
              <highway>motorway</highway>
              <surface>asphalt</surface>
              <maxspeed>120</maxspeed>
              <oneway>yes</oneway>
            </gpxtpx:Extensions>
          </gpxtpx:TrackPointExtension>
        </extensions>
      </trkpt>
      <trkpt lat="48.665591" lon="8.963216">
        <ele>461.5</ele>
        <extensions>
          <gpxtpx:TrackPointExtension>
            <gpxtpx:Extensions>
              <highway>motorway</highway>
              <surface>asphalt</surface>
              <maxspeed>120</maxspeed>
              <oneway>yes</oneway>
            </gpxtpx:Extensions>
          </gpxtpx:TrackPointExtension>
        </extensions>
      </trkpt>
      <trkpt lat="48.665217" lon="8.963149">
        <ele>463.25</ele>
        <extensions>
          <gpxtpx:TrackPointExtension>
            <gpxtpx:Extensions>
              <highway>motorway</highway>
              <surface>asphalt</surface>
              <maxspeed>120</maxspeed>
              <oneway>yes</oneway>
            </gpxtpx:Extensions>
          </gpxtpx:TrackPointExtension>
        </extensions>
      </trkpt>
      <trkpt lat="48.6648" lon="8.963067">
        <ele>464</ele>
        <extensions>
          <gpxtpx:TrackPointExtension>
            <gpxtpx:Extensions>
              <highway>motorway</highway>
              <surface>asphalt</surface>
              <maxspeed>120</maxspeed>
              <oneway>yes</oneway>
            </gpxtpx:Extensions>
          </gpxtpx:TrackPointExtension>
        </extensions>
      </trkpt>
      <trkpt lat="48.664322" lon="8.96296">
        <ele>464</ele>
        <extensions>
          <gpxtpx:TrackPointExtension>
            <gpxtpx:Extensions>
              <highway>motorway</highway>
              <surface>asphalt</surface>
              <maxspeed>120</maxspeed>
              <oneway>yes</oneway>
            </gpxtpx:Extensions>
          </gpxtpx:TrackPointExtension>
        </extensions>
      </trkpt>
      <trkpt lat="48.663844" lon="8.96284">
        <ele>467.25</ele>
        <extensions>
          <gpxtpx:TrackPointExtension>
            <gpxtpx:Extensions>
              <highway>motorway</highway>
              <surface>asphalt</surface>
              <maxspeed>120</maxspeed>
              <oneway>yes</oneway>
            </gpxtpx:Extensions>
          </gpxtpx:TrackPointExtension>
        </extensions>
      </trkpt>
      <trkpt lat="48.663451" lon="8.962727">
        <ele>471</ele>
        <extensions>
          <gpxtpx:TrackPointExtension>
            <gpxtpx:Extensions>
              <highway>motorway</highway>
              <surface>asphalt</surface>
              <maxspeed>120</maxspeed>
              <oneway>yes</oneway>
            </gpxtpx:Extensions>
          </gpxtpx:TrackPointExtension>
        </extensions>
      </trkpt>
      <trkpt lat="48.662336" lon="8.962387">
        <ele>468.25</ele>
        <extensions>
          <gpxtpx:TrackPointExtension>
            <gpxtpx:Extensions>
              <highway>motorway</highway>
              <surface>asphalt</surface>
              <maxspeed>120</maxspeed>
              <oneway>yes</oneway>
            </gpxtpx:Extensions>
          </gpxtpx:TrackPointExtension>
        </extensions>
      </trkpt>
      <trkpt lat="48.661363" lon="8.961998">
        <ele>462.75</ele>
        <extensions>
          <gpxtpx:TrackPointExtension>
            <gpxtpx:Extensions>
              <highway>motorway</highway>
              <surface>asphalt</surface>
              <maxspeed>120</maxspeed>
              <oneway>yes</oneway>
            </gpxtpx:Extensions>
          </gpxtpx:TrackPointExtension>
        </extensions>
      </trkpt>
      <trkpt lat="48.660852" lon="8.961751">
        <ele>458.25</ele>
        <extensions>
          <gpxtpx:TrackPointExtension>
            <gpxtpx:Extensions>
              <highway>motorway</highway>
              <surface>asphalt</surface>
              <maxspeed>120</maxspeed>
              <oneway>yes</oneway>
            </gpxtpx:Extensions>
          </gpxtpx:TrackPointExtension>
        </extensions>
      </trkpt>
      <trkpt lat="48.660357" lon="8.961482">
        <ele>453.75</ele>
        <extensions>
          <gpxtpx:TrackPointExtension>
            <gpxtpx:Extensions>
              <highway>motorway</highway>
              <surface>asphalt</surface>
              <maxspeed>120</maxspeed>
              <oneway>yes</oneway>
            </gpxtpx:Extensions>
          </gpxtpx:TrackPointExtension>
        </extensions>
      </trkpt>
      <trkpt lat="48.659912" lon="8.961233">
        <ele>450.5</ele>
        <extensions>
          <gpxtpx:TrackPointExtension>
            <gpxtpx:Extensions>
              <highway>motorway</highway>
              <surface>asphalt</surface>
              <maxspeed>120</maxspeed>
              <oneway>yes</oneway>
            </gpxtpx:Extensions>
          </gpxtpx:TrackPointExtension>
        </extensions>
      </trkpt>
      <trkpt lat="48.65946" lon="8.960941">
        <ele>450.25</ele>
        <extensions>
          <gpxtpx:TrackPointExtension>
            <gpxtpx:Extensions>
              <highway>motorway</highway>
              <surface>asphalt</surface>
              <maxspeed>120</maxspeed>
              <oneway>yes</oneway>
            </gpxtpx:Extensions>
          </gpxtpx:TrackPointExtension>
        </extensions>
      </trkpt>
      <trkpt lat="48.658447" lon="8.960177">
        <ele>449.75</ele>
        <extensions>
          <gpxtpx:TrackPointExtension>
            <gpxtpx:Extensions>
              <highway>motorway</highway>
              <surface>asphalt</surface>
              <maxspeed>120</maxspeed>
              <oneway>yes</oneway>
            </gpxtpx:Extensions>
          </gpxtpx:TrackPointExtension>
        </extensions>
      </trkpt>
      <trkpt lat="48.658084" lon="8.959862">
        <ele>449.25</ele>
        <extensions>
          <gpxtpx:TrackPointExtension>
            <gpxtpx:Extensions>
              <highway>motorway</highway>
              <surface>asphalt</surface>
              <maxspeed>120</maxspeed>
              <oneway>yes</oneway>
            </gpxtpx:Extensions>
          </gpxtpx:TrackPointExtension>
        </extensions>
      </trkpt>
      <trkpt lat="48.657659" lon="8.959457">
        <ele>449</ele>
        <extensions>
          <gpxtpx:TrackPointExtension>
            <gpxtpx:Extensions>
              <highway>motorway</highway>
              <surface>asphalt</surface>
              <maxspeed>120</maxspeed>
              <oneway>yes</oneway>
            </gpxtpx:Extensions>
          </gpxtpx:TrackPointExtension>
        </extensions>
      </trkpt>
      <trkpt lat="48.65726" lon="8.959013">
        <ele>448.75</ele>
        <extensions>
          <gpxtpx:TrackPointExtension>
            <gpxtpx:Extensions>
              <highway>motorway</highway>
              <surface>asphalt</surface>
              <maxspeed>120</maxspeed>
              <oneway>yes</oneway>
            </gpxtpx:Extensions>
          </gpxtpx:TrackPointExtension>
        </extensions>
      </trkpt>
      <trkpt lat="48.656853" lon="8.958579">
        <ele>448.5</ele>
        <extensions>
          <gpxtpx:TrackPointExtension>
            <gpxtpx:Extensions>
              <highway>motorway</highway>
              <surface>asphalt</surface>
              <maxspeed>120</maxspeed>
              <oneway>yes</oneway>
            </gpxtpx:Extensions>
          </gpxtpx:TrackPointExtension>
        </extensions>
      </trkpt>
      <trkpt lat="48.656458" lon="8.958125">
        <ele>449.5</ele>
        <extensions>
          <gpxtpx:TrackPointExtension>
            <gpxtpx:Extensions>
              <highway>motorway</highway>
              <surface>asphalt</surface>
              <maxspeed>120</maxspeed>
              <oneway>yes</oneway>
            </gpxtpx:Extensions>
          </gpxtpx:TrackPointExtension>
        </extensions>
      </trkpt>
      <trkpt lat="48.65608" lon="8.95765">
        <ele>450.25</ele>
        <extensions>
          <gpxtpx:TrackPointExtension>
            <gpxtpx:Extensions>
              <highway>motorway</highway>
              <surface>asphalt</surface>
              <maxspeed>120</maxspeed>
              <oneway>yes</oneway>
            </gpxtpx:Extensions>
          </gpxtpx:TrackPointExtension>
        </extensions>
      </trkpt>
      <trkpt lat="48.655715" lon="8.957161">
        <ele>452</ele>
        <extensions>
          <gpxtpx:TrackPointExtension>
            <gpxtpx:Extensions>
              <highway>motorway</highway>
              <surface>asphalt</surface>
              <maxspeed>120</maxspeed>
              <oneway>yes</oneway>
            </gpxtpx:Extensions>
          </gpxtpx:TrackPointExtension>
        </extensions>
      </trkpt>
      <trkpt lat="48.655357" lon="8.956638">
        <ele>453.75</ele>
        <extensions>
          <gpxtpx:TrackPointExtension>
            <gpxtpx:Extensions>
              <highway>motorway</highway>
              <surface>asphalt</surface>
              <maxspeed>120</maxspeed>
              <oneway>yes</oneway>
            </gpxtpx:Extensions>
          </gpxtpx:TrackPointExtension>
        </extensions>
      </trkpt>
      <trkpt lat="48.655009" lon="8.956096">
        <ele>456.75</ele>
        <extensions>
          <gpxtpx:TrackPointExtension>
            <gpxtpx:Extensions>
              <highway>motorway</highway>
              <surface>asphalt</surface>
              <maxspeed>120</maxspeed>
              <oneway>yes</oneway>
            </gpxtpx:Extensions>
          </gpxtpx:TrackPointExtension>
        </extensions>
      </trkpt>
      <trkpt lat="48.653795" lon="8.954067">
        <ele>466.75</ele>
        <extensions>
          <gpxtpx:TrackPointExtension>
            <gpxtpx:Extensions>
              <highway>motorway</highway>
              <surface>asphalt</surface>
              <maxspeed>120</maxspeed>
              <oneway>yes</oneway>
            </gpxtpx:Extensions>
          </gpxtpx:TrackPointExtension>
        </extensions>
      </trkpt>
      <trkpt lat="48.653516" lon="8.953575">
        <ele>467.5</ele>
        <extensions>
          <gpxtpx:TrackPointExtension>
            <gpxtpx:Extensions>
              <highway>motorway</highway>
              <surface>asphalt</surface>
              <maxspeed>120</maxspeed>
              <oneway>yes</oneway>
            </gpxtpx:Extensions>
          </gpxtpx:TrackPointExtension>
        </extensions>
      </trkpt>
      <trkpt lat="48.65325" lon="8.953124">
        <ele>469</ele>
        <extensions>
          <gpxtpx:TrackPointExtension>
            <gpxtpx:Extensions>
              <highway>motorway</highway>
              <surface>asphalt</surface>
              <maxspeed>120</maxspeed>
              <oneway>yes</oneway>
            </gpxtpx:Extensions>
          </gpxtpx:TrackPointExtension>
        </extensions>
      </trkpt>
      <trkpt lat="48.652977" lon="8.952699">
        <ele>472</ele>
        <extensions>
          <gpxtpx:TrackPointExtension>
            <gpxtpx:Extensions>
              <highway>motorway</highway>
              <surface>asphalt</surface>
              <maxspeed>120</maxspeed>
              <oneway>yes</oneway>
            </gpxtpx:Extensions>
          </gpxtpx:TrackPointExtension>
        </extensions>
      </trkpt>
      <trkpt lat="48.652613" lon="8.952165">
        <ele>473.5</ele>
        <extensions>
          <gpxtpx:TrackPointExtension>
            <gpxtpx:Extensions>
              <highway>motorway</highway>
              <surface>asphalt</surface>
              <maxspeed>120</maxspeed>
              <oneway>yes</oneway>
            </gpxtpx:Extensions>
          </gpxtpx:TrackPointExtension>
        </extensions>
      </trkpt>
      <trkpt lat="48.652241" lon="8.951643">
        <ele>471.75</ele>
        <extensions>
          <gpxtpx:TrackPointExtension>
            <gpxtpx:Extensions>
              <highway>motorway</highway>
              <surface>asphalt</surface>
              <maxspeed>120</maxspeed>
              <oneway>yes</oneway>
            </gpxtpx:Extensions>
          </gpxtpx:TrackPointExtension>
        </extensions>
      </trkpt>
      <trkpt lat="48.650378" lon="8.949154">
        <ele>461.25</ele>
        <extensions>
          <gpxtpx:TrackPointExtension>
            <gpxtpx:Extensions>
              <highway>motorway</highway>
              <surface>asphalt</surface>
              <maxspeed>120</maxspeed>
              <oneway>yes</oneway>
            </gpxtpx:Extensions>
          </gpxtpx:TrackPointExtension>
        </extensions>
      </trkpt>
      <trkpt lat="48.650023" lon="8.948657">
        <ele>455.75</ele>
        <extensions>
          <gpxtpx:TrackPointExtension>
            <gpxtpx:Extensions>
              <highway>motorway</highway>
              <surface>asphalt</surface>
              <maxspeed>120</maxspeed>
              <oneway>yes</oneway>
            </gpxtpx:Extensions>
          </gpxtpx:TrackPointExtension>
        </extensions>
      </trkpt>
      <trkpt lat="48.649663" lon="8.948145">
        <ele>453.75</ele>
        <extensions>
          <gpxtpx:TrackPointExtension>
            <gpxtpx:Extensions>
              <highway>motorway</highway>
              <surface>asphalt</surface>
              <maxspeed>120</maxspeed>
              <oneway>yes</oneway>
            </gpxtpx:Extensions>
          </gpxtpx:TrackPointExtension>
        </extensions>
      </trkpt>
      <trkpt lat="48.64921" lon="8.947436">
        <ele>455</ele>
        <extensions>
          <gpxtpx:TrackPointExtension>
            <gpxtpx:Extensions>
              <highway>motorway</highway>
              <surface>asphalt</surface>
              <maxspeed>120</maxspeed>
              <oneway>yes</oneway>
            </gpxtpx:Extensions>
          </gpxtpx:TrackPointExtension>
        </extensions>
      </trkpt>
      <trkpt lat="48.648874" lon="8.946877">
        <ele>453.5</ele>
        <extensions>
          <gpxtpx:TrackPointExtension>
            <gpxtpx:Extensions>
              <highway>motorway</highway>
              <surface>asphalt</surface>
              <maxspeed>120</maxspeed>
              <oneway>yes</oneway>
            </gpxtpx:Extensions>
          </gpxtpx:TrackPointExtension>
        </extensions>
      </trkpt>
      <trkpt lat="48.64855" lon="8.946301">
        <ele>454</ele>
        <extensions>
          <gpxtpx:TrackPointExtension>
            <gpxtpx:Extensions>
              <highway>motorway</highway>
              <surface>asphalt</surface>
              <maxspeed>120</maxspeed>
              <oneway>yes</oneway>
            </gpxtpx:Extensions>
          </gpxtpx:TrackPointExtension>
        </extensions>
      </trkpt>
      <trkpt lat="48.648254" lon="8.945723">
        <ele>455.75</ele>
        <extensions>
          <gpxtpx:TrackPointExtension>
            <gpxtpx:Extensions>
              <highway>motorway</highway>
              <surface>asphalt</surface>
              <maxspeed>120</maxspeed>
              <oneway>yes</oneway>
            </gpxtpx:Extensions>
          </gpxtpx:TrackPointExtension>
        </extensions>
      </trkpt>
      <trkpt lat="48.647938" lon="8.94502">
        <ele>457</ele>
        <extensions>
          <gpxtpx:TrackPointExtension>
            <gpxtpx:Extensions>
              <highway>motorway</highway>
              <surface>asphalt</surface>
              <maxspeed>120</maxspeed>
              <oneway>yes</oneway>
            </gpxtpx:Extensions>
          </gpxtpx:TrackPointExtension>
        </extensions>
      </trkpt>
      <trkpt lat="48.647698" lon="8.94454">
        <ele>457</ele>
        <extensions>
          <gpxtpx:TrackPointExtension>
            <gpxtpx:Extensions>
              <highway>motorway</highway>
              <surface>asphalt</surface>
              <maxspeed>120</maxspeed>
              <oneway>yes</oneway>
            </gpxtpx:Extensions>
          </gpxtpx:TrackPointExtension>
        </extensions>
      </trkpt>
      <trkpt lat="48.64746" lon="8.94396">
        <ele>456.5</ele>
        <extensions>
          <gpxtpx:TrackPointExtension>
            <gpxtpx:Extensions>
              <highway>motorway</highway>
              <surface>asphalt</surface>
              <maxspeed>120</maxspeed>
              <oneway>yes</oneway>
            </gpxtpx:Extensions>
          </gpxtpx:TrackPointExtension>
        </extensions>
      </trkpt>
      <trkpt lat="48.647198" lon="8.943248">
        <ele>455.75</ele>
        <extensions>
          <gpxtpx:TrackPointExtension>
            <gpxtpx:Extensions>
              <highway>motorway</highway>
              <surface>asphalt</surface>
              <maxspeed>120</maxspeed>
              <oneway>yes</oneway>
            </gpxtpx:Extensions>
          </gpxtpx:TrackPointExtension>
        </extensions>
      </trkpt>
      <trkpt lat="48.6466" lon="8.9415">
        <ele>453.25</ele>
        <extensions>
          <gpxtpx:TrackPointExtension>
            <gpxtpx:Extensions>
              <highway>motorway</highway>
              <surface>asphalt</surface>
              <maxspeed>120</maxspeed>
              <oneway>yes</oneway>
            </gpxtpx:Extensions>
          </gpxtpx:TrackPointExtension>
        </extensions>
      </trkpt>
      <trkpt lat="48.646258" lon="8.940472">
        <ele>456.75</ele>
        <extensions>
          <gpxtpx:TrackPointExtension>
            <gpxtpx:Extensions>
              <highway>motorway</highway>
              <surface>asphalt</surface>
              <maxspeed>120</maxspeed>
              <oneway>yes</oneway>
            </gpxtpx:Extensions>
          </gpxtpx:TrackPointExtension>
        </extensions>
      </trkpt>
      <trkpt lat="48.646086" lon="8.939931">
        <ele>458.25</ele>
        <extensions>
          <gpxtpx:TrackPointExtension>
            <gpxtpx:Extensions>
              <highway>motorway</highway>
              <surface>asphalt</surface>
              <maxspeed>120</maxspeed>
              <oneway>yes</oneway>
            </gpxtpx:Extensions>
          </gpxtpx:TrackPointExtension>
        </extensions>
      </trkpt>
      <trkpt lat="48.645888" lon="8.939401">
        <ele>458.25</ele>
        <extensions>
          <gpxtpx:TrackPointExtension>
            <gpxtpx:Extensions>
              <highway>motorway</highway>
              <surface>asphalt</surface>
              <maxspeed>120</maxspeed>
              <oneway>yes</oneway>
            </gpxtpx:Extensions>
          </gpxtpx:TrackPointExtension>
        </extensions>
      </trkpt>
      <trkpt lat="48.645375" lon="8.93822">
        <ele>455.75</ele>
        <extensions>
          <gpxtpx:TrackPointExtension>
            <gpxtpx:Extensions>
              <highway>motorway</highway>
              <surface>asphalt</surface>
              <maxspeed>120</maxspeed>
              <oneway>yes</oneway>
            </gpxtpx:Extensions>
          </gpxtpx:TrackPointExtension>
        </extensions>
      </trkpt>
      <trkpt lat="48.645121" lon="8.937702">
        <ele>452.75</ele>
        <extensions>
          <gpxtpx:TrackPointExtension>
            <gpxtpx:Extensions>
              <highway>motorway</highway>
              <surface>asphalt</surface>
              <maxspeed>120</maxspeed>
              <oneway>yes</oneway>
            </gpxtpx:Extensions>
          </gpxtpx:TrackPointExtension>
        </extensions>
      </trkpt>
      <trkpt lat="48.644851" lon="8.937208">
        <ele>448.5</ele>
        <extensions>
          <gpxtpx:TrackPointExtension>
            <gpxtpx:Extensions>
              <highway>motorway</highway>
              <surface>asphalt</surface>
              <maxspeed>120</maxspeed>
              <oneway>yes</oneway>
            </gpxtpx:Extensions>
          </gpxtpx:TrackPointExtension>
        </extensions>
      </trkpt>
      <trkpt lat="48.644241" lon="8.936209">
        <ele>443</ele>
        <extensions>
          <gpxtpx:TrackPointExtension>
            <gpxtpx:Extensions>
              <highway>motorway</highway>
              <surface>asphalt</surface>
              <maxspeed>120</maxspeed>
              <oneway>yes</oneway>
            </gpxtpx:Extensions>
          </gpxtpx:TrackPointExtension>
        </extensions>
      </trkpt>
      <trkpt lat="48.643913" lon="8.935717">
        <ele>442</ele>
        <extensions>
          <gpxtpx:TrackPointExtension>
            <gpxtpx:Extensions>
              <highway>motorway</highway>
              <surface>asphalt</surface>
              <maxspeed>120</maxspeed>
              <oneway>yes</oneway>
            </gpxtpx:Extensions>
          </gpxtpx:TrackPointExtension>
        </extensions>
      </trkpt>
      <trkpt lat="48.64357" lon="8.935234">
        <ele>441.5</ele>
        <extensions>
          <gpxtpx:TrackPointExtension>
            <gpxtpx:Extensions>
              <highway>motorway</highway>
              <surface>asphalt</surface>
              <maxspeed>120</maxspeed>
              <oneway>yes</oneway>
            </gpxtpx:Extensions>
          </gpxtpx:TrackPointExtension>
        </extensions>
      </trkpt>
      <trkpt lat="48.642873" lon="8.934252">
        <ele>440</ele>
        <extensions>
          <gpxtpx:TrackPointExtension>
            <gpxtpx:Extensions>
              <highway>motorway</highway>
              <surface>asphalt</surface>
              <maxspeed>120</maxspeed>
              <oneway>yes</oneway>
            </gpxtpx:Extensions>
          </gpxtpx:TrackPointExtension>
        </extensions>
      </trkpt>
      <trkpt lat="48.642193" lon="8.933264">
        <ele>440.5</ele>
        <extensions>
          <gpxtpx:TrackPointExtension>
            <gpxtpx:Extensions>
              <highway>motorway</highway>
              <surface>asphalt</surface>
              <maxspeed>120</maxspeed>
              <oneway>yes</oneway>
            </gpxtpx:Extensions>
          </gpxtpx:TrackPointExtension>
        </extensions>
      </trkpt>
      <trkpt lat="48.64173" lon="8.932564">
        <ele>440.75</ele>
        <extensions>
          <gpxtpx:TrackPointExtension>
            <gpxtpx:Extensions>
              <highway>motorway</highway>
              <surface>asphalt</surface>
              <maxspeed>120</maxspeed>
              <oneway>yes</oneway>
            </gpxtpx:Extensions>
          </gpxtpx:TrackPointExtension>
        </extensions>
      </trkpt>
      <trkpt lat="48.641338" lon="8.931914">
        <ele>440.25</ele>
        <extensions>
          <gpxtpx:TrackPointExtension>
            <gpxtpx:Extensions>
              <highway>motorway</highway>
              <surface>asphalt</surface>
              <maxspeed>120</maxspeed>
              <oneway>yes</oneway>
            </gpxtpx:Extensions>
          </gpxtpx:TrackPointExtension>
        </extensions>
      </trkpt>
      <trkpt lat="48.641055" lon="8.931471">
        <ele>441</ele>
        <extensions>
          <gpxtpx:TrackPointExtension>
            <gpxtpx:Extensions>
              <highway>motorway</highway>
              <surface>asphalt</surface>
              <maxspeed>120</maxspeed>
              <oneway>yes</oneway>
            </gpxtpx:Extensions>
          </gpxtpx:TrackPointExtension>
        </extensions>
      </trkpt>
      <trkpt lat="48.640738" lon="8.930912">
        <ele>441.75</ele>
        <extensions>
          <gpxtpx:TrackPointExtension>
            <gpxtpx:Extensions>
              <highway>motorway</highway>
              <surface>asphalt</surface>
              <maxspeed>120</maxspeed>
              <oneway>yes</oneway>
            </gpxtpx:Extensions>
          </gpxtpx:TrackPointExtension>
        </extensions>
      </trkpt>
      <trkpt lat="48.640293" lon="8.929996">
        <ele>440.75</ele>
        <extensions>
          <gpxtpx:TrackPointExtension>
            <gpxtpx:Extensions>
              <highway>motorway</highway>
              <surface>asphalt</surface>
              <maxspeed>120</maxspeed>
              <oneway>yes</oneway>
            </gpxtpx:Extensions>
          </gpxtpx:TrackPointExtension>
        </extensions>
      </trkpt>
      <trkpt lat="48.639577" lon="8.928527">
        <ele>441</ele>
        <extensions>
          <gpxtpx:TrackPointExtension>
            <gpxtpx:Extensions>
              <highway>motorway</highway>
              <surface>asphalt</surface>
              <maxspeed>120</maxspeed>
              <oneway>yes</oneway>
            </gpxtpx:Extensions>
          </gpxtpx:TrackPointExtension>
        </extensions>
      </trkpt>
      <trkpt lat="48.639162" lon="8.92762">
        <ele>441</ele>
        <extensions>
          <gpxtpx:TrackPointExtension>
            <gpxtpx:Extensions>
              <highway>motorway</highway>
              <surface>asphalt</surface>
              <maxspeed>120</maxspeed>
              <oneway>yes</oneway>
            </gpxtpx:Extensions>
          </gpxtpx:TrackPointExtension>
        </extensions>
      </trkpt>
      <trkpt lat="48.638768" lon="8.926699">
        <ele>441.75</ele>
        <extensions>
          <gpxtpx:TrackPointExtension>
            <gpxtpx:Extensions>
              <highway>motorway</highway>
              <surface>asphalt</surface>
              <maxspeed>120</maxspeed>
              <oneway>yes</oneway>
            </gpxtpx:Extensions>
          </gpxtpx:TrackPointExtension>
        </extensions>
      </trkpt>
      <trkpt lat="48.638019" lon="8.924908">
        <ele>443</ele>
        <extensions>
          <gpxtpx:TrackPointExtension>
            <gpxtpx:Extensions>
              <highway>motorway</highway>
              <surface>asphalt</surface>
              <maxspeed>120</maxspeed>
              <oneway>yes</oneway>
            </gpxtpx:Extensions>
          </gpxtpx:TrackPointExtension>
        </extensions>
      </trkpt>
      <trkpt lat="48.637649" lon="8.924041">
        <ele>445.25</ele>
        <extensions>
          <gpxtpx:TrackPointExtension>
            <gpxtpx:Extensions>
              <highway>motorway</highway>
              <surface>asphalt</surface>
              <maxspeed>120</maxspeed>
              <oneway>yes</oneway>
            </gpxtpx:Extensions>
          </gpxtpx:TrackPointExtension>
        </extensions>
      </trkpt>
      <trkpt lat="48.637152" lon="8.922939">
        <ele>444.5</ele>
        <extensions>
          <gpxtpx:TrackPointExtension>
            <gpxtpx:Extensions>
              <highway>motorway</highway>
              <surface>asphalt</surface>
              <maxspeed>120</maxspeed>
              <oneway>yes</oneway>
            </gpxtpx:Extensions>
          </gpxtpx:TrackPointExtension>
        </extensions>
      </trkpt>
      <trkpt lat="48.636652" lon="8.921855">
        <ele>443.75</ele>
        <extensions>
          <gpxtpx:TrackPointExtension>
            <gpxtpx:Extensions>
              <highway>motorway</highway>
              <surface>asphalt</surface>
              <maxspeed>120</maxspeed>
              <oneway>yes</oneway>
            </gpxtpx:Extensions>
          </gpxtpx:TrackPointExtension>
        </extensions>
      </trkpt>
      <trkpt lat="48.635762" lon="8.920032">
        <ele>445.75</ele>
        <extensions>
          <gpxtpx:TrackPointExtension>
            <gpxtpx:Extensions>
              <highway>motorway</highway>
              <surface>asphalt</surface>
              <maxspeed>120</maxspeed>
              <oneway>yes</oneway>
            </gpxtpx:Extensions>
          </gpxtpx:TrackPointExtension>
        </extensions>
      </trkpt>
      <trkpt lat="48.635477" lon="8.919487">
        <ele>446.75</ele>
        <extensions>
          <gpxtpx:TrackPointExtension>
            <gpxtpx:Extensions>
              <highway>motorway</highway>
              <surface>asphalt</surface>
              <maxspeed>120</maxspeed>
              <oneway>yes</oneway>
            </gpxtpx:Extensions>
          </gpxtpx:TrackPointExtension>
        </extensions>
      </trkpt>
      <trkpt lat="48.63518" lon="8.918952">
        <ele>447.5</ele>
        <extensions>
          <gpxtpx:TrackPointExtension>
            <gpxtpx:Extensions>
              <highway>motorway</highway>
              <surface>asphalt</surface>
              <maxspeed>120</maxspeed>
              <oneway>yes</oneway>
            </gpxtpx:Extensions>
          </gpxtpx:TrackPointExtension>
        </extensions>
      </trkpt>
      <trkpt lat="48.634876" lon="8.918447">
        <ele>448.25</ele>
        <extensions>
          <gpxtpx:TrackPointExtension>
            <gpxtpx:Extensions>
              <highway>motorway</highway>
              <surface>asphalt</surface>
              <maxspeed>120</maxspeed>
              <oneway>yes</oneway>
            </gpxtpx:Extensions>
          </gpxtpx:TrackPointExtension>
        </extensions>
      </trkpt>
      <trkpt lat="48.634586" lon="8.918023">
        <ele>448</ele>
        <extensions>
          <gpxtpx:TrackPointExtension>
            <gpxtpx:Extensions>
              <highway>motorway</highway>
              <surface>asphalt</surface>
              <maxspeed>120</maxspeed>
              <oneway>yes</oneway>
            </gpxtpx:Extensions>
          </gpxtpx:TrackPointExtension>
        </extensions>
      </trkpt>
      <trkpt lat="48.634284" lon="8.917622">
        <ele>448.5</ele>
        <extensions>
          <gpxtpx:TrackPointExtension>
            <gpxtpx:Extensions>
              <highway>motorway</highway>
              <surface>asphalt</surface>
              <maxspeed>120</maxspeed>
              <oneway>yes</oneway>
            </gpxtpx:Extensions>
          </gpxtpx:TrackPointExtension>
        </extensions>
      </trkpt>
      <trkpt lat="48.63401" lon="8.917297">
        <ele>448.75</ele>
        <extensions>
          <gpxtpx:TrackPointExtension>
            <gpxtpx:Extensions>
              <highway>motorway</highway>
              <surface>asphalt</surface>
              <maxspeed>120</maxspeed>
              <oneway>yes</oneway>
            </gpxtpx:Extensions>
          </gpxtpx:TrackPointExtension>
        </extensions>
      </trkpt>
      <trkpt lat="48.633712" lon="8.916997">
        <ele>449</ele>
        <extensions>
          <gpxtpx:TrackPointExtension>
            <gpxtpx:Extensions>
              <highway>motorway</highway>
              <surface>asphalt</surface>
              <maxspeed>120</maxspeed>
              <oneway>yes</oneway>
            </gpxtpx:Extensions>
          </gpxtpx:TrackPointExtension>
        </extensions>
      </trkpt>
      <trkpt lat="48.633294" lon="8.916625">
        <ele>449.75</ele>
        <extensions>
          <gpxtpx:TrackPointExtension>
            <gpxtpx:Extensions>
              <highway>motorway</highway>
              <surface>asphalt</surface>
              <maxspeed>120</maxspeed>
              <oneway>yes</oneway>
            </gpxtpx:Extensions>
          </gpxtpx:TrackPointExtension>
        </extensions>
      </trkpt>
      <trkpt lat="48.632978" lon="8.916384">
        <ele>449.25</ele>
        <extensions>
          <gpxtpx:TrackPointExtension>
            <gpxtpx:Extensions>
              <highway>motorway</highway>
              <surface>asphalt</surface>
              <maxspeed>120</maxspeed>
              <oneway>yes</oneway>
            </gpxtpx:Extensions>
          </gpxtpx:TrackPointExtension>
        </extensions>
      </trkpt>
      <trkpt lat="48.632567" lon="8.91609">
        <ele>449.75</ele>
        <extensions>
          <gpxtpx:TrackPointExtension>
            <gpxtpx:Extensions>
              <highway>motorway</highway>
              <surface>asphalt</surface>
              <maxspeed>120</maxspeed>
              <oneway>yes</oneway>
            </gpxtpx:Extensions>
          </gpxtpx:TrackPointExtension>
        </extensions>
      </trkpt>
      <trkpt lat="48.631985" lon="8.915762">
        <ele>449.75</ele>
        <extensions>
          <gpxtpx:TrackPointExtension>
            <gpxtpx:Extensions>
              <highway>motorway</highway>
              <surface>asphalt</surface>
              <maxspeed>120</maxspeed>
              <oneway>yes</oneway>
            </gpxtpx:Extensions>
          </gpxtpx:TrackPointExtension>
        </extensions>
      </trkpt>
      <trkpt lat="48.631231" lon="8.915396">
        <ele>451</ele>
        <extensions>
          <gpxtpx:TrackPointExtension>
            <gpxtpx:Extensions>
              <highway>motorway</highway>
              <surface>asphalt</surface>
              <maxspeed>120</maxspeed>
              <oneway>yes</oneway>
            </gpxtpx:Extensions>
          </gpxtpx:TrackPointExtension>
        </extensions>
      </trkpt>
      <trkpt lat="48.630461" lon="8.915048">
        <ele>452.25</ele>
        <extensions>
          <gpxtpx:TrackPointExtension>
            <gpxtpx:Extensions>
              <highway>motorway</highway>
              <surface>asphalt</surface>
              <maxspeed>120</maxspeed>
              <oneway>yes</oneway>
            </gpxtpx:Extensions>
          </gpxtpx:TrackPointExtension>
        </extensions>
      </trkpt>
      <trkpt lat="48.629777" lon="8.914781">
        <ele>451.5</ele>
        <extensions>
          <gpxtpx:TrackPointExtension>
            <gpxtpx:Extensions>
              <highway>motorway</highway>
              <surface>asphalt</surface>
              <maxspeed>120</maxspeed>
              <oneway>yes</oneway>
            </gpxtpx:Extensions>
          </gpxtpx:TrackPointExtension>
        </extensions>
      </trkpt>
      <trkpt lat="48.628996" lon="8.914492">
        <ele>450</ele>
        <extensions>
          <gpxtpx:TrackPointExtension>
            <gpxtpx:Extensions>
              <highway>motorway</highway>
              <surface>asphalt</surface>
              <maxspeed>120</maxspeed>
              <oneway>yes</oneway>
            </gpxtpx:Extensions>
          </gpxtpx:TrackPointExtension>
        </extensions>
      </trkpt>
      <trkpt lat="48.628228" lon="8.914233">
        <ele>451</ele>
        <extensions>
          <gpxtpx:TrackPointExtension>
            <gpxtpx:Extensions>
              <highway>motorway</highway>
              <surface>asphalt</surface>
              <maxspeed>120</maxspeed>
              <oneway>yes</oneway>
            </gpxtpx:Extensions>
          </gpxtpx:TrackPointExtension>
        </extensions>
      </trkpt>
      <trkpt lat="48.627912" lon="8.914116">
        <ele>451.75</ele>
        <extensions>
          <gpxtpx:TrackPointExtension>
            <gpxtpx:Extensions>
              <highway>motorway</highway>
              <surface>asphalt</surface>
              <maxspeed>120</maxspeed>
              <oneway>yes</oneway>
            </gpxtpx:Extensions>
          </gpxtpx:TrackPointExtension>
        </extensions>
      </trkpt>
      <trkpt lat="48.627266" lon="8.913848">
        <ele>453</ele>
        <extensions>
          <gpxtpx:TrackPointExtension>
            <gpxtpx:Extensions>
              <highway>motorway</highway>
              <surface>asphalt</surface>
              <maxspeed>120</maxspeed>
              <oneway>yes</oneway>
            </gpxtpx:Extensions>
          </gpxtpx:TrackPointExtension>
        </extensions>
      </trkpt>
      <trkpt lat="48.626284" lon="8.913467">
        <ele>455.75</ele>
        <extensions>
          <gpxtpx:TrackPointExtension>
            <gpxtpx:Extensions>
              <highway>motorway</highway>
              <surface>asphalt</surface>
              <maxspeed>120</maxspeed>
              <oneway>yes</oneway>
            </gpxtpx:Extensions>
          </gpxtpx:TrackPointExtension>
        </extensions>
      </trkpt>
      <trkpt lat="48.625316" lon="8.913075">
        <ele>458</ele>
        <extensions>
          <gpxtpx:TrackPointExtension>
            <gpxtpx:Extensions>
              <highway>motorway</highway>
              <surface>asphalt</surface>
              <maxspeed>120</maxspeed>
              <oneway>yes</oneway>
            </gpxtpx:Extensions>
          </gpxtpx:TrackPointExtension>
        </extensions>
      </trkpt>
      <trkpt lat="48.624334" lon="8.912662">
        <ele>459.5</ele>
        <extensions>
          <gpxtpx:TrackPointExtension>
            <gpxtpx:Extensions>
              <highway>motorway</highway>
              <surface>asphalt</surface>
              <maxspeed>120</maxspeed>
              <oneway>yes</oneway>
            </gpxtpx:Extensions>
          </gpxtpx:TrackPointExtension>
        </extensions>
      </trkpt>
      <trkpt lat="48.623577" lon="8.912306">
        <ele>459.25</ele>
        <extensions>
          <gpxtpx:TrackPointExtension>
            <gpxtpx:Extensions>
              <highway>motorway</highway>
              <surface>asphalt</surface>
              <maxspeed>120</maxspeed>
              <oneway>yes</oneway>
            </gpxtpx:Extensions>
          </gpxtpx:TrackPointExtension>
        </extensions>
      </trkpt>
      <trkpt lat="48.622858" lon="8.911945">
        <ele>458.5</ele>
        <extensions>
          <gpxtpx:TrackPointExtension>
            <gpxtpx:Extensions>
              <highway>motorway</highway>
              <surface>asphalt</surface>
              <maxspeed>120</maxspeed>
              <oneway>yes</oneway>
            </gpxtpx:Extensions>
          </gpxtpx:TrackPointExtension>
        </extensions>
      </trkpt>
      <trkpt lat="48.622578" lon="8.9118">
        <ele>458</ele>
        <extensions>
          <gpxtpx:TrackPointExtension>
            <gpxtpx:Extensions>
              <highway>motorway</highway>
              <surface>asphalt</surface>
              <maxspeed>120</maxspeed>
              <oneway>yes</oneway>
            </gpxtpx:Extensions>
          </gpxtpx:TrackPointExtension>
        </extensions>
      </trkpt>
      <trkpt lat="48.622036" lon="8.911514">
        <ele>458.25</ele>
        <extensions>
          <gpxtpx:TrackPointExtension>
            <gpxtpx:Extensions>
              <highway>motorway</highway>
              <surface>asphalt</surface>
              <maxspeed>120</maxspeed>
              <oneway>yes</oneway>
            </gpxtpx:Extensions>
          </gpxtpx:TrackPointExtension>
        </extensions>
      </trkpt>
      <trkpt lat="48.621352" lon="8.911112">
        <ele>457.75</ele>
        <extensions>
          <gpxtpx:TrackPointExtension>
            <gpxtpx:Extensions>
              <highway>motorway</highway>
              <surface>asphalt</surface>
              <maxspeed>120</maxspeed>
              <oneway>yes</oneway>
            </gpxtpx:Extensions>
          </gpxtpx:TrackPointExtension>
        </extensions>
      </trkpt>
      <trkpt lat="48.620473" lon="8.910577">
        <ele>460.25</ele>
        <extensions>
          <gpxtpx:TrackPointExtension>
            <gpxtpx:Extensions>
              <highway>motorway</highway>
              <surface>asphalt</surface>
              <maxspeed>120</maxspeed>
              <oneway>yes</oneway>
            </gpxtpx:Extensions>
          </gpxtpx:TrackPointExtension>
        </extensions>
      </trkpt>
      <trkpt lat="48.620088" lon="8.910305">
        <ele>462</ele>
        <extensions>
          <gpxtpx:TrackPointExtension>
            <gpxtpx:Extensions>
              <highway>motorway</highway>
              <surface>asphalt</surface>
              <maxspeed>120</maxspeed>
              <oneway>yes</oneway>
            </gpxtpx:Extensions>
          </gpxtpx:TrackPointExtension>
        </extensions>
      </trkpt>
      <trkpt lat="48.619274" lon="8.909701">
        <ele>469.75</ele>
        <extensions>
          <gpxtpx:TrackPointExtension>
            <gpxtpx:Extensions>
              <highway>motorway</highway>
              <surface>asphalt</surface>
              <maxspeed>120</maxspeed>
              <oneway>yes</oneway>
            </gpxtpx:Extensions>
          </gpxtpx:TrackPointExtension>
        </extensions>
      </trkpt>
      <trkpt lat="48.618751" lon="8.909267">
        <ele>471</ele>
        <extensions>
          <gpxtpx:TrackPointExtension>
            <gpxtpx:Extensions>
              <highway>motorway</highway>
              <surface>asphalt</surface>
              <maxspeed>120</maxspeed>
              <oneway>yes</oneway>
            </gpxtpx:Extensions>
          </gpxtpx:TrackPointExtension>
        </extensions>
      </trkpt>
      <trkpt lat="48.618011" lon="8.908618">
        <ele>474.75</ele>
        <extensions>
          <gpxtpx:TrackPointExtension>
            <gpxtpx:Extensions>
              <highway>motorway</highway>
              <surface>asphalt</surface>
              <maxspeed>120</maxspeed>
              <oneway>yes</oneway>
            </gpxtpx:Extensions>
          </gpxtpx:TrackPointExtension>
        </extensions>
      </trkpt>
      <trkpt lat="48.617201" lon="8.907831">
        <ele>475</ele>
        <extensions>
          <gpxtpx:TrackPointExtension>
            <gpxtpx:Extensions>
              <highway>motorway</highway>
              <surface>asphalt</surface>
              <maxspeed>120</maxspeed>
              <oneway>yes</oneway>
            </gpxtpx:Extensions>
          </gpxtpx:TrackPointExtension>
        </extensions>
      </trkpt>
      <trkpt lat="48.616812" lon="8.907428">
        <ele>474.25</ele>
        <extensions>
          <gpxtpx:TrackPointExtension>
            <gpxtpx:Extensions>
              <highway>motorway</highway>
              <surface>asphalt</surface>
              <maxspeed>120</maxspeed>
              <oneway>yes</oneway>
            </gpxtpx:Extensions>
          </gpxtpx:TrackPointExtension>
        </extensions>
      </trkpt>
      <trkpt lat="48.616292" lon="8.906863">
        <ele>476.25</ele>
        <extensions>
          <gpxtpx:TrackPointExtension>
            <gpxtpx:Extensions>
              <highway>motorway</highway>
              <surface>asphalt</surface>
              <maxspeed>120</maxspeed>
              <oneway>yes</oneway>
            </gpxtpx:Extensions>
          </gpxtpx:TrackPointExtension>
        </extensions>
      </trkpt>
      <trkpt lat="48.61591" lon="8.906432">
        <ele>476.75</ele>
        <extensions>
          <gpxtpx:TrackPointExtension>
            <gpxtpx:Extensions>
              <highway>motorway</highway>
              <surface>asphalt</surface>
              <maxspeed>120</maxspeed>
              <oneway>yes</oneway>
            </gpxtpx:Extensions>
          </gpxtpx:TrackPointExtension>
        </extensions>
      </trkpt>
      <trkpt lat="48.61517" lon="8.905553">
        <ele>478.75</ele>
        <extensions>
          <gpxtpx:TrackPointExtension>
            <gpxtpx:Extensions>
              <highway>motorway</highway>
              <surface>asphalt</surface>
              <maxspeed>120</maxspeed>
              <oneway>yes</oneway>
            </gpxtpx:Extensions>
          </gpxtpx:TrackPointExtension>
        </extensions>
      </trkpt>
      <trkpt lat="48.614398" lon="8.904568">
        <ele>480.75</ele>
        <extensions>
          <gpxtpx:TrackPointExtension>
            <gpxtpx:Extensions>
              <highway>motorway</highway>
              <surface>asphalt</surface>
              <maxspeed>120</maxspeed>
              <oneway>yes</oneway>
            </gpxtpx:Extensions>
          </gpxtpx:TrackPointExtension>
        </extensions>
      </trkpt>
      <trkpt lat="48.613626" lon="8.903607">
        <ele>480.75</ele>
        <extensions>
          <gpxtpx:TrackPointExtension>
            <gpxtpx:Extensions>
              <highway>motorway</highway>
              <surface>asphalt</surface>
              <maxspeed>120</maxspeed>
              <oneway>yes</oneway>
            </gpxtpx:Extensions>
          </gpxtpx:TrackPointExtension>
        </extensions>
      </trkpt>
      <trkpt lat="48.612235" lon="8.901884">
        <ele>485</ele>
        <extensions>
          <gpxtpx:TrackPointExtension>
            <gpxtpx:Extensions>
              <highway>motorway</highway>
              <surface>asphalt</surface>
              <maxspeed>120</maxspeed>
              <oneway>yes</oneway>
            </gpxtpx:Extensions>
          </gpxtpx:TrackPointExtension>
        </extensions>
      </trkpt>
      <trkpt lat="48.611624" lon="8.901177">
        <ele>490.5</ele>
        <extensions>
          <gpxtpx:TrackPointExtension>
            <gpxtpx:Extensions>
              <highway>motorway</highway>
              <surface>asphalt</surface>
              <maxspeed>120</maxspeed>
              <oneway>yes</oneway>
            </gpxtpx:Extensions>
          </gpxtpx:TrackPointExtension>
        </extensions>
      </trkpt>
      <trkpt lat="48.611326" lon="8.900845">
        <ele>493.25</ele>
        <extensions>
          <gpxtpx:TrackPointExtension>
            <gpxtpx:Extensions>
              <highway>motorway</highway>
              <surface>asphalt</surface>
              <maxspeed>120</maxspeed>
              <oneway>yes</oneway>
            </gpxtpx:Extensions>
          </gpxtpx:TrackPointExtension>
        </extensions>
      </trkpt>
      <trkpt lat="48.611039" lon="8.900539">
        <ele>495</ele>
        <extensions>
          <gpxtpx:TrackPointExtension>
            <gpxtpx:Extensions>
              <highway>motorway</highway>
              <surface>asphalt</surface>
              <maxspeed>120</maxspeed>
              <oneway>yes</oneway>
            </gpxtpx:Extensions>
          </gpxtpx:TrackPointExtension>
        </extensions>
      </trkpt>
      <trkpt lat="48.61042" lon="8.899969">
        <ele>498.25</ele>
        <extensions>
          <gpxtpx:TrackPointExtension>
            <gpxtpx:Extensions>
              <highway>motorway</highway>
              <surface>asphalt</surface>
              <maxspeed>120</maxspeed>
              <oneway>yes</oneway>
            </gpxtpx:Extensions>
          </gpxtpx:TrackPointExtension>
        </extensions>
      </trkpt>
      <trkpt lat="48.609601" lon="8.899259">
        <ele>501</ele>
        <extensions>
          <gpxtpx:TrackPointExtension>
            <gpxtpx:Extensions>
              <highway>motorway</highway>
              <surface>asphalt</surface>
              <maxspeed>120</maxspeed>
              <oneway>yes</oneway>
            </gpxtpx:Extensions>
          </gpxtpx:TrackPointExtension>
        </extensions>
      </trkpt>
      <trkpt lat="48.6091" lon="8.898845">
        <ele>503.25</ele>
        <extensions>
          <gpxtpx:TrackPointExtension>
            <gpxtpx:Extensions>
              <highway>motorway</highway>
              <surface>asphalt</surface>
              <maxspeed>120</maxspeed>
              <oneway>yes</oneway>
            </gpxtpx:Extensions>
          </gpxtpx:TrackPointExtension>
        </extensions>
      </trkpt>
      <trkpt lat="48.60851" lon="8.898407">
        <ele>505.5</ele>
        <extensions>
          <gpxtpx:TrackPointExtension>
            <gpxtpx:Extensions>
              <highway>motorway</highway>
              <surface>asphalt</surface>
              <maxspeed>120</maxspeed>
              <oneway>yes</oneway>
            </gpxtpx:Extensions>
          </gpxtpx:TrackPointExtension>
        </extensions>
      </trkpt>
      <trkpt lat="48.607515" lon="8.897752">
        <ele>509.25</ele>
        <extensions>
          <gpxtpx:TrackPointExtension>
            <gpxtpx:Extensions>
              <highway>motorway</highway>
              <surface>asphalt</surface>
              <maxspeed>unknown</maxspeed>
              <oneway>yes</oneway>
            </gpxtpx:Extensions>
          </gpxtpx:TrackPointExtension>
        </extensions>
      </trkpt>
      <trkpt lat="48.607048" lon="8.897485">
        <ele>509.25</ele>
        <extensions>
          <gpxtpx:TrackPointExtension>
            <gpxtpx:Extensions>
              <highway>motorway</highway>
              <surface>asphalt</surface>
              <maxspeed>unknown</maxspeed>
              <oneway>yes</oneway>
            </gpxtpx:Extensions>
          </gpxtpx:TrackPointExtension>
        </extensions>
      </trkpt>
      <trkpt lat="48.606715" lon="8.897308">
        <ele>508.25</ele>
        <extensions>
          <gpxtpx:TrackPointExtension>
            <gpxtpx:Extensions>
              <highway>motorway</highway>
              <surface>asphalt</surface>
              <maxspeed>unknown</maxspeed>
              <oneway>yes</oneway>
            </gpxtpx:Extensions>
          </gpxtpx:TrackPointExtension>
        </extensions>
      </trkpt>
      <trkpt lat="48.606367" lon="8.897139">
        <ele>507.25</ele>
        <extensions>
          <gpxtpx:TrackPointExtension>
            <gpxtpx:Extensions>
              <highway>motorway</highway>
              <surface>asphalt</surface>
              <maxspeed>unknown</maxspeed>
              <oneway>yes</oneway>
            </gpxtpx:Extensions>
          </gpxtpx:TrackPointExtension>
        </extensions>
      </trkpt>
      <trkpt lat="48.605958" lon="8.896958">
        <ele>506</ele>
        <extensions>
          <gpxtpx:TrackPointExtension>
            <gpxtpx:Extensions>
              <highway>motorway</highway>
              <surface>asphalt</surface>
              <maxspeed>unknown</maxspeed>
              <oneway>yes</oneway>
            </gpxtpx:Extensions>
          </gpxtpx:TrackPointExtension>
        </extensions>
      </trkpt>
      <trkpt lat="48.604987" lon="8.896666">
        <ele>503.25</ele>
        <extensions>
          <gpxtpx:TrackPointExtension>
            <gpxtpx:Extensions>
              <highway>motorway</highway>
              <surface>asphalt</surface>
              <maxspeed>unknown</maxspeed>
              <oneway>yes</oneway>
            </gpxtpx:Extensions>
          </gpxtpx:TrackPointExtension>
        </extensions>
      </trkpt>
      <trkpt lat="48.604351" lon="8.896523">
        <ele>501.5</ele>
        <extensions>
          <gpxtpx:TrackPointExtension>
            <gpxtpx:Extensions>
              <highway>motorway</highway>
              <surface>asphalt</surface>
              <maxspeed>unknown</maxspeed>
              <oneway>yes</oneway>
            </gpxtpx:Extensions>
          </gpxtpx:TrackPointExtension>
        </extensions>
      </trkpt>
      <trkpt lat="48.603756" lon="8.896404">
        <ele>500</ele>
        <extensions>
          <gpxtpx:TrackPointExtension>
            <gpxtpx:Extensions>
              <highway>motorway</highway>
              <surface>asphalt</surface>
              <maxspeed>unknown</maxspeed>
              <oneway>yes</oneway>
            </gpxtpx:Extensions>
          </gpxtpx:TrackPointExtension>
        </extensions>
      </trkpt>
      <trkpt lat="48.603256" lon="8.896324">
        <ele>498.5</ele>
        <extensions>
          <gpxtpx:TrackPointExtension>
            <gpxtpx:Extensions>
              <highway>motorway</highway>
              <surface>asphalt</surface>
              <maxspeed>unknown</maxspeed>
              <oneway>yes</oneway>
            </gpxtpx:Extensions>
          </gpxtpx:TrackPointExtension>
        </extensions>
      </trkpt>
      <trkpt lat="48.601723" lon="8.896132">
        <ele>494.5</ele>
        <extensions>
          <gpxtpx:TrackPointExtension>
            <gpxtpx:Extensions>
              <highway>motorway</highway>
              <surface>asphalt</surface>
              <maxspeed>unknown</maxspeed>
              <oneway>yes</oneway>
            </gpxtpx:Extensions>
          </gpxtpx:TrackPointExtension>
        </extensions>
      </trkpt>
      <trkpt lat="48.601336" lon="8.896122">
        <ele>493.5</ele>
        <extensions>
          <gpxtpx:TrackPointExtension>
            <gpxtpx:Extensions>
              <highway>motorway</highway>
              <surface>asphalt</surface>
              <maxspeed>unknown</maxspeed>
              <oneway>yes</oneway>
            </gpxtpx:Extensions>
          </gpxtpx:TrackPointExtension>
        </extensions>
      </trkpt>
      <trkpt lat="48.600831" lon="8.896137">
        <ele>489.5</ele>
        <extensions>
          <gpxtpx:TrackPointExtension>
            <gpxtpx:Extensions>
              <highway>motorway</highway>
              <surface>asphalt</surface>
              <maxspeed>unknown</maxspeed>
              <oneway>yes</oneway>
            </gpxtpx:Extensions>
          </gpxtpx:TrackPointExtension>
        </extensions>
      </trkpt>
      <trkpt lat="48.600037" lon="8.896163">
        <ele>483.25</ele>
        <extensions>
          <gpxtpx:TrackPointExtension>
            <gpxtpx:Extensions>
              <highway>motorway</highway>
              <surface>asphalt</surface>
              <maxspeed>unknown</maxspeed>
              <oneway>yes</oneway>
            </gpxtpx:Extensions>
          </gpxtpx:TrackPointExtension>
        </extensions>
      </trkpt>
      <trkpt lat="48.599694" lon="8.896188">
        <ele>483.75</ele>
        <extensions>
          <gpxtpx:TrackPointExtension>
            <gpxtpx:Extensions>
              <highway>motorway</highway>
              <surface>asphalt</surface>
              <maxspeed>unknown</maxspeed>
              <oneway>yes</oneway>
            </gpxtpx:Extensions>
          </gpxtpx:TrackPointExtension>
        </extensions>
      </trkpt>
      <trkpt lat="48.599293" lon="8.896231">
        <ele>484.75</ele>
        <extensions>
          <gpxtpx:TrackPointExtension>
            <gpxtpx:Extensions>
              <highway>motorway</highway>
              <surface>asphalt</surface>
              <maxspeed>unknown</maxspeed>
              <oneway>yes</oneway>
            </gpxtpx:Extensions>
          </gpxtpx:TrackPointExtension>
        </extensions>
      </trkpt>
      <trkpt lat="48.599041" lon="8.896249">
        <ele>485</ele>
        <extensions>
          <gpxtpx:TrackPointExtension>
            <gpxtpx:Extensions>
              <highway>motorway</highway>
              <surface>asphalt</surface>
              <maxspeed>unknown</maxspeed>
              <oneway>yes</oneway>
            </gpxtpx:Extensions>
          </gpxtpx:TrackPointExtension>
        </extensions>
      </trkpt>
      <trkpt lat="48.597655" lon="8.896393">
        <ele>478.25</ele>
        <extensions>
          <gpxtpx:TrackPointExtension>
            <gpxtpx:Extensions>
              <highway>motorway</highway>
              <surface>asphalt</surface>
              <maxspeed>unknown</maxspeed>
              <oneway>yes</oneway>
            </gpxtpx:Extensions>
          </gpxtpx:TrackPointExtension>
        </extensions>
      </trkpt>
      <trkpt lat="48.596708" lon="8.896508">
        <ele>471.5</ele>
        <extensions>
          <gpxtpx:TrackPointExtension>
            <gpxtpx:Extensions>
              <highway>motorway</highway>
              <surface>asphalt</surface>
              <maxspeed>unknown</maxspeed>
              <oneway>yes</oneway>
            </gpxtpx:Extensions>
          </gpxtpx:TrackPointExtension>
        </extensions>
      </trkpt>
      <trkpt lat="48.596233" lon="8.896587">
        <ele>472</ele>
        <extensions>
          <gpxtpx:TrackPointExtension>
            <gpxtpx:Extensions>
              <highway>motorway</highway>
              <surface>asphalt</surface>
              <maxspeed>unknown</maxspeed>
              <oneway>yes</oneway>
            </gpxtpx:Extensions>
          </gpxtpx:TrackPointExtension>
        </extensions>
      </trkpt>
      <trkpt lat="48.594951" lon="8.896787">
        <ele>474.25</ele>
        <extensions>
          <gpxtpx:TrackPointExtension>
            <gpxtpx:Extensions>
              <highway>motorway</highway>
              <surface>asphalt</surface>
              <maxspeed>100</maxspeed>
              <oneway>yes</oneway>
            </gpxtpx:Extensions>
          </gpxtpx:TrackPointExtension>
        </extensions>
      </trkpt>
      <trkpt lat="48.593814" lon="8.89698">
        <ele>467.25</ele>
        <extensions>
          <gpxtpx:TrackPointExtension>
            <gpxtpx:Extensions>
              <highway>motorway</highway>
              <surface>asphalt</surface>
              <maxspeed>100</maxspeed>
              <oneway>yes</oneway>
            </gpxtpx:Extensions>
          </gpxtpx:TrackPointExtension>
        </extensions>
      </trkpt>
      <trkpt lat="48.592674" lon="8.897174">
        <ele>462.5</ele>
        <extensions>
          <gpxtpx:TrackPointExtension>
            <gpxtpx:Extensions>
              <highway>motorway</highway>
              <surface>asphalt</surface>
              <maxspeed>100</maxspeed>
              <oneway>yes</oneway>
            </gpxtpx:Extensions>
          </gpxtpx:TrackPointExtension>
        </extensions>
      </trkpt>
      <trkpt lat="48.591396" lon="8.897386">
        <ele>457.25</ele>
        <extensions>
          <gpxtpx:TrackPointExtension>
            <gpxtpx:Extensions>
              <highway>motorway</highway>
              <surface>asphalt</surface>
              <maxspeed>120</maxspeed>
              <oneway>yes</oneway>
            </gpxtpx:Extensions>
          </gpxtpx:TrackPointExtension>
        </extensions>
      </trkpt>
      <trkpt lat="48.59093" lon="8.897475">
        <ele>458.5</ele>
        <extensions>
          <gpxtpx:TrackPointExtension>
            <gpxtpx:Extensions>
              <highway>motorway</highway>
              <surface>asphalt</surface>
              <maxspeed>120</maxspeed>
              <oneway>yes</oneway>
            </gpxtpx:Extensions>
          </gpxtpx:TrackPointExtension>
        </extensions>
      </trkpt>
      <trkpt lat="48.590045" lon="8.897622">
        <ele>455.5</ele>
        <extensions>
          <gpxtpx:TrackPointExtension>
            <gpxtpx:Extensions>
              <highway>motorway</highway>
              <surface>asphalt</surface>
              <maxspeed>120</maxspeed>
              <oneway>yes</oneway>
            </gpxtpx:Extensions>
          </gpxtpx:TrackPointExtension>
        </extensions>
      </trkpt>
      <trkpt lat="48.589247" lon="8.897763">
        <ele>450.75</ele>
        <extensions>
          <gpxtpx:TrackPointExtension>
            <gpxtpx:Extensions>
              <highway>motorway</highway>
              <surface>asphalt</surface>
              <maxspeed>120</maxspeed>
              <oneway>yes</oneway>
            </gpxtpx:Extensions>
          </gpxtpx:TrackPointExtension>
        </extensions>
      </trkpt>
      <trkpt lat="48.587993" lon="8.897967">
        <ele>445.25</ele>
        <extensions>
          <gpxtpx:TrackPointExtension>
            <gpxtpx:Extensions>
              <highway>motorway</highway>
              <surface>asphalt</surface>
              <maxspeed>120</maxspeed>
              <oneway>yes</oneway>
            </gpxtpx:Extensions>
          </gpxtpx:TrackPointExtension>
        </extensions>
      </trkpt>
      <trkpt lat="48.587825" lon="8.897994">
        <ele>444.25</ele>
        <extensions>
          <gpxtpx:TrackPointExtension>
            <gpxtpx:Extensions>
              <highway>motorway</highway>
              <surface>asphalt</surface>
              <maxspeed>120</maxspeed>
              <oneway>yes</oneway>
            </gpxtpx:Extensions>
          </gpxtpx:TrackPointExtension>
        </extensions>
      </trkpt>
      <trkpt lat="48.587244" lon="8.898102">
        <ele>441.25</ele>
        <extensions>
          <gpxtpx:TrackPointExtension>
            <gpxtpx:Extensions>
              <highway>motorway</highway>
              <surface>asphalt</surface>
              <maxspeed>120</maxspeed>
              <oneway>yes</oneway>
            </gpxtpx:Extensions>
          </gpxtpx:TrackPointExtension>
        </extensions>
      </trkpt>
      <trkpt lat="48.585464" lon="8.898401">
        <ele>434</ele>
        <extensions>
          <gpxtpx:TrackPointExtension>
            <gpxtpx:Extensions>
              <highway>motorway</highway>
              <surface>asphalt</surface>
              <maxspeed>120</maxspeed>
              <oneway>yes</oneway>
            </gpxtpx:Extensions>
          </gpxtpx:TrackPointExtension>
        </extensions>
      </trkpt>
      <trkpt lat="48.583021" lon="8.898825">
        <ele>428.75</ele>
        <extensions>
          <gpxtpx:TrackPointExtension>
            <gpxtpx:Extensions>
              <highway>motorway</highway>
              <surface>asphalt</surface>
              <maxspeed>120</maxspeed>
              <oneway>yes</oneway>
            </gpxtpx:Extensions>
          </gpxtpx:TrackPointExtension>
        </extensions>
      </trkpt>
      <trkpt lat="48.581318" lon="8.899111">
        <ele>424.5</ele>
        <extensions>
          <gpxtpx:TrackPointExtension>
            <gpxtpx:Extensions>
              <highway>motorway</highway>
              <surface>asphalt</surface>
              <maxspeed>120</maxspeed>
              <oneway>yes</oneway>
            </gpxtpx:Extensions>
          </gpxtpx:TrackPointExtension>
        </extensions>
      </trkpt>
      <trkpt lat="48.58094" lon="8.899177">
        <ele>424</ele>
        <extensions>
          <gpxtpx:TrackPointExtension>
            <gpxtpx:Extensions>
              <highway>motorway</highway>
              <surface>asphalt</surface>
              <maxspeed>120</maxspeed>
              <oneway>yes</oneway>
            </gpxtpx:Extensions>
          </gpxtpx:TrackPointExtension>
        </extensions>
      </trkpt>
      <trkpt lat="48.579989" lon="8.899343">
        <ele>420.75</ele>
        <extensions>
          <gpxtpx:TrackPointExtension>
            <gpxtpx:Extensions>
              <highway>motorway</highway>
              <surface>asphalt</surface>
              <maxspeed>120</maxspeed>
              <oneway>yes</oneway>
            </gpxtpx:Extensions>
          </gpxtpx:TrackPointExtension>
        </extensions>
      </trkpt>
      <trkpt lat="48.578214" lon="8.899648">
        <ele>411.25</ele>
        <extensions>
          <gpxtpx:TrackPointExtension>
            <gpxtpx:Extensions>
              <highway>motorway</highway>
              <surface>asphalt</surface>
              <maxspeed>120</maxspeed>
              <oneway>yes</oneway>
            </gpxtpx:Extensions>
          </gpxtpx:TrackPointExtension>
        </extensions>
      </trkpt>
      <trkpt lat="48.577894" lon="8.899693">
        <ele>410</ele>
        <extensions>
          <gpxtpx:TrackPointExtension>
            <gpxtpx:Extensions>
              <highway>motorway</highway>
              <surface>asphalt</surface>
              <maxspeed>120</maxspeed>
              <oneway>yes</oneway>
            </gpxtpx:Extensions>
          </gpxtpx:TrackPointExtension>
        </extensions>
      </trkpt>
      <trkpt lat="48.577668" lon="8.899729">
        <ele>409</ele>
        <extensions>
          <gpxtpx:TrackPointExtension>
            <gpxtpx:Extensions>
              <highway>motorway</highway>
              <surface>asphalt</surface>
              <maxspeed>120</maxspeed>
              <oneway>yes</oneway>
            </gpxtpx:Extensions>
          </gpxtpx:TrackPointExtension>
        </extensions>
      </trkpt>
      <trkpt lat="48.57736" lon="8.899771">
        <ele>408.25</ele>
        <extensions>
          <gpxtpx:TrackPointExtension>
            <gpxtpx:Extensions>
              <highway>motorway</highway>
              <surface>asphalt</surface>
              <maxspeed>120</maxspeed>
              <oneway>yes</oneway>
            </gpxtpx:Extensions>
          </gpxtpx:TrackPointExtension>
        </extensions>
      </trkpt>
      <trkpt lat="48.576384" lon="8.899885">
        <ele>405.5</ele>
        <extensions>
          <gpxtpx:TrackPointExtension>
            <gpxtpx:Extensions>
              <highway>motorway</highway>
              <surface>asphalt</surface>
              <maxspeed>120</maxspeed>
              <oneway>yes</oneway>
            </gpxtpx:Extensions>
          </gpxtpx:TrackPointExtension>
        </extensions>
      </trkpt>
      <trkpt lat="48.575694" lon="8.899932">
        <ele>402</ele>
        <extensions>
          <gpxtpx:TrackPointExtension>
            <gpxtpx:Extensions>
              <highway>motorway</highway>
              <surface>asphalt</surface>
              <maxspeed>120</maxspeed>
              <oneway>yes</oneway>
            </gpxtpx:Extensions>
          </gpxtpx:TrackPointExtension>
        </extensions>
      </trkpt>
      <trkpt lat="48.575058" lon="8.899947">
        <ele>399.75</ele>
        <extensions>
          <gpxtpx:TrackPointExtension>
            <gpxtpx:Extensions>
              <highway>motorway</highway>
              <surface>asphalt</surface>
              <maxspeed>120</maxspeed>
              <oneway>yes</oneway>
            </gpxtpx:Extensions>
          </gpxtpx:TrackPointExtension>
        </extensions>
      </trkpt>
      <trkpt lat="48.574692" lon="8.899947">
        <ele>399.75</ele>
        <extensions>
          <gpxtpx:TrackPointExtension>
            <gpxtpx:Extensions>
              <highway>motorway</highway>
              <surface>asphalt</surface>
              <maxspeed>120</maxspeed>
              <oneway>yes</oneway>
            </gpxtpx:Extensions>
          </gpxtpx:TrackPointExtension>
        </extensions>
      </trkpt>
      <trkpt lat="48.57397" lon="8.899919">
        <ele>399.5</ele>
        <extensions>
          <gpxtpx:TrackPointExtension>
            <gpxtpx:Extensions>
              <highway>motorway</highway>
              <surface>asphalt</surface>
              <maxspeed>120</maxspeed>
              <oneway>yes</oneway>
            </gpxtpx:Extensions>
          </gpxtpx:TrackPointExtension>
        </extensions>
      </trkpt>
      <trkpt lat="48.573535" lon="8.899883">
        <ele>398.75</ele>
        <extensions>
          <gpxtpx:TrackPointExtension>
            <gpxtpx:Extensions>
              <highway>motorway</highway>
              <surface>asphalt</surface>
              <maxspeed>120</maxspeed>
              <oneway>yes</oneway>
            </gpxtpx:Extensions>
          </gpxtpx:TrackPointExtension>
        </extensions>
      </trkpt>
      <trkpt lat="48.573099" lon="8.899833">
        <ele>397.25</ele>
        <extensions>
          <gpxtpx:TrackPointExtension>
            <gpxtpx:Extensions>
              <highway>motorway</highway>
              <surface>asphalt</surface>
              <maxspeed>120</maxspeed>
              <oneway>yes</oneway>
            </gpxtpx:Extensions>
          </gpxtpx:TrackPointExtension>
        </extensions>
      </trkpt>
      <trkpt lat="48.572485" lon="8.899746">
        <ele>394.5</ele>
        <extensions>
          <gpxtpx:TrackPointExtension>
            <gpxtpx:Extensions>
              <highway>motorway</highway>
              <surface>asphalt</surface>
              <maxspeed>120</maxspeed>
              <oneway>yes</oneway>
            </gpxtpx:Extensions>
          </gpxtpx:TrackPointExtension>
        </extensions>
      </trkpt>
      <trkpt lat="48.571943" lon="8.899646">
        <ele>391.75</ele>
        <extensions>
          <gpxtpx:TrackPointExtension>
            <gpxtpx:Extensions>
              <highway>motorway</highway>
              <surface>asphalt</surface>
              <maxspeed>120</maxspeed>
              <oneway>yes</oneway>
            </gpxtpx:Extensions>
          </gpxtpx:TrackPointExtension>
        </extensions>
      </trkpt>
      <trkpt lat="48.571399" lon="8.899523">
        <ele>389.25</ele>
        <extensions>
          <gpxtpx:TrackPointExtension>
            <gpxtpx:Extensions>
              <highway>motorway</highway>
              <surface>asphalt</surface>
              <maxspeed>120</maxspeed>
              <oneway>yes</oneway>
            </gpxtpx:Extensions>
          </gpxtpx:TrackPointExtension>
        </extensions>
      </trkpt>
      <trkpt lat="48.571" lon="8.899416">
        <ele>387.75</ele>
        <extensions>
          <gpxtpx:TrackPointExtension>
            <gpxtpx:Extensions>
              <highway>motorway</highway>
              <surface>asphalt</surface>
              <maxspeed>120</maxspeed>
              <oneway>yes</oneway>
            </gpxtpx:Extensions>
          </gpxtpx:TrackPointExtension>
        </extensions>
      </trkpt>
      <trkpt lat="48.570304" lon="8.899216">
        <ele>384.5</ele>
        <extensions>
          <gpxtpx:TrackPointExtension>
            <gpxtpx:Extensions>
              <highway>motorway</highway>
              <surface>asphalt</surface>
              <maxspeed>120</maxspeed>
              <oneway>yes</oneway>
            </gpxtpx:Extensions>
          </gpxtpx:TrackPointExtension>
        </extensions>
      </trkpt>
      <trkpt lat="48.569791" lon="8.899037">
        <ele>382.5</ele>
        <extensions>
          <gpxtpx:TrackPointExtension>
            <gpxtpx:Extensions>
              <highway>motorway</highway>
              <surface>asphalt</surface>
              <maxspeed>120</maxspeed>
              <oneway>yes</oneway>
            </gpxtpx:Extensions>
          </gpxtpx:TrackPointExtension>
        </extensions>
      </trkpt>
      <trkpt lat="48.569551" lon="8.898952">
        <ele>382.25</ele>
        <extensions>
          <gpxtpx:TrackPointExtension>
            <gpxtpx:Extensions>
              <highway>motorway</highway>
              <surface>asphalt</surface>
              <maxspeed>120</maxspeed>
              <oneway>yes</oneway>
            </gpxtpx:Extensions>
          </gpxtpx:TrackPointExtension>
        </extensions>
      </trkpt>
      <trkpt lat="48.569187" lon="8.898817">
        <ele>382.25</ele>
        <extensions>
          <gpxtpx:TrackPointExtension>
            <gpxtpx:Extensions>
              <highway>motorway</highway>
              <surface>asphalt</surface>
              <maxspeed>120</maxspeed>
              <oneway>yes</oneway>
            </gpxtpx:Extensions>
          </gpxtpx:TrackPointExtension>
        </extensions>
      </trkpt>
      <trkpt lat="48.568809" lon="8.89866">
        <ele>382.25</ele>
        <extensions>
          <gpxtpx:TrackPointExtension>
            <gpxtpx:Extensions>
              <highway>motorway</highway>
              <surface>asphalt</surface>
              <maxspeed>120</maxspeed>
              <oneway>yes</oneway>
            </gpxtpx:Extensions>
          </gpxtpx:TrackPointExtension>
        </extensions>
      </trkpt>
      <trkpt lat="48.568431" lon="8.898495">
        <ele>382.5</ele>
        <extensions>
          <gpxtpx:TrackPointExtension>
            <gpxtpx:Extensions>
              <highway>motorway</highway>
              <surface>asphalt</surface>
              <maxspeed>120</maxspeed>
              <oneway>yes</oneway>
            </gpxtpx:Extensions>
          </gpxtpx:TrackPointExtension>
        </extensions>
      </trkpt>
      <trkpt lat="48.568032" lon="8.898309">
        <ele>382.75</ele>
        <extensions>
          <gpxtpx:TrackPointExtension>
            <gpxtpx:Extensions>
              <highway>motorway</highway>
              <surface>asphalt</surface>
              <maxspeed>120</maxspeed>
              <oneway>yes</oneway>
            </gpxtpx:Extensions>
          </gpxtpx:TrackPointExtension>
        </extensions>
      </trkpt>
      <trkpt lat="48.56761" lon="8.898097">
        <ele>382.75</ele>
        <extensions>
          <gpxtpx:TrackPointExtension>
            <gpxtpx:Extensions>
              <highway>motorway</highway>
              <surface>asphalt</surface>
              <maxspeed>120</maxspeed>
              <oneway>yes</oneway>
            </gpxtpx:Extensions>
          </gpxtpx:TrackPointExtension>
        </extensions>
      </trkpt>
      <trkpt lat="48.567038" lon="8.89779">
        <ele>381.75</ele>
        <extensions>
          <gpxtpx:TrackPointExtension>
            <gpxtpx:Extensions>
              <highway>motorway</highway>
              <surface>asphalt</surface>
              <maxspeed>120</maxspeed>
              <oneway>yes</oneway>
            </gpxtpx:Extensions>
          </gpxtpx:TrackPointExtension>
        </extensions>
      </trkpt>
      <trkpt lat="48.566408" lon="8.897417">
        <ele>381</ele>
        <extensions>
          <gpxtpx:TrackPointExtension>
            <gpxtpx:Extensions>
              <highway>motorway</highway>
              <surface>asphalt</surface>
              <maxspeed>120</maxspeed>
              <oneway>yes</oneway>
            </gpxtpx:Extensions>
          </gpxtpx:TrackPointExtension>
        </extensions>
      </trkpt>
      <trkpt lat="48.565899" lon="8.897089">
        <ele>379.5</ele>
        <extensions>
          <gpxtpx:TrackPointExtension>
            <gpxtpx:Extensions>
              <highway>motorway</highway>
              <surface>asphalt</surface>
              <maxspeed>120</maxspeed>
              <oneway>yes</oneway>
            </gpxtpx:Extensions>
          </gpxtpx:TrackPointExtension>
        </extensions>
      </trkpt>
      <trkpt lat="48.565585" lon="8.896876">
        <ele>379.5</ele>
        <extensions>
          <gpxtpx:TrackPointExtension>
            <gpxtpx:Extensions>
              <highway>motorway</highway>
              <surface>asphalt</surface>
              <maxspeed>120</maxspeed>
              <oneway>yes</oneway>
            </gpxtpx:Extensions>
          </gpxtpx:TrackPointExtension>
        </extensions>
      </trkpt>
      <trkpt lat="48.565117" lon="8.896552">
        <ele>379.75</ele>
        <extensions>
          <gpxtpx:TrackPointExtension>
            <gpxtpx:Extensions>
              <highway>motorway</highway>
              <surface>asphalt</surface>
              <maxspeed>120</maxspeed>
              <oneway>yes</oneway>
            </gpxtpx:Extensions>
          </gpxtpx:TrackPointExtension>
        </extensions>
      </trkpt>
      <trkpt lat="48.564715" lon="8.89626">
        <ele>379.5</ele>
        <extensions>
          <gpxtpx:TrackPointExtension>
            <gpxtpx:Extensions>
              <highway>motorway</highway>
              <surface>asphalt</surface>
              <maxspeed>120</maxspeed>
              <oneway>yes</oneway>
            </gpxtpx:Extensions>
          </gpxtpx:TrackPointExtension>
        </extensions>
      </trkpt>
      <trkpt lat="48.564264" lon="8.895919">
        <ele>380.5</ele>
        <extensions>
          <gpxtpx:TrackPointExtension>
            <gpxtpx:Extensions>
              <highway>motorway</highway>
              <surface>asphalt</surface>
              <maxspeed>120</maxspeed>
              <oneway>yes</oneway>
            </gpxtpx:Extensions>
          </gpxtpx:TrackPointExtension>
        </extensions>
      </trkpt>
      <trkpt lat="48.563438" lon="8.895268">
        <ele>384</ele>
        <extensions>
          <gpxtpx:TrackPointExtension>
            <gpxtpx:Extensions>
              <highway>motorway</highway>
              <surface>asphalt</surface>
              <maxspeed>120</maxspeed>
              <oneway>yes</oneway>
            </gpxtpx:Extensions>
          </gpxtpx:TrackPointExtension>
        </extensions>
      </trkpt>
      <trkpt lat="48.562928" lon="8.89486">
        <ele>385.5</ele>
        <extensions>
          <gpxtpx:TrackPointExtension>
            <gpxtpx:Extensions>
              <highway>motorway</highway>
              <surface>asphalt</surface>
              <maxspeed>120</maxspeed>
              <oneway>yes</oneway>
            </gpxtpx:Extensions>
          </gpxtpx:TrackPointExtension>
        </extensions>
      </trkpt>
      <trkpt lat="48.56249" lon="8.894496">
        <ele>387</ele>
        <extensions>
          <gpxtpx:TrackPointExtension>
            <gpxtpx:Extensions>
              <highway>motorway</highway>
              <surface>asphalt</surface>
              <maxspeed>120</maxspeed>
              <oneway>yes</oneway>
            </gpxtpx:Extensions>
          </gpxtpx:TrackPointExtension>
        </extensions>
      </trkpt>
      <trkpt lat="48.561165" lon="8.893432">
        <ele>391.25</ele>
        <extensions>
          <gpxtpx:TrackPointExtension>
            <gpxtpx:Extensions>
              <highway>motorway</highway>
              <surface>asphalt</surface>
              <maxspeed>120</maxspeed>
              <oneway>yes</oneway>
            </gpxtpx:Extensions>
          </gpxtpx:TrackPointExtension>
        </extensions>
      </trkpt>
      <trkpt lat="48.560322" lon="8.892794">
        <ele>391.5</ele>
        <extensions>
          <gpxtpx:TrackPointExtension>
            <gpxtpx:Extensions>
              <highway>motorway</highway>
              <surface>asphalt</surface>
              <maxspeed>120</maxspeed>
              <oneway>yes</oneway>
            </gpxtpx:Extensions>
          </gpxtpx:TrackPointExtension>
        </extensions>
      </trkpt>
      <trkpt lat="48.559892" lon="8.892482">
        <ele>390.5</ele>
        <extensions>
          <gpxtpx:TrackPointExtension>
            <gpxtpx:Extensions>
              <highway>motorway</highway>
              <surface>asphalt</surface>
              <maxspeed>120</maxspeed>
              <oneway>yes</oneway>
            </gpxtpx:Extensions>
          </gpxtpx:TrackPointExtension>
        </extensions>
      </trkpt>
      <trkpt lat="48.559222" lon="8.892029">
        <ele>388.25</ele>
        <extensions>
          <gpxtpx:TrackPointExtension>
            <gpxtpx:Extensions>
              <highway>motorway</highway>
              <surface>asphalt</surface>
              <maxspeed>120</maxspeed>
              <oneway>yes</oneway>
            </gpxtpx:Extensions>
          </gpxtpx:TrackPointExtension>
        </extensions>
      </trkpt>
      <trkpt lat="48.558703" lon="8.891699">
        <ele>386</ele>
        <extensions>
          <gpxtpx:TrackPointExtension>
            <gpxtpx:Extensions>
              <highway>motorway</highway>
              <surface>asphalt</surface>
              <maxspeed>120</maxspeed>
              <oneway>yes</oneway>
            </gpxtpx:Extensions>
          </gpxtpx:TrackPointExtension>
        </extensions>
      </trkpt>
      <trkpt lat="48.558246" lon="8.89142">
        <ele>383.5</ele>
        <extensions>
          <gpxtpx:TrackPointExtension>
            <gpxtpx:Extensions>
              <highway>motorway</highway>
              <surface>asphalt</surface>
              <maxspeed>120</maxspeed>
              <oneway>yes</oneway>
            </gpxtpx:Extensions>
          </gpxtpx:TrackPointExtension>
        </extensions>
      </trkpt>
      <trkpt lat="48.557334" lon="8.890926">
        <ele>385</ele>
        <extensions>
          <gpxtpx:TrackPointExtension>
            <gpxtpx:Extensions>
              <highway>motorway</highway>
              <surface>asphalt</surface>
              <maxspeed>120</maxspeed>
              <oneway>yes</oneway>
            </gpxtpx:Extensions>
          </gpxtpx:TrackPointExtension>
        </extensions>
      </trkpt>
      <trkpt lat="48.556747" lon="8.890636">
        <ele>386.75</ele>
        <extensions>
          <gpxtpx:TrackPointExtension>
            <gpxtpx:Extensions>
              <highway>motorway</highway>
              <surface>asphalt</surface>
              <maxspeed>120</maxspeed>
              <oneway>yes</oneway>
            </gpxtpx:Extensions>
          </gpxtpx:TrackPointExtension>
        </extensions>
      </trkpt>
      <trkpt lat="48.556554" lon="8.890549">
        <ele>387.5</ele>
        <extensions>
          <gpxtpx:TrackPointExtension>
            <gpxtpx:Extensions>
              <highway>motorway</highway>
              <surface>asphalt</surface>
              <maxspeed>120</maxspeed>
              <oneway>yes</oneway>
            </gpxtpx:Extensions>
          </gpxtpx:TrackPointExtension>
        </extensions>
      </trkpt>
      <trkpt lat="48.555905" lon="8.890274">
        <ele>390.5</ele>
        <extensions>
          <gpxtpx:TrackPointExtension>
            <gpxtpx:Extensions>
              <highway>motorway</highway>
              <surface>asphalt</surface>
              <maxspeed>120</maxspeed>
              <oneway>yes</oneway>
            </gpxtpx:Extensions>
          </gpxtpx:TrackPointExtension>
        </extensions>
      </trkpt>
      <trkpt lat="48.555404" lon="8.890079">
        <ele>392.25</ele>
        <extensions>
          <gpxtpx:TrackPointExtension>
            <gpxtpx:Extensions>
              <highway>motorway</highway>
              <surface>asphalt</surface>
              <maxspeed>120</maxspeed>
              <oneway>yes</oneway>
            </gpxtpx:Extensions>
          </gpxtpx:TrackPointExtension>
        </extensions>
      </trkpt>
      <trkpt lat="48.554901" lon="8.8899">
        <ele>393</ele>
        <extensions>
          <gpxtpx:TrackPointExtension>
            <gpxtpx:Extensions>
              <highway>motorway</highway>
              <surface>asphalt</surface>
              <maxspeed>120</maxspeed>
              <oneway>yes</oneway>
            </gpxtpx:Extensions>
          </gpxtpx:TrackPointExtension>
        </extensions>
      </trkpt>
      <trkpt lat="48.554196" lon="8.889671">
        <ele>393.75</ele>
        <extensions>
          <gpxtpx:TrackPointExtension>
            <gpxtpx:Extensions>
              <highway>motorway</highway>
              <surface>asphalt</surface>
              <maxspeed>120</maxspeed>
              <oneway>yes</oneway>
            </gpxtpx:Extensions>
          </gpxtpx:TrackPointExtension>
        </extensions>
      </trkpt>
      <trkpt lat="48.553999" lon="8.889612">
        <ele>393.75</ele>
        <extensions>
          <gpxtpx:TrackPointExtension>
            <gpxtpx:Extensions>
              <highway>motorway</highway>
              <surface>asphalt</surface>
              <maxspeed>120</maxspeed>
              <oneway>yes</oneway>
            </gpxtpx:Extensions>
          </gpxtpx:TrackPointExtension>
        </extensions>
      </trkpt>
      <trkpt lat="48.553451" lon="8.889472">
        <ele>393.5</ele>
        <extensions>
          <gpxtpx:TrackPointExtension>
            <gpxtpx:Extensions>
              <highway>motorway</highway>
              <surface>asphalt</surface>
              <maxspeed>120</maxspeed>
              <oneway>yes</oneway>
            </gpxtpx:Extensions>
          </gpxtpx:TrackPointExtension>
        </extensions>
      </trkpt>
      <trkpt lat="48.552915" lon="8.889347">
        <ele>395.75</ele>
        <extensions>
          <gpxtpx:TrackPointExtension>
            <gpxtpx:Extensions>
              <highway>motorway</highway>
              <surface>asphalt</surface>
              <maxspeed>120</maxspeed>
              <oneway>yes</oneway>
            </gpxtpx:Extensions>
          </gpxtpx:TrackPointExtension>
        </extensions>
      </trkpt>
      <trkpt lat="48.552266" lon="8.889219">
        <ele>399</ele>
        <extensions>
          <gpxtpx:TrackPointExtension>
            <gpxtpx:Extensions>
              <highway>motorway</highway>
              <surface>asphalt</surface>
              <maxspeed>120</maxspeed>
              <oneway>yes</oneway>
            </gpxtpx:Extensions>
          </gpxtpx:TrackPointExtension>
        </extensions>
      </trkpt>
      <trkpt lat="48.551612" lon="8.889133">
        <ele>402</ele>
        <extensions>
          <gpxtpx:TrackPointExtension>
            <gpxtpx:Extensions>
              <highway>motorway</highway>
              <surface>asphalt</surface>
              <maxspeed>120</maxspeed>
              <oneway>yes</oneway>
            </gpxtpx:Extensions>
          </gpxtpx:TrackPointExtension>
        </extensions>
      </trkpt>
      <trkpt lat="48.550743" lon="8.889035">
        <ele>402</ele>
        <extensions>
          <gpxtpx:TrackPointExtension>
            <gpxtpx:Extensions>
              <highway>motorway</highway>
              <surface>asphalt</surface>
              <maxspeed>120</maxspeed>
              <oneway>yes</oneway>
            </gpxtpx:Extensions>
          </gpxtpx:TrackPointExtension>
        </extensions>
      </trkpt>
      <trkpt lat="48.55004" lon="8.888995">
        <ele>402</ele>
        <extensions>
          <gpxtpx:TrackPointExtension>
            <gpxtpx:Extensions>
              <highway>motorway</highway>
              <surface>asphalt</surface>
              <maxspeed>120</maxspeed>
              <oneway>yes</oneway>
            </gpxtpx:Extensions>
          </gpxtpx:TrackPointExtension>
        </extensions>
      </trkpt>
      <trkpt lat="48.549467" lon="8.888986">
        <ele>404</ele>
        <extensions>
          <gpxtpx:TrackPointExtension>
            <gpxtpx:Extensions>
              <highway>motorway</highway>
              <surface>asphalt</surface>
              <maxspeed>120</maxspeed>
              <oneway>yes</oneway>
            </gpxtpx:Extensions>
          </gpxtpx:TrackPointExtension>
        </extensions>
      </trkpt>
      <trkpt lat="48.548588" lon="8.889024">
        <ele>407.25</ele>
        <extensions>
          <gpxtpx:TrackPointExtension>
            <gpxtpx:Extensions>
              <highway>motorway</highway>
              <surface>asphalt</surface>
              <maxspeed>120</maxspeed>
              <oneway>yes</oneway>
            </gpxtpx:Extensions>
          </gpxtpx:TrackPointExtension>
        </extensions>
      </trkpt>
      <trkpt lat="48.547975" lon="8.889068">
        <ele>408.5</ele>
        <extensions>
          <gpxtpx:TrackPointExtension>
            <gpxtpx:Extensions>
              <highway>motorway</highway>
              <surface>asphalt</surface>
              <maxspeed>120</maxspeed>
              <oneway>yes</oneway>
            </gpxtpx:Extensions>
          </gpxtpx:TrackPointExtension>
        </extensions>
      </trkpt>
      <trkpt lat="48.547374" lon="8.889134">
        <ele>409.5</ele>
        <extensions>
          <gpxtpx:TrackPointExtension>
            <gpxtpx:Extensions>
              <highway>motorway</highway>
              <surface>asphalt</surface>
              <maxspeed>120</maxspeed>
              <oneway>yes</oneway>
            </gpxtpx:Extensions>
          </gpxtpx:TrackPointExtension>
        </extensions>
      </trkpt>
      <trkpt lat="48.546891" lon="8.889207">
        <ele>411</ele>
        <extensions>
          <gpxtpx:TrackPointExtension>
            <gpxtpx:Extensions>
              <highway>motorway</highway>
              <surface>asphalt</surface>
              <maxspeed>120</maxspeed>
              <oneway>yes</oneway>
            </gpxtpx:Extensions>
          </gpxtpx:TrackPointExtension>
        </extensions>
      </trkpt>
      <trkpt lat="48.545758" lon="8.889407">
        <ele>413.75</ele>
        <extensions>
          <gpxtpx:TrackPointExtension>
            <gpxtpx:Extensions>
              <highway>motorway</highway>
              <surface>asphalt</surface>
              <maxspeed>120</maxspeed>
              <oneway>yes</oneway>
            </gpxtpx:Extensions>
          </gpxtpx:TrackPointExtension>
        </extensions>
      </trkpt>
      <trkpt lat="48.545456" lon="8.889474">
        <ele>414</ele>
        <extensions>
          <gpxtpx:TrackPointExtension>
            <gpxtpx:Extensions>
              <highway>motorway</highway>
              <surface>asphalt</surface>
              <maxspeed>120</maxspeed>
              <oneway>yes</oneway>
            </gpxtpx:Extensions>
          </gpxtpx:TrackPointExtension>
        </extensions>
      </trkpt>
      <trkpt lat="48.544568" lon="8.889703">
        <ele>415</ele>
        <extensions>
          <gpxtpx:TrackPointExtension>
            <gpxtpx:Extensions>
              <highway>motorway</highway>
              <surface>asphalt</surface>
              <maxspeed>120</maxspeed>
              <oneway>yes</oneway>
            </gpxtpx:Extensions>
          </gpxtpx:TrackPointExtension>
        </extensions>
      </trkpt>
      <trkpt lat="48.543785" lon="8.889924">
        <ele>417</ele>
        <extensions>
          <gpxtpx:TrackPointExtension>
            <gpxtpx:Extensions>
              <highway>motorway</highway>
              <surface>asphalt</surface>
              <maxspeed>120</maxspeed>
              <oneway>yes</oneway>
            </gpxtpx:Extensions>
          </gpxtpx:TrackPointExtension>
        </extensions>
      </trkpt>
      <trkpt lat="48.54246" lon="8.890328">
        <ele>422.5</ele>
        <extensions>
          <gpxtpx:TrackPointExtension>
            <gpxtpx:Extensions>
              <highway>motorway</highway>
              <surface>asphalt</surface>
              <maxspeed>120</maxspeed>
              <oneway>yes</oneway>
            </gpxtpx:Extensions>
          </gpxtpx:TrackPointExtension>
        </extensions>
      </trkpt>
      <trkpt lat="48.541914" lon="8.890484">
        <ele>422.25</ele>
        <extensions>
          <gpxtpx:TrackPointExtension>
            <gpxtpx:Extensions>
              <highway>motorway</highway>
              <surface>asphalt</surface>
              <maxspeed>120</maxspeed>
              <oneway>yes</oneway>
            </gpxtpx:Extensions>
          </gpxtpx:TrackPointExtension>
        </extensions>
      </trkpt>
      <trkpt lat="48.540866" lon="8.890778">
        <ele>421</ele>
        <extensions>
          <gpxtpx:TrackPointExtension>
            <gpxtpx:Extensions>
              <highway>motorway</highway>
              <surface>asphalt</surface>
              <maxspeed>120</maxspeed>
              <oneway>yes</oneway>
            </gpxtpx:Extensions>
          </gpxtpx:TrackPointExtension>
        </extensions>
      </trkpt>
      <trkpt lat="48.540284" lon="8.890924">
        <ele>420</ele>
        <extensions>
          <gpxtpx:TrackPointExtension>
            <gpxtpx:Extensions>
              <highway>motorway</highway>
              <surface>asphalt</surface>
              <maxspeed>120</maxspeed>
              <oneway>yes</oneway>
            </gpxtpx:Extensions>
          </gpxtpx:TrackPointExtension>
        </extensions>
      </trkpt>
      <trkpt lat="48.539783" lon="8.89104">
        <ele>418</ele>
        <extensions>
          <gpxtpx:TrackPointExtension>
            <gpxtpx:Extensions>
              <highway>motorway</highway>
              <surface>asphalt</surface>
              <maxspeed>120</maxspeed>
              <oneway>yes</oneway>
            </gpxtpx:Extensions>
          </gpxtpx:TrackPointExtension>
        </extensions>
      </trkpt>
      <trkpt lat="48.53929" lon="8.891128">
        <ele>418</ele>
        <extensions>
          <gpxtpx:TrackPointExtension>
            <gpxtpx:Extensions>
              <highway>motorway</highway>
              <surface>asphalt</surface>
              <maxspeed>120</maxspeed>
              <oneway>yes</oneway>
            </gpxtpx:Extensions>
          </gpxtpx:TrackPointExtension>
        </extensions>
      </trkpt>
      <trkpt lat="48.538565" lon="8.891231">
        <ele>420</ele>
        <extensions>
          <gpxtpx:TrackPointExtension>
            <gpxtpx:Extensions>
              <highway>motorway</highway>
              <surface>asphalt</surface>
              <maxspeed>120</maxspeed>
              <oneway>yes</oneway>
            </gpxtpx:Extensions>
          </gpxtpx:TrackPointExtension>
        </extensions>
      </trkpt>
      <trkpt lat="48.537992" lon="8.891292">
        <ele>421.75</ele>
        <extensions>
          <gpxtpx:TrackPointExtension>
            <gpxtpx:Extensions>
              <highway>motorway</highway>
              <surface>asphalt</surface>
              <maxspeed>120</maxspeed>
              <oneway>yes</oneway>
            </gpxtpx:Extensions>
          </gpxtpx:TrackPointExtension>
        </extensions>
      </trkpt>
      <trkpt lat="48.537701" lon="8.891314">
        <ele>422.5</ele>
        <extensions>
          <gpxtpx:TrackPointExtension>
            <gpxtpx:Extensions>
              <highway>motorway</highway>
              <surface>asphalt</surface>
              <maxspeed>120</maxspeed>
              <oneway>yes</oneway>
            </gpxtpx:Extensions>
          </gpxtpx:TrackPointExtension>
        </extensions>
      </trkpt>
      <trkpt lat="48.537033" lon="8.891345">
        <ele>424.5</ele>
        <extensions>
          <gpxtpx:TrackPointExtension>
            <gpxtpx:Extensions>
              <highway>motorway</highway>
              <surface>asphalt</surface>
              <maxspeed>120</maxspeed>
              <oneway>yes</oneway>
            </gpxtpx:Extensions>
          </gpxtpx:TrackPointExtension>
        </extensions>
      </trkpt>
      <trkpt lat="48.536681" lon="8.891346">
        <ele>425.75</ele>
        <extensions>
          <gpxtpx:TrackPointExtension>
            <gpxtpx:Extensions>
              <highway>motorway</highway>
              <surface>asphalt</surface>
              <maxspeed>120</maxspeed>
              <oneway>yes</oneway>
            </gpxtpx:Extensions>
          </gpxtpx:TrackPointExtension>
        </extensions>
      </trkpt>
      <trkpt lat="48.536144" lon="8.891333">
        <ele>426.75</ele>
        <extensions>
          <gpxtpx:TrackPointExtension>
            <gpxtpx:Extensions>
              <highway>motorway</highway>
              <surface>asphalt</surface>
              <maxspeed>120</maxspeed>
              <oneway>yes</oneway>
            </gpxtpx:Extensions>
          </gpxtpx:TrackPointExtension>
        </extensions>
      </trkpt>
      <trkpt lat="48.535662" lon="8.891291">
        <ele>428</ele>
        <extensions>
          <gpxtpx:TrackPointExtension>
            <gpxtpx:Extensions>
              <highway>motorway</highway>
              <surface>asphalt</surface>
              <maxspeed>120</maxspeed>
              <oneway>yes</oneway>
            </gpxtpx:Extensions>
          </gpxtpx:TrackPointExtension>
        </extensions>
      </trkpt>
      <trkpt lat="48.534833" lon="8.891201">
        <ele>430.75</ele>
        <extensions>
          <gpxtpx:TrackPointExtension>
            <gpxtpx:Extensions>
              <highway>motorway</highway>
              <surface>asphalt</surface>
              <maxspeed>120</maxspeed>
              <oneway>yes</oneway>
            </gpxtpx:Extensions>
          </gpxtpx:TrackPointExtension>
        </extensions>
      </trkpt>
      <trkpt lat="48.534218" lon="8.891119">
        <ele>432.5</ele>
        <extensions>
          <gpxtpx:TrackPointExtension>
            <gpxtpx:Extensions>
              <highway>motorway</highway>
              <surface>asphalt</surface>
              <maxspeed>120</maxspeed>
              <oneway>yes</oneway>
            </gpxtpx:Extensions>
          </gpxtpx:TrackPointExtension>
        </extensions>
      </trkpt>
      <trkpt lat="48.533919" lon="8.891056">
        <ele>432.75</ele>
        <extensions>
          <gpxtpx:TrackPointExtension>
            <gpxtpx:Extensions>
              <highway>motorway</highway>
              <surface>asphalt</surface>
              <maxspeed>120</maxspeed>
              <oneway>yes</oneway>
            </gpxtpx:Extensions>
          </gpxtpx:TrackPointExtension>
        </extensions>
      </trkpt>
      <trkpt lat="48.533618" lon="8.891004">
        <ele>433</ele>
        <extensions>
          <gpxtpx:TrackPointExtension>
            <gpxtpx:Extensions>
              <highway>motorway</highway>
              <surface>asphalt</surface>
              <maxspeed>120</maxspeed>
              <oneway>yes</oneway>
            </gpxtpx:Extensions>
          </gpxtpx:TrackPointExtension>
        </extensions>
      </trkpt>
      <trkpt lat="48.532935" lon="8.890833">
        <ele>432</ele>
        <extensions>
          <gpxtpx:TrackPointExtension>
            <gpxtpx:Extensions>
              <highway>motorway</highway>
              <surface>asphalt</surface>
              <maxspeed>120</maxspeed>
              <oneway>yes</oneway>
            </gpxtpx:Extensions>
          </gpxtpx:TrackPointExtension>
        </extensions>
      </trkpt>
      <trkpt lat="48.532636" lon="8.890744">
        <ele>431</ele>
        <extensions>
          <gpxtpx:TrackPointExtension>
            <gpxtpx:Extensions>
              <highway>motorway</highway>
              <surface>asphalt</surface>
              <maxspeed>120</maxspeed>
              <oneway>yes</oneway>
            </gpxtpx:Extensions>
          </gpxtpx:TrackPointExtension>
        </extensions>
      </trkpt>
      <trkpt lat="48.531915" lon="8.890522">
        <ele>432.75</ele>
        <extensions>
          <gpxtpx:TrackPointExtension>
            <gpxtpx:Extensions>
              <highway>motorway</highway>
              <surface>asphalt</surface>
              <maxspeed>120</maxspeed>
              <oneway>yes</oneway>
            </gpxtpx:Extensions>
          </gpxtpx:TrackPointExtension>
        </extensions>
      </trkpt>
      <trkpt lat="48.531507" lon="8.890369">
        <ele>435</ele>
        <extensions>
          <gpxtpx:TrackPointExtension>
            <gpxtpx:Extensions>
              <highway>motorway</highway>
              <surface>asphalt</surface>
              <maxspeed>120</maxspeed>
              <oneway>yes</oneway>
            </gpxtpx:Extensions>
          </gpxtpx:TrackPointExtension>
        </extensions>
      </trkpt>
      <trkpt lat="48.530376" lon="8.889937">
        <ele>440</ele>
        <extensions>
          <gpxtpx:TrackPointExtension>
            <gpxtpx:Extensions>
              <highway>motorway</highway>
              <surface>asphalt</surface>
              <maxspeed>120</maxspeed>
              <oneway>yes</oneway>
            </gpxtpx:Extensions>
          </gpxtpx:TrackPointExtension>
        </extensions>
      </trkpt>
      <trkpt lat="48.530139" lon="8.889832">
        <ele>440.5</ele>
        <extensions>
          <gpxtpx:TrackPointExtension>
            <gpxtpx:Extensions>
              <highway>motorway</highway>
              <surface>asphalt</surface>
              <maxspeed>120</maxspeed>
              <oneway>yes</oneway>
            </gpxtpx:Extensions>
          </gpxtpx:TrackPointExtension>
        </extensions>
      </trkpt>
      <trkpt lat="48.529182" lon="8.889351">
        <ele>442.5</ele>
        <extensions>
          <gpxtpx:TrackPointExtension>
            <gpxtpx:Extensions>
              <highway>motorway</highway>
              <surface>asphalt</surface>
              <maxspeed>unknown</maxspeed>
              <oneway>yes</oneway>
            </gpxtpx:Extensions>
          </gpxtpx:TrackPointExtension>
        </extensions>
      </trkpt>
      <trkpt lat="48.528745" lon="8.889107">
        <ele>443</ele>
        <extensions>
          <gpxtpx:TrackPointExtension>
            <gpxtpx:Extensions>
              <highway>motorway</highway>
              <surface>asphalt</surface>
              <maxspeed>unknown</maxspeed>
              <oneway>yes</oneway>
            </gpxtpx:Extensions>
          </gpxtpx:TrackPointExtension>
        </extensions>
      </trkpt>
      <trkpt lat="48.528134" lon="8.888738">
        <ele>445.25</ele>
        <extensions>
          <gpxtpx:TrackPointExtension>
            <gpxtpx:Extensions>
              <highway>motorway</highway>
              <surface>asphalt</surface>
              <maxspeed>unknown</maxspeed>
              <oneway>yes</oneway>
            </gpxtpx:Extensions>
          </gpxtpx:TrackPointExtension>
        </extensions>
      </trkpt>
      <trkpt lat="48.52768" lon="8.888443">
        <ele>446</ele>
        <extensions>
          <gpxtpx:TrackPointExtension>
            <gpxtpx:Extensions>
              <highway>motorway</highway>
              <surface>asphalt</surface>
              <maxspeed>unknown</maxspeed>
              <oneway>yes</oneway>
            </gpxtpx:Extensions>
          </gpxtpx:TrackPointExtension>
        </extensions>
      </trkpt>
      <trkpt lat="48.527083" lon="8.888033">
        <ele>447.75</ele>
        <extensions>
          <gpxtpx:TrackPointExtension>
            <gpxtpx:Extensions>
              <highway>motorway</highway>
              <surface>asphalt</surface>
              <maxspeed>unknown</maxspeed>
              <oneway>yes</oneway>
            </gpxtpx:Extensions>
          </gpxtpx:TrackPointExtension>
        </extensions>
      </trkpt>
      <trkpt lat="48.526118" lon="8.887293">
        <ele>447.25</ele>
        <extensions>
          <gpxtpx:TrackPointExtension>
            <gpxtpx:Extensions>
              <highway>motorway</highway>
              <surface>asphalt</surface>
              <maxspeed>unknown</maxspeed>
              <oneway>yes</oneway>
            </gpxtpx:Extensions>
          </gpxtpx:TrackPointExtension>
        </extensions>
      </trkpt>
      <trkpt lat="48.525332" lon="8.886621">
        <ele>445.5</ele>
        <extensions>
          <gpxtpx:TrackPointExtension>
            <gpxtpx:Extensions>
              <highway>motorway</highway>
              <surface>asphalt</surface>
              <maxspeed>unknown</maxspeed>
              <oneway>yes</oneway>
            </gpxtpx:Extensions>
          </gpxtpx:TrackPointExtension>
        </extensions>
      </trkpt>
      <trkpt lat="48.52505" lon="8.88637">
        <ele>446</ele>
        <extensions>
          <gpxtpx:TrackPointExtension>
            <gpxtpx:Extensions>
              <highway>motorway</highway>
              <surface>asphalt</surface>
              <maxspeed>unknown</maxspeed>
              <oneway>yes</oneway>
            </gpxtpx:Extensions>
          </gpxtpx:TrackPointExtension>
        </extensions>
      </trkpt>
      <trkpt lat="48.524451" lon="8.885806">
        <ele>448.75</ele>
        <extensions>
          <gpxtpx:TrackPointExtension>
            <gpxtpx:Extensions>
              <highway>motorway</highway>
              <surface>asphalt</surface>
              <maxspeed>unknown</maxspeed>
              <oneway>yes</oneway>
            </gpxtpx:Extensions>
          </gpxtpx:TrackPointExtension>
        </extensions>
      </trkpt>
      <trkpt lat="48.523626" lon="8.884954">
        <ele>449</ele>
        <extensions>
          <gpxtpx:TrackPointExtension>
            <gpxtpx:Extensions>
              <highway>motorway</highway>
              <surface>asphalt</surface>
              <maxspeed>unknown</maxspeed>
              <oneway>yes</oneway>
            </gpxtpx:Extensions>
          </gpxtpx:TrackPointExtension>
        </extensions>
      </trkpt>
      <trkpt lat="48.522691" lon="8.883856">
        <ele>446.5</ele>
        <extensions>
          <gpxtpx:TrackPointExtension>
            <gpxtpx:Extensions>
              <highway>motorway</highway>
              <surface>asphalt</surface>
              <maxspeed>unknown</maxspeed>
              <oneway>yes</oneway>
            </gpxtpx:Extensions>
          </gpxtpx:TrackPointExtension>
        </extensions>
      </trkpt>
      <trkpt lat="48.522195" lon="8.883231">
        <ele>447.5</ele>
        <extensions>
          <gpxtpx:TrackPointExtension>
            <gpxtpx:Extensions>
              <highway>motorway</highway>
              <surface>asphalt</surface>
              <maxspeed>unknown</maxspeed>
              <oneway>yes</oneway>
            </gpxtpx:Extensions>
          </gpxtpx:TrackPointExtension>
        </extensions>
      </trkpt>
      <trkpt lat="48.521837" lon="8.882767">
        <ele>448</ele>
        <extensions>
          <gpxtpx:TrackPointExtension>
            <gpxtpx:Extensions>
              <highway>motorway</highway>
              <surface>asphalt</surface>
              <maxspeed>unknown</maxspeed>
              <oneway>yes</oneway>
            </gpxtpx:Extensions>
          </gpxtpx:TrackPointExtension>
        </extensions>
      </trkpt>
      <trkpt lat="48.521471" lon="8.882263">
        <ele>448.25</ele>
        <extensions>
          <gpxtpx:TrackPointExtension>
            <gpxtpx:Extensions>
              <highway>motorway</highway>
              <surface>asphalt</surface>
              <maxspeed>unknown</maxspeed>
              <oneway>yes</oneway>
            </gpxtpx:Extensions>
          </gpxtpx:TrackPointExtension>
        </extensions>
      </trkpt>
      <trkpt lat="48.521023" lon="8.881621">
        <ele>448.5</ele>
        <extensions>
          <gpxtpx:TrackPointExtension>
            <gpxtpx:Extensions>
              <highway>motorway</highway>
              <surface>asphalt</surface>
              <maxspeed>unknown</maxspeed>
              <oneway>yes</oneway>
            </gpxtpx:Extensions>
          </gpxtpx:TrackPointExtension>
        </extensions>
      </trkpt>
      <trkpt lat="48.520578" lon="8.880944">
        <ele>449.25</ele>
        <extensions>
          <gpxtpx:TrackPointExtension>
            <gpxtpx:Extensions>
              <highway>motorway</highway>
              <surface>asphalt</surface>
              <maxspeed>unknown</maxspeed>
              <oneway>yes</oneway>
            </gpxtpx:Extensions>
          </gpxtpx:TrackPointExtension>
        </extensions>
      </trkpt>
      <trkpt lat="48.520191" lon="8.880324">
        <ele>450.25</ele>
        <extensions>
          <gpxtpx:TrackPointExtension>
            <gpxtpx:Extensions>
              <highway>motorway</highway>
              <surface>asphalt</surface>
              <maxspeed>unknown</maxspeed>
              <oneway>yes</oneway>
            </gpxtpx:Extensions>
          </gpxtpx:TrackPointExtension>
        </extensions>
      </trkpt>
      <trkpt lat="48.519806" lon="8.879674">
        <ele>452</ele>
        <extensions>
          <gpxtpx:TrackPointExtension>
            <gpxtpx:Extensions>
              <highway>motorway</highway>
              <surface>asphalt</surface>
              <maxspeed>unknown</maxspeed>
              <oneway>yes</oneway>
            </gpxtpx:Extensions>
          </gpxtpx:TrackPointExtension>
        </extensions>
      </trkpt>
      <trkpt lat="48.519443" lon="8.879037">
        <ele>453.5</ele>
        <extensions>
          <gpxtpx:TrackPointExtension>
            <gpxtpx:Extensions>
              <highway>motorway</highway>
              <surface>asphalt</surface>
              <maxspeed>unknown</maxspeed>
              <oneway>yes</oneway>
            </gpxtpx:Extensions>
          </gpxtpx:TrackPointExtension>
        </extensions>
      </trkpt>
      <trkpt lat="48.518942" lon="8.878116">
        <ele>459.75</ele>
        <extensions>
          <gpxtpx:TrackPointExtension>
            <gpxtpx:Extensions>
              <highway>motorway</highway>
              <surface>asphalt</surface>
              <maxspeed>unknown</maxspeed>
              <oneway>yes</oneway>
            </gpxtpx:Extensions>
          </gpxtpx:TrackPointExtension>
        </extensions>
      </trkpt>
      <trkpt lat="48.518755" lon="8.877758">
        <ele>461.75</ele>
        <extensions>
          <gpxtpx:TrackPointExtension>
            <gpxtpx:Extensions>
              <highway>motorway</highway>
              <surface>asphalt</surface>
              <maxspeed>unknown</maxspeed>
              <oneway>yes</oneway>
            </gpxtpx:Extensions>
          </gpxtpx:TrackPointExtension>
        </extensions>
      </trkpt>
      <trkpt lat="48.51845" lon="8.877137">
        <ele>463.25</ele>
        <extensions>
          <gpxtpx:TrackPointExtension>
            <gpxtpx:Extensions>
              <highway>motorway</highway>
              <surface>asphalt</surface>
              <maxspeed>unknown</maxspeed>
              <oneway>yes</oneway>
            </gpxtpx:Extensions>
          </gpxtpx:TrackPointExtension>
        </extensions>
      </trkpt>
      <trkpt lat="48.51816" lon="8.876505">
        <ele>464.25</ele>
        <extensions>
          <gpxtpx:TrackPointExtension>
            <gpxtpx:Extensions>
              <highway>motorway</highway>
              <surface>asphalt</surface>
              <maxspeed>unknown</maxspeed>
              <oneway>yes</oneway>
            </gpxtpx:Extensions>
          </gpxtpx:TrackPointExtension>
        </extensions>
      </trkpt>
      <trkpt lat="48.517879" lon="8.875864">
        <ele>465.75</ele>
        <extensions>
          <gpxtpx:TrackPointExtension>
            <gpxtpx:Extensions>
              <highway>motorway</highway>
              <surface>asphalt</surface>
              <maxspeed>unknown</maxspeed>
              <oneway>yes</oneway>
            </gpxtpx:Extensions>
          </gpxtpx:TrackPointExtension>
        </extensions>
      </trkpt>
      <trkpt lat="48.517569" lon="8.875123">
        <ele>464.5</ele>
        <extensions>
          <gpxtpx:TrackPointExtension>
            <gpxtpx:Extensions>
              <highway>motorway</highway>
              <surface>asphalt</surface>
              <maxspeed>unknown</maxspeed>
              <oneway>yes</oneway>
            </gpxtpx:Extensions>
          </gpxtpx:TrackPointExtension>
        </extensions>
      </trkpt>
      <trkpt lat="48.517275" lon="8.874389">
        <ele>464.5</ele>
        <extensions>
          <gpxtpx:TrackPointExtension>
            <gpxtpx:Extensions>
              <highway>motorway</highway>
              <surface>asphalt</surface>
              <maxspeed>unknown</maxspeed>
              <oneway>yes</oneway>
            </gpxtpx:Extensions>
          </gpxtpx:TrackPointExtension>
        </extensions>
      </trkpt>
      <trkpt lat="48.516991" lon="8.873639">
        <ele>464</ele>
        <extensions>
          <gpxtpx:TrackPointExtension>
            <gpxtpx:Extensions>
              <highway>motorway</highway>
              <surface>asphalt</surface>
              <maxspeed>unknown</maxspeed>
              <oneway>yes</oneway>
            </gpxtpx:Extensions>
          </gpxtpx:TrackPointExtension>
        </extensions>
      </trkpt>
      <trkpt lat="48.516455" lon="8.872163">
        <ele>462.25</ele>
        <extensions>
          <gpxtpx:TrackPointExtension>
            <gpxtpx:Extensions>
              <highway>motorway</highway>
              <surface>asphalt</surface>
              <maxspeed>unknown</maxspeed>
              <oneway>yes</oneway>
            </gpxtpx:Extensions>
          </gpxtpx:TrackPointExtension>
        </extensions>
      </trkpt>
      <trkpt lat="48.515958" lon="8.870686">
        <ele>460.25</ele>
        <extensions>
          <gpxtpx:TrackPointExtension>
            <gpxtpx:Extensions>
              <highway>motorway</highway>
              <surface>asphalt</surface>
              <maxspeed>unknown</maxspeed>
              <oneway>yes</oneway>
            </gpxtpx:Extensions>
          </gpxtpx:TrackPointExtension>
        </extensions>
      </trkpt>
      <trkpt lat="48.515734" lon="8.869998">
        <ele>460.5</ele>
        <extensions>
          <gpxtpx:TrackPointExtension>
            <gpxtpx:Extensions>
              <highway>motorway</highway>
              <surface>asphalt</surface>
              <maxspeed>unknown</maxspeed>
              <oneway>yes</oneway>
            </gpxtpx:Extensions>
          </gpxtpx:TrackPointExtension>
        </extensions>
      </trkpt>
      <trkpt lat="48.51398" lon="8.864429">
        <ele>455.25</ele>
        <extensions>
          <gpxtpx:TrackPointExtension>
            <gpxtpx:Extensions>
              <highway>motorway</highway>
              <surface>asphalt</surface>
              <maxspeed>unknown</maxspeed>
              <oneway>yes</oneway>
            </gpxtpx:Extensions>
          </gpxtpx:TrackPointExtension>
        </extensions>
      </trkpt>
      <trkpt lat="48.513579" lon="8.863213">
        <ele>454.75</ele>
        <extensions>
          <gpxtpx:TrackPointExtension>
            <gpxtpx:Extensions>
              <highway>motorway</highway>
              <surface>asphalt</surface>
              <maxspeed>unknown</maxspeed>
              <oneway>yes</oneway>
            </gpxtpx:Extensions>
          </gpxtpx:TrackPointExtension>
        </extensions>
      </trkpt>
      <trkpt lat="48.513163" lon="8.861994">
        <ele>455</ele>
        <extensions>
          <gpxtpx:TrackPointExtension>
            <gpxtpx:Extensions>
              <highway>motorway</highway>
              <surface>asphalt</surface>
              <maxspeed>unknown</maxspeed>
              <oneway>yes</oneway>
            </gpxtpx:Extensions>
          </gpxtpx:TrackPointExtension>
        </extensions>
      </trkpt>
      <trkpt lat="48.512862" lon="8.861147">
        <ele>454</ele>
        <extensions>
          <gpxtpx:TrackPointExtension>
            <gpxtpx:Extensions>
              <highway>motorway</highway>
              <surface>asphalt</surface>
              <maxspeed>unknown</maxspeed>
              <oneway>yes</oneway>
            </gpxtpx:Extensions>
          </gpxtpx:TrackPointExtension>
        </extensions>
      </trkpt>
      <trkpt lat="48.512054" lon="8.859021">
        <ele>454.75</ele>
        <extensions>
          <gpxtpx:TrackPointExtension>
            <gpxtpx:Extensions>
              <highway>motorway</highway>
              <surface>asphalt</surface>
              <maxspeed>unknown</maxspeed>
              <oneway>yes</oneway>
            </gpxtpx:Extensions>
          </gpxtpx:TrackPointExtension>
        </extensions>
      </trkpt>
      <trkpt lat="48.511886" lon="8.858602">
        <ele>454.5</ele>
        <extensions>
          <gpxtpx:TrackPointExtension>
            <gpxtpx:Extensions>
              <highway>motorway</highway>
              <surface>asphalt</surface>
              <maxspeed>unknown</maxspeed>
              <oneway>yes</oneway>
            </gpxtpx:Extensions>
          </gpxtpx:TrackPointExtension>
        </extensions>
      </trkpt>
      <trkpt lat="48.511397" lon="8.857426">
        <ele>451</ele>
        <extensions>
          <gpxtpx:TrackPointExtension>
            <gpxtpx:Extensions>
              <highway>motorway</highway>
              <surface>asphalt</surface>
              <maxspeed>unknown</maxspeed>
              <oneway>yes</oneway>
            </gpxtpx:Extensions>
          </gpxtpx:TrackPointExtension>
        </extensions>
      </trkpt>
      <trkpt lat="48.511142" lon="8.856819">
        <ele>450.5</ele>
        <extensions>
          <gpxtpx:TrackPointExtension>
            <gpxtpx:Extensions>
              <highway>motorway</highway>
              <surface>asphalt</surface>
              <maxspeed>unknown</maxspeed>
              <oneway>yes</oneway>
            </gpxtpx:Extensions>
          </gpxtpx:TrackPointExtension>
        </extensions>
      </trkpt>
      <trkpt lat="48.510891" lon="8.856247">
        <ele>450.5</ele>
        <extensions>
          <gpxtpx:TrackPointExtension>
            <gpxtpx:Extensions>
              <highway>motorway</highway>
              <surface>asphalt</surface>
              <maxspeed>unknown</maxspeed>
              <oneway>yes</oneway>
            </gpxtpx:Extensions>
          </gpxtpx:TrackPointExtension>
        </extensions>
      </trkpt>
      <trkpt lat="48.510473" lon="8.855315">
        <ele>449.25</ele>
        <extensions>
          <gpxtpx:TrackPointExtension>
            <gpxtpx:Extensions>
              <highway>motorway</highway>
              <surface>asphalt</surface>
              <maxspeed>unknown</maxspeed>
              <oneway>yes</oneway>
            </gpxtpx:Extensions>
          </gpxtpx:TrackPointExtension>
        </extensions>
      </trkpt>
      <trkpt lat="48.510028" lon="8.854361">
        <ele>450.25</ele>
        <extensions>
          <gpxtpx:TrackPointExtension>
            <gpxtpx:Extensions>
              <highway>motorway</highway>
              <surface>asphalt</surface>
              <maxspeed>unknown</maxspeed>
              <oneway>yes</oneway>
            </gpxtpx:Extensions>
          </gpxtpx:TrackPointExtension>
        </extensions>
      </trkpt>
      <trkpt lat="48.509611" lon="8.853498">
        <ele>450.25</ele>
        <extensions>
          <gpxtpx:TrackPointExtension>
            <gpxtpx:Extensions>
              <highway>motorway</highway>
              <surface>asphalt</surface>
              <maxspeed>unknown</maxspeed>
              <oneway>yes</oneway>
            </gpxtpx:Extensions>
          </gpxtpx:TrackPointExtension>
        </extensions>
      </trkpt>
      <trkpt lat="48.508783" lon="8.851858">
        <ele>451.75</ele>
        <extensions>
          <gpxtpx:TrackPointExtension>
            <gpxtpx:Extensions>
              <highway>motorway</highway>
              <surface>asphalt</surface>
              <maxspeed>unknown</maxspeed>
              <oneway>yes</oneway>
            </gpxtpx:Extensions>
          </gpxtpx:TrackPointExtension>
        </extensions>
      </trkpt>
      <trkpt lat="48.508379" lon="8.851088">
        <ele>453.25</ele>
        <extensions>
          <gpxtpx:TrackPointExtension>
            <gpxtpx:Extensions>
              <highway>motorway</highway>
              <surface>asphalt</surface>
              <maxspeed>unknown</maxspeed>
              <oneway>yes</oneway>
            </gpxtpx:Extensions>
          </gpxtpx:TrackPointExtension>
        </extensions>
      </trkpt>
      <trkpt lat="48.507773" lon="8.849996">
        <ele>455.5</ele>
        <extensions>
          <gpxtpx:TrackPointExtension>
            <gpxtpx:Extensions>
              <highway>motorway</highway>
              <surface>asphalt</surface>
              <maxspeed>unknown</maxspeed>
              <oneway>yes</oneway>
            </gpxtpx:Extensions>
          </gpxtpx:TrackPointExtension>
        </extensions>
      </trkpt>
      <trkpt lat="48.507205" lon="8.849007">
        <ele>456.75</ele>
        <extensions>
          <gpxtpx:TrackPointExtension>
            <gpxtpx:Extensions>
              <highway>motorway</highway>
              <surface>asphalt</surface>
              <maxspeed>unknown</maxspeed>
              <oneway>yes</oneway>
            </gpxtpx:Extensions>
          </gpxtpx:TrackPointExtension>
        </extensions>
      </trkpt>
      <trkpt lat="48.506817" lon="8.848352">
        <ele>457.25</ele>
        <extensions>
          <gpxtpx:TrackPointExtension>
            <gpxtpx:Extensions>
              <highway>motorway</highway>
              <surface>asphalt</surface>
              <maxspeed>unknown</maxspeed>
              <oneway>yes</oneway>
            </gpxtpx:Extensions>
          </gpxtpx:TrackPointExtension>
        </extensions>
      </trkpt>
      <trkpt lat="48.505999" lon="8.847016">
        <ele>457</ele>
        <extensions>
          <gpxtpx:TrackPointExtension>
            <gpxtpx:Extensions>
              <highway>motorway</highway>
              <surface>asphalt</surface>
              <maxspeed>unknown</maxspeed>
              <oneway>yes</oneway>
            </gpxtpx:Extensions>
          </gpxtpx:TrackPointExtension>
        </extensions>
      </trkpt>
      <trkpt lat="48.505492" lon="8.846234">
        <ele>456.25</ele>
        <extensions>
          <gpxtpx:TrackPointExtension>
            <gpxtpx:Extensions>
              <highway>motorway</highway>
              <surface>asphalt</surface>
              <maxspeed>unknown</maxspeed>
              <oneway>yes</oneway>
            </gpxtpx:Extensions>
          </gpxtpx:TrackPointExtension>
        </extensions>
      </trkpt>
      <trkpt lat="48.504796" lon="8.845187">
        <ele>456.25</ele>
        <extensions>
          <gpxtpx:TrackPointExtension>
            <gpxtpx:Extensions>
              <highway>motorway</highway>
              <surface>asphalt</surface>
              <maxspeed>unknown</maxspeed>
              <oneway>yes</oneway>
            </gpxtpx:Extensions>
          </gpxtpx:TrackPointExtension>
        </extensions>
      </trkpt>
      <trkpt lat="48.504333" lon="8.844515">
        <ele>458.75</ele>
        <extensions>
          <gpxtpx:TrackPointExtension>
            <gpxtpx:Extensions>
              <highway>motorway</highway>
              <surface>asphalt</surface>
              <maxspeed>unknown</maxspeed>
              <oneway>yes</oneway>
            </gpxtpx:Extensions>
          </gpxtpx:TrackPointExtension>
        </extensions>
      </trkpt>
      <trkpt lat="48.503859" lon="8.843863">
        <ele>462.5</ele>
        <extensions>
          <gpxtpx:TrackPointExtension>
            <gpxtpx:Extensions>
              <highway>motorway</highway>
              <surface>asphalt</surface>
              <maxspeed>unknown</maxspeed>
              <oneway>yes</oneway>
            </gpxtpx:Extensions>
          </gpxtpx:TrackPointExtension>
        </extensions>
      </trkpt>
      <trkpt lat="48.503406" lon="8.843235">
        <ele>464.75</ele>
        <extensions>
          <gpxtpx:TrackPointExtension>
            <gpxtpx:Extensions>
              <highway>motorway</highway>
              <surface>asphalt</surface>
              <maxspeed>unknown</maxspeed>
              <oneway>yes</oneway>
            </gpxtpx:Extensions>
          </gpxtpx:TrackPointExtension>
        </extensions>
      </trkpt>
      <trkpt lat="48.5029" lon="8.842559">
        <ele>464</ele>
        <extensions>
          <gpxtpx:TrackPointExtension>
            <gpxtpx:Extensions>
              <highway>motorway</highway>
              <surface>asphalt</surface>
              <maxspeed>unknown</maxspeed>
              <oneway>yes</oneway>
            </gpxtpx:Extensions>
          </gpxtpx:TrackPointExtension>
        </extensions>
      </trkpt>
      <trkpt lat="48.502441" lon="8.841974">
        <ele>463.25</ele>
        <extensions>
          <gpxtpx:TrackPointExtension>
            <gpxtpx:Extensions>
              <highway>motorway</highway>
              <surface>asphalt</surface>
              <maxspeed>unknown</maxspeed>
              <oneway>yes</oneway>
            </gpxtpx:Extensions>
          </gpxtpx:TrackPointExtension>
        </extensions>
      </trkpt>
      <trkpt lat="48.501674" lon="8.84102">
        <ele>462.5</ele>
        <extensions>
          <gpxtpx:TrackPointExtension>
            <gpxtpx:Extensions>
              <highway>motorway</highway>
              <surface>asphalt</surface>
              <maxspeed>unknown</maxspeed>
              <oneway>yes</oneway>
            </gpxtpx:Extensions>
          </gpxtpx:TrackPointExtension>
        </extensions>
      </trkpt>
      <trkpt lat="48.501289" lon="8.840558">
        <ele>463</ele>
        <extensions>
          <gpxtpx:TrackPointExtension>
            <gpxtpx:Extensions>
              <highway>motorway</highway>
              <surface>asphalt</surface>
              <maxspeed>unknown</maxspeed>
              <oneway>yes</oneway>
            </gpxtpx:Extensions>
          </gpxtpx:TrackPointExtension>
        </extensions>
      </trkpt>
      <trkpt lat="48.5009" lon="8.8401">
        <ele>463.75</ele>
        <extensions>
          <gpxtpx:TrackPointExtension>
            <gpxtpx:Extensions>
              <highway>motorway</highway>
              <surface>asphalt</surface>
              <maxspeed>unknown</maxspeed>
              <oneway>yes</oneway>
            </gpxtpx:Extensions>
          </gpxtpx:TrackPointExtension>
        </extensions>
      </trkpt>
      <trkpt lat="48.500301" lon="8.83943">
        <ele>464.25</ele>
        <extensions>
          <gpxtpx:TrackPointExtension>
            <gpxtpx:Extensions>
              <highway>motorway</highway>
              <surface>asphalt</surface>
              <maxspeed>unknown</maxspeed>
              <oneway>yes</oneway>
            </gpxtpx:Extensions>
          </gpxtpx:TrackPointExtension>
        </extensions>
      </trkpt>
      <trkpt lat="48.499706" lon="8.838767">
        <ele>465.5</ele>
        <extensions>
          <gpxtpx:TrackPointExtension>
            <gpxtpx:Extensions>
              <highway>motorway</highway>
              <surface>asphalt</surface>
              <maxspeed>unknown</maxspeed>
              <oneway>yes</oneway>
            </gpxtpx:Extensions>
          </gpxtpx:TrackPointExtension>
        </extensions>
      </trkpt>
      <trkpt lat="48.49912" lon="8.838142">
        <ele>466.25</ele>
        <extensions>
          <gpxtpx:TrackPointExtension>
            <gpxtpx:Extensions>
              <highway>motorway</highway>
              <surface>asphalt</surface>
              <maxspeed>unknown</maxspeed>
              <oneway>yes</oneway>
            </gpxtpx:Extensions>
          </gpxtpx:TrackPointExtension>
        </extensions>
      </trkpt>
      <trkpt lat="48.49731" lon="8.836269">
        <ele>465.5</ele>
        <extensions>
          <gpxtpx:TrackPointExtension>
            <gpxtpx:Extensions>
              <highway>motorway</highway>
              <surface>asphalt</surface>
              <maxspeed>unknown</maxspeed>
              <oneway>yes</oneway>
            </gpxtpx:Extensions>
          </gpxtpx:TrackPointExtension>
        </extensions>
      </trkpt>
      <trkpt lat="48.495415" lon="8.834319">
        <ele>459.25</ele>
        <extensions>
          <gpxtpx:TrackPointExtension>
            <gpxtpx:Extensions>
              <highway>motorway</highway>
              <surface>asphalt</surface>
              <maxspeed>unknown</maxspeed>
              <oneway>yes</oneway>
            </gpxtpx:Extensions>
          </gpxtpx:TrackPointExtension>
        </extensions>
      </trkpt>
      <trkpt lat="48.494377" lon="8.833211">
        <ele>454.5</ele>
        <extensions>
          <gpxtpx:TrackPointExtension>
            <gpxtpx:Extensions>
              <highway>motorway</highway>
              <surface>asphalt</surface>
              <maxspeed>unknown</maxspeed>
              <oneway>yes</oneway>
            </gpxtpx:Extensions>
          </gpxtpx:TrackPointExtension>
        </extensions>
      </trkpt>
      <trkpt lat="48.493863" lon="8.832638">
        <ele>454.5</ele>
        <extensions>
          <gpxtpx:TrackPointExtension>
            <gpxtpx:Extensions>
              <highway>motorway</highway>
              <surface>asphalt</surface>
              <maxspeed>unknown</maxspeed>
              <oneway>yes</oneway>
            </gpxtpx:Extensions>
          </gpxtpx:TrackPointExtension>
        </extensions>
      </trkpt>
      <trkpt lat="48.493189" lon="8.831852">
        <ele>453.5</ele>
        <extensions>
          <gpxtpx:TrackPointExtension>
            <gpxtpx:Extensions>
              <highway>motorway</highway>
              <surface>asphalt</surface>
              <maxspeed>unknown</maxspeed>
              <oneway>yes</oneway>
            </gpxtpx:Extensions>
          </gpxtpx:TrackPointExtension>
        </extensions>
      </trkpt>
      <trkpt lat="48.492854" lon="8.831451">
        <ele>453</ele>
        <extensions>
          <gpxtpx:TrackPointExtension>
            <gpxtpx:Extensions>
              <highway>motorway</highway>
              <surface>asphalt</surface>
              <maxspeed>unknown</maxspeed>
              <oneway>yes</oneway>
            </gpxtpx:Extensions>
          </gpxtpx:TrackPointExtension>
        </extensions>
      </trkpt>
      <trkpt lat="48.492247" lon="8.830688">
        <ele>451</ele>
        <extensions>
          <gpxtpx:TrackPointExtension>
            <gpxtpx:Extensions>
              <highway>motorway</highway>
              <surface>asphalt</surface>
              <maxspeed>unknown</maxspeed>
              <oneway>yes</oneway>
            </gpxtpx:Extensions>
          </gpxtpx:TrackPointExtension>
        </extensions>
      </trkpt>
      <trkpt lat="48.491434" lon="8.829593">
        <ele>451.25</ele>
        <extensions>
          <gpxtpx:TrackPointExtension>
            <gpxtpx:Extensions>
              <highway>motorway</highway>
              <surface>asphalt</surface>
              <maxspeed>unknown</maxspeed>
              <oneway>yes</oneway>
            </gpxtpx:Extensions>
          </gpxtpx:TrackPointExtension>
        </extensions>
      </trkpt>
      <trkpt lat="48.491159" lon="8.829204">
        <ele>451.25</ele>
        <extensions>
          <gpxtpx:TrackPointExtension>
            <gpxtpx:Extensions>
              <highway>motorway</highway>
              <surface>asphalt</surface>
              <maxspeed>unknown</maxspeed>
              <oneway>yes</oneway>
            </gpxtpx:Extensions>
          </gpxtpx:TrackPointExtension>
        </extensions>
      </trkpt>
      <trkpt lat="48.49061" lon="8.828387">
        <ele>451.5</ele>
        <extensions>
          <gpxtpx:TrackPointExtension>
            <gpxtpx:Extensions>
              <highway>motorway</highway>
              <surface>asphalt</surface>
              <maxspeed>unknown</maxspeed>
              <oneway>yes</oneway>
            </gpxtpx:Extensions>
          </gpxtpx:TrackPointExtension>
        </extensions>
      </trkpt>
      <trkpt lat="48.490349" lon="8.827984">
        <ele>452.25</ele>
        <extensions>
          <gpxtpx:TrackPointExtension>
            <gpxtpx:Extensions>
              <highway>motorway</highway>
              <surface>asphalt</surface>
              <maxspeed>unknown</maxspeed>
              <oneway>yes</oneway>
            </gpxtpx:Extensions>
          </gpxtpx:TrackPointExtension>
        </extensions>
      </trkpt>
      <trkpt lat="48.490122" lon="8.827616">
        <ele>452.75</ele>
        <extensions>
          <gpxtpx:TrackPointExtension>
            <gpxtpx:Extensions>
              <highway>motorway</highway>
              <surface>asphalt</surface>
              <maxspeed>unknown</maxspeed>
              <oneway>yes</oneway>
            </gpxtpx:Extensions>
          </gpxtpx:TrackPointExtension>
        </extensions>
      </trkpt>
      <trkpt lat="48.489912" lon="8.827275">
        <ele>452.25</ele>
        <extensions>
          <gpxtpx:TrackPointExtension>
            <gpxtpx:Extensions>
              <highway>motorway</highway>
              <surface>asphalt</surface>
              <maxspeed>unknown</maxspeed>
              <oneway>yes</oneway>
            </gpxtpx:Extensions>
          </gpxtpx:TrackPointExtension>
        </extensions>
      </trkpt>
      <trkpt lat="48.489475" lon="8.826538">
        <ele>451.75</ele>
        <extensions>
          <gpxtpx:TrackPointExtension>
            <gpxtpx:Extensions>
              <highway>motorway</highway>
              <surface>asphalt</surface>
              <maxspeed>unknown</maxspeed>
              <oneway>yes</oneway>
            </gpxtpx:Extensions>
          </gpxtpx:TrackPointExtension>
        </extensions>
      </trkpt>
      <trkpt lat="48.488826" lon="8.825381">
        <ele>452</ele>
        <extensions>
          <gpxtpx:TrackPointExtension>
            <gpxtpx:Extensions>
              <highway>motorway</highway>
              <surface>asphalt</surface>
              <maxspeed>unknown</maxspeed>
              <oneway>yes</oneway>
            </gpxtpx:Extensions>
          </gpxtpx:TrackPointExtension>
        </extensions>
      </trkpt>
      <trkpt lat="48.488613" lon="8.824976">
        <ele>452</ele>
        <extensions>
          <gpxtpx:TrackPointExtension>
            <gpxtpx:Extensions>
              <highway>motorway</highway>
              <surface>asphalt</surface>
              <maxspeed>unknown</maxspeed>
              <oneway>yes</oneway>
            </gpxtpx:Extensions>
          </gpxtpx:TrackPointExtension>
        </extensions>
      </trkpt>
      <trkpt lat="48.488278" lon="8.824317">
        <ele>452.75</ele>
        <extensions>
          <gpxtpx:TrackPointExtension>
            <gpxtpx:Extensions>
              <highway>motorway</highway>
              <surface>asphalt</surface>
              <maxspeed>unknown</maxspeed>
              <oneway>yes</oneway>
            </gpxtpx:Extensions>
          </gpxtpx:TrackPointExtension>
        </extensions>
      </trkpt>
      <trkpt lat="48.487942" lon="8.823629">
        <ele>452.25</ele>
        <extensions>
          <gpxtpx:TrackPointExtension>
            <gpxtpx:Extensions>
              <highway>motorway</highway>
              <surface>asphalt</surface>
              <maxspeed>unknown</maxspeed>
              <oneway>yes</oneway>
            </gpxtpx:Extensions>
          </gpxtpx:TrackPointExtension>
        </extensions>
      </trkpt>
      <trkpt lat="48.487622" lon="8.822949">
        <ele>452.25</ele>
        <extensions>
          <gpxtpx:TrackPointExtension>
            <gpxtpx:Extensions>
              <highway>motorway</highway>
              <surface>asphalt</surface>
              <maxspeed>unknown</maxspeed>
              <oneway>yes</oneway>
            </gpxtpx:Extensions>
          </gpxtpx:TrackPointExtension>
        </extensions>
      </trkpt>
      <trkpt lat="48.487306" lon="8.82224">
        <ele>453</ele>
        <extensions>
          <gpxtpx:TrackPointExtension>
            <gpxtpx:Extensions>
              <highway>motorway</highway>
              <surface>asphalt</surface>
              <maxspeed>unknown</maxspeed>
              <oneway>yes</oneway>
            </gpxtpx:Extensions>
          </gpxtpx:TrackPointExtension>
        </extensions>
      </trkpt>
      <trkpt lat="48.486941" lon="8.821386">
        <ele>453.5</ele>
        <extensions>
          <gpxtpx:TrackPointExtension>
            <gpxtpx:Extensions>
              <highway>motorway</highway>
              <surface>asphalt</surface>
              <maxspeed>unknown</maxspeed>
              <oneway>yes</oneway>
            </gpxtpx:Extensions>
          </gpxtpx:TrackPointExtension>
        </extensions>
      </trkpt>
      <trkpt lat="48.486593" lon="8.820522">
        <ele>454</ele>
        <extensions>
          <gpxtpx:TrackPointExtension>
            <gpxtpx:Extensions>
              <highway>motorway</highway>
              <surface>asphalt</surface>
              <maxspeed>unknown</maxspeed>
              <oneway>yes</oneway>
            </gpxtpx:Extensions>
          </gpxtpx:TrackPointExtension>
        </extensions>
      </trkpt>
      <trkpt lat="48.486261" lon="8.819654">
        <ele>453.75</ele>
        <extensions>
          <gpxtpx:TrackPointExtension>
            <gpxtpx:Extensions>
              <highway>motorway</highway>
              <surface>asphalt</surface>
              <maxspeed>unknown</maxspeed>
              <oneway>yes</oneway>
            </gpxtpx:Extensions>
          </gpxtpx:TrackPointExtension>
        </extensions>
      </trkpt>
      <trkpt lat="48.485941" lon="8.818769">
        <ele>452.75</ele>
        <extensions>
          <gpxtpx:TrackPointExtension>
            <gpxtpx:Extensions>
              <highway>motorway</highway>
              <surface>asphalt</surface>
              <maxspeed>unknown</maxspeed>
              <oneway>yes</oneway>
            </gpxtpx:Extensions>
          </gpxtpx:TrackPointExtension>
        </extensions>
      </trkpt>
      <trkpt lat="48.485692" lon="8.818038">
        <ele>453.25</ele>
        <extensions>
          <gpxtpx:TrackPointExtension>
            <gpxtpx:Extensions>
              <highway>motorway</highway>
              <surface>asphalt</surface>
              <maxspeed>unknown</maxspeed>
              <oneway>yes</oneway>
            </gpxtpx:Extensions>
          </gpxtpx:TrackPointExtension>
        </extensions>
      </trkpt>
      <trkpt lat="48.485227" lon="8.816565">
        <ele>455</ele>
        <extensions>
          <gpxtpx:TrackPointExtension>
            <gpxtpx:Extensions>
              <highway>motorway</highway>
              <surface>asphalt</surface>
              <maxspeed>unknown</maxspeed>
              <oneway>yes</oneway>
            </gpxtpx:Extensions>
          </gpxtpx:TrackPointExtension>
        </extensions>
      </trkpt>
      <trkpt lat="48.485009" lon="8.815814">
        <ele>456</ele>
        <extensions>
          <gpxtpx:TrackPointExtension>
            <gpxtpx:Extensions>
              <highway>motorway</highway>
              <surface>asphalt</surface>
              <maxspeed>unknown</maxspeed>
              <oneway>yes</oneway>
            </gpxtpx:Extensions>
          </gpxtpx:TrackPointExtension>
        </extensions>
      </trkpt>
      <trkpt lat="48.484725" lon="8.814793">
        <ele>458</ele>
        <extensions>
          <gpxtpx:TrackPointExtension>
            <gpxtpx:Extensions>
              <highway>motorway</highway>
              <surface>asphalt</surface>
              <maxspeed>unknown</maxspeed>
              <oneway>yes</oneway>
            </gpxtpx:Extensions>
          </gpxtpx:TrackPointExtension>
        </extensions>
      </trkpt>
      <trkpt lat="48.484452" lon="8.813761">
        <ele>457.5</ele>
        <extensions>
          <gpxtpx:TrackPointExtension>
            <gpxtpx:Extensions>
              <highway>motorway</highway>
              <surface>asphalt</surface>
              <maxspeed>unknown</maxspeed>
              <oneway>yes</oneway>
            </gpxtpx:Extensions>
          </gpxtpx:TrackPointExtension>
        </extensions>
      </trkpt>
      <trkpt lat="48.4836" lon="8.810365">
        <ele>459.5</ele>
        <extensions>
          <gpxtpx:TrackPointExtension>
            <gpxtpx:Extensions>
              <highway>motorway</highway>
              <surface>asphalt</surface>
              <maxspeed>unknown</maxspeed>
              <oneway>yes</oneway>
            </gpxtpx:Extensions>
          </gpxtpx:TrackPointExtension>
        </extensions>
      </trkpt>
      <trkpt lat="48.483427" lon="8.809704">
        <ele>460</ele>
        <extensions>
          <gpxtpx:TrackPointExtension>
            <gpxtpx:Extensions>
              <highway>motorway</highway>
              <surface>asphalt</surface>
              <maxspeed>unknown</maxspeed>
              <oneway>yes</oneway>
            </gpxtpx:Extensions>
          </gpxtpx:TrackPointExtension>
        </extensions>
      </trkpt>
      <trkpt lat="48.483077" lon="8.808413">
        <ele>458.5</ele>
        <extensions>
          <gpxtpx:TrackPointExtension>
            <gpxtpx:Extensions>
              <highway>motorway</highway>
              <surface>asphalt</surface>
              <maxspeed>unknown</maxspeed>
              <oneway>yes</oneway>
            </gpxtpx:Extensions>
          </gpxtpx:TrackPointExtension>
        </extensions>
      </trkpt>
      <trkpt lat="48.482655" lon="8.806993">
        <ele>459.75</ele>
        <extensions>
          <gpxtpx:TrackPointExtension>
            <gpxtpx:Extensions>
              <highway>motorway</highway>
              <surface>asphalt</surface>
              <maxspeed>unknown</maxspeed>
              <oneway>yes</oneway>
            </gpxtpx:Extensions>
          </gpxtpx:TrackPointExtension>
        </extensions>
      </trkpt>
      <trkpt lat="48.48248" lon="8.806437">
        <ele>460.75</ele>
        <extensions>
          <gpxtpx:TrackPointExtension>
            <gpxtpx:Extensions>
              <highway>motorway</highway>
              <surface>asphalt</surface>
              <maxspeed>unknown</maxspeed>
              <oneway>yes</oneway>
            </gpxtpx:Extensions>
          </gpxtpx:TrackPointExtension>
        </extensions>
      </trkpt>
      <trkpt lat="48.482296" lon="8.805885">
        <ele>460.75</ele>
        <extensions>
          <gpxtpx:TrackPointExtension>
            <gpxtpx:Extensions>
              <highway>motorway</highway>
              <surface>asphalt</surface>
              <maxspeed>unknown</maxspeed>
              <oneway>yes</oneway>
            </gpxtpx:Extensions>
          </gpxtpx:TrackPointExtension>
        </extensions>
      </trkpt>
      <trkpt lat="48.482104" lon="8.805334">
        <ele>461.5</ele>
        <extensions>
          <gpxtpx:TrackPointExtension>
            <gpxtpx:Extensions>
              <highway>motorway</highway>
              <surface>asphalt</surface>
              <maxspeed>unknown</maxspeed>
              <oneway>yes</oneway>
            </gpxtpx:Extensions>
          </gpxtpx:TrackPointExtension>
        </extensions>
      </trkpt>
      <trkpt lat="48.481829" lon="8.804561">
        <ele>463</ele>
        <extensions>
          <gpxtpx:TrackPointExtension>
            <gpxtpx:Extensions>
              <highway>motorway</highway>
              <surface>asphalt</surface>
              <maxspeed>unknown</maxspeed>
              <oneway>yes</oneway>
            </gpxtpx:Extensions>
          </gpxtpx:TrackPointExtension>
        </extensions>
      </trkpt>
      <trkpt lat="48.481612" lon="8.803984">
        <ele>464</ele>
        <extensions>
          <gpxtpx:TrackPointExtension>
            <gpxtpx:Extensions>
              <highway>motorway</highway>
              <surface>asphalt</surface>
              <maxspeed>unknown</maxspeed>
              <oneway>yes</oneway>
            </gpxtpx:Extensions>
          </gpxtpx:TrackPointExtension>
        </extensions>
      </trkpt>
      <trkpt lat="48.481115" lon="8.802726">
        <ele>466.75</ele>
        <extensions>
          <gpxtpx:TrackPointExtension>
            <gpxtpx:Extensions>
              <highway>motorway</highway>
              <surface>asphalt</surface>
              <maxspeed>unknown</maxspeed>
              <oneway>yes</oneway>
            </gpxtpx:Extensions>
          </gpxtpx:TrackPointExtension>
        </extensions>
      </trkpt>
      <trkpt lat="48.480813" lon="8.802023">
        <ele>468.25</ele>
        <extensions>
          <gpxtpx:TrackPointExtension>
            <gpxtpx:Extensions>
              <highway>motorway</highway>
              <surface>asphalt</surface>
              <maxspeed>unknown</maxspeed>
              <oneway>yes</oneway>
            </gpxtpx:Extensions>
          </gpxtpx:TrackPointExtension>
        </extensions>
      </trkpt>
      <trkpt lat="48.480463" lon="8.801251">
        <ele>468.5</ele>
        <extensions>
          <gpxtpx:TrackPointExtension>
            <gpxtpx:Extensions>
              <highway>motorway</highway>
              <surface>asphalt</surface>
              <maxspeed>unknown</maxspeed>
              <oneway>yes</oneway>
            </gpxtpx:Extensions>
          </gpxtpx:TrackPointExtension>
        </extensions>
      </trkpt>
      <trkpt lat="48.479896" lon="8.800052">
        <ele>471.5</ele>
        <extensions>
          <gpxtpx:TrackPointExtension>
            <gpxtpx:Extensions>
              <highway>motorway</highway>
              <surface>asphalt</surface>
              <maxspeed>unknown</maxspeed>
              <oneway>yes</oneway>
            </gpxtpx:Extensions>
          </gpxtpx:TrackPointExtension>
        </extensions>
      </trkpt>
      <trkpt lat="48.479504" lon="8.799284">
        <ele>471.75</ele>
        <extensions>
          <gpxtpx:TrackPointExtension>
            <gpxtpx:Extensions>
              <highway>motorway</highway>
              <surface>asphalt</surface>
              <maxspeed>unknown</maxspeed>
              <oneway>yes</oneway>
            </gpxtpx:Extensions>
          </gpxtpx:TrackPointExtension>
        </extensions>
      </trkpt>
      <trkpt lat="48.479155" lon="8.798625">
        <ele>473.5</ele>
        <extensions>
          <gpxtpx:TrackPointExtension>
            <gpxtpx:Extensions>
              <highway>motorway</highway>
              <surface>asphalt</surface>
              <maxspeed>unknown</maxspeed>
              <oneway>yes</oneway>
            </gpxtpx:Extensions>
          </gpxtpx:TrackPointExtension>
        </extensions>
      </trkpt>
      <trkpt lat="48.478705" lon="8.797815">
        <ele>475.5</ele>
        <extensions>
          <gpxtpx:TrackPointExtension>
            <gpxtpx:Extensions>
              <highway>motorway</highway>
              <surface>asphalt</surface>
              <maxspeed>unknown</maxspeed>
              <oneway>yes</oneway>
            </gpxtpx:Extensions>
          </gpxtpx:TrackPointExtension>
        </extensions>
      </trkpt>
      <trkpt lat="48.478407" lon="8.797297">
        <ele>478</ele>
        <extensions>
          <gpxtpx:TrackPointExtension>
            <gpxtpx:Extensions>
              <highway>motorway</highway>
              <surface>asphalt</surface>
              <maxspeed>unknown</maxspeed>
              <oneway>yes</oneway>
            </gpxtpx:Extensions>
          </gpxtpx:TrackPointExtension>
        </extensions>
      </trkpt>
      <trkpt lat="48.4781" lon="8.796782">
        <ele>479</ele>
        <extensions>
          <gpxtpx:TrackPointExtension>
            <gpxtpx:Extensions>
              <highway>motorway</highway>
              <surface>asphalt</surface>
              <maxspeed>unknown</maxspeed>
              <oneway>yes</oneway>
            </gpxtpx:Extensions>
          </gpxtpx:TrackPointExtension>
        </extensions>
      </trkpt>
      <trkpt lat="48.477819" lon="8.796336">
        <ele>480.25</ele>
        <extensions>
          <gpxtpx:TrackPointExtension>
            <gpxtpx:Extensions>
              <highway>motorway</highway>
              <surface>asphalt</surface>
              <maxspeed>unknown</maxspeed>
              <oneway>yes</oneway>
            </gpxtpx:Extensions>
          </gpxtpx:TrackPointExtension>
        </extensions>
      </trkpt>
      <trkpt lat="48.476959" lon="8.795019">
        <ele>484.75</ele>
        <extensions>
          <gpxtpx:TrackPointExtension>
            <gpxtpx:Extensions>
              <highway>motorway</highway>
              <surface>asphalt</surface>
              <maxspeed>unknown</maxspeed>
              <oneway>yes</oneway>
            </gpxtpx:Extensions>
          </gpxtpx:TrackPointExtension>
        </extensions>
      </trkpt>
      <trkpt lat="48.476514" lon="8.794393">
        <ele>487.5</ele>
        <extensions>
          <gpxtpx:TrackPointExtension>
            <gpxtpx:Extensions>
              <highway>motorway</highway>
              <surface>asphalt</surface>
              <maxspeed>unknown</maxspeed>
              <oneway>yes</oneway>
            </gpxtpx:Extensions>
          </gpxtpx:TrackPointExtension>
        </extensions>
      </trkpt>
      <trkpt lat="48.476117" lon="8.793853">
        <ele>490.25</ele>
        <extensions>
          <gpxtpx:TrackPointExtension>
            <gpxtpx:Extensions>
              <highway>motorway</highway>
              <surface>asphalt</surface>
              <maxspeed>unknown</maxspeed>
              <oneway>yes</oneway>
            </gpxtpx:Extensions>
          </gpxtpx:TrackPointExtension>
        </extensions>
      </trkpt>
      <trkpt lat="48.475705" lon="8.79331">
        <ele>492.25</ele>
        <extensions>
          <gpxtpx:TrackPointExtension>
            <gpxtpx:Extensions>
              <highway>motorway</highway>
              <surface>asphalt</surface>
              <maxspeed>unknown</maxspeed>
              <oneway>yes</oneway>
            </gpxtpx:Extensions>
          </gpxtpx:TrackPointExtension>
        </extensions>
      </trkpt>
      <trkpt lat="48.475314" lon="8.792825">
        <ele>492.75</ele>
        <extensions>
          <gpxtpx:TrackPointExtension>
            <gpxtpx:Extensions>
              <highway>motorway</highway>
              <surface>asphalt</surface>
              <maxspeed>unknown</maxspeed>
              <oneway>yes</oneway>
            </gpxtpx:Extensions>
          </gpxtpx:TrackPointExtension>
        </extensions>
      </trkpt>
      <trkpt lat="48.474919" lon="8.792354">
        <ele>493.25</ele>
        <extensions>
          <gpxtpx:TrackPointExtension>
            <gpxtpx:Extensions>
              <highway>motorway</highway>
              <surface>asphalt</surface>
              <maxspeed>unknown</maxspeed>
              <oneway>yes</oneway>
            </gpxtpx:Extensions>
          </gpxtpx:TrackPointExtension>
        </extensions>
      </trkpt>
      <trkpt lat="48.474258" lon="8.791593">
        <ele>494</ele>
        <extensions>
          <gpxtpx:TrackPointExtension>
            <gpxtpx:Extensions>
              <highway>motorway</highway>
              <surface>asphalt</surface>
              <maxspeed>unknown</maxspeed>
              <oneway>yes</oneway>
            </gpxtpx:Extensions>
          </gpxtpx:TrackPointExtension>
        </extensions>
      </trkpt>
      <trkpt lat="48.473915" lon="8.79122">
        <ele>494</ele>
        <extensions>
          <gpxtpx:TrackPointExtension>
            <gpxtpx:Extensions>
              <highway>motorway</highway>
              <surface>asphalt</surface>
              <maxspeed>unknown</maxspeed>
              <oneway>yes</oneway>
            </gpxtpx:Extensions>
          </gpxtpx:TrackPointExtension>
        </extensions>
      </trkpt>
      <trkpt lat="48.473404" lon="8.790688">
        <ele>493.25</ele>
        <extensions>
          <gpxtpx:TrackPointExtension>
            <gpxtpx:Extensions>
              <highway>motorway</highway>
              <surface>asphalt</surface>
              <maxspeed>unknown</maxspeed>
              <oneway>yes</oneway>
            </gpxtpx:Extensions>
          </gpxtpx:TrackPointExtension>
        </extensions>
      </trkpt>
      <trkpt lat="48.472736" lon="8.790031">
        <ele>491.75</ele>
        <extensions>
          <gpxtpx:TrackPointExtension>
            <gpxtpx:Extensions>
              <highway>motorway</highway>
              <surface>asphalt</surface>
              <maxspeed>unknown</maxspeed>
              <oneway>yes</oneway>
            </gpxtpx:Extensions>
          </gpxtpx:TrackPointExtension>
        </extensions>
      </trkpt>
      <trkpt lat="48.472245" lon="8.789575">
        <ele>490.5</ele>
        <extensions>
          <gpxtpx:TrackPointExtension>
            <gpxtpx:Extensions>
              <highway>motorway</highway>
              <surface>asphalt</surface>
              <maxspeed>unknown</maxspeed>
              <oneway>yes</oneway>
            </gpxtpx:Extensions>
          </gpxtpx:TrackPointExtension>
        </extensions>
      </trkpt>
      <trkpt lat="48.47153" lon="8.78895">
        <ele>489.5</ele>
        <extensions>
          <gpxtpx:TrackPointExtension>
            <gpxtpx:Extensions>
              <highway>motorway</highway>
              <surface>asphalt</surface>
              <maxspeed>unknown</maxspeed>
              <oneway>yes</oneway>
            </gpxtpx:Extensions>
          </gpxtpx:TrackPointExtension>
        </extensions>
      </trkpt>
      <trkpt lat="48.471119" lon="8.788605">
        <ele>488.25</ele>
        <extensions>
          <gpxtpx:TrackPointExtension>
            <gpxtpx:Extensions>
              <highway>motorway</highway>
              <surface>asphalt</surface>
              <maxspeed>unknown</maxspeed>
              <oneway>yes</oneway>
            </gpxtpx:Extensions>
          </gpxtpx:TrackPointExtension>
        </extensions>
      </trkpt>
      <trkpt lat="48.47025" lon="8.787913">
        <ele>485.75</ele>
        <extensions>
          <gpxtpx:TrackPointExtension>
            <gpxtpx:Extensions>
              <highway>motorway</highway>
              <surface>asphalt</surface>
              <maxspeed>unknown</maxspeed>
              <oneway>yes</oneway>
            </gpxtpx:Extensions>
          </gpxtpx:TrackPointExtension>
        </extensions>
      </trkpt>
      <trkpt lat="48.469451" lon="8.787308">
        <ele>483.75</ele>
        <extensions>
          <gpxtpx:TrackPointExtension>
            <gpxtpx:Extensions>
              <highway>motorway</highway>
              <surface>asphalt</surface>
              <maxspeed>unknown</maxspeed>
              <oneway>yes</oneway>
            </gpxtpx:Extensions>
          </gpxtpx:TrackPointExtension>
        </extensions>
      </trkpt>
      <trkpt lat="48.46905" lon="8.787014">
        <ele>483.5</ele>
        <extensions>
          <gpxtpx:TrackPointExtension>
            <gpxtpx:Extensions>
              <highway>motorway</highway>
              <surface>asphalt</surface>
              <maxspeed>unknown</maxspeed>
              <oneway>yes</oneway>
            </gpxtpx:Extensions>
          </gpxtpx:TrackPointExtension>
        </extensions>
      </trkpt>
      <trkpt lat="48.465971" lon="8.784787">
        <ele>476.75</ele>
        <extensions>
          <gpxtpx:TrackPointExtension>
            <gpxtpx:Extensions>
              <highway>motorway</highway>
              <surface>asphalt</surface>
              <maxspeed>unknown</maxspeed>
              <oneway>yes</oneway>
            </gpxtpx:Extensions>
          </gpxtpx:TrackPointExtension>
        </extensions>
      </trkpt>
      <trkpt lat="48.465797" lon="8.784659">
        <ele>476.25</ele>
        <extensions>
          <gpxtpx:TrackPointExtension>
            <gpxtpx:Extensions>
              <highway>motorway</highway>
              <maxspeed>unknown</maxspeed>
              <oneway>yes</oneway>
            </gpxtpx:Extensions>
          </gpxtpx:TrackPointExtension>
        </extensions>
      </trkpt>
      <trkpt lat="48.4646" lon="8.783749">
        <ele>477.5</ele>
        <extensions>
          <gpxtpx:TrackPointExtension>
            <gpxtpx:Extensions>
              <highway>motorway</highway>
              <surface>asphalt</surface>
              <maxspeed>unknown</maxspeed>
              <oneway>yes</oneway>
            </gpxtpx:Extensions>
          </gpxtpx:TrackPointExtension>
        </extensions>
      </trkpt>
      <trkpt lat="48.464063" lon="8.783327">
        <ele>477.25</ele>
        <extensions>
          <gpxtpx:TrackPointExtension>
            <gpxtpx:Extensions>
              <highway>motorway</highway>
              <surface>asphalt</surface>
              <maxspeed>unknown</maxspeed>
              <oneway>yes</oneway>
            </gpxtpx:Extensions>
          </gpxtpx:TrackPointExtension>
        </extensions>
      </trkpt>
      <trkpt lat="48.463006" lon="8.782476">
        <ele>474.5</ele>
        <extensions>
          <gpxtpx:TrackPointExtension>
            <gpxtpx:Extensions>
              <highway>motorway</highway>
              <surface>asphalt</surface>
              <maxspeed>unknown</maxspeed>
              <oneway>yes</oneway>
            </gpxtpx:Extensions>
          </gpxtpx:TrackPointExtension>
        </extensions>
      </trkpt>
      <trkpt lat="48.462489" lon="8.782038">
        <ele>474.5</ele>
        <extensions>
          <gpxtpx:TrackPointExtension>
            <gpxtpx:Extensions>
              <highway>motorway</highway>
              <surface>asphalt</surface>
              <maxspeed>unknown</maxspeed>
              <oneway>yes</oneway>
            </gpxtpx:Extensions>
          </gpxtpx:TrackPointExtension>
        </extensions>
      </trkpt>
      <trkpt lat="48.461641" lon="8.781293">
        <ele>474.25</ele>
        <extensions>
          <gpxtpx:TrackPointExtension>
            <gpxtpx:Extensions>
              <highway>motorway</highway>
              <surface>asphalt</surface>
              <maxspeed>unknown</maxspeed>
              <oneway>yes</oneway>
            </gpxtpx:Extensions>
          </gpxtpx:TrackPointExtension>
        </extensions>
      </trkpt>
      <trkpt lat="48.461226" lon="8.7809">
        <ele>474.25</ele>
        <extensions>
          <gpxtpx:TrackPointExtension>
            <gpxtpx:Extensions>
              <highway>motorway</highway>
              <surface>asphalt</surface>
              <maxspeed>unknown</maxspeed>
              <oneway>yes</oneway>
            </gpxtpx:Extensions>
          </gpxtpx:TrackPointExtension>
        </extensions>
      </trkpt>
      <trkpt lat="48.46081" lon="8.780526">
        <ele>473</ele>
        <extensions>
          <gpxtpx:TrackPointExtension>
            <gpxtpx:Extensions>
              <highway>motorway</highway>
              <surface>asphalt</surface>
              <maxspeed>unknown</maxspeed>
              <oneway>yes</oneway>
            </gpxtpx:Extensions>
          </gpxtpx:TrackPointExtension>
        </extensions>
      </trkpt>
      <trkpt lat="48.459957" lon="8.779695">
        <ele>473.5</ele>
        <extensions>
          <gpxtpx:TrackPointExtension>
            <gpxtpx:Extensions>
              <highway>motorway</highway>
              <surface>asphalt</surface>
              <maxspeed>unknown</maxspeed>
              <oneway>yes</oneway>
            </gpxtpx:Extensions>
          </gpxtpx:TrackPointExtension>
        </extensions>
      </trkpt>
      <trkpt lat="48.459533" lon="8.779265">
        <ele>473.25</ele>
        <extensions>
          <gpxtpx:TrackPointExtension>
            <gpxtpx:Extensions>
              <highway>motorway</highway>
              <surface>asphalt</surface>
              <maxspeed>unknown</maxspeed>
              <oneway>yes</oneway>
            </gpxtpx:Extensions>
          </gpxtpx:TrackPointExtension>
        </extensions>
      </trkpt>
      <trkpt lat="48.458814" lon="8.778517">
        <ele>473.25</ele>
        <extensions>
          <gpxtpx:TrackPointExtension>
            <gpxtpx:Extensions>
              <highway>motorway</highway>
              <surface>asphalt</surface>
              <maxspeed>unknown</maxspeed>
              <oneway>yes</oneway>
            </gpxtpx:Extensions>
          </gpxtpx:TrackPointExtension>
        </extensions>
      </trkpt>
      <trkpt lat="48.458158" lon="8.777813">
        <ele>474.5</ele>
        <extensions>
          <gpxtpx:TrackPointExtension>
            <gpxtpx:Extensions>
              <highway>motorway</highway>
              <surface>asphalt</surface>
              <maxspeed>unknown</maxspeed>
              <oneway>yes</oneway>
            </gpxtpx:Extensions>
          </gpxtpx:TrackPointExtension>
        </extensions>
      </trkpt>
      <trkpt lat="48.4578" lon="8.777417">
        <ele>476.5</ele>
        <extensions>
          <gpxtpx:TrackPointExtension>
            <gpxtpx:Extensions>
              <highway>motorway</highway>
              <surface>asphalt</surface>
              <maxspeed>unknown</maxspeed>
              <oneway>yes</oneway>
            </gpxtpx:Extensions>
          </gpxtpx:TrackPointExtension>
        </extensions>
      </trkpt>
      <trkpt lat="48.456596" lon="8.776">
        <ele>483</ele>
        <extensions>
          <gpxtpx:TrackPointExtension>
            <gpxtpx:Extensions>
              <highway>motorway</highway>
              <surface>asphalt</surface>
              <maxspeed>unknown</maxspeed>
              <oneway>yes</oneway>
            </gpxtpx:Extensions>
          </gpxtpx:TrackPointExtension>
        </extensions>
      </trkpt>
      <trkpt lat="48.456189" lon="8.775509">
        <ele>484.25</ele>
        <extensions>
          <gpxtpx:TrackPointExtension>
            <gpxtpx:Extensions>
              <highway>motorway</highway>
              <surface>asphalt</surface>
              <maxspeed>unknown</maxspeed>
              <oneway>yes</oneway>
            </gpxtpx:Extensions>
          </gpxtpx:TrackPointExtension>
        </extensions>
      </trkpt>
      <trkpt lat="48.455185" lon="8.774277">
        <ele>486.5</ele>
        <extensions>
          <gpxtpx:TrackPointExtension>
            <gpxtpx:Extensions>
              <highway>motorway</highway>
              <surface>asphalt</surface>
              <maxspeed>unknown</maxspeed>
              <oneway>yes</oneway>
            </gpxtpx:Extensions>
          </gpxtpx:TrackPointExtension>
        </extensions>
      </trkpt>
      <trkpt lat="48.454756" lon="8.773726">
        <ele>487.25</ele>
        <extensions>
          <gpxtpx:TrackPointExtension>
            <gpxtpx:Extensions>
              <highway>motorway</highway>
              <surface>asphalt</surface>
              <maxspeed>unknown</maxspeed>
              <oneway>yes</oneway>
            </gpxtpx:Extensions>
          </gpxtpx:TrackPointExtension>
        </extensions>
      </trkpt>
      <trkpt lat="48.454195" lon="8.773025">
        <ele>487.75</ele>
        <extensions>
          <gpxtpx:TrackPointExtension>
            <gpxtpx:Extensions>
              <highway>motorway</highway>
              <surface>asphalt</surface>
              <maxspeed>unknown</maxspeed>
              <oneway>yes</oneway>
            </gpxtpx:Extensions>
          </gpxtpx:TrackPointExtension>
        </extensions>
      </trkpt>
      <trkpt lat="48.453147" lon="8.771665">
        <ele>490.25</ele>
        <extensions>
          <gpxtpx:TrackPointExtension>
            <gpxtpx:Extensions>
              <highway>motorway</highway>
              <surface>asphalt</surface>
              <maxspeed>unknown</maxspeed>
              <oneway>yes</oneway>
            </gpxtpx:Extensions>
          </gpxtpx:TrackPointExtension>
        </extensions>
      </trkpt>
      <trkpt lat="48.451882" lon="8.770097">
        <ele>486.5</ele>
        <extensions>
          <gpxtpx:TrackPointExtension>
            <gpxtpx:Extensions>
              <highway>motorway</highway>
              <surface>asphalt</surface>
              <maxspeed>unknown</maxspeed>
              <oneway>yes</oneway>
            </gpxtpx:Extensions>
          </gpxtpx:TrackPointExtension>
        </extensions>
      </trkpt>
      <trkpt lat="48.445532" lon="8.761912">
        <ele>499.25</ele>
        <extensions>
          <gpxtpx:TrackPointExtension>
            <gpxtpx:Extensions>
              <highway>motorway</highway>
              <surface>asphalt</surface>
              <maxspeed>unknown</maxspeed>
              <oneway>yes</oneway>
            </gpxtpx:Extensions>
          </gpxtpx:TrackPointExtension>
        </extensions>
      </trkpt>
      <trkpt lat="48.444844" lon="8.760977">
        <ele>501</ele>
        <extensions>
          <gpxtpx:TrackPointExtension>
            <gpxtpx:Extensions>
              <highway>motorway</highway>
              <surface>asphalt</surface>
              <maxspeed>unknown</maxspeed>
              <oneway>yes</oneway>
            </gpxtpx:Extensions>
          </gpxtpx:TrackPointExtension>
        </extensions>
      </trkpt>
      <trkpt lat="48.444299" lon="8.760263">
        <ele>501</ele>
        <extensions>
          <gpxtpx:TrackPointExtension>
            <gpxtpx:Extensions>
              <highway>motorway</highway>
              <surface>asphalt</surface>
              <maxspeed>unknown</maxspeed>
              <oneway>yes</oneway>
            </gpxtpx:Extensions>
          </gpxtpx:TrackPointExtension>
        </extensions>
      </trkpt>
      <trkpt lat="48.443826" lon="8.759648">
        <ele>502.5</ele>
        <extensions>
          <gpxtpx:TrackPointExtension>
            <gpxtpx:Extensions>
              <highway>motorway</highway>
              <surface>asphalt</surface>
              <maxspeed>unknown</maxspeed>
              <oneway>yes</oneway>
            </gpxtpx:Extensions>
          </gpxtpx:TrackPointExtension>
        </extensions>
      </trkpt>
      <trkpt lat="48.442366" lon="8.757788">
        <ele>507.5</ele>
        <extensions>
          <gpxtpx:TrackPointExtension>
            <gpxtpx:Extensions>
              <highway>motorway</highway>
              <surface>asphalt</surface>
              <maxspeed>unknown</maxspeed>
              <oneway>yes</oneway>
            </gpxtpx:Extensions>
          </gpxtpx:TrackPointExtension>
        </extensions>
      </trkpt>
      <trkpt lat="48.441782" lon="8.757074">
        <ele>509.5</ele>
        <extensions>
          <gpxtpx:TrackPointExtension>
            <gpxtpx:Extensions>
              <highway>motorway</highway>
              <surface>asphalt</surface>
              <maxspeed>unknown</maxspeed>
              <oneway>yes</oneway>
            </gpxtpx:Extensions>
          </gpxtpx:TrackPointExtension>
        </extensions>
      </trkpt>
      <trkpt lat="48.440686" lon="8.755774">
        <ele>516.75</ele>
        <extensions>
          <gpxtpx:TrackPointExtension>
            <gpxtpx:Extensions>
              <highway>motorway</highway>
              <surface>asphalt</surface>
              <maxspeed>unknown</maxspeed>
              <oneway>yes</oneway>
            </gpxtpx:Extensions>
          </gpxtpx:TrackPointExtension>
        </extensions>
      </trkpt>
      <trkpt lat="48.439887" lon="8.754883">
        <ele>516.5</ele>
        <extensions>
          <gpxtpx:TrackPointExtension>
            <gpxtpx:Extensions>
              <highway>motorway</highway>
              <surface>asphalt</surface>
              <maxspeed>unknown</maxspeed>
              <oneway>yes</oneway>
            </gpxtpx:Extensions>
          </gpxtpx:TrackPointExtension>
        </extensions>
      </trkpt>
      <trkpt lat="48.439508" lon="8.754475">
        <ele>517.5</ele>
        <extensions>
          <gpxtpx:TrackPointExtension>
            <gpxtpx:Extensions>
              <highway>motorway</highway>
              <surface>asphalt</surface>
              <maxspeed>unknown</maxspeed>
              <oneway>yes</oneway>
            </gpxtpx:Extensions>
          </gpxtpx:TrackPointExtension>
        </extensions>
      </trkpt>
      <trkpt lat="48.438737" lon="8.753685">
        <ele>517.5</ele>
        <extensions>
          <gpxtpx:TrackPointExtension>
            <gpxtpx:Extensions>
              <highway>motorway</highway>
              <surface>asphalt</surface>
              <maxspeed>unknown</maxspeed>
              <oneway>yes</oneway>
            </gpxtpx:Extensions>
          </gpxtpx:TrackPointExtension>
        </extensions>
      </trkpt>
      <trkpt lat="48.438349" lon="8.753304">
        <ele>516.75</ele>
        <extensions>
          <gpxtpx:TrackPointExtension>
            <gpxtpx:Extensions>
              <highway>motorway</highway>
              <surface>asphalt</surface>
              <maxspeed>unknown</maxspeed>
              <oneway>yes</oneway>
            </gpxtpx:Extensions>
          </gpxtpx:TrackPointExtension>
        </extensions>
      </trkpt>
      <trkpt lat="48.43755" lon="8.752544">
        <ele>511.25</ele>
        <extensions>
          <gpxtpx:TrackPointExtension>
            <gpxtpx:Extensions>
              <highway>motorway</highway>
              <surface>asphalt</surface>
              <maxspeed>unknown</maxspeed>
              <oneway>yes</oneway>
            </gpxtpx:Extensions>
          </gpxtpx:TrackPointExtension>
        </extensions>
      </trkpt>
      <trkpt lat="48.436747" lon="8.751826">
        <ele>509</ele>
        <extensions>
          <gpxtpx:TrackPointExtension>
            <gpxtpx:Extensions>
              <highway>motorway</highway>
              <surface>asphalt</surface>
              <maxspeed>unknown</maxspeed>
              <oneway>yes</oneway>
            </gpxtpx:Extensions>
          </gpxtpx:TrackPointExtension>
        </extensions>
      </trkpt>
      <trkpt lat="48.436289" lon="8.751439">
        <ele>508.75</ele>
        <extensions>
          <gpxtpx:TrackPointExtension>
            <gpxtpx:Extensions>
              <highway>motorway</highway>
              <surface>asphalt</surface>
              <maxspeed>unknown</maxspeed>
              <oneway>yes</oneway>
            </gpxtpx:Extensions>
          </gpxtpx:TrackPointExtension>
        </extensions>
      </trkpt>
      <trkpt lat="48.435361" lon="8.750686">
        <ele>507.5</ele>
        <extensions>
          <gpxtpx:TrackPointExtension>
            <gpxtpx:Extensions>
              <highway>motorway</highway>
              <surface>asphalt</surface>
              <maxspeed>unknown</maxspeed>
              <oneway>yes</oneway>
            </gpxtpx:Extensions>
          </gpxtpx:TrackPointExtension>
        </extensions>
      </trkpt>
      <trkpt lat="48.434893" lon="8.750317">
        <ele>506.75</ele>
        <extensions>
          <gpxtpx:TrackPointExtension>
            <gpxtpx:Extensions>
              <highway>motorway</highway>
              <surface>asphalt</surface>
              <maxspeed>unknown</maxspeed>
              <oneway>yes</oneway>
            </gpxtpx:Extensions>
          </gpxtpx:TrackPointExtension>
        </extensions>
      </trkpt>
      <trkpt lat="48.434725" lon="8.750193">
        <ele>507</ele>
        <extensions>
          <gpxtpx:TrackPointExtension>
            <gpxtpx:Extensions>
              <highway>motorway</highway>
              <surface>asphalt</surface>
              <maxspeed>unknown</maxspeed>
              <oneway>yes</oneway>
            </gpxtpx:Extensions>
          </gpxtpx:TrackPointExtension>
        </extensions>
      </trkpt>
      <trkpt lat="48.432999" lon="8.748896">
        <ele>507</ele>
        <extensions>
          <gpxtpx:TrackPointExtension>
            <gpxtpx:Extensions>
              <highway>motorway</highway>
              <surface>asphalt</surface>
              <maxspeed>unknown</maxspeed>
              <oneway>yes</oneway>
            </gpxtpx:Extensions>
          </gpxtpx:TrackPointExtension>
        </extensions>
      </trkpt>
      <trkpt lat="48.432155" lon="8.74827">
        <ele>508.5</ele>
        <extensions>
          <gpxtpx:TrackPointExtension>
            <gpxtpx:Extensions>
              <highway>motorway</highway>
              <surface>asphalt</surface>
              <maxspeed>unknown</maxspeed>
              <oneway>yes</oneway>
            </gpxtpx:Extensions>
          </gpxtpx:TrackPointExtension>
        </extensions>
      </trkpt>
      <trkpt lat="48.431776" lon="8.747971">
        <ele>509.5</ele>
        <extensions>
          <gpxtpx:TrackPointExtension>
            <gpxtpx:Extensions>
              <highway>motorway</highway>
              <surface>asphalt</surface>
              <maxspeed>unknown</maxspeed>
              <oneway>yes</oneway>
            </gpxtpx:Extensions>
          </gpxtpx:TrackPointExtension>
        </extensions>
      </trkpt>
      <trkpt lat="48.431187" lon="8.747522">
        <ele>510.75</ele>
        <extensions>
          <gpxtpx:TrackPointExtension>
            <gpxtpx:Extensions>
              <highway>motorway</highway>
              <surface>asphalt</surface>
              <maxspeed>unknown</maxspeed>
              <oneway>yes</oneway>
            </gpxtpx:Extensions>
          </gpxtpx:TrackPointExtension>
        </extensions>
      </trkpt>
      <trkpt lat="48.430536" lon="8.746991">
        <ele>511.75</ele>
        <extensions>
          <gpxtpx:TrackPointExtension>
            <gpxtpx:Extensions>
              <highway>motorway</highway>
              <surface>asphalt</surface>
              <maxspeed>unknown</maxspeed>
              <oneway>yes</oneway>
            </gpxtpx:Extensions>
          </gpxtpx:TrackPointExtension>
        </extensions>
      </trkpt>
      <trkpt lat="48.429451" lon="8.746071">
        <ele>514.25</ele>
        <extensions>
          <gpxtpx:TrackPointExtension>
            <gpxtpx:Extensions>
              <highway>motorway</highway>
              <surface>asphalt</surface>
              <maxspeed>unknown</maxspeed>
              <oneway>yes</oneway>
            </gpxtpx:Extensions>
          </gpxtpx:TrackPointExtension>
        </extensions>
      </trkpt>
      <trkpt lat="48.428667" lon="8.745364">
        <ele>515.5</ele>
        <extensions>
          <gpxtpx:TrackPointExtension>
            <gpxtpx:Extensions>
              <highway>motorway</highway>
              <surface>asphalt</surface>
              <maxspeed>unknown</maxspeed>
              <oneway>yes</oneway>
            </gpxtpx:Extensions>
          </gpxtpx:TrackPointExtension>
        </extensions>
      </trkpt>
      <trkpt lat="48.427616" lon="8.744329">
        <ele>515</ele>
        <extensions>
          <gpxtpx:TrackPointExtension>
            <gpxtpx:Extensions>
              <highway>motorway</highway>
              <surface>asphalt</surface>
              <maxspeed>unknown</maxspeed>
              <oneway>yes</oneway>
            </gpxtpx:Extensions>
          </gpxtpx:TrackPointExtension>
        </extensions>
      </trkpt>
      <trkpt lat="48.427106" lon="8.743801">
        <ele>512.75</ele>
        <extensions>
          <gpxtpx:TrackPointExtension>
            <gpxtpx:Extensions>
              <highway>motorway</highway>
              <surface>asphalt</surface>
              <maxspeed>unknown</maxspeed>
              <oneway>yes</oneway>
            </gpxtpx:Extensions>
          </gpxtpx:TrackPointExtension>
        </extensions>
      </trkpt>
      <trkpt lat="48.426606" lon="8.743262">
        <ele>510.25</ele>
        <extensions>
          <gpxtpx:TrackPointExtension>
            <gpxtpx:Extensions>
              <highway>motorway</highway>
              <surface>asphalt</surface>
              <maxspeed>unknown</maxspeed>
              <oneway>yes</oneway>
            </gpxtpx:Extensions>
          </gpxtpx:TrackPointExtension>
        </extensions>
      </trkpt>
      <trkpt lat="48.425525" lon="8.742021">
        <ele>507.75</ele>
        <extensions>
          <gpxtpx:TrackPointExtension>
            <gpxtpx:Extensions>
              <highway>motorway</highway>
              <surface>asphalt</surface>
              <maxspeed>unknown</maxspeed>
              <oneway>yes</oneway>
            </gpxtpx:Extensions>
          </gpxtpx:TrackPointExtension>
        </extensions>
      </trkpt>
      <trkpt lat="48.424708" lon="8.74104">
        <ele>511</ele>
        <extensions>
          <gpxtpx:TrackPointExtension>
            <gpxtpx:Extensions>
              <highway>motorway</highway>
              <surface>asphalt</surface>
              <maxspeed>unknown</maxspeed>
              <oneway>yes</oneway>
            </gpxtpx:Extensions>
          </gpxtpx:TrackPointExtension>
        </extensions>
      </trkpt>
      <trkpt lat="48.424342" lon="8.740576">
        <ele>512.5</ele>
        <extensions>
          <gpxtpx:TrackPointExtension>
            <gpxtpx:Extensions>
              <highway>motorway</highway>
              <surface>asphalt</surface>
              <maxspeed>unknown</maxspeed>
              <oneway>yes</oneway>
            </gpxtpx:Extensions>
          </gpxtpx:TrackPointExtension>
        </extensions>
      </trkpt>
      <trkpt lat="48.423963" lon="8.740086">
        <ele>512.75</ele>
        <extensions>
          <gpxtpx:TrackPointExtension>
            <gpxtpx:Extensions>
              <highway>motorway</highway>
              <surface>asphalt</surface>
              <maxspeed>unknown</maxspeed>
              <oneway>yes</oneway>
            </gpxtpx:Extensions>
          </gpxtpx:TrackPointExtension>
        </extensions>
      </trkpt>
      <trkpt lat="48.423587" lon="8.739584">
        <ele>514.5</ele>
        <extensions>
          <gpxtpx:TrackPointExtension>
            <gpxtpx:Extensions>
              <highway>motorway</highway>
              <surface>asphalt</surface>
              <maxspeed>unknown</maxspeed>
              <oneway>yes</oneway>
            </gpxtpx:Extensions>
          </gpxtpx:TrackPointExtension>
        </extensions>
      </trkpt>
      <trkpt lat="48.42292" lon="8.73865">
        <ele>521.5</ele>
        <extensions>
          <gpxtpx:TrackPointExtension>
            <gpxtpx:Extensions>
              <highway>motorway</highway>
              <surface>asphalt</surface>
              <maxspeed>unknown</maxspeed>
              <oneway>yes</oneway>
            </gpxtpx:Extensions>
          </gpxtpx:TrackPointExtension>
        </extensions>
      </trkpt>
      <trkpt lat="48.422338" lon="8.737812">
        <ele>524.5</ele>
        <extensions>
          <gpxtpx:TrackPointExtension>
            <gpxtpx:Extensions>
              <highway>motorway</highway>
              <surface>asphalt</surface>
              <maxspeed>unknown</maxspeed>
              <oneway>yes</oneway>
            </gpxtpx:Extensions>
          </gpxtpx:TrackPointExtension>
        </extensions>
      </trkpt>
      <trkpt lat="48.421763" lon="8.736958">
        <ele>526.25</ele>
        <extensions>
          <gpxtpx:TrackPointExtension>
            <gpxtpx:Extensions>
              <highway>motorway</highway>
              <surface>asphalt</surface>
              <maxspeed>unknown</maxspeed>
              <oneway>yes</oneway>
            </gpxtpx:Extensions>
          </gpxtpx:TrackPointExtension>
        </extensions>
      </trkpt>
      <trkpt lat="48.420291" lon="8.734705">
        <ele>525</ele>
        <extensions>
          <gpxtpx:TrackPointExtension>
            <gpxtpx:Extensions>
              <highway>motorway</highway>
              <surface>asphalt</surface>
              <maxspeed>unknown</maxspeed>
              <oneway>yes</oneway>
            </gpxtpx:Extensions>
          </gpxtpx:TrackPointExtension>
        </extensions>
      </trkpt>
      <trkpt lat="48.419607" lon="8.733691">
        <ele>525</ele>
        <extensions>
          <gpxtpx:TrackPointExtension>
            <gpxtpx:Extensions>
              <highway>motorway</highway>
              <surface>asphalt</surface>
              <maxspeed>unknown</maxspeed>
              <oneway>yes</oneway>
            </gpxtpx:Extensions>
          </gpxtpx:TrackPointExtension>
        </extensions>
      </trkpt>
      <trkpt lat="48.419262" lon="8.733188">
        <ele>523.25</ele>
        <extensions>
          <gpxtpx:TrackPointExtension>
            <gpxtpx:Extensions>
              <highway>motorway</highway>
              <surface>asphalt</surface>
              <maxspeed>unknown</maxspeed>
              <oneway>yes</oneway>
            </gpxtpx:Extensions>
          </gpxtpx:TrackPointExtension>
        </extensions>
      </trkpt>
      <trkpt lat="48.419003" lon="8.732828">
        <ele>522.5</ele>
        <extensions>
          <gpxtpx:TrackPointExtension>
            <gpxtpx:Extensions>
              <highway>motorway</highway>
              <surface>asphalt</surface>
              <maxspeed>unknown</maxspeed>
              <oneway>yes</oneway>
            </gpxtpx:Extensions>
          </gpxtpx:TrackPointExtension>
        </extensions>
      </trkpt>
      <trkpt lat="48.418396" lon="8.731996">
        <ele>516</ele>
        <extensions>
          <gpxtpx:TrackPointExtension>
            <gpxtpx:Extensions>
              <highway>motorway</highway>
              <surface>asphalt</surface>
              <maxspeed>unknown</maxspeed>
              <oneway>yes</oneway>
            </gpxtpx:Extensions>
          </gpxtpx:TrackPointExtension>
        </extensions>
      </trkpt>
      <trkpt lat="48.41803" lon="8.73152">
        <ele>510.5</ele>
        <extensions>
          <gpxtpx:TrackPointExtension>
            <gpxtpx:Extensions>
              <highway>motorway</highway>
              <surface>asphalt</surface>
              <maxspeed>unknown</maxspeed>
              <oneway>yes</oneway>
            </gpxtpx:Extensions>
          </gpxtpx:TrackPointExtension>
        </extensions>
      </trkpt>
      <trkpt lat="48.417365" lon="8.730772">
        <ele>509.75</ele>
        <extensions>
          <gpxtpx:TrackPointExtension>
            <gpxtpx:Extensions>
              <highway>motorway</highway>
              <surface>asphalt</surface>
              <maxspeed>unknown</maxspeed>
              <oneway>yes</oneway>
            </gpxtpx:Extensions>
          </gpxtpx:TrackPointExtension>
        </extensions>
      </trkpt>
      <trkpt lat="48.417053" lon="8.730435">
        <ele>511.5</ele>
        <extensions>
          <gpxtpx:TrackPointExtension>
            <gpxtpx:Extensions>
              <highway>motorway</highway>
              <surface>asphalt</surface>
              <maxspeed>unknown</maxspeed>
              <oneway>yes</oneway>
            </gpxtpx:Extensions>
          </gpxtpx:TrackPointExtension>
        </extensions>
      </trkpt>
      <trkpt lat="48.416733" lon="8.730114">
        <ele>516</ele>
        <extensions>
          <gpxtpx:TrackPointExtension>
            <gpxtpx:Extensions>
              <highway>motorway</highway>
              <surface>asphalt</surface>
              <maxspeed>unknown</maxspeed>
              <oneway>yes</oneway>
            </gpxtpx:Extensions>
          </gpxtpx:TrackPointExtension>
        </extensions>
      </trkpt>
      <trkpt lat="48.41633" lon="8.729743">
        <ele>521.25</ele>
        <extensions>
          <gpxtpx:TrackPointExtension>
            <gpxtpx:Extensions>
              <highway>motorway</highway>
              <surface>asphalt</surface>
              <maxspeed>unknown</maxspeed>
              <oneway>yes</oneway>
            </gpxtpx:Extensions>
          </gpxtpx:TrackPointExtension>
        </extensions>
      </trkpt>
      <trkpt lat="48.416062" lon="8.729509">
        <ele>522.75</ele>
        <extensions>
          <gpxtpx:TrackPointExtension>
            <gpxtpx:Extensions>
              <highway>motorway</highway>
              <surface>asphalt</surface>
              <maxspeed>unknown</maxspeed>
              <oneway>yes</oneway>
            </gpxtpx:Extensions>
          </gpxtpx:TrackPointExtension>
        </extensions>
      </trkpt>
      <trkpt lat="48.415476" lon="8.729029">
        <ele>522.25</ele>
        <extensions>
          <gpxtpx:TrackPointExtension>
            <gpxtpx:Extensions>
              <highway>motorway</highway>
              <surface>asphalt</surface>
              <maxspeed>unknown</maxspeed>
              <oneway>yes</oneway>
            </gpxtpx:Extensions>
          </gpxtpx:TrackPointExtension>
        </extensions>
      </trkpt>
      <trkpt lat="48.414921" lon="8.728593">
        <ele>520</ele>
        <extensions>
          <gpxtpx:TrackPointExtension>
            <gpxtpx:Extensions>
              <highway>motorway</highway>
              <surface>asphalt</surface>
              <maxspeed>unknown</maxspeed>
              <oneway>yes</oneway>
            </gpxtpx:Extensions>
          </gpxtpx:TrackPointExtension>
        </extensions>
      </trkpt>
      <trkpt lat="48.414654" lon="8.728403">
        <ele>519.5</ele>
        <extensions>
          <gpxtpx:TrackPointExtension>
            <gpxtpx:Extensions>
              <highway>motorway</highway>
              <surface>asphalt</surface>
              <maxspeed>unknown</maxspeed>
              <oneway>yes</oneway>
            </gpxtpx:Extensions>
          </gpxtpx:TrackPointExtension>
        </extensions>
      </trkpt>
      <trkpt lat="48.414142" lon="8.728082">
        <ele>516.25</ele>
        <extensions>
          <gpxtpx:TrackPointExtension>
            <gpxtpx:Extensions>
              <highway>motorway</highway>
              <surface>asphalt</surface>
              <maxspeed>unknown</maxspeed>
              <oneway>yes</oneway>
            </gpxtpx:Extensions>
          </gpxtpx:TrackPointExtension>
        </extensions>
      </trkpt>
      <trkpt lat="48.41363" lon="8.727785">
        <ele>519</ele>
        <extensions>
          <gpxtpx:TrackPointExtension>
            <gpxtpx:Extensions>
              <highway>motorway</highway>
              <surface>asphalt</surface>
              <maxspeed>unknown</maxspeed>
              <oneway>yes</oneway>
            </gpxtpx:Extensions>
          </gpxtpx:TrackPointExtension>
        </extensions>
      </trkpt>
      <trkpt lat="48.413285" lon="8.7276">
        <ele>521</ele>
        <extensions>
          <gpxtpx:TrackPointExtension>
            <gpxtpx:Extensions>
              <highway>motorway</highway>
              <surface>asphalt</surface>
              <maxspeed>unknown</maxspeed>
              <oneway>yes</oneway>
            </gpxtpx:Extensions>
          </gpxtpx:TrackPointExtension>
        </extensions>
      </trkpt>
      <trkpt lat="48.412715" lon="8.727324">
        <ele>523.25</ele>
        <extensions>
          <gpxtpx:TrackPointExtension>
            <gpxtpx:Extensions>
              <highway>motorway</highway>
              <surface>asphalt</surface>
              <maxspeed>unknown</maxspeed>
              <oneway>yes</oneway>
            </gpxtpx:Extensions>
          </gpxtpx:TrackPointExtension>
        </extensions>
      </trkpt>
      <trkpt lat="48.41222" lon="8.727111">
        <ele>525</ele>
        <extensions>
          <gpxtpx:TrackPointExtension>
            <gpxtpx:Extensions>
              <highway>motorway</highway>
              <surface>asphalt</surface>
              <maxspeed>unknown</maxspeed>
              <oneway>yes</oneway>
            </gpxtpx:Extensions>
          </gpxtpx:TrackPointExtension>
        </extensions>
      </trkpt>
      <trkpt lat="48.411679" lon="8.726907">
        <ele>526.75</ele>
        <extensions>
          <gpxtpx:TrackPointExtension>
            <gpxtpx:Extensions>
              <highway>motorway</highway>
              <surface>asphalt</surface>
              <maxspeed>unknown</maxspeed>
              <oneway>yes</oneway>
            </gpxtpx:Extensions>
          </gpxtpx:TrackPointExtension>
        </extensions>
      </trkpt>
      <trkpt lat="48.411367" lon="8.726804">
        <ele>525.25</ele>
        <extensions>
          <gpxtpx:TrackPointExtension>
            <gpxtpx:Extensions>
              <highway>motorway</highway>
              <surface>asphalt</surface>
              <maxspeed>unknown</maxspeed>
              <oneway>yes</oneway>
            </gpxtpx:Extensions>
          </gpxtpx:TrackPointExtension>
        </extensions>
      </trkpt>
      <trkpt lat="48.410744" lon="8.726635">
        <ele>523.25</ele>
        <extensions>
          <gpxtpx:TrackPointExtension>
            <gpxtpx:Extensions>
              <highway>motorway</highway>
              <surface>asphalt</surface>
              <maxspeed>unknown</maxspeed>
              <oneway>yes</oneway>
            </gpxtpx:Extensions>
          </gpxtpx:TrackPointExtension>
        </extensions>
      </trkpt>
      <trkpt lat="48.410198" lon="8.726503">
        <ele>525</ele>
        <extensions>
          <gpxtpx:TrackPointExtension>
            <gpxtpx:Extensions>
              <highway>motorway</highway>
              <surface>asphalt</surface>
              <maxspeed>unknown</maxspeed>
              <oneway>yes</oneway>
            </gpxtpx:Extensions>
          </gpxtpx:TrackPointExtension>
        </extensions>
      </trkpt>
      <trkpt lat="48.409921" lon="8.72645">
        <ele>525.75</ele>
        <extensions>
          <gpxtpx:TrackPointExtension>
            <gpxtpx:Extensions>
              <highway>motorway</highway>
              <surface>asphalt</surface>
              <maxspeed>unknown</maxspeed>
              <oneway>yes</oneway>
            </gpxtpx:Extensions>
          </gpxtpx:TrackPointExtension>
        </extensions>
      </trkpt>
      <trkpt lat="48.409643" lon="8.726404">
        <ele>526.75</ele>
        <extensions>
          <gpxtpx:TrackPointExtension>
            <gpxtpx:Extensions>
              <highway>motorway</highway>
              <surface>asphalt</surface>
              <maxspeed>unknown</maxspeed>
              <oneway>yes</oneway>
            </gpxtpx:Extensions>
          </gpxtpx:TrackPointExtension>
        </extensions>
      </trkpt>
      <trkpt lat="48.409247" lon="8.726353">
        <ele>528.25</ele>
        <extensions>
          <gpxtpx:TrackPointExtension>
            <gpxtpx:Extensions>
              <highway>motorway</highway>
              <surface>asphalt</surface>
              <maxspeed>unknown</maxspeed>
              <oneway>yes</oneway>
            </gpxtpx:Extensions>
          </gpxtpx:TrackPointExtension>
        </extensions>
      </trkpt>
      <trkpt lat="48.408844" lon="8.72632">
        <ele>528.25</ele>
        <extensions>
          <gpxtpx:TrackPointExtension>
            <gpxtpx:Extensions>
              <highway>motorway</highway>
              <surface>asphalt</surface>
              <maxspeed>unknown</maxspeed>
              <oneway>yes</oneway>
            </gpxtpx:Extensions>
          </gpxtpx:TrackPointExtension>
        </extensions>
      </trkpt>
      <trkpt lat="48.408532" lon="8.726305">
        <ele>527.75</ele>
        <extensions>
          <gpxtpx:TrackPointExtension>
            <gpxtpx:Extensions>
              <highway>motorway</highway>
              <surface>asphalt</surface>
              <maxspeed>unknown</maxspeed>
              <oneway>yes</oneway>
            </gpxtpx:Extensions>
          </gpxtpx:TrackPointExtension>
        </extensions>
      </trkpt>
      <trkpt lat="48.408223" lon="8.726297">
        <ele>527</ele>
        <extensions>
          <gpxtpx:TrackPointExtension>
            <gpxtpx:Extensions>
              <highway>motorway</highway>
              <surface>asphalt</surface>
              <maxspeed>unknown</maxspeed>
              <oneway>yes</oneway>
            </gpxtpx:Extensions>
          </gpxtpx:TrackPointExtension>
        </extensions>
      </trkpt>
      <trkpt lat="48.407923" lon="8.7263">
        <ele>526</ele>
        <extensions>
          <gpxtpx:TrackPointExtension>
            <gpxtpx:Extensions>
              <highway>motorway</highway>
              <surface>asphalt</surface>
              <maxspeed>unknown</maxspeed>
              <oneway>yes</oneway>
            </gpxtpx:Extensions>
          </gpxtpx:TrackPointExtension>
        </extensions>
      </trkpt>
      <trkpt lat="48.407139" lon="8.726352">
        <ele>524.25</ele>
        <extensions>
          <gpxtpx:TrackPointExtension>
            <gpxtpx:Extensions>
              <highway>motorway</highway>
              <surface>asphalt</surface>
              <maxspeed>unknown</maxspeed>
              <oneway>yes</oneway>
            </gpxtpx:Extensions>
          </gpxtpx:TrackPointExtension>
        </extensions>
      </trkpt>
      <trkpt lat="48.406668" lon="8.726414">
        <ele>524.25</ele>
        <extensions>
          <gpxtpx:TrackPointExtension>
            <gpxtpx:Extensions>
              <highway>motorway</highway>
              <surface>asphalt</surface>
              <maxspeed>unknown</maxspeed>
              <oneway>yes</oneway>
            </gpxtpx:Extensions>
          </gpxtpx:TrackPointExtension>
        </extensions>
      </trkpt>
      <trkpt lat="48.406352" lon="8.726468">
        <ele>524</ele>
        <extensions>
          <gpxtpx:TrackPointExtension>
            <gpxtpx:Extensions>
              <highway>motorway</highway>
              <surface>asphalt</surface>
              <maxspeed>unknown</maxspeed>
              <oneway>yes</oneway>
            </gpxtpx:Extensions>
          </gpxtpx:TrackPointExtension>
        </extensions>
      </trkpt>
      <trkpt lat="48.40581" lon="8.726574">
        <ele>523.5</ele>
        <extensions>
          <gpxtpx:TrackPointExtension>
            <gpxtpx:Extensions>
              <highway>motorway</highway>
              <surface>asphalt</surface>
              <maxspeed>unknown</maxspeed>
              <oneway>yes</oneway>
            </gpxtpx:Extensions>
          </gpxtpx:TrackPointExtension>
        </extensions>
      </trkpt>
      <trkpt lat="48.405368" lon="8.726677">
        <ele>523.25</ele>
        <extensions>
          <gpxtpx:TrackPointExtension>
            <gpxtpx:Extensions>
              <highway>motorway</highway>
              <surface>asphalt</surface>
              <maxspeed>unknown</maxspeed>
              <oneway>yes</oneway>
            </gpxtpx:Extensions>
          </gpxtpx:TrackPointExtension>
        </extensions>
      </trkpt>
      <trkpt lat="48.404717" lon="8.726855">
        <ele>523</ele>
        <extensions>
          <gpxtpx:TrackPointExtension>
            <gpxtpx:Extensions>
              <highway>motorway</highway>
              <surface>asphalt</surface>
              <maxspeed>unknown</maxspeed>
              <oneway>yes</oneway>
            </gpxtpx:Extensions>
          </gpxtpx:TrackPointExtension>
        </extensions>
      </trkpt>
      <trkpt lat="48.404277" lon="8.726988">
        <ele>523</ele>
        <extensions>
          <gpxtpx:TrackPointExtension>
            <gpxtpx:Extensions>
              <highway>motorway</highway>
              <surface>asphalt</surface>
              <maxspeed>unknown</maxspeed>
              <oneway>yes</oneway>
            </gpxtpx:Extensions>
          </gpxtpx:TrackPointExtension>
        </extensions>
      </trkpt>
      <trkpt lat="48.403384" lon="8.727284">
        <ele>522</ele>
        <extensions>
          <gpxtpx:TrackPointExtension>
            <gpxtpx:Extensions>
              <highway>motorway</highway>
              <surface>asphalt</surface>
              <maxspeed>unknown</maxspeed>
              <oneway>yes</oneway>
            </gpxtpx:Extensions>
          </gpxtpx:TrackPointExtension>
        </extensions>
      </trkpt>
      <trkpt lat="48.402443" lon="8.727613">
        <ele>524</ele>
        <extensions>
          <gpxtpx:TrackPointExtension>
            <gpxtpx:Extensions>
              <highway>motorway</highway>
              <surface>asphalt</surface>
              <maxspeed>unknown</maxspeed>
              <oneway>yes</oneway>
            </gpxtpx:Extensions>
          </gpxtpx:TrackPointExtension>
        </extensions>
      </trkpt>
      <trkpt lat="48.40107" lon="8.728114">
        <ele>528.25</ele>
        <extensions>
          <gpxtpx:TrackPointExtension>
            <gpxtpx:Extensions>
              <highway>motorway</highway>
              <surface>asphalt</surface>
              <maxspeed>unknown</maxspeed>
              <oneway>yes</oneway>
            </gpxtpx:Extensions>
          </gpxtpx:TrackPointExtension>
        </extensions>
      </trkpt>
      <trkpt lat="48.399839" lon="8.728548">
        <ele>535.75</ele>
        <extensions>
          <gpxtpx:TrackPointExtension>
            <gpxtpx:Extensions>
              <highway>motorway</highway>
              <surface>asphalt</surface>
              <maxspeed>unknown</maxspeed>
              <oneway>yes</oneway>
            </gpxtpx:Extensions>
          </gpxtpx:TrackPointExtension>
        </extensions>
      </trkpt>
      <trkpt lat="48.398876" lon="8.728846">
        <ele>537.25</ele>
        <extensions>
          <gpxtpx:TrackPointExtension>
            <gpxtpx:Extensions>
              <highway>motorway</highway>
              <surface>asphalt</surface>
              <maxspeed>unknown</maxspeed>
              <oneway>yes</oneway>
            </gpxtpx:Extensions>
          </gpxtpx:TrackPointExtension>
        </extensions>
      </trkpt>
      <trkpt lat="48.39847" lon="8.728963">
        <ele>537</ele>
        <extensions>
          <gpxtpx:TrackPointExtension>
            <gpxtpx:Extensions>
              <highway>motorway</highway>
              <surface>asphalt</surface>
              <maxspeed>unknown</maxspeed>
              <oneway>yes</oneway>
            </gpxtpx:Extensions>
          </gpxtpx:TrackPointExtension>
        </extensions>
      </trkpt>
      <trkpt lat="48.398012" lon="8.729083">
        <ele>536.25</ele>
        <extensions>
          <gpxtpx:TrackPointExtension>
            <gpxtpx:Extensions>
              <highway>motorway</highway>
              <surface>asphalt</surface>
              <maxspeed>unknown</maxspeed>
              <oneway>yes</oneway>
            </gpxtpx:Extensions>
          </gpxtpx:TrackPointExtension>
        </extensions>
      </trkpt>
      <trkpt lat="48.397488" lon="8.729208">
        <ele>535</ele>
        <extensions>
          <gpxtpx:TrackPointExtension>
            <gpxtpx:Extensions>
              <highway>motorway</highway>
              <surface>asphalt</surface>
              <maxspeed>unknown</maxspeed>
              <oneway>yes</oneway>
            </gpxtpx:Extensions>
          </gpxtpx:TrackPointExtension>
        </extensions>
      </trkpt>
      <trkpt lat="48.396929" lon="8.729317">
        <ele>533</ele>
        <extensions>
          <gpxtpx:TrackPointExtension>
            <gpxtpx:Extensions>
              <highway>motorway</highway>
              <surface>asphalt</surface>
              <maxspeed>unknown</maxspeed>
              <oneway>yes</oneway>
            </gpxtpx:Extensions>
          </gpxtpx:TrackPointExtension>
        </extensions>
      </trkpt>
      <trkpt lat="48.396695" lon="8.729353">
        <ele>532</ele>
        <extensions>
          <gpxtpx:TrackPointExtension>
            <gpxtpx:Extensions>
              <highway>motorway</highway>
              <surface>asphalt</surface>
              <maxspeed>unknown</maxspeed>
              <oneway>yes</oneway>
            </gpxtpx:Extensions>
          </gpxtpx:TrackPointExtension>
        </extensions>
      </trkpt>
      <trkpt lat="48.395964" lon="8.729438">
        <ele>528.25</ele>
        <extensions>
          <gpxtpx:TrackPointExtension>
            <gpxtpx:Extensions>
              <highway>motorway</highway>
              <surface>asphalt</surface>
              <maxspeed>unknown</maxspeed>
              <oneway>yes</oneway>
            </gpxtpx:Extensions>
          </gpxtpx:TrackPointExtension>
        </extensions>
      </trkpt>
      <trkpt lat="48.395208" lon="8.729495">
        <ele>524.25</ele>
        <extensions>
          <gpxtpx:TrackPointExtension>
            <gpxtpx:Extensions>
              <highway>motorway</highway>
              <surface>asphalt</surface>
              <maxspeed>unknown</maxspeed>
              <oneway>yes</oneway>
            </gpxtpx:Extensions>
          </gpxtpx:TrackPointExtension>
        </extensions>
      </trkpt>
      <trkpt lat="48.395011" lon="8.729498">
        <ele>523.25</ele>
        <extensions>
          <gpxtpx:TrackPointExtension>
            <gpxtpx:Extensions>
              <highway>motorway</highway>
              <surface>asphalt</surface>
              <maxspeed>unknown</maxspeed>
              <oneway>yes</oneway>
            </gpxtpx:Extensions>
          </gpxtpx:TrackPointExtension>
        </extensions>
      </trkpt>
      <trkpt lat="48.394251" lon="8.729469">
        <ele>520.75</ele>
        <extensions>
          <gpxtpx:TrackPointExtension>
            <gpxtpx:Extensions>
              <highway>motorway</highway>
              <surface>asphalt</surface>
              <maxspeed>unknown</maxspeed>
              <oneway>yes</oneway>
            </gpxtpx:Extensions>
          </gpxtpx:TrackPointExtension>
        </extensions>
      </trkpt>
      <trkpt lat="48.393559" lon="8.729423">
        <ele>518.5</ele>
        <extensions>
          <gpxtpx:TrackPointExtension>
            <gpxtpx:Extensions>
              <highway>motorway</highway>
              <surface>asphalt</surface>
              <maxspeed>unknown</maxspeed>
              <oneway>yes</oneway>
            </gpxtpx:Extensions>
          </gpxtpx:TrackPointExtension>
        </extensions>
      </trkpt>
      <trkpt lat="48.393116" lon="8.729367">
        <ele>518</ele>
        <extensions>
          <gpxtpx:TrackPointExtension>
            <gpxtpx:Extensions>
              <highway>motorway</highway>
              <surface>asphalt</surface>
              <maxspeed>unknown</maxspeed>
              <oneway>yes</oneway>
            </gpxtpx:Extensions>
          </gpxtpx:TrackPointExtension>
        </extensions>
      </trkpt>
      <trkpt lat="48.392649" lon="8.72929">
        <ele>518.5</ele>
        <extensions>
          <gpxtpx:TrackPointExtension>
            <gpxtpx:Extensions>
              <highway>motorway</highway>
              <surface>asphalt</surface>
              <maxspeed>unknown</maxspeed>
              <oneway>yes</oneway>
            </gpxtpx:Extensions>
          </gpxtpx:TrackPointExtension>
        </extensions>
      </trkpt>
      <trkpt lat="48.392046" lon="8.729164">
        <ele>517.75</ele>
        <extensions>
          <gpxtpx:TrackPointExtension>
            <gpxtpx:Extensions>
              <highway>motorway</highway>
              <surface>asphalt</surface>
              <maxspeed>unknown</maxspeed>
              <oneway>yes</oneway>
            </gpxtpx:Extensions>
          </gpxtpx:TrackPointExtension>
        </extensions>
      </trkpt>
      <trkpt lat="48.391824" lon="8.729109">
        <ele>517.25</ele>
        <extensions>
          <gpxtpx:TrackPointExtension>
            <gpxtpx:Extensions>
              <highway>motorway</highway>
              <surface>asphalt</surface>
              <maxspeed>unknown</maxspeed>
              <oneway>yes</oneway>
            </gpxtpx:Extensions>
          </gpxtpx:TrackPointExtension>
        </extensions>
      </trkpt>
      <trkpt lat="48.391143" lon="8.728917">
        <ele>515.25</ele>
        <extensions>
          <gpxtpx:TrackPointExtension>
            <gpxtpx:Extensions>
              <highway>motorway</highway>
              <surface>asphalt</surface>
              <maxspeed>unknown</maxspeed>
              <oneway>yes</oneway>
            </gpxtpx:Extensions>
          </gpxtpx:TrackPointExtension>
        </extensions>
      </trkpt>
      <trkpt lat="48.390784" lon="8.728799">
        <ele>514.25</ele>
        <extensions>
          <gpxtpx:TrackPointExtension>
            <gpxtpx:Extensions>
              <highway>motorway</highway>
              <surface>asphalt</surface>
              <maxspeed>unknown</maxspeed>
              <oneway>yes</oneway>
            </gpxtpx:Extensions>
          </gpxtpx:TrackPointExtension>
        </extensions>
      </trkpt>
      <trkpt lat="48.390103" lon="8.728547">
        <ele>513.75</ele>
        <extensions>
          <gpxtpx:TrackPointExtension>
            <gpxtpx:Extensions>
              <highway>motorway</highway>
              <surface>asphalt</surface>
              <maxspeed>unknown</maxspeed>
              <oneway>yes</oneway>
            </gpxtpx:Extensions>
          </gpxtpx:TrackPointExtension>
        </extensions>
      </trkpt>
      <trkpt lat="48.389362" lon="8.728221">
        <ele>512.5</ele>
        <extensions>
          <gpxtpx:TrackPointExtension>
            <gpxtpx:Extensions>
              <highway>motorway</highway>
              <surface>asphalt</surface>
              <maxspeed>unknown</maxspeed>
              <oneway>yes</oneway>
            </gpxtpx:Extensions>
          </gpxtpx:TrackPointExtension>
        </extensions>
      </trkpt>
      <trkpt lat="48.388855" lon="8.727969">
        <ele>512.75</ele>
        <extensions>
          <gpxtpx:TrackPointExtension>
            <gpxtpx:Extensions>
              <highway>motorway</highway>
              <surface>asphalt</surface>
              <maxspeed>unknown</maxspeed>
              <oneway>yes</oneway>
            </gpxtpx:Extensions>
          </gpxtpx:TrackPointExtension>
        </extensions>
      </trkpt>
      <trkpt lat="48.388462" lon="8.72776">
        <ele>512.25</ele>
        <extensions>
          <gpxtpx:TrackPointExtension>
            <gpxtpx:Extensions>
              <highway>motorway</highway>
              <surface>asphalt</surface>
              <maxspeed>unknown</maxspeed>
              <oneway>yes</oneway>
            </gpxtpx:Extensions>
          </gpxtpx:TrackPointExtension>
        </extensions>
      </trkpt>
      <trkpt lat="48.388025" lon="8.727509">
        <ele>511.25</ele>
        <extensions>
          <gpxtpx:TrackPointExtension>
            <gpxtpx:Extensions>
              <highway>motorway</highway>
              <surface>asphalt</surface>
              <maxspeed>unknown</maxspeed>
              <oneway>yes</oneway>
            </gpxtpx:Extensions>
          </gpxtpx:TrackPointExtension>
        </extensions>
      </trkpt>
      <trkpt lat="48.387615" lon="8.727254">
        <ele>510</ele>
        <extensions>
          <gpxtpx:TrackPointExtension>
            <gpxtpx:Extensions>
              <highway>motorway</highway>
              <surface>asphalt</surface>
              <maxspeed>unknown</maxspeed>
              <oneway>yes</oneway>
            </gpxtpx:Extensions>
          </gpxtpx:TrackPointExtension>
        </extensions>
      </trkpt>
      <trkpt lat="48.387041" lon="8.726858">
        <ele>509</ele>
        <extensions>
          <gpxtpx:TrackPointExtension>
            <gpxtpx:Extensions>
              <highway>motorway</highway>
              <surface>asphalt</surface>
              <maxspeed>unknown</maxspeed>
              <oneway>yes</oneway>
            </gpxtpx:Extensions>
          </gpxtpx:TrackPointExtension>
        </extensions>
      </trkpt>
      <trkpt lat="48.38691" lon="8.726851">
        <ele>508.5</ele>
        <extensions>
          <gpxtpx:TrackPointExtension>
            <gpxtpx:Extensions>
              <highway>motorway_link</highway>
              <surface>asphalt</surface>
              <oneway>yes</oneway>
            </gpxtpx:Extensions>
          </gpxtpx:TrackPointExtension>
        </extensions>
      </trkpt>
      <trkpt lat="48.386653" lon="8.726715">
        <ele>508</ele>
        <extensions>
          <gpxtpx:TrackPointExtension>
            <gpxtpx:Extensions>
              <highway>motorway_link</highway>
              <surface>asphalt</surface>
              <oneway>yes</oneway>
            </gpxtpx:Extensions>
          </gpxtpx:TrackPointExtension>
        </extensions>
      </trkpt>
      <trkpt lat="48.386601" lon="8.726697">
        <ele>508</ele>
        <extensions>
          <gpxtpx:TrackPointExtension>
            <gpxtpx:Extensions>
              <highway>motorway_link</highway>
              <surface>asphalt</surface>
              <oneway>yes</oneway>
            </gpxtpx:Extensions>
          </gpxtpx:TrackPointExtension>
        </extensions>
      </trkpt>
      <trkpt lat="48.38654" lon="8.726685">
        <ele>508</ele>
        <extensions>
          <gpxtpx:TrackPointExtension>
            <gpxtpx:Extensions>
              <highway>motorway_link</highway>
              <surface>asphalt</surface>
              <oneway>yes</oneway>
            </gpxtpx:Extensions>
          </gpxtpx:TrackPointExtension>
        </extensions>
      </trkpt>
      <trkpt lat="48.38647" lon="8.726686">
        <ele>508</ele>
        <extensions>
          <gpxtpx:TrackPointExtension>
            <gpxtpx:Extensions>
              <highway>motorway_link</highway>
              <surface>asphalt</surface>
              <oneway>yes</oneway>
            </gpxtpx:Extensions>
          </gpxtpx:TrackPointExtension>
        </extensions>
      </trkpt>
      <trkpt lat="48.386346" lon="8.726713">
        <ele>508</ele>
        <extensions>
          <gpxtpx:TrackPointExtension>
            <gpxtpx:Extensions>
              <highway>motorway_link</highway>
              <surface>asphalt</surface>
              <oneway>yes</oneway>
            </gpxtpx:Extensions>
          </gpxtpx:TrackPointExtension>
        </extensions>
      </trkpt>
      <trkpt lat="48.386218" lon="8.726787">
        <ele>508</ele>
        <extensions>
          <gpxtpx:TrackPointExtension>
            <gpxtpx:Extensions>
              <highway>motorway_link</highway>
              <surface>asphalt</surface>
              <oneway>yes</oneway>
            </gpxtpx:Extensions>
          </gpxtpx:TrackPointExtension>
        </extensions>
      </trkpt>
      <trkpt lat="48.386148" lon="8.726852">
        <ele>508</ele>
        <extensions>
          <gpxtpx:TrackPointExtension>
            <gpxtpx:Extensions>
              <highway>motorway_link</highway>
              <surface>asphalt</surface>
              <oneway>yes</oneway>
            </gpxtpx:Extensions>
          </gpxtpx:TrackPointExtension>
        </extensions>
      </trkpt>
      <trkpt lat="48.38607" lon="8.72694">
        <ele>508</ele>
        <extensions>
          <gpxtpx:TrackPointExtension>
            <gpxtpx:Extensions>
              <highway>motorway_link</highway>
              <surface>asphalt</surface>
              <oneway>yes</oneway>
            </gpxtpx:Extensions>
          </gpxtpx:TrackPointExtension>
        </extensions>
      </trkpt>
      <trkpt lat="48.385791" lon="8.727308">
        <ele>508</ele>
        <extensions>
          <gpxtpx:TrackPointExtension>
            <gpxtpx:Extensions>
              <highway>motorway_link</highway>
              <surface>asphalt</surface>
              <oneway>yes</oneway>
            </gpxtpx:Extensions>
          </gpxtpx:TrackPointExtension>
        </extensions>
      </trkpt>
      <trkpt lat="48.385714" lon="8.727388">
        <ele>508</ele>
        <extensions>
          <gpxtpx:TrackPointExtension>
            <gpxtpx:Extensions>
              <highway>motorway_link</highway>
              <surface>asphalt</surface>
              <oneway>yes</oneway>
            </gpxtpx:Extensions>
          </gpxtpx:TrackPointExtension>
        </extensions>
      </trkpt>
      <trkpt lat="48.385649" lon="8.727437">
        <ele>508</ele>
        <extensions>
          <gpxtpx:TrackPointExtension>
            <gpxtpx:Extensions>
              <highway>motorway_link</highway>
              <surface>asphalt</surface>
              <oneway>yes</oneway>
            </gpxtpx:Extensions>
          </gpxtpx:TrackPointExtension>
        </extensions>
      </trkpt>
      <trkpt lat="48.385575" lon="8.72748">
        <ele>508.25</ele>
        <extensions>
          <gpxtpx:TrackPointExtension>
            <gpxtpx:Extensions>
              <highway>motorway_link</highway>
              <surface>asphalt</surface>
              <oneway>yes</oneway>
            </gpxtpx:Extensions>
          </gpxtpx:TrackPointExtension>
        </extensions>
      </trkpt>
      <trkpt lat="48.385501" lon="8.727503">
        <ele>508.25</ele>
        <extensions>
          <gpxtpx:TrackPointExtension>
            <gpxtpx:Extensions>
              <highway>motorway_link</highway>
              <surface>asphalt</surface>
              <oneway>yes</oneway>
            </gpxtpx:Extensions>
          </gpxtpx:TrackPointExtension>
        </extensions>
      </trkpt>
      <trkpt lat="48.38541" lon="8.72751">
        <ele>508.5</ele>
        <extensions>
          <gpxtpx:TrackPointExtension>
            <gpxtpx:Extensions>
              <highway>motorway_link</highway>
              <surface>asphalt</surface>
              <oneway>yes</oneway>
            </gpxtpx:Extensions>
          </gpxtpx:TrackPointExtension>
        </extensions>
      </trkpt>
      <trkpt lat="48.385334" lon="8.727499">
        <ele>508.5</ele>
        <extensions>
          <gpxtpx:TrackPointExtension>
            <gpxtpx:Extensions>
              <highway>motorway_link</highway>
              <surface>asphalt</surface>
              <oneway>yes</oneway>
            </gpxtpx:Extensions>
          </gpxtpx:TrackPointExtension>
        </extensions>
      </trkpt>
      <trkpt lat="48.385255" lon="8.727471">
        <ele>508.5</ele>
        <extensions>
          <gpxtpx:TrackPointExtension>
            <gpxtpx:Extensions>
              <highway>motorway_link</highway>
              <surface>asphalt</surface>
              <oneway>yes</oneway>
            </gpxtpx:Extensions>
          </gpxtpx:TrackPointExtension>
        </extensions>
      </trkpt>
      <trkpt lat="48.385165" lon="8.727414">
        <ele>508.5</ele>
        <extensions>
          <gpxtpx:TrackPointExtension>
            <gpxtpx:Extensions>
              <highway>motorway_link</highway>
              <surface>asphalt</surface>
              <oneway>yes</oneway>
            </gpxtpx:Extensions>
          </gpxtpx:TrackPointExtension>
        </extensions>
      </trkpt>
      <trkpt lat="48.38506" lon="8.727326">
        <ele>508.5</ele>
        <extensions>
          <gpxtpx:TrackPointExtension>
            <gpxtpx:Extensions>
              <highway>motorway_link</highway>
              <surface>asphalt</surface>
              <oneway>yes</oneway>
            </gpxtpx:Extensions>
          </gpxtpx:TrackPointExtension>
        </extensions>
      </trkpt>
      <trkpt lat="48.384961" lon="8.727215">
        <ele>508.5</ele>
        <extensions>
          <gpxtpx:TrackPointExtension>
            <gpxtpx:Extensions>
              <highway>motorway_link</highway>
              <surface>asphalt</surface>
              <oneway>yes</oneway>
            </gpxtpx:Extensions>
          </gpxtpx:TrackPointExtension>
        </extensions>
      </trkpt>
      <trkpt lat="48.384298" lon="8.726354">
        <ele>504</ele>
        <extensions>
          <gpxtpx:TrackPointExtension>
            <gpxtpx:Extensions>
              <highway>motorway_link</highway>
              <surface>asphalt</surface>
              <oneway>yes</oneway>
            </gpxtpx:Extensions>
          </gpxtpx:TrackPointExtension>
        </extensions>
      </trkpt>
      <trkpt lat="48.38414" lon="8.726182">
        <ele>502.5</ele>
        <extensions>
          <gpxtpx:TrackPointExtension>
            <gpxtpx:Extensions>
              <highway>motorway_link</highway>
              <surface>asphalt</surface>
              <oneway>yes</oneway>
            </gpxtpx:Extensions>
          </gpxtpx:TrackPointExtension>
        </extensions>
      </trkpt>
      <trkpt lat="48.383965" lon="8.725945">
        <ele>501.25</ele>
        <extensions>
          <gpxtpx:TrackPointExtension>
            <gpxtpx:Extensions>
              <highway>motorway_link</highway>
              <surface>asphalt</surface>
              <oneway>yes</oneway>
            </gpxtpx:Extensions>
          </gpxtpx:TrackPointExtension>
        </extensions>
      </trkpt>
      <trkpt lat="48.384028" lon="8.725831">
        <ele>500.75</ele>
        <extensions>
          <gpxtpx:TrackPointExtension>
            <gpxtpx:Extensions>
              <highway>primary</highway>
              <surface>asphalt</surface>
            </gpxtpx:Extensions>
          </gpxtpx:TrackPointExtension>
        </extensions>
      </trkpt>
      <trkpt lat="48.384066" lon="8.725765">
        <ele>500.75</ele>
        <extensions>
          <gpxtpx:TrackPointExtension>
            <gpxtpx:Extensions>
              <highway>primary</highway>
              <surface>asphalt</surface>
              <maxspeed>70</maxspeed>
            </gpxtpx:Extensions>
          </gpxtpx:TrackPointExtension>
        </extensions>
      </trkpt>
      <trkpt lat="48.38435" lon="8.725306">
        <ele>500.75</ele>
        <extensions>
          <gpxtpx:TrackPointExtension>
            <gpxtpx:Extensions>
              <highway>primary</highway>
              <surface>asphalt</surface>
              <maxspeed>70</maxspeed>
            </gpxtpx:Extensions>
          </gpxtpx:TrackPointExtension>
        </extensions>
      </trkpt>
      <trkpt lat="48.384577" lon="8.724988">
        <ele>500.25</ele>
        <extensions>
          <gpxtpx:TrackPointExtension>
            <gpxtpx:Extensions>
              <highway>primary</highway>
              <surface>asphalt</surface>
              <maxspeed>70</maxspeed>
            </gpxtpx:Extensions>
          </gpxtpx:TrackPointExtension>
        </extensions>
      </trkpt>
      <trkpt lat="48.384712" lon="8.724777">
        <ele>500</ele>
        <extensions>
          <gpxtpx:TrackPointExtension>
            <gpxtpx:Extensions>
              <highway>primary</highway>
              <surface>asphalt</surface>
              <maxspeed>70</maxspeed>
            </gpxtpx:Extensions>
          </gpxtpx:TrackPointExtension>
        </extensions>
      </trkpt>
      <trkpt lat="48.38485" lon="8.724591">
        <ele>499.5</ele>
        <extensions>
          <gpxtpx:TrackPointExtension>
            <gpxtpx:Extensions>
              <highway>primary</highway>
              <surface>asphalt</surface>
              <maxspeed>70</maxspeed>
            </gpxtpx:Extensions>
          </gpxtpx:TrackPointExtension>
        </extensions>
      </trkpt>
      <trkpt lat="48.385042" lon="8.724361">
        <ele>498.5</ele>
        <extensions>
          <gpxtpx:TrackPointExtension>
            <gpxtpx:Extensions>
              <highway>primary</highway>
              <surface>asphalt</surface>
              <maxspeed>70</maxspeed>
            </gpxtpx:Extensions>
          </gpxtpx:TrackPointExtension>
        </extensions>
      </trkpt>
      <trkpt lat="48.385101" lon="8.724276">
        <ele>497.75</ele>
        <extensions>
          <gpxtpx:TrackPointExtension>
            <gpxtpx:Extensions>
              <highway>primary</highway>
              <surface>asphalt</surface>
              <maxspeed>70</maxspeed>
            </gpxtpx:Extensions>
          </gpxtpx:TrackPointExtension>
        </extensions>
      </trkpt>
      <trkpt lat="48.385292" lon="8.723992">
        <ele>496.25</ele>
        <extensions>
          <gpxtpx:TrackPointExtension>
            <gpxtpx:Extensions>
              <highway>primary</highway>
              <surface>asphalt</surface>
              <maxspeed>70</maxspeed>
            </gpxtpx:Extensions>
          </gpxtpx:TrackPointExtension>
        </extensions>
      </trkpt>
      <trkpt lat="48.385374" lon="8.723852">
        <ele>496</ele>
        <extensions>
          <gpxtpx:TrackPointExtension>
            <gpxtpx:Extensions>
              <highway>primary</highway>
              <surface>asphalt</surface>
              <maxspeed>70</maxspeed>
            </gpxtpx:Extensions>
          </gpxtpx:TrackPointExtension>
        </extensions>
      </trkpt>
      <trkpt lat="48.385454" lon="8.723689">
        <ele>495.75</ele>
        <extensions>
          <gpxtpx:TrackPointExtension>
            <gpxtpx:Extensions>
              <highway>primary</highway>
              <surface>asphalt</surface>
              <maxspeed>70</maxspeed>
            </gpxtpx:Extensions>
          </gpxtpx:TrackPointExtension>
        </extensions>
      </trkpt>
      <trkpt lat="48.38553" lon="8.723515">
        <ele>495.5</ele>
        <extensions>
          <gpxtpx:TrackPointExtension>
            <gpxtpx:Extensions>
              <highway>primary</highway>
              <surface>asphalt</surface>
              <maxspeed>70</maxspeed>
            </gpxtpx:Extensions>
          </gpxtpx:TrackPointExtension>
        </extensions>
      </trkpt>
      <trkpt lat="48.38558" lon="8.723387">
        <ele>495.25</ele>
        <extensions>
          <gpxtpx:TrackPointExtension>
            <gpxtpx:Extensions>
              <highway>primary</highway>
              <surface>asphalt</surface>
              <maxspeed>70</maxspeed>
            </gpxtpx:Extensions>
          </gpxtpx:TrackPointExtension>
        </extensions>
      </trkpt>
      <trkpt lat="48.385654" lon="8.723183">
        <ele>495.25</ele>
        <extensions>
          <gpxtpx:TrackPointExtension>
            <gpxtpx:Extensions>
              <highway>secondary</highway>
              <surface>asphalt</surface>
              <maxspeed>70</maxspeed>
            </gpxtpx:Extensions>
          </gpxtpx:TrackPointExtension>
        </extensions>
      </trkpt>
      <trkpt lat="48.385718" lon="8.722972">
        <ele>495</ele>
        <extensions>
          <gpxtpx:TrackPointExtension>
            <gpxtpx:Extensions>
              <highway>secondary</highway>
              <surface>asphalt</surface>
              <maxspeed>70</maxspeed>
            </gpxtpx:Extensions>
          </gpxtpx:TrackPointExtension>
        </extensions>
      </trkpt>
      <trkpt lat="48.385767" lon="8.722771">
        <ele>495</ele>
        <extensions>
          <gpxtpx:TrackPointExtension>
            <gpxtpx:Extensions>
              <highway>secondary</highway>
              <surface>asphalt</surface>
              <maxspeed>70</maxspeed>
            </gpxtpx:Extensions>
          </gpxtpx:TrackPointExtension>
        </extensions>
      </trkpt>
      <trkpt lat="48.385954" lon="8.721898">
        <ele>491</ele>
        <extensions>
          <gpxtpx:TrackPointExtension>
            <gpxtpx:Extensions>
              <highway>secondary</highway>
              <surface>asphalt</surface>
              <maxspeed>70</maxspeed>
            </gpxtpx:Extensions>
          </gpxtpx:TrackPointExtension>
        </extensions>
      </trkpt>
      <trkpt lat="48.38601" lon="8.721717">
        <ele>490</ele>
        <extensions>
          <gpxtpx:TrackPointExtension>
            <gpxtpx:Extensions>
              <highway>secondary</highway>
              <surface>asphalt</surface>
              <maxspeed>50</maxspeed>
            </gpxtpx:Extensions>
          </gpxtpx:TrackPointExtension>
        </extensions>
      </trkpt>
      <trkpt lat="48.386098" lon="8.721467">
        <ele>489</ele>
        <extensions>
          <gpxtpx:TrackPointExtension>
            <gpxtpx:Extensions>
              <highway>secondary</highway>
              <surface>asphalt</surface>
              <maxspeed>50</maxspeed>
            </gpxtpx:Extensions>
          </gpxtpx:TrackPointExtension>
        </extensions>
      </trkpt>
      <trkpt lat="48.386398" lon="8.720871">
        <ele>487.25</ele>
        <extensions>
          <gpxtpx:TrackPointExtension>
            <gpxtpx:Extensions>
              <highway>secondary</highway>
              <surface>asphalt</surface>
              <maxspeed>50</maxspeed>
            </gpxtpx:Extensions>
          </gpxtpx:TrackPointExtension>
        </extensions>
      </trkpt>
      <trkpt lat="48.386523" lon="8.720648">
        <ele>486.5</ele>
        <extensions>
          <gpxtpx:TrackPointExtension>
            <gpxtpx:Extensions>
              <highway>secondary</highway>
              <surface>asphalt</surface>
              <maxspeed>50</maxspeed>
            </gpxtpx:Extensions>
          </gpxtpx:TrackPointExtension>
        </extensions>
      </trkpt>
      <trkpt lat="48.386566" lon="8.720564">
        <ele>486</ele>
        <extensions>
          <gpxtpx:TrackPointExtension>
            <gpxtpx:Extensions>
              <highway>secondary</highway>
              <surface>asphalt</surface>
              <maxspeed>50</maxspeed>
            </gpxtpx:Extensions>
          </gpxtpx:TrackPointExtension>
        </extensions>
      </trkpt>
      <trkpt lat="48.386982" lon="8.71983">
        <ele>484</ele>
        <extensions>
          <gpxtpx:TrackPointExtension>
            <gpxtpx:Extensions>
              <highway>secondary</highway>
              <surface>asphalt</surface>
              <maxspeed>50</maxspeed>
            </gpxtpx:Extensions>
          </gpxtpx:TrackPointExtension>
        </extensions>
      </trkpt>
      <trkpt lat="48.387422" lon="8.719134">
        <ele>482.25</ele>
        <extensions>
          <gpxtpx:TrackPointExtension>
            <gpxtpx:Extensions>
              <highway>secondary</highway>
              <surface>asphalt</surface>
              <maxspeed>50</maxspeed>
            </gpxtpx:Extensions>
          </gpxtpx:TrackPointExtension>
        </extensions>
      </trkpt>
      <trkpt lat="48.388062" lon="8.718236">
        <ele>483</ele>
        <extensions>
          <gpxtpx:TrackPointExtension>
            <gpxtpx:Extensions>
              <highway>secondary</highway>
              <surface>asphalt</surface>
              <maxspeed>50</maxspeed>
            </gpxtpx:Extensions>
          </gpxtpx:TrackPointExtension>
        </extensions>
      </trkpt>
      <trkpt lat="48.388445" lon="8.717748">
        <ele>482.5</ele>
        <extensions>
          <gpxtpx:TrackPointExtension>
            <gpxtpx:Extensions>
              <highway>secondary</highway>
              <surface>asphalt</surface>
              <maxspeed>50</maxspeed>
            </gpxtpx:Extensions>
          </gpxtpx:TrackPointExtension>
        </extensions>
      </trkpt>
      <trkpt lat="48.388598" lon="8.717601">
        <ele>482</ele>
        <extensions>
          <gpxtpx:TrackPointExtension>
            <gpxtpx:Extensions>
              <highway>secondary</highway>
              <surface>asphalt</surface>
              <maxspeed>50</maxspeed>
            </gpxtpx:Extensions>
          </gpxtpx:TrackPointExtension>
        </extensions>
      </trkpt>
      <trkpt lat="48.388873" lon="8.717359">
        <ele>481</ele>
        <extensions>
          <gpxtpx:TrackPointExtension>
            <gpxtpx:Extensions>
              <highway>secondary</highway>
              <surface>asphalt</surface>
              <maxspeed>50</maxspeed>
            </gpxtpx:Extensions>
          </gpxtpx:TrackPointExtension>
        </extensions>
      </trkpt>
      <trkpt lat="48.389033" lon="8.717232">
        <ele>480.5</ele>
        <extensions>
          <gpxtpx:TrackPointExtension>
            <gpxtpx:Extensions>
              <highway>secondary</highway>
              <surface>asphalt</surface>
              <maxspeed>50</maxspeed>
            </gpxtpx:Extensions>
          </gpxtpx:TrackPointExtension>
        </extensions>
      </trkpt>
      <trkpt lat="48.389138" lon="8.717161">
        <ele>480</ele>
        <extensions>
          <gpxtpx:TrackPointExtension>
            <gpxtpx:Extensions>
              <highway>secondary</highway>
              <surface>asphalt</surface>
              <maxspeed>50</maxspeed>
            </gpxtpx:Extensions>
          </gpxtpx:TrackPointExtension>
        </extensions>
      </trkpt>
      <trkpt lat="48.38931" lon="8.717019">
        <ele>479.5</ele>
        <extensions>
          <gpxtpx:TrackPointExtension>
            <gpxtpx:Extensions>
              <highway>secondary</highway>
              <surface>asphalt</surface>
              <maxspeed>50</maxspeed>
            </gpxtpx:Extensions>
          </gpxtpx:TrackPointExtension>
        </extensions>
      </trkpt>
      <trkpt lat="48.38957" lon="8.716755">
        <ele>478.25</ele>
        <extensions>
          <gpxtpx:TrackPointExtension>
            <gpxtpx:Extensions>
              <highway>secondary</highway>
              <surface>asphalt</surface>
              <maxspeed>50</maxspeed>
            </gpxtpx:Extensions>
          </gpxtpx:TrackPointExtension>
        </extensions>
      </trkpt>
      <trkpt lat="48.389914" lon="8.716379">
        <ele>478.75</ele>
        <extensions>
          <gpxtpx:TrackPointExtension>
            <gpxtpx:Extensions>
              <highway>secondary</highway>
              <surface>asphalt</surface>
              <maxspeed>50</maxspeed>
            </gpxtpx:Extensions>
          </gpxtpx:TrackPointExtension>
        </extensions>
      </trkpt>
      <trkpt lat="48.390259" lon="8.715947">
        <ele>480.75</ele>
        <extensions>
          <gpxtpx:TrackPointExtension>
            <gpxtpx:Extensions>
              <highway>secondary</highway>
              <surface>asphalt</surface>
              <maxspeed>50</maxspeed>
            </gpxtpx:Extensions>
          </gpxtpx:TrackPointExtension>
        </extensions>
      </trkpt>
      <trkpt lat="48.390561" lon="8.715597">
        <ele>482.75</ele>
        <extensions>
          <gpxtpx:TrackPointExtension>
            <gpxtpx:Extensions>
              <highway>secondary</highway>
              <surface>asphalt</surface>
              <maxspeed>50</maxspeed>
            </gpxtpx:Extensions>
          </gpxtpx:TrackPointExtension>
        </extensions>
      </trkpt>
      <trkpt lat="48.390574" lon="8.71558">
        <ele>482.75</ele>
        <extensions>
          <gpxtpx:TrackPointExtension>
            <gpxtpx:Extensions>
              <highway>secondary</highway>
              <surface>asphalt</surface>
              <maxspeed>50</maxspeed>
            </gpxtpx:Extensions>
          </gpxtpx:TrackPointExtension>
        </extensions>
      </trkpt>
      <trkpt lat="48.390668" lon="8.71546">
        <ele>483.25</ele>
        <extensions>
          <gpxtpx:TrackPointExtension>
            <gpxtpx:Extensions>
              <highway>secondary</highway>
              <surface>asphalt</surface>
              <maxspeed>50</maxspeed>
            </gpxtpx:Extensions>
          </gpxtpx:TrackPointExtension>
        </extensions>
      </trkpt>
      <trkpt lat="48.390747" lon="8.715336">
        <ele>483.5</ele>
        <extensions>
          <gpxtpx:TrackPointExtension>
            <gpxtpx:Extensions>
              <highway>secondary</highway>
              <surface>asphalt</surface>
              <maxspeed>50</maxspeed>
            </gpxtpx:Extensions>
          </gpxtpx:TrackPointExtension>
        </extensions>
      </trkpt>
      <trkpt lat="48.390895" lon="8.715052">
        <ele>483.5</ele>
        <extensions>
          <gpxtpx:TrackPointExtension>
            <gpxtpx:Extensions>
              <highway>secondary</highway>
              <surface>asphalt</surface>
              <maxspeed>50</maxspeed>
            </gpxtpx:Extensions>
          </gpxtpx:TrackPointExtension>
        </extensions>
      </trkpt>
      <trkpt lat="48.39115" lon="8.714509">
        <ele>483.25</ele>
        <extensions>
          <gpxtpx:TrackPointExtension>
            <gpxtpx:Extensions>
              <highway>secondary</highway>
              <surface>asphalt</surface>
              <maxspeed>50</maxspeed>
            </gpxtpx:Extensions>
          </gpxtpx:TrackPointExtension>
        </extensions>
      </trkpt>
      <trkpt lat="48.391357" lon="8.714078">
        <ele>483</ele>
        <extensions>
          <gpxtpx:TrackPointExtension>
            <gpxtpx:Extensions>
              <highway>secondary</highway>
              <surface>asphalt</surface>
              <maxspeed>50</maxspeed>
            </gpxtpx:Extensions>
          </gpxtpx:TrackPointExtension>
        </extensions>
      </trkpt>
      <trkpt lat="48.3915" lon="8.713821">
        <ele>483.5</ele>
        <extensions>
          <gpxtpx:TrackPointExtension>
            <gpxtpx:Extensions>
              <highway>secondary</highway>
              <surface>asphalt</surface>
              <maxspeed>50</maxspeed>
            </gpxtpx:Extensions>
          </gpxtpx:TrackPointExtension>
        </extensions>
      </trkpt>
      <trkpt lat="48.391651" lon="8.713582">
        <ele>484</ele>
        <extensions>
          <gpxtpx:TrackPointExtension>
            <gpxtpx:Extensions>
              <highway>secondary</highway>
              <surface>asphalt</surface>
              <maxspeed>50</maxspeed>
            </gpxtpx:Extensions>
          </gpxtpx:TrackPointExtension>
        </extensions>
      </trkpt>
      <trkpt lat="48.391698" lon="8.713512">
        <ele>484.25</ele>
        <extensions>
          <gpxtpx:TrackPointExtension>
            <gpxtpx:Extensions>
              <highway>secondary</highway>
              <surface>asphalt</surface>
              <maxspeed>50</maxspeed>
            </gpxtpx:Extensions>
          </gpxtpx:TrackPointExtension>
        </extensions>
      </trkpt>
      <trkpt lat="48.391754" lon="8.713426">
        <ele>484.5</ele>
        <extensions>
          <gpxtpx:TrackPointExtension>
            <gpxtpx:Extensions>
              <highway>secondary</highway>
              <surface>asphalt</surface>
              <maxspeed>50</maxspeed>
            </gpxtpx:Extensions>
          </gpxtpx:TrackPointExtension>
        </extensions>
      </trkpt>
      <trkpt lat="48.392149" lon="8.712821">
        <ele>487.75</ele>
        <extensions>
          <gpxtpx:TrackPointExtension>
            <gpxtpx:Extensions>
              <highway>secondary</highway>
              <surface>asphalt</surface>
              <maxspeed>50</maxspeed>
            </gpxtpx:Extensions>
          </gpxtpx:TrackPointExtension>
        </extensions>
      </trkpt>
      <trkpt lat="48.392228" lon="8.71259">
        <ele>488.75</ele>
        <extensions>
          <gpxtpx:TrackPointExtension>
            <gpxtpx:Extensions>
              <highway>secondary</highway>
              <surface>asphalt</surface>
              <maxspeed>50</maxspeed>
            </gpxtpx:Extensions>
          </gpxtpx:TrackPointExtension>
        </extensions>
      </trkpt>
      <trkpt lat="48.392279" lon="8.712329">
        <ele>490</ele>
        <extensions>
          <gpxtpx:TrackPointExtension>
            <gpxtpx:Extensions>
              <highway>secondary</highway>
              <surface>asphalt</surface>
              <maxspeed>50</maxspeed>
            </gpxtpx:Extensions>
          </gpxtpx:TrackPointExtension>
        </extensions>
      </trkpt>
      <trkpt lat="48.392341" lon="8.711706">
        <ele>493</ele>
        <extensions>
          <gpxtpx:TrackPointExtension>
            <gpxtpx:Extensions>
              <highway>secondary</highway>
              <surface>asphalt</surface>
              <maxspeed>50</maxspeed>
            </gpxtpx:Extensions>
          </gpxtpx:TrackPointExtension>
        </extensions>
      </trkpt>
      <trkpt lat="48.392351" lon="8.711427">
        <ele>493</ele>
        <extensions>
          <gpxtpx:TrackPointExtension>
            <gpxtpx:Extensions>
              <highway>secondary</highway>
              <surface>asphalt</surface>
              <maxspeed>50</maxspeed>
            </gpxtpx:Extensions>
          </gpxtpx:TrackPointExtension>
        </extensions>
      </trkpt>
      <trkpt lat="48.392344" lon="8.711185">
        <ele>492.75</ele>
        <extensions>
          <gpxtpx:TrackPointExtension>
            <gpxtpx:Extensions>
              <highway>secondary</highway>
              <surface>asphalt</surface>
              <maxspeed>50</maxspeed>
            </gpxtpx:Extensions>
          </gpxtpx:TrackPointExtension>
        </extensions>
      </trkpt>
      <trkpt lat="48.392348" lon="8.710986">
        <ele>492.5</ele>
        <extensions>
          <gpxtpx:TrackPointExtension>
            <gpxtpx:Extensions>
              <highway>secondary</highway>
              <surface>asphalt</surface>
              <maxspeed>50</maxspeed>
            </gpxtpx:Extensions>
          </gpxtpx:TrackPointExtension>
        </extensions>
      </trkpt>
      <trkpt lat="48.392371" lon="8.710793">
        <ele>492.5</ele>
        <extensions>
          <gpxtpx:TrackPointExtension>
            <gpxtpx:Extensions>
              <highway>secondary</highway>
              <surface>asphalt</surface>
              <maxspeed>50</maxspeed>
            </gpxtpx:Extensions>
          </gpxtpx:TrackPointExtension>
        </extensions>
      </trkpt>
      <trkpt lat="48.392414" lon="8.710601">
        <ele>493</ele>
        <extensions>
          <gpxtpx:TrackPointExtension>
            <gpxtpx:Extensions>
              <highway>secondary</highway>
              <surface>asphalt</surface>
              <maxspeed>50</maxspeed>
            </gpxtpx:Extensions>
          </gpxtpx:TrackPointExtension>
        </extensions>
      </trkpt>
      <trkpt lat="48.392504" lon="8.710248">
        <ele>493.25</ele>
        <extensions>
          <gpxtpx:TrackPointExtension>
            <gpxtpx:Extensions>
              <highway>secondary</highway>
              <surface>asphalt</surface>
              <maxspeed>50</maxspeed>
            </gpxtpx:Extensions>
          </gpxtpx:TrackPointExtension>
        </extensions>
      </trkpt>
      <trkpt lat="48.392562" lon="8.710058">
        <ele>493.5</ele>
        <extensions>
          <gpxtpx:TrackPointExtension>
            <gpxtpx:Extensions>
              <highway>secondary</highway>
              <surface>asphalt</surface>
              <maxspeed>50</maxspeed>
            </gpxtpx:Extensions>
          </gpxtpx:TrackPointExtension>
        </extensions>
      </trkpt>
      <trkpt lat="48.392637" lon="8.709827">
        <ele>494.5</ele>
        <extensions>
          <gpxtpx:TrackPointExtension>
            <gpxtpx:Extensions>
              <highway>secondary</highway>
              <surface>asphalt</surface>
              <maxspeed>50</maxspeed>
            </gpxtpx:Extensions>
          </gpxtpx:TrackPointExtension>
        </extensions>
      </trkpt>
      <trkpt lat="48.392724" lon="8.709618">
        <ele>495.75</ele>
        <extensions>
          <gpxtpx:TrackPointExtension>
            <gpxtpx:Extensions>
              <highway>secondary</highway>
              <surface>asphalt</surface>
              <maxspeed>50</maxspeed>
            </gpxtpx:Extensions>
          </gpxtpx:TrackPointExtension>
        </extensions>
      </trkpt>
      <trkpt lat="48.39258" lon="8.709551">
        <ele>494.75</ele>
        <extensions>
          <gpxtpx:TrackPointExtension>
            <gpxtpx:Extensions>
              <reversedirection>yes</reversedirection>
              <highway>tertiary</highway>
              <surface>asphalt</surface>
            </gpxtpx:Extensions>
          </gpxtpx:TrackPointExtension>
        </extensions>
      </trkpt>
      <trkpt lat="48.392221" lon="8.709491">
        <ele>492.5</ele>
        <extensions>
          <gpxtpx:TrackPointExtension>
            <gpxtpx:Extensions>
              <reversedirection>yes</reversedirection>
              <highway>tertiary</highway>
              <surface>asphalt</surface>
            </gpxtpx:Extensions>
          </gpxtpx:TrackPointExtension>
        </extensions>
      </trkpt>
      <trkpt lat="48.392156" lon="8.709457">
        <ele>492.25</ele>
        <extensions>
          <gpxtpx:TrackPointExtension>
            <gpxtpx:Extensions>
              <reversedirection>yes</reversedirection>
              <highway>tertiary</highway>
              <surface>asphalt</surface>
            </gpxtpx:Extensions>
          </gpxtpx:TrackPointExtension>
        </extensions>
      </trkpt>
      <trkpt lat="48.392103" lon="8.709396">
        <ele>491.75</ele>
        <extensions>
          <gpxtpx:TrackPointExtension>
            <gpxtpx:Extensions>
              <reversedirection>yes</reversedirection>
              <highway>tertiary</highway>
              <surface>asphalt</surface>
            </gpxtpx:Extensions>
          </gpxtpx:TrackPointExtension>
        </extensions>
      </trkpt>
      <trkpt lat="48.39204" lon="8.709259">
        <ele>491.5</ele>
        <extensions>
          <gpxtpx:TrackPointExtension>
            <gpxtpx:Extensions>
              <reversedirection>yes</reversedirection>
              <highway>tertiary</highway>
              <surface>asphalt</surface>
            </gpxtpx:Extensions>
          </gpxtpx:TrackPointExtension>
        </extensions>
      </trkpt>
      <trkpt lat="48.392007" lon="8.70909">
        <ele>491.5</ele>
        <extensions>
          <gpxtpx:TrackPointExtension>
            <gpxtpx:Extensions>
              <reversedirection>yes</reversedirection>
              <highway>tertiary</highway>
              <surface>asphalt</surface>
            </gpxtpx:Extensions>
          </gpxtpx:TrackPointExtension>
        </extensions>
      </trkpt>
      <trkpt lat="48.391992" lon="8.70885">
        <ele>491.5</ele>
        <extensions>
          <gpxtpx:TrackPointExtension>
            <gpxtpx:Extensions>
              <reversedirection>yes</reversedirection>
              <highway>tertiary</highway>
              <surface>asphalt</surface>
            </gpxtpx:Extensions>
          </gpxtpx:TrackPointExtension>
        </extensions>
      </trkpt>
      <trkpt lat="48.392017" lon="8.708407">
        <ele>492.25</ele>
        <extensions>
          <gpxtpx:TrackPointExtension>
            <gpxtpx:Extensions>
              <reversedirection>yes</reversedirection>
              <highway>tertiary</highway>
              <surface>asphalt</surface>
            </gpxtpx:Extensions>
          </gpxtpx:TrackPointExtension>
        </extensions>
      </trkpt>
      <trkpt lat="48.392005" lon="8.708307">
        <ele>492.25</ele>
        <extensions>
          <gpxtpx:TrackPointExtension>
            <gpxtpx:Extensions>
              <reversedirection>yes</reversedirection>
              <highway>tertiary</highway>
              <surface>asphalt</surface>
            </gpxtpx:Extensions>
          </gpxtpx:TrackPointExtension>
        </extensions>
      </trkpt>
      <trkpt lat="48.391954" lon="8.708214">
        <ele>491.75</ele>
        <extensions>
          <gpxtpx:TrackPointExtension>
            <gpxtpx:Extensions>
              <reversedirection>yes</reversedirection>
              <highway>tertiary</highway>
              <surface>asphalt</surface>
            </gpxtpx:Extensions>
          </gpxtpx:TrackPointExtension>
        </extensions>
      </trkpt>
      <trkpt lat="48.391865" lon="8.708126">
        <ele>490.75</ele>
        <extensions>
          <gpxtpx:TrackPointExtension>
            <gpxtpx:Extensions>
              <reversedirection>yes</reversedirection>
              <highway>tertiary</highway>
              <surface>asphalt</surface>
            </gpxtpx:Extensions>
          </gpxtpx:TrackPointExtension>
        </extensions>
      </trkpt>
      <trkpt lat="48.391585" lon="8.707884">
        <ele>489.25</ele>
        <extensions>
          <gpxtpx:TrackPointExtension>
            <gpxtpx:Extensions>
              <reversedirection>yes</reversedirection>
              <highway>tertiary</highway>
              <surface>asphalt</surface>
            </gpxtpx:Extensions>
          </gpxtpx:TrackPointExtension>
        </extensions>
      </trkpt>
      <trkpt lat="48.391528" lon="8.707822">
        <ele>489.25</ele>
        <extensions>
          <gpxtpx:TrackPointExtension>
            <gpxtpx:Extensions>
              <reversedirection>yes</reversedirection>
              <highway>tertiary</highway>
              <surface>asphalt</surface>
            </gpxtpx:Extensions>
          </gpxtpx:TrackPointExtension>
        </extensions>
      </trkpt>
      <trkpt lat="48.391402" lon="8.70764">
        <ele>489.25</ele>
        <extensions>
          <gpxtpx:TrackPointExtension>
            <gpxtpx:Extensions>
              <reversedirection>yes</reversedirection>
              <highway>tertiary</highway>
              <surface>asphalt</surface>
            </gpxtpx:Extensions>
          </gpxtpx:TrackPointExtension>
        </extensions>
      </trkpt>
      <trkpt lat="48.391301" lon="8.707443">
        <ele>489.25</ele>
        <extensions>
          <gpxtpx:TrackPointExtension>
            <gpxtpx:Extensions>
              <reversedirection>yes</reversedirection>
              <highway>tertiary</highway>
              <surface>asphalt</surface>
            </gpxtpx:Extensions>
          </gpxtpx:TrackPointExtension>
        </extensions>
      </trkpt>
      <trkpt lat="48.391238" lon="8.707293">
        <ele>489.75</ele>
        <extensions>
          <gpxtpx:TrackPointExtension>
            <gpxtpx:Extensions>
              <reversedirection>yes</reversedirection>
              <highway>tertiary</highway>
              <surface>asphalt</surface>
            </gpxtpx:Extensions>
          </gpxtpx:TrackPointExtension>
        </extensions>
      </trkpt>
      <trkpt lat="48.391172" lon="8.707118">
        <ele>490</ele>
        <extensions>
          <gpxtpx:TrackPointExtension>
            <gpxtpx:Extensions>
              <reversedirection>yes</reversedirection>
              <highway>tertiary</highway>
              <surface>asphalt</surface>
            </gpxtpx:Extensions>
          </gpxtpx:TrackPointExtension>
        </extensions>
      </trkpt>
      <trkpt lat="48.391123" lon="8.70702">
        <ele>490.25</ele>
        <extensions>
          <gpxtpx:TrackPointExtension>
            <gpxtpx:Extensions>
              <reversedirection>yes</reversedirection>
              <highway>tertiary</highway>
              <surface>asphalt</surface>
            </gpxtpx:Extensions>
          </gpxtpx:TrackPointExtension>
        </extensions>
      </trkpt>
      <trkpt lat="48.391056" lon="8.706952">
        <ele>490.5</ele>
        <extensions>
          <gpxtpx:TrackPointExtension>
            <gpxtpx:Extensions>
              <reversedirection>yes</reversedirection>
              <highway>tertiary</highway>
              <surface>asphalt</surface>
            </gpxtpx:Extensions>
          </gpxtpx:TrackPointExtension>
        </extensions>
      </trkpt>
      <trkpt lat="48.390933" lon="8.706894">
        <ele>491</ele>
        <extensions>
          <gpxtpx:TrackPointExtension>
            <gpxtpx:Extensions>
              <reversedirection>yes</reversedirection>
              <highway>tertiary</highway>
              <surface>asphalt</surface>
            </gpxtpx:Extensions>
          </gpxtpx:TrackPointExtension>
        </extensions>
      </trkpt>
      <trkpt lat="48.390195" lon="8.706668">
        <ele>493.5</ele>
        <extensions>
          <gpxtpx:TrackPointExtension>
            <gpxtpx:Extensions>
              <reversedirection>yes</reversedirection>
              <highway>tertiary</highway>
              <surface>asphalt</surface>
            </gpxtpx:Extensions>
          </gpxtpx:TrackPointExtension>
        </extensions>
      </trkpt>
      <trkpt lat="48.390085" lon="8.706615">
        <ele>493.75</ele>
        <extensions>
          <gpxtpx:TrackPointExtension>
            <gpxtpx:Extensions>
              <reversedirection>yes</reversedirection>
              <highway>tertiary</highway>
              <surface>asphalt</surface>
            </gpxtpx:Extensions>
          </gpxtpx:TrackPointExtension>
        </extensions>
      </trkpt>
      <trkpt lat="48.389929" lon="8.706492">
        <ele>494</ele>
        <extensions>
          <gpxtpx:TrackPointExtension>
            <gpxtpx:Extensions>
              <reversedirection>yes</reversedirection>
              <highway>tertiary</highway>
              <surface>asphalt</surface>
            </gpxtpx:Extensions>
          </gpxtpx:TrackPointExtension>
        </extensions>
      </trkpt>
      <trkpt lat="48.389091" lon="8.705437">
        <ele>496</ele>
        <extensions>
          <gpxtpx:TrackPointExtension>
            <gpxtpx:Extensions>
              <reversedirection>yes</reversedirection>
              <highway>tertiary</highway>
              <surface>asphalt</surface>
            </gpxtpx:Extensions>
          </gpxtpx:TrackPointExtension>
        </extensions>
      </trkpt>
      <trkpt lat="48.389007" lon="8.705339">
        <ele>495.75</ele>
        <extensions>
          <gpxtpx:TrackPointExtension>
            <gpxtpx:Extensions>
              <reversedirection>yes</reversedirection>
              <highway>tertiary</highway>
              <surface>asphalt</surface>
            </gpxtpx:Extensions>
          </gpxtpx:TrackPointExtension>
        </extensions>
      </trkpt>
      <trkpt lat="48.388395" lon="8.704558">
        <ele>491.5</ele>
        <extensions>
          <gpxtpx:TrackPointExtension>
            <gpxtpx:Extensions>
              <reversedirection>yes</reversedirection>
              <highway>tertiary</highway>
              <surface>asphalt</surface>
            </gpxtpx:Extensions>
          </gpxtpx:TrackPointExtension>
        </extensions>
      </trkpt>
      <trkpt lat="48.388086" lon="8.704151">
        <ele>488.75</ele>
        <extensions>
          <gpxtpx:TrackPointExtension>
            <gpxtpx:Extensions>
              <reversedirection>yes</reversedirection>
              <highway>tertiary</highway>
              <surface>asphalt</surface>
            </gpxtpx:Extensions>
          </gpxtpx:TrackPointExtension>
        </extensions>
      </trkpt>
      <trkpt lat="48.387943" lon="8.703961">
        <ele>488</ele>
        <extensions>
          <gpxtpx:TrackPointExtension>
            <gpxtpx:Extensions>
              <reversedirection>yes</reversedirection>
              <highway>tertiary</highway>
              <surface>asphalt</surface>
            </gpxtpx:Extensions>
          </gpxtpx:TrackPointExtension>
        </extensions>
      </trkpt>
      <trkpt lat="48.387831" lon="8.703833">
        <ele>487.25</ele>
        <extensions>
          <gpxtpx:TrackPointExtension>
            <gpxtpx:Extensions>
              <reversedirection>yes</reversedirection>
              <highway>tertiary</highway>
              <surface>asphalt</surface>
            </gpxtpx:Extensions>
          </gpxtpx:TrackPointExtension>
        </extensions>
      </trkpt>
      <trkpt lat="48.387688" lon="8.703725">
        <ele>486.25</ele>
        <extensions>
          <gpxtpx:TrackPointExtension>
            <gpxtpx:Extensions>
              <reversedirection>yes</reversedirection>
              <highway>tertiary</highway>
              <surface>asphalt</surface>
            </gpxtpx:Extensions>
          </gpxtpx:TrackPointExtension>
        </extensions>
      </trkpt>
      <trkpt lat="48.387382" lon="8.703559">
        <ele>484.5</ele>
        <extensions>
          <gpxtpx:TrackPointExtension>
            <gpxtpx:Extensions>
              <reversedirection>yes</reversedirection>
              <highway>tertiary</highway>
              <surface>asphalt</surface>
            </gpxtpx:Extensions>
          </gpxtpx:TrackPointExtension>
        </extensions>
      </trkpt>
      <trkpt lat="48.386482" lon="8.703039">
        <ele>478.25</ele>
        <extensions>
          <gpxtpx:TrackPointExtension>
            <gpxtpx:Extensions>
              <reversedirection>yes</reversedirection>
              <highway>tertiary</highway>
              <surface>asphalt</surface>
            </gpxtpx:Extensions>
          </gpxtpx:TrackPointExtension>
        </extensions>
      </trkpt>
      <trkpt lat="48.386364" lon="8.702974">
        <ele>477</ele>
        <extensions>
          <gpxtpx:TrackPointExtension>
            <gpxtpx:Extensions>
              <reversedirection>yes</reversedirection>
              <highway>tertiary</highway>
              <surface>asphalt</surface>
            </gpxtpx:Extensions>
          </gpxtpx:TrackPointExtension>
        </extensions>
      </trkpt>
      <trkpt lat="48.386039" lon="8.702794">
        <ele>474.25</ele>
        <extensions>
          <gpxtpx:TrackPointExtension>
            <gpxtpx:Extensions>
              <reversedirection>yes</reversedirection>
              <highway>tertiary</highway>
              <surface>asphalt</surface>
            </gpxtpx:Extensions>
          </gpxtpx:TrackPointExtension>
        </extensions>
      </trkpt>
      <trkpt lat="48.384466" lon="8.701908">
        <ele>463.25</ele>
        <extensions>
          <gpxtpx:TrackPointExtension>
            <gpxtpx:Extensions>
              <reversedirection>yes</reversedirection>
              <highway>tertiary</highway>
              <surface>asphalt</surface>
            </gpxtpx:Extensions>
          </gpxtpx:TrackPointExtension>
        </extensions>
      </trkpt>
      <trkpt lat="48.384268" lon="8.701809">
        <ele>462.5</ele>
        <extensions>
          <gpxtpx:TrackPointExtension>
            <gpxtpx:Extensions>
              <reversedirection>yes</reversedirection>
              <highway>tertiary</highway>
              <surface>asphalt</surface>
            </gpxtpx:Extensions>
          </gpxtpx:TrackPointExtension>
        </extensions>
      </trkpt>
      <trkpt lat="48.384145" lon="8.70175">
        <ele>462.5</ele>
        <extensions>
          <gpxtpx:TrackPointExtension>
            <gpxtpx:Extensions>
              <reversedirection>yes</reversedirection>
              <highway>tertiary</highway>
              <surface>asphalt</surface>
            </gpxtpx:Extensions>
          </gpxtpx:TrackPointExtension>
        </extensions>
      </trkpt>
      <trkpt lat="48.383954" lon="8.701667">
        <ele>463.25</ele>
        <extensions>
          <gpxtpx:TrackPointExtension>
            <gpxtpx:Extensions>
              <reversedirection>yes</reversedirection>
              <highway>tertiary</highway>
              <surface>asphalt</surface>
            </gpxtpx:Extensions>
          </gpxtpx:TrackPointExtension>
        </extensions>
      </trkpt>
      <trkpt lat="48.38369" lon="8.701618">
        <ele>463.75</ele>
        <extensions>
          <gpxtpx:TrackPointExtension>
            <gpxtpx:Extensions>
              <reversedirection>yes</reversedirection>
              <highway>tertiary</highway>
              <surface>asphalt</surface>
            </gpxtpx:Extensions>
          </gpxtpx:TrackPointExtension>
        </extensions>
      </trkpt>
      <trkpt lat="48.383515" lon="8.70161">
        <ele>464</ele>
        <extensions>
          <gpxtpx:TrackPointExtension>
            <gpxtpx:Extensions>
              <reversedirection>yes</reversedirection>
              <highway>tertiary</highway>
              <surface>asphalt</surface>
            </gpxtpx:Extensions>
          </gpxtpx:TrackPointExtension>
        </extensions>
      </trkpt>
      <trkpt lat="48.38341" lon="8.701642">
        <ele>464</ele>
        <extensions>
          <gpxtpx:TrackPointExtension>
            <gpxtpx:Extensions>
              <reversedirection>yes</reversedirection>
              <highway>tertiary</highway>
              <surface>asphalt</surface>
            </gpxtpx:Extensions>
          </gpxtpx:TrackPointExtension>
        </extensions>
      </trkpt>
      <trkpt lat="48.383228" lon="8.701741">
        <ele>463.25</ele>
        <extensions>
          <gpxtpx:TrackPointExtension>
            <gpxtpx:Extensions>
              <reversedirection>yes</reversedirection>
              <highway>tertiary</highway>
              <surface>asphalt</surface>
            </gpxtpx:Extensions>
          </gpxtpx:TrackPointExtension>
        </extensions>
      </trkpt>
      <trkpt lat="48.383102" lon="8.701855">
        <ele>462.25</ele>
        <extensions>
          <gpxtpx:TrackPointExtension>
            <gpxtpx:Extensions>
              <reversedirection>yes</reversedirection>
              <highway>tertiary</highway>
              <surface>asphalt</surface>
            </gpxtpx:Extensions>
          </gpxtpx:TrackPointExtension>
        </extensions>
      </trkpt>
      <trkpt lat="48.382843" lon="8.702138">
        <ele>459.25</ele>
        <extensions>
          <gpxtpx:TrackPointExtension>
            <gpxtpx:Extensions>
              <reversedirection>yes</reversedirection>
              <highway>tertiary</highway>
              <surface>asphalt</surface>
            </gpxtpx:Extensions>
          </gpxtpx:TrackPointExtension>
        </extensions>
      </trkpt>
      <trkpt lat="48.38275" lon="8.702212">
        <ele>458.5</ele>
        <extensions>
          <gpxtpx:TrackPointExtension>
            <gpxtpx:Extensions>
              <reversedirection>yes</reversedirection>
              <highway>tertiary</highway>
              <surface>asphalt</surface>
            </gpxtpx:Extensions>
          </gpxtpx:TrackPointExtension>
        </extensions>
      </trkpt>
      <trkpt lat="48.382643" lon="8.702204">
        <ele>458.5</ele>
        <extensions>
          <gpxtpx:TrackPointExtension>
            <gpxtpx:Extensions>
              <reversedirection>yes</reversedirection>
              <highway>tertiary</highway>
              <surface>asphalt</surface>
            </gpxtpx:Extensions>
          </gpxtpx:TrackPointExtension>
        </extensions>
      </trkpt>
      <trkpt lat="48.382513" lon="8.702169">
        <ele>458.75</ele>
        <extensions>
          <gpxtpx:TrackPointExtension>
            <gpxtpx:Extensions>
              <reversedirection>yes</reversedirection>
              <highway>tertiary</highway>
              <surface>asphalt</surface>
            </gpxtpx:Extensions>
          </gpxtpx:TrackPointExtension>
        </extensions>
      </trkpt>
      <trkpt lat="48.38196" lon="8.701694">
        <ele>456.5</ele>
        <extensions>
          <gpxtpx:TrackPointExtension>
            <gpxtpx:Extensions>
              <reversedirection>yes</reversedirection>
              <highway>tertiary</highway>
              <surface>asphalt</surface>
            </gpxtpx:Extensions>
          </gpxtpx:TrackPointExtension>
        </extensions>
      </trkpt>
      <trkpt lat="48.381728" lon="8.701424">
        <ele>454.5</ele>
        <extensions>
          <gpxtpx:TrackPointExtension>
            <gpxtpx:Extensions>
              <reversedirection>yes</reversedirection>
              <highway>tertiary</highway>
              <surface>asphalt</surface>
            </gpxtpx:Extensions>
          </gpxtpx:TrackPointExtension>
        </extensions>
      </trkpt>
      <trkpt lat="48.381495" lon="8.700955">
        <ele>454.5</ele>
        <extensions>
          <gpxtpx:TrackPointExtension>
            <gpxtpx:Extensions>
              <reversedirection>yes</reversedirection>
              <highway>tertiary</highway>
              <surface>asphalt</surface>
            </gpxtpx:Extensions>
          </gpxtpx:TrackPointExtension>
        </extensions>
      </trkpt>
      <trkpt lat="48.381366" lon="8.700772">
        <ele>454.25</ele>
        <extensions>
          <gpxtpx:TrackPointExtension>
            <gpxtpx:Extensions>
              <reversedirection>yes</reversedirection>
              <highway>tertiary</highway>
              <surface>asphalt</surface>
            </gpxtpx:Extensions>
          </gpxtpx:TrackPointExtension>
        </extensions>
      </trkpt>
      <trkpt lat="48.381228" lon="8.700673">
        <ele>453.25</ele>
        <extensions>
          <gpxtpx:TrackPointExtension>
            <gpxtpx:Extensions>
              <reversedirection>yes</reversedirection>
              <highway>tertiary</highway>
              <surface>asphalt</surface>
            </gpxtpx:Extensions>
          </gpxtpx:TrackPointExtension>
        </extensions>
      </trkpt>
      <trkpt lat="48.381064" lon="8.700614">
        <ele>451.5</ele>
        <extensions>
          <gpxtpx:TrackPointExtension>
            <gpxtpx:Extensions>
              <reversedirection>yes</reversedirection>
              <highway>tertiary</highway>
              <surface>asphalt</surface>
            </gpxtpx:Extensions>
          </gpxtpx:TrackPointExtension>
        </extensions>
      </trkpt>
      <trkpt lat="48.380953" lon="8.700602">
        <ele>450</ele>
        <extensions>
          <gpxtpx:TrackPointExtension>
            <gpxtpx:Extensions>
              <reversedirection>yes</reversedirection>
              <highway>tertiary</highway>
              <surface>asphalt</surface>
            </gpxtpx:Extensions>
          </gpxtpx:TrackPointExtension>
        </extensions>
      </trkpt>
      <trkpt lat="48.380853" lon="8.70061">
        <ele>448.25</ele>
        <extensions>
          <gpxtpx:TrackPointExtension>
            <gpxtpx:Extensions>
              <reversedirection>yes</reversedirection>
              <highway>tertiary</highway>
              <surface>asphalt</surface>
            </gpxtpx:Extensions>
          </gpxtpx:TrackPointExtension>
        </extensions>
      </trkpt>
      <trkpt lat="48.380766" lon="8.700654">
        <ele>446.5</ele>
        <extensions>
          <gpxtpx:TrackPointExtension>
            <gpxtpx:Extensions>
              <reversedirection>yes</reversedirection>
              <highway>tertiary</highway>
              <surface>asphalt</surface>
            </gpxtpx:Extensions>
          </gpxtpx:TrackPointExtension>
        </extensions>
      </trkpt>
      <trkpt lat="48.380318" lon="8.700926">
        <ele>438.75</ele>
        <extensions>
          <gpxtpx:TrackPointExtension>
            <gpxtpx:Extensions>
              <highway>tertiary</highway>
            </gpxtpx:Extensions>
          </gpxtpx:TrackPointExtension>
        </extensions>
      </trkpt>
      <trkpt lat="48.380196" lon="8.700848">
        <ele>437.5</ele>
        <extensions>
          <gpxtpx:TrackPointExtension>
            <gpxtpx:Extensions>
              <highway>tertiary</highway>
            </gpxtpx:Extensions>
          </gpxtpx:TrackPointExtension>
        </extensions>
      </trkpt>
      <trkpt lat="48.380084" lon="8.700723">
        <ele>436.25</ele>
        <extensions>
          <gpxtpx:TrackPointExtension>
            <gpxtpx:Extensions>
              <highway>tertiary</highway>
            </gpxtpx:Extensions>
          </gpxtpx:TrackPointExtension>
        </extensions>
      </trkpt>
      <trkpt lat="48.379425" lon="8.699779">
        <ele>429.75</ele>
        <extensions>
          <gpxtpx:TrackPointExtension>
            <gpxtpx:Extensions>
              <highway>tertiary</highway>
            </gpxtpx:Extensions>
          </gpxtpx:TrackPointExtension>
        </extensions>
      </trkpt>
      <trkpt lat="48.379385" lon="8.699733">
        <ele>429.25</ele>
        <extensions>
          <gpxtpx:TrackPointExtension>
            <gpxtpx:Extensions>
              <highway>tertiary</highway>
            </gpxtpx:Extensions>
          </gpxtpx:TrackPointExtension>
        </extensions>
      </trkpt>
      <trkpt lat="48.379276" lon="8.699608">
        <ele>428</ele>
        <extensions>
          <gpxtpx:TrackPointExtension>
            <gpxtpx:Extensions>
              <highway>tertiary</highway>
            </gpxtpx:Extensions>
          </gpxtpx:TrackPointExtension>
        </extensions>
      </trkpt>
      <trkpt lat="48.379222" lon="8.699544">
        <ele>427.25</ele>
        <extensions>
          <gpxtpx:TrackPointExtension>
            <gpxtpx:Extensions>
              <highway>tertiary</highway>
            </gpxtpx:Extensions>
          </gpxtpx:TrackPointExtension>
        </extensions>
      </trkpt>
      <trkpt lat="48.379176" lon="8.69949">
        <ele>426.75</ele>
        <extensions>
          <gpxtpx:TrackPointExtension>
            <gpxtpx:Extensions>
              <highway>tertiary</highway>
            </gpxtpx:Extensions>
          </gpxtpx:TrackPointExtension>
        </extensions>
      </trkpt>
      <trkpt lat="48.378937" lon="8.699809">
        <ele>427.25</ele>
        <extensions>
          <gpxtpx:TrackPointExtension>
            <gpxtpx:Extensions>
              <highway>tertiary</highway>
              <surface>asphalt</surface>
            </gpxtpx:Extensions>
          </gpxtpx:TrackPointExtension>
        </extensions>
      </trkpt>
      <trkpt lat="48.378442" lon="8.700563">
        <ele>428.75</ele>
        <extensions>
          <gpxtpx:TrackPointExtension>
            <gpxtpx:Extensions>
              <highway>tertiary</highway>
              <surface>asphalt</surface>
            </gpxtpx:Extensions>
          </gpxtpx:TrackPointExtension>
        </extensions>
      </trkpt>
      <trkpt lat="48.377994" lon="8.701159">
        <ele>429.75</ele>
        <extensions>
          <gpxtpx:TrackPointExtension>
            <gpxtpx:Extensions>
              <highway>tertiary</highway>
              <surface>asphalt</surface>
            </gpxtpx:Extensions>
          </gpxtpx:TrackPointExtension>
        </extensions>
      </trkpt>
      <trkpt lat="48.377711" lon="8.701461">
        <ele>430</ele>
        <extensions>
          <gpxtpx:TrackPointExtension>
            <gpxtpx:Extensions>
              <highway>tertiary</highway>
              <surface>asphalt</surface>
            </gpxtpx:Extensions>
          </gpxtpx:TrackPointExtension>
        </extensions>
      </trkpt>
      <trkpt lat="48.377074" lon="8.702111">
        <ele>430.75</ele>
        <extensions>
          <gpxtpx:TrackPointExtension>
            <gpxtpx:Extensions>
              <highway>tertiary</highway>
              <surface>asphalt</surface>
            </gpxtpx:Extensions>
          </gpxtpx:TrackPointExtension>
        </extensions>
      </trkpt>
      <trkpt lat="48.376443" lon="8.702807">
        <ele>433.75</ele>
        <extensions>
          <gpxtpx:TrackPointExtension>
            <gpxtpx:Extensions>
              <highway>tertiary</highway>
              <surface>asphalt</surface>
            </gpxtpx:Extensions>
          </gpxtpx:TrackPointExtension>
        </extensions>
      </trkpt>
      <trkpt lat="48.375929" lon="8.703428">
        <ele>438.25</ele>
        <extensions>
          <gpxtpx:TrackPointExtension>
            <gpxtpx:Extensions>
              <reversedirection>yes</reversedirection>
              <highway>tertiary</highway>
            </gpxtpx:Extensions>
          </gpxtpx:TrackPointExtension>
        </extensions>
      </trkpt>
      <trkpt lat="48.375736" lon="8.703699">
        <ele>437.5</ele>
        <extensions>
          <gpxtpx:TrackPointExtension>
            <gpxtpx:Extensions>
              <reversedirection>yes</reversedirection>
              <highway>tertiary</highway>
            </gpxtpx:Extensions>
          </gpxtpx:TrackPointExtension>
        </extensions>
      </trkpt>
      <trkpt lat="48.375171" lon="8.70457">
        <ele>435.5</ele>
        <extensions>
          <gpxtpx:TrackPointExtension>
            <gpxtpx:Extensions>
              <reversedirection>yes</reversedirection>
              <highway>tertiary</highway>
            </gpxtpx:Extensions>
          </gpxtpx:TrackPointExtension>
        </extensions>
      </trkpt>
      <trkpt lat="48.375031" lon="8.704811">
        <ele>435.5</ele>
        <extensions>
          <gpxtpx:TrackPointExtension>
            <gpxtpx:Extensions>
              <reversedirection>yes</reversedirection>
              <highway>tertiary</highway>
            </gpxtpx:Extensions>
          </gpxtpx:TrackPointExtension>
        </extensions>
      </trkpt>
      <trkpt lat="48.374828" lon="8.705084">
        <ele>435.5</ele>
        <extensions>
          <gpxtpx:TrackPointExtension>
            <gpxtpx:Extensions>
              <reversedirection>yes</reversedirection>
              <highway>tertiary</highway>
            </gpxtpx:Extensions>
          </gpxtpx:TrackPointExtension>
        </extensions>
      </trkpt>
      <trkpt lat="48.374762" lon="8.705165">
        <ele>435.75</ele>
        <extensions>
          <gpxtpx:TrackPointExtension>
            <gpxtpx:Extensions>
              <reversedirection>yes</reversedirection>
              <highway>tertiary</highway>
            </gpxtpx:Extensions>
          </gpxtpx:TrackPointExtension>
        </extensions>
      </trkpt>
      <trkpt lat="48.374547" lon="8.705368">
        <ele>436</ele>
        <extensions>
          <gpxtpx:TrackPointExtension>
            <gpxtpx:Extensions>
              <reversedirection>yes</reversedirection>
              <highway>tertiary</highway>
            </gpxtpx:Extensions>
          </gpxtpx:TrackPointExtension>
        </extensions>
      </trkpt>
      <trkpt lat="48.374284" lon="8.705556">
        <ele>436.5</ele>
        <extensions>
          <gpxtpx:TrackPointExtension>
            <gpxtpx:Extensions>
              <reversedirection>yes</reversedirection>
              <highway>tertiary</highway>
            </gpxtpx:Extensions>
          </gpxtpx:TrackPointExtension>
        </extensions>
      </trkpt>
      <trkpt lat="48.374035" lon="8.705691">
        <ele>437.5</ele>
        <extensions>
          <gpxtpx:TrackPointExtension>
            <gpxtpx:Extensions>
              <reversedirection>yes</reversedirection>
              <highway>tertiary</highway>
            </gpxtpx:Extensions>
          </gpxtpx:TrackPointExtension>
        </extensions>
      </trkpt>
      <trkpt lat="48.373621" lon="8.705778">
        <ele>438.75</ele>
        <extensions>
          <gpxtpx:TrackPointExtension>
            <gpxtpx:Extensions>
              <reversedirection>yes</reversedirection>
              <highway>tertiary</highway>
            </gpxtpx:Extensions>
          </gpxtpx:TrackPointExtension>
        </extensions>
      </trkpt>
      <trkpt lat="48.373354" lon="8.705795">
        <ele>439.5</ele>
        <extensions>
          <gpxtpx:TrackPointExtension>
            <gpxtpx:Extensions>
              <reversedirection>yes</reversedirection>
              <highway>tertiary</highway>
            </gpxtpx:Extensions>
          </gpxtpx:TrackPointExtension>
        </extensions>
      </trkpt>
      <trkpt lat="48.373015" lon="8.705746">
        <ele>439.25</ele>
        <extensions>
          <gpxtpx:TrackPointExtension>
            <gpxtpx:Extensions>
              <highway>tertiary</highway>
            </gpxtpx:Extensions>
          </gpxtpx:TrackPointExtension>
        </extensions>
      </trkpt>
      <trkpt lat="48.372636" lon="8.705586">
        <ele>438</ele>
        <extensions>
          <gpxtpx:TrackPointExtension>
            <gpxtpx:Extensions>
              <highway>tertiary</highway>
            </gpxtpx:Extensions>
          </gpxtpx:TrackPointExtension>
        </extensions>
      </trkpt>
      <trkpt lat="48.372385" lon="8.705427">
        <ele>437.75</ele>
        <extensions>
          <gpxtpx:TrackPointExtension>
            <gpxtpx:Extensions>
              <highway>tertiary</highway>
            </gpxtpx:Extensions>
          </gpxtpx:TrackPointExtension>
        </extensions>
      </trkpt>
      <trkpt lat="48.372049" lon="8.705038">
        <ele>438</ele>
        <extensions>
          <gpxtpx:TrackPointExtension>
            <gpxtpx:Extensions>
              <highway>tertiary</highway>
            </gpxtpx:Extensions>
          </gpxtpx:TrackPointExtension>
        </extensions>
      </trkpt>
      <trkpt lat="48.371826" lon="8.704734">
        <ele>438.25</ele>
        <extensions>
          <gpxtpx:TrackPointExtension>
            <gpxtpx:Extensions>
              <highway>tertiary</highway>
            </gpxtpx:Extensions>
          </gpxtpx:TrackPointExtension>
        </extensions>
      </trkpt>
      <trkpt lat="48.371531" lon="8.704359">
        <ele>437</ele>
        <extensions>
          <gpxtpx:TrackPointExtension>
            <gpxtpx:Extensions>
              <highway>tertiary</highway>
            </gpxtpx:Extensions>
          </gpxtpx:TrackPointExtension>
        </extensions>
      </trkpt>
      <trkpt lat="48.371376" lon="8.704212">
        <ele>436.5</ele>
        <extensions>
          <gpxtpx:TrackPointExtension>
            <gpxtpx:Extensions>
              <highway>tertiary</highway>
            </gpxtpx:Extensions>
          </gpxtpx:TrackPointExtension>
        </extensions>
      </trkpt>
      <trkpt lat="48.371232" lon="8.704125">
        <ele>436.25</ele>
        <extensions>
          <gpxtpx:TrackPointExtension>
            <gpxtpx:Extensions>
              <highway>tertiary</highway>
            </gpxtpx:Extensions>
          </gpxtpx:TrackPointExtension>
        </extensions>
      </trkpt>
      <trkpt lat="48.37111" lon="8.704084">
        <ele>436.25</ele>
        <extensions>
          <gpxtpx:TrackPointExtension>
            <gpxtpx:Extensions>
              <highway>tertiary</highway>
            </gpxtpx:Extensions>
          </gpxtpx:TrackPointExtension>
        </extensions>
      </trkpt>
      <trkpt lat="48.370972" lon="8.70417">
        <ele>436.75</ele>
        <extensions>
          <gpxtpx:TrackPointExtension>
            <gpxtpx:Extensions>
              <reversedirection>yes</reversedirection>
              <highway>tertiary</highway>
            </gpxtpx:Extensions>
          </gpxtpx:TrackPointExtension>
        </extensions>
      </trkpt>
      <trkpt lat="48.370833" lon="8.704389">
        <ele>437.5</ele>
        <extensions>
          <gpxtpx:TrackPointExtension>
            <gpxtpx:Extensions>
              <reversedirection>yes</reversedirection>
              <highway>tertiary</highway>
            </gpxtpx:Extensions>
          </gpxtpx:TrackPointExtension>
        </extensions>
      </trkpt>
      <trkpt lat="48.370606" lon="8.704745">
        <ele>438</ele>
        <extensions>
          <gpxtpx:TrackPointExtension>
            <gpxtpx:Extensions>
              <reversedirection>yes</reversedirection>
              <highway>tertiary</highway>
            </gpxtpx:Extensions>
          </gpxtpx:TrackPointExtension>
        </extensions>
      </trkpt>
      <trkpt lat="48.370373" lon="8.704968">
        <ele>437.75</ele>
        <extensions>
          <gpxtpx:TrackPointExtension>
            <gpxtpx:Extensions>
              <reversedirection>yes</reversedirection>
              <highway>tertiary</highway>
            </gpxtpx:Extensions>
          </gpxtpx:TrackPointExtension>
        </extensions>
      </trkpt>
      <trkpt lat="48.37023" lon="8.705055">
        <ele>437.75</ele>
        <extensions>
          <gpxtpx:TrackPointExtension>
            <gpxtpx:Extensions>
              <reversedirection>yes</reversedirection>
              <highway>tertiary</highway>
            </gpxtpx:Extensions>
          </gpxtpx:TrackPointExtension>
        </extensions>
      </trkpt>
      <trkpt lat="48.369902" lon="8.705065">
        <ele>437.75</ele>
        <extensions>
          <gpxtpx:TrackPointExtension>
            <gpxtpx:Extensions>
              <reversedirection>yes</reversedirection>
              <highway>tertiary</highway>
            </gpxtpx:Extensions>
          </gpxtpx:TrackPointExtension>
        </extensions>
      </trkpt>
      <trkpt lat="48.369739" lon="8.705012">
        <ele>438.25</ele>
        <extensions>
          <gpxtpx:TrackPointExtension>
            <gpxtpx:Extensions>
              <reversedirection>yes</reversedirection>
              <highway>tertiary</highway>
            </gpxtpx:Extensions>
          </gpxtpx:TrackPointExtension>
        </extensions>
      </trkpt>
      <trkpt lat="48.369269" lon="8.704808">
        <ele>440.5</ele>
        <extensions>
          <gpxtpx:TrackPointExtension>
            <gpxtpx:Extensions>
              <reversedirection>yes</reversedirection>
              <highway>tertiary</highway>
            </gpxtpx:Extensions>
          </gpxtpx:TrackPointExtension>
        </extensions>
      </trkpt>
      <trkpt lat="48.368855" lon="8.704661">
        <ele>441.75</ele>
        <extensions>
          <gpxtpx:TrackPointExtension>
            <gpxtpx:Extensions>
              <reversedirection>yes</reversedirection>
              <highway>tertiary</highway>
            </gpxtpx:Extensions>
          </gpxtpx:TrackPointExtension>
        </extensions>
      </trkpt>
      <trkpt lat="48.368804" lon="8.704945">
        <ele>441.75</ele>
        <extensions>
          <gpxtpx:TrackPointExtension>
            <gpxtpx:Extensions>
              <reversedirection>yes</reversedirection>
              <highway>tertiary</highway>
            </gpxtpx:Extensions>
          </gpxtpx:TrackPointExtension>
        </extensions>
      </trkpt>
      <trkpt lat="48.368734" lon="8.70575">
        <ele>444.5</ele>
        <extensions>
          <gpxtpx:TrackPointExtension>
            <gpxtpx:Extensions>
              <reversedirection>yes</reversedirection>
              <highway>tertiary</highway>
            </gpxtpx:Extensions>
          </gpxtpx:TrackPointExtension>
        </extensions>
      </trkpt>
      <trkpt lat="48.368643" lon="8.706937">
        <ele>446.75</ele>
        <extensions>
          <gpxtpx:TrackPointExtension>
            <gpxtpx:Extensions>
              <reversedirection>yes</reversedirection>
              <highway>tertiary</highway>
            </gpxtpx:Extensions>
          </gpxtpx:TrackPointExtension>
        </extensions>
      </trkpt>
      <trkpt lat="48.368636" lon="8.707029">
        <ele>447</ele>
        <extensions>
          <gpxtpx:TrackPointExtension>
            <gpxtpx:Extensions>
              <reversedirection>yes</reversedirection>
              <highway>tertiary</highway>
            </gpxtpx:Extensions>
          </gpxtpx:TrackPointExtension>
        </extensions>
      </trkpt>
      <trkpt lat="48.368497" lon="8.707721">
        <ele>447.5</ele>
        <extensions>
          <gpxtpx:TrackPointExtension>
            <gpxtpx:Extensions>
              <reversedirection>yes</reversedirection>
              <highway>tertiary</highway>
            </gpxtpx:Extensions>
          </gpxtpx:TrackPointExtension>
        </extensions>
      </trkpt>
      <trkpt lat="48.368319" lon="8.708416">
        <ele>448.5</ele>
        <extensions>
          <gpxtpx:TrackPointExtension>
            <gpxtpx:Extensions>
              <reversedirection>yes</reversedirection>
              <highway>tertiary</highway>
            </gpxtpx:Extensions>
          </gpxtpx:TrackPointExtension>
        </extensions>
      </trkpt>
      <trkpt lat="48.368207" lon="8.708615">
        <ele>449.75</ele>
        <extensions>
          <gpxtpx:TrackPointExtension>
            <gpxtpx:Extensions>
              <reversedirection>yes</reversedirection>
              <highway>tertiary</highway>
            </gpxtpx:Extensions>
          </gpxtpx:TrackPointExtension>
        </extensions>
      </trkpt>
      <trkpt lat="48.368093" lon="8.708788">
        <ele>451</ele>
        <extensions>
          <gpxtpx:TrackPointExtension>
            <gpxtpx:Extensions>
              <reversedirection>yes</reversedirection>
              <highway>tertiary</highway>
            </gpxtpx:Extensions>
          </gpxtpx:TrackPointExtension>
        </extensions>
      </trkpt>
      <trkpt lat="48.36789" lon="8.709029">
        <ele>452.5</ele>
        <extensions>
          <gpxtpx:TrackPointExtension>
            <gpxtpx:Extensions>
              <reversedirection>yes</reversedirection>
              <highway>tertiary</highway>
            </gpxtpx:Extensions>
          </gpxtpx:TrackPointExtension>
        </extensions>
      </trkpt>
      <trkpt lat="48.367708" lon="8.709171">
        <ele>453.5</ele>
        <extensions>
          <gpxtpx:TrackPointExtension>
            <gpxtpx:Extensions>
              <reversedirection>yes</reversedirection>
              <highway>tertiary</highway>
            </gpxtpx:Extensions>
          </gpxtpx:TrackPointExtension>
        </extensions>
      </trkpt>
      <trkpt lat="48.367426" lon="8.709326">
        <ele>455.5</ele>
        <extensions>
          <gpxtpx:TrackPointExtension>
            <gpxtpx:Extensions>
              <reversedirection>yes</reversedirection>
              <highway>tertiary</highway>
            </gpxtpx:Extensions>
          </gpxtpx:TrackPointExtension>
        </extensions>
      </trkpt>
      <trkpt lat="48.366978" lon="8.709437">
        <ele>458.5</ele>
        <extensions>
          <gpxtpx:TrackPointExtension>
            <gpxtpx:Extensions>
              <reversedirection>yes</reversedirection>
              <highway>tertiary</highway>
            </gpxtpx:Extensions>
          </gpxtpx:TrackPointExtension>
        </extensions>
      </trkpt>
      <trkpt lat="48.366837" lon="8.709471">
        <ele>459.75</ele>
        <extensions>
          <gpxtpx:TrackPointExtension>
            <gpxtpx:Extensions>
              <reversedirection>yes</reversedirection>
              <highway>tertiary</highway>
            </gpxtpx:Extensions>
          </gpxtpx:TrackPointExtension>
        </extensions>
      </trkpt>
      <trkpt lat="48.366334" lon="8.709469">
        <ele>464.5</ele>
        <extensions>
          <gpxtpx:TrackPointExtension>
            <gpxtpx:Extensions>
              <highway>tertiary</highway>
            </gpxtpx:Extensions>
          </gpxtpx:TrackPointExtension>
        </extensions>
      </trkpt>
      <trkpt lat="48.365499" lon="8.70929">
        <ele>463.75</ele>
        <extensions>
          <gpxtpx:TrackPointExtension>
            <gpxtpx:Extensions>
              <highway>tertiary</highway>
            </gpxtpx:Extensions>
          </gpxtpx:TrackPointExtension>
        </extensions>
      </trkpt>
      <trkpt lat="48.364923" lon="8.709277">
        <ele>463</ele>
        <extensions>
          <gpxtpx:TrackPointExtension>
            <gpxtpx:Extensions>
              <highway>tertiary</highway>
            </gpxtpx:Extensions>
          </gpxtpx:TrackPointExtension>
        </extensions>
      </trkpt>
      <trkpt lat="48.364327" lon="8.709389">
        <ele>464.5</ele>
        <extensions>
          <gpxtpx:TrackPointExtension>
            <gpxtpx:Extensions>
              <highway>tertiary</highway>
            </gpxtpx:Extensions>
          </gpxtpx:TrackPointExtension>
        </extensions>
      </trkpt>
      <trkpt lat="48.363651" lon="8.709569">
        <ele>463.25</ele>
        <extensions>
          <gpxtpx:TrackPointExtension>
            <gpxtpx:Extensions>
              <highway>tertiary</highway>
            </gpxtpx:Extensions>
          </gpxtpx:TrackPointExtension>
        </extensions>
      </trkpt>
      <trkpt lat="48.363457" lon="8.709641">
        <ele>462.5</ele>
        <extensions>
          <gpxtpx:TrackPointExtension>
            <gpxtpx:Extensions>
              <highway>tertiary</highway>
            </gpxtpx:Extensions>
          </gpxtpx:TrackPointExtension>
        </extensions>
      </trkpt>
      <trkpt lat="48.363161" lon="8.709911">
        <ele>464.25</ele>
        <extensions>
          <gpxtpx:TrackPointExtension>
            <gpxtpx:Extensions>
              <highway>tertiary</highway>
            </gpxtpx:Extensions>
          </gpxtpx:TrackPointExtension>
        </extensions>
      </trkpt>
      <trkpt lat="48.362902" lon="8.710286">
        <ele>467</ele>
        <extensions>
          <gpxtpx:TrackPointExtension>
            <gpxtpx:Extensions>
              <highway>tertiary</highway>
            </gpxtpx:Extensions>
          </gpxtpx:TrackPointExtension>
        </extensions>
      </trkpt>
      <trkpt lat="48.362643" lon="8.710792">
        <ele>468.5</ele>
        <extensions>
          <gpxtpx:TrackPointExtension>
            <gpxtpx:Extensions>
              <highway>tertiary</highway>
            </gpxtpx:Extensions>
          </gpxtpx:TrackPointExtension>
        </extensions>
      </trkpt>
      <trkpt lat="48.362168" lon="8.711616">
        <ele>473.25</ele>
        <extensions>
          <gpxtpx:TrackPointExtension>
            <gpxtpx:Extensions>
              <highway>tertiary</highway>
            </gpxtpx:Extensions>
          </gpxtpx:TrackPointExtension>
        </extensions>
      </trkpt>
      <trkpt lat="48.361925" lon="8.711954">
        <ele>474.75</ele>
        <extensions>
          <gpxtpx:TrackPointExtension>
            <gpxtpx:Extensions>
              <highway>tertiary</highway>
            </gpxtpx:Extensions>
          </gpxtpx:TrackPointExtension>
        </extensions>
      </trkpt>
      <trkpt lat="48.361342" lon="8.712562">
        <ele>473</ele>
        <extensions>
          <gpxtpx:TrackPointExtension>
            <gpxtpx:Extensions>
              <highway>tertiary</highway>
            </gpxtpx:Extensions>
          </gpxtpx:TrackPointExtension>
        </extensions>
      </trkpt>
      <trkpt lat="48.360012" lon="8.713799">
        <ele>477.75</ele>
        <extensions>
          <gpxtpx:TrackPointExtension>
            <gpxtpx:Extensions>
              <highway>tertiary</highway>
            </gpxtpx:Extensions>
          </gpxtpx:TrackPointExtension>
        </extensions>
      </trkpt>
      <trkpt lat="48.359552" lon="8.714182">
        <ele>485.25</ele>
        <extensions>
          <gpxtpx:TrackPointExtension>
            <gpxtpx:Extensions>
              <highway>tertiary</highway>
            </gpxtpx:Extensions>
          </gpxtpx:TrackPointExtension>
        </extensions>
      </trkpt>
      <trkpt lat="48.359299" lon="8.714253">
        <ele>487.75</ele>
        <extensions>
          <gpxtpx:TrackPointExtension>
            <gpxtpx:Extensions>
              <highway>tertiary</highway>
            </gpxtpx:Extensions>
          </gpxtpx:TrackPointExtension>
        </extensions>
      </trkpt>
      <trkpt lat="48.358494" lon="8.714182">
        <ele>491</ele>
        <extensions>
          <gpxtpx:TrackPointExtension>
            <gpxtpx:Extensions>
              <highway>tertiary</highway>
            </gpxtpx:Extensions>
          </gpxtpx:TrackPointExtension>
        </extensions>
      </trkpt>
      <trkpt lat="48.358068" lon="8.714203">
        <ele>491.5</ele>
        <extensions>
          <gpxtpx:TrackPointExtension>
            <gpxtpx:Extensions>
              <highway>tertiary</highway>
            </gpxtpx:Extensions>
          </gpxtpx:TrackPointExtension>
        </extensions>
      </trkpt>
      <trkpt lat="48.357616" lon="8.714381">
        <ele>493.75</ele>
        <extensions>
          <gpxtpx:TrackPointExtension>
            <gpxtpx:Extensions>
              <highway>tertiary</highway>
            </gpxtpx:Extensions>
          </gpxtpx:TrackPointExtension>
        </extensions>
      </trkpt>
      <trkpt lat="48.357342" lon="8.714569">
        <ele>498</ele>
        <extensions>
          <gpxtpx:TrackPointExtension>
            <gpxtpx:Extensions>
              <highway>tertiary</highway>
            </gpxtpx:Extensions>
          </gpxtpx:TrackPointExtension>
        </extensions>
      </trkpt>
      <trkpt lat="48.356868" lon="8.714903">
        <ele>500.5</ele>
        <extensions>
          <gpxtpx:TrackPointExtension>
            <gpxtpx:Extensions>
              <highway>tertiary</highway>
            </gpxtpx:Extensions>
          </gpxtpx:TrackPointExtension>
        </extensions>
      </trkpt>
      <trkpt lat="48.356682" lon="8.715054">
        <ele>500</ele>
        <extensions>
          <gpxtpx:TrackPointExtension>
            <gpxtpx:Extensions>
              <highway>tertiary</highway>
            </gpxtpx:Extensions>
          </gpxtpx:TrackPointExtension>
        </extensions>
      </trkpt>
      <trkpt lat="48.356457" lon="8.715167">
        <ele>505.5</ele>
        <extensions>
          <gpxtpx:TrackPointExtension>
            <gpxtpx:Extensions>
              <highway>tertiary</highway>
            </gpxtpx:Extensions>
          </gpxtpx:TrackPointExtension>
        </extensions>
      </trkpt>
      <trkpt lat="48.356205" lon="8.715237">
        <ele>511.25</ele>
        <extensions>
          <gpxtpx:TrackPointExtension>
            <gpxtpx:Extensions>
              <highway>tertiary</highway>
            </gpxtpx:Extensions>
          </gpxtpx:TrackPointExtension>
        </extensions>
      </trkpt>
      <trkpt lat="48.355974" lon="8.715209">
        <ele>515</ele>
        <extensions>
          <gpxtpx:TrackPointExtension>
            <gpxtpx:Extensions>
              <highway>tertiary</highway>
            </gpxtpx:Extensions>
          </gpxtpx:TrackPointExtension>
        </extensions>
      </trkpt>
      <trkpt lat="48.35529" lon="8.714911">
        <ele>514.5</ele>
        <extensions>
          <gpxtpx:TrackPointExtension>
            <gpxtpx:Extensions>
              <highway>tertiary</highway>
            </gpxtpx:Extensions>
          </gpxtpx:TrackPointExtension>
        </extensions>
      </trkpt>
      <trkpt lat="48.355116" lon="8.71486">
        <ele>514</ele>
        <extensions>
          <gpxtpx:TrackPointExtension>
            <gpxtpx:Extensions>
              <highway>tertiary</highway>
            </gpxtpx:Extensions>
          </gpxtpx:TrackPointExtension>
        </extensions>
      </trkpt>
      <trkpt lat="48.354978" lon="8.714857">
        <ele>513.75</ele>
        <extensions>
          <gpxtpx:TrackPointExtension>
            <gpxtpx:Extensions>
              <highway>tertiary</highway>
            </gpxtpx:Extensions>
          </gpxtpx:TrackPointExtension>
        </extensions>
      </trkpt>
      <trkpt lat="48.354831" lon="8.714888">
        <ele>514.5</ele>
        <extensions>
          <gpxtpx:TrackPointExtension>
            <gpxtpx:Extensions>
              <highway>tertiary</highway>
            </gpxtpx:Extensions>
          </gpxtpx:TrackPointExtension>
        </extensions>
      </trkpt>
      <trkpt lat="48.354667" lon="8.714993">
        <ele>515.75</ele>
        <extensions>
          <gpxtpx:TrackPointExtension>
            <gpxtpx:Extensions>
              <highway>tertiary</highway>
            </gpxtpx:Extensions>
          </gpxtpx:TrackPointExtension>
        </extensions>
      </trkpt>
      <trkpt lat="48.354438" lon="8.715346">
        <ele>520.25</ele>
        <extensions>
          <gpxtpx:TrackPointExtension>
            <gpxtpx:Extensions>
              <highway>tertiary</highway>
            </gpxtpx:Extensions>
          </gpxtpx:TrackPointExtension>
        </extensions>
      </trkpt>
      <trkpt lat="48.354213" lon="8.715551">
        <ele>522.75</ele>
        <extensions>
          <gpxtpx:TrackPointExtension>
            <gpxtpx:Extensions>
              <highway>tertiary</highway>
            </gpxtpx:Extensions>
          </gpxtpx:TrackPointExtension>
        </extensions>
      </trkpt>
      <trkpt lat="48.353029" lon="8.716253">
        <ele>526</ele>
        <extensions>
          <gpxtpx:TrackPointExtension>
            <gpxtpx:Extensions>
              <highway>tertiary</highway>
            </gpxtpx:Extensions>
          </gpxtpx:TrackPointExtension>
        </extensions>
      </trkpt>
      <trkpt lat="48.352919" lon="8.716349">
        <ele>529</ele>
        <extensions>
          <gpxtpx:TrackPointExtension>
            <gpxtpx:Extensions>
              <highway>tertiary</highway>
            </gpxtpx:Extensions>
          </gpxtpx:TrackPointExtension>
        </extensions>
      </trkpt>
      <trkpt lat="48.352876" lon="8.716464">
        <ele>531</ele>
        <extensions>
          <gpxtpx:TrackPointExtension>
            <gpxtpx:Extensions>
              <highway>tertiary</highway>
            </gpxtpx:Extensions>
          </gpxtpx:TrackPointExtension>
        </extensions>
      </trkpt>
      <trkpt lat="48.352899" lon="8.716642">
        <ele>533.5</ele>
        <extensions>
          <gpxtpx:TrackPointExtension>
            <gpxtpx:Extensions>
              <highway>tertiary</highway>
            </gpxtpx:Extensions>
          </gpxtpx:TrackPointExtension>
        </extensions>
      </trkpt>
      <trkpt lat="48.353014" lon="8.716694">
        <ele>533.75</ele>
        <extensions>
          <gpxtpx:TrackPointExtension>
            <gpxtpx:Extensions>
              <highway>tertiary</highway>
            </gpxtpx:Extensions>
          </gpxtpx:TrackPointExtension>
        </extensions>
      </trkpt>
      <trkpt lat="48.353527" lon="8.716396">
        <ele>528</ele>
        <extensions>
          <gpxtpx:TrackPointExtension>
            <gpxtpx:Extensions>
              <highway>tertiary</highway>
            </gpxtpx:Extensions>
          </gpxtpx:TrackPointExtension>
        </extensions>
      </trkpt>
      <trkpt lat="48.353889" lon="8.716249">
        <ele>529.75</ele>
        <extensions>
          <gpxtpx:TrackPointExtension>
            <gpxtpx:Extensions>
              <highway>tertiary</highway>
            </gpxtpx:Extensions>
          </gpxtpx:TrackPointExtension>
        </extensions>
      </trkpt>
      <trkpt lat="48.354286" lon="8.716145">
        <ele>530.75</ele>
        <extensions>
          <gpxtpx:TrackPointExtension>
            <gpxtpx:Extensions>
              <highway>tertiary</highway>
            </gpxtpx:Extensions>
          </gpxtpx:TrackPointExtension>
        </extensions>
      </trkpt>
      <trkpt lat="48.35452" lon="8.716135">
        <ele>529.75</ele>
        <extensions>
          <gpxtpx:TrackPointExtension>
            <gpxtpx:Extensions>
              <highway>tertiary</highway>
            </gpxtpx:Extensions>
          </gpxtpx:TrackPointExtension>
        </extensions>
      </trkpt>
      <trkpt lat="48.354713" lon="8.716182">
        <ele>530</ele>
        <extensions>
          <gpxtpx:TrackPointExtension>
            <gpxtpx:Extensions>
              <highway>tertiary</highway>
            </gpxtpx:Extensions>
          </gpxtpx:TrackPointExtension>
        </extensions>
      </trkpt>
      <trkpt lat="48.354889" lon="8.716356">
        <ele>532</ele>
        <extensions>
          <gpxtpx:TrackPointExtension>
            <gpxtpx:Extensions>
              <highway>tertiary</highway>
            </gpxtpx:Extensions>
          </gpxtpx:TrackPointExtension>
        </extensions>
      </trkpt>
      <trkpt lat="48.355067" lon="8.716555">
        <ele>533.75</ele>
        <extensions>
          <gpxtpx:TrackPointExtension>
            <gpxtpx:Extensions>
              <highway>tertiary</highway>
            </gpxtpx:Extensions>
          </gpxtpx:TrackPointExtension>
        </extensions>
      </trkpt>
      <trkpt lat="48.355276" lon="8.71687">
        <ele>536.5</ele>
        <extensions>
          <gpxtpx:TrackPointExtension>
            <gpxtpx:Extensions>
              <highway>tertiary</highway>
            </gpxtpx:Extensions>
          </gpxtpx:TrackPointExtension>
        </extensions>
      </trkpt>
      <trkpt lat="48.355335" lon="8.717023">
        <ele>538.25</ele>
        <extensions>
          <gpxtpx:TrackPointExtension>
            <gpxtpx:Extensions>
              <highway>tertiary</highway>
            </gpxtpx:Extensions>
          </gpxtpx:TrackPointExtension>
        </extensions>
      </trkpt>
      <trkpt lat="48.355337" lon="8.71712">
        <ele>539.75</ele>
        <extensions>
          <gpxtpx:TrackPointExtension>
            <gpxtpx:Extensions>
              <highway>tertiary</highway>
            </gpxtpx:Extensions>
          </gpxtpx:TrackPointExtension>
        </extensions>
      </trkpt>
      <trkpt lat="48.355308" lon="8.717205">
        <ele>541.5</ele>
        <extensions>
          <gpxtpx:TrackPointExtension>
            <gpxtpx:Extensions>
              <highway>tertiary</highway>
            </gpxtpx:Extensions>
          </gpxtpx:TrackPointExtension>
        </extensions>
      </trkpt>
      <trkpt lat="48.355272" lon="8.717273">
        <ele>543.25</ele>
        <extensions>
          <gpxtpx:TrackPointExtension>
            <gpxtpx:Extensions>
              <highway>tertiary</highway>
            </gpxtpx:Extensions>
          </gpxtpx:TrackPointExtension>
        </extensions>
      </trkpt>
      <trkpt lat="48.355195" lon="8.717301">
        <ele>545</ele>
        <extensions>
          <gpxtpx:TrackPointExtension>
            <gpxtpx:Extensions>
              <highway>tertiary</highway>
            </gpxtpx:Extensions>
          </gpxtpx:TrackPointExtension>
        </extensions>
      </trkpt>
      <trkpt lat="48.355088" lon="8.717218">
        <ele>545.25</ele>
        <extensions>
          <gpxtpx:TrackPointExtension>
            <gpxtpx:Extensions>
              <highway>tertiary</highway>
            </gpxtpx:Extensions>
          </gpxtpx:TrackPointExtension>
        </extensions>
      </trkpt>
      <trkpt lat="48.354995" lon="8.716999">
        <ele>542.25</ele>
        <extensions>
          <gpxtpx:TrackPointExtension>
            <gpxtpx:Extensions>
              <highway>tertiary</highway>
            </gpxtpx:Extensions>
          </gpxtpx:TrackPointExtension>
        </extensions>
      </trkpt>
      <trkpt lat="48.354885" lon="8.716824">
        <ele>540</ele>
        <extensions>
          <gpxtpx:TrackPointExtension>
            <gpxtpx:Extensions>
              <highway>tertiary</highway>
            </gpxtpx:Extensions>
          </gpxtpx:TrackPointExtension>
        </extensions>
      </trkpt>
      <trkpt lat="48.354668" lon="8.716658">
        <ele>538</ele>
        <extensions>
          <gpxtpx:TrackPointExtension>
            <gpxtpx:Extensions>
              <highway>tertiary</highway>
            </gpxtpx:Extensions>
          </gpxtpx:TrackPointExtension>
        </extensions>
      </trkpt>
      <trkpt lat="48.354468" lon="8.716652">
        <ele>539.5</ele>
        <extensions>
          <gpxtpx:TrackPointExtension>
            <gpxtpx:Extensions>
              <highway>tertiary</highway>
            </gpxtpx:Extensions>
          </gpxtpx:TrackPointExtension>
        </extensions>
      </trkpt>
      <trkpt lat="48.354205" lon="8.716739">
        <ele>543.5</ele>
        <extensions>
          <gpxtpx:TrackPointExtension>
            <gpxtpx:Extensions>
              <highway>tertiary</highway>
            </gpxtpx:Extensions>
          </gpxtpx:TrackPointExtension>
        </extensions>
      </trkpt>
      <trkpt lat="48.353946" lon="8.716882">
        <ele>544.75</ele>
        <extensions>
          <gpxtpx:TrackPointExtension>
            <gpxtpx:Extensions>
              <highway>tertiary</highway>
            </gpxtpx:Extensions>
          </gpxtpx:TrackPointExtension>
        </extensions>
      </trkpt>
      <trkpt lat="48.353624" lon="8.717133">
        <ele>547.5</ele>
        <extensions>
          <gpxtpx:TrackPointExtension>
            <gpxtpx:Extensions>
              <highway>tertiary</highway>
            </gpxtpx:Extensions>
          </gpxtpx:TrackPointExtension>
        </extensions>
      </trkpt>
      <trkpt lat="48.353365" lon="8.717496">
        <ele>554.25</ele>
        <extensions>
          <gpxtpx:TrackPointExtension>
            <gpxtpx:Extensions>
              <highway>tertiary</highway>
            </gpxtpx:Extensions>
          </gpxtpx:TrackPointExtension>
        </extensions>
      </trkpt>
      <trkpt lat="48.353144" lon="8.717866">
        <ele>557</ele>
        <extensions>
          <gpxtpx:TrackPointExtension>
            <gpxtpx:Extensions>
              <highway>tertiary</highway>
            </gpxtpx:Extensions>
          </gpxtpx:TrackPointExtension>
        </extensions>
      </trkpt>
      <trkpt lat="48.353025" lon="8.718144">
        <ele>558.25</ele>
        <extensions>
          <gpxtpx:TrackPointExtension>
            <gpxtpx:Extensions>
              <highway>tertiary</highway>
            </gpxtpx:Extensions>
          </gpxtpx:TrackPointExtension>
        </extensions>
      </trkpt>
      <trkpt lat="48.352936" lon="8.718551">
        <ele>559</ele>
        <extensions>
          <gpxtpx:TrackPointExtension>
            <gpxtpx:Extensions>
              <highway>tertiary</highway>
            </gpxtpx:Extensions>
          </gpxtpx:TrackPointExtension>
        </extensions>
      </trkpt>
      <trkpt lat="48.352964" lon="8.71909">
        <ele>561.5</ele>
        <extensions>
          <gpxtpx:TrackPointExtension>
            <gpxtpx:Extensions>
              <highway>tertiary</highway>
            </gpxtpx:Extensions>
          </gpxtpx:TrackPointExtension>
        </extensions>
      </trkpt>
      <trkpt lat="48.353097" lon="8.719741">
        <ele>566</ele>
        <extensions>
          <gpxtpx:TrackPointExtension>
            <gpxtpx:Extensions>
              <highway>tertiary</highway>
            </gpxtpx:Extensions>
          </gpxtpx:TrackPointExtension>
        </extensions>
      </trkpt>
      <trkpt lat="48.353245" lon="8.720313">
        <ele>569.25</ele>
        <extensions>
          <gpxtpx:TrackPointExtension>
            <gpxtpx:Extensions>
              <highway>tertiary</highway>
            </gpxtpx:Extensions>
          </gpxtpx:TrackPointExtension>
        </extensions>
      </trkpt>
      <trkpt lat="48.35358" lon="8.72145">
        <ele>576</ele>
        <extensions>
          <gpxtpx:TrackPointExtension>
            <gpxtpx:Extensions>
              <highway>tertiary</highway>
            </gpxtpx:Extensions>
          </gpxtpx:TrackPointExtension>
        </extensions>
      </trkpt>
      <trkpt lat="48.353756" lon="8.722094">
        <ele>579</ele>
        <extensions>
          <gpxtpx:TrackPointExtension>
            <gpxtpx:Extensions>
              <highway>tertiary</highway>
            </gpxtpx:Extensions>
          </gpxtpx:TrackPointExtension>
        </extensions>
      </trkpt>
      <trkpt lat="48.353931" lon="8.722775">
        <ele>581</ele>
        <extensions>
          <gpxtpx:TrackPointExtension>
            <gpxtpx:Extensions>
              <highway>tertiary</highway>
            </gpxtpx:Extensions>
          </gpxtpx:TrackPointExtension>
        </extensions>
      </trkpt>
      <trkpt lat="48.354444" lon="8.724675">
        <ele>596.25</ele>
        <extensions>
          <gpxtpx:TrackPointExtension>
            <gpxtpx:Extensions>
              <highway>tertiary</highway>
            </gpxtpx:Extensions>
          </gpxtpx:TrackPointExtension>
        </extensions>
      </trkpt>
      <trkpt lat="48.354634" lon="8.725407">
        <ele>597.75</ele>
        <extensions>
          <gpxtpx:TrackPointExtension>
            <gpxtpx:Extensions>
              <highway>tertiary</highway>
            </gpxtpx:Extensions>
          </gpxtpx:TrackPointExtension>
        </extensions>
      </trkpt>
      <trkpt lat="48.354691" lon="8.725958">
        <ele>596</ele>
        <extensions>
          <gpxtpx:TrackPointExtension>
            <gpxtpx:Extensions>
              <highway>tertiary</highway>
            </gpxtpx:Extensions>
          </gpxtpx:TrackPointExtension>
        </extensions>
      </trkpt>
      <trkpt lat="48.354697" lon="8.726393">
        <ele>591.5</ele>
        <extensions>
          <gpxtpx:TrackPointExtension>
            <gpxtpx:Extensions>
              <highway>tertiary</highway>
            </gpxtpx:Extensions>
          </gpxtpx:TrackPointExtension>
        </extensions>
      </trkpt>
      <trkpt lat="48.354656" lon="8.729444">
        <ele>579.25</ele>
        <extensions>
          <gpxtpx:TrackPointExtension>
            <gpxtpx:Extensions>
              <highway>tertiary</highway>
            </gpxtpx:Extensions>
          </gpxtpx:TrackPointExtension>
        </extensions>
      </trkpt>
      <trkpt lat="48.354673" lon="8.730403">
        <ele>578.5</ele>
        <extensions>
          <gpxtpx:TrackPointExtension>
            <gpxtpx:Extensions>
              <highway>tertiary</highway>
            </gpxtpx:Extensions>
          </gpxtpx:TrackPointExtension>
        </extensions>
      </trkpt>
      <trkpt lat="48.354761" lon="8.730509">
        <ele>578.25</ele>
        <extensions>
          <gpxtpx:TrackPointExtension>
            <gpxtpx:Extensions>
              <highway>tertiary</highway>
              <surface>asphalt</surface>
            </gpxtpx:Extensions>
          </gpxtpx:TrackPointExtension>
        </extensions>
      </trkpt>
      <trkpt lat="48.354942" lon="8.73059">
        <ele>577.5</ele>
        <extensions>
          <gpxtpx:TrackPointExtension>
            <gpxtpx:Extensions>
              <highway>tertiary</highway>
              <surface>asphalt</surface>
            </gpxtpx:Extensions>
          </gpxtpx:TrackPointExtension>
        </extensions>
      </trkpt>
      <trkpt lat="48.355096" lon="8.730501">
        <ele>576</ele>
        <extensions>
          <gpxtpx:TrackPointExtension>
            <gpxtpx:Extensions>
              <reversedirection>yes</reversedirection>
              <highway>tertiary</highway>
              <surface>asphalt</surface>
            </gpxtpx:Extensions>
          </gpxtpx:TrackPointExtension>
        </extensions>
      </trkpt>
      <trkpt lat="48.35579" lon="8.7303">
        <ele>569.75</ele>
        <extensions>
          <gpxtpx:TrackPointExtension>
            <gpxtpx:Extensions>
              <reversedirection>yes</reversedirection>
              <highway>tertiary</highway>
              <surface>asphalt</surface>
            </gpxtpx:Extensions>
          </gpxtpx:TrackPointExtension>
        </extensions>
      </trkpt>
      <trkpt lat="48.356277" lon="8.730203">
        <ele>567</ele>
        <extensions>
          <gpxtpx:TrackPointExtension>
            <gpxtpx:Extensions>
              <reversedirection>yes</reversedirection>
              <highway>tertiary</highway>
              <surface>asphalt</surface>
            </gpxtpx:Extensions>
          </gpxtpx:TrackPointExtension>
        </extensions>
      </trkpt>
      <trkpt lat="48.356577" lon="8.730102">
        <ele>565.75</ele>
        <extensions>
          <gpxtpx:TrackPointExtension>
            <gpxtpx:Extensions>
              <reversedirection>yes</reversedirection>
              <highway>tertiary</highway>
              <surface>asphalt</surface>
            </gpxtpx:Extensions>
          </gpxtpx:TrackPointExtension>
        </extensions>
      </trkpt>
      <trkpt lat="48.356828" lon="8.729964">
        <ele>565.25</ele>
        <extensions>
          <gpxtpx:TrackPointExtension>
            <gpxtpx:Extensions>
              <reversedirection>yes</reversedirection>
              <highway>tertiary</highway>
              <surface>asphalt</surface>
            </gpxtpx:Extensions>
          </gpxtpx:TrackPointExtension>
        </extensions>
      </trkpt>
      <trkpt lat="48.357046" lon="8.729872">
        <ele>564.5</ele>
        <extensions>
          <gpxtpx:TrackPointExtension>
            <gpxtpx:Extensions>
              <reversedirection>yes</reversedirection>
              <highway>tertiary</highway>
              <surface>asphalt</surface>
            </gpxtpx:Extensions>
          </gpxtpx:TrackPointExtension>
        </extensions>
      </trkpt>
      <trkpt lat="48.357442" lon="8.72981">
        <ele>562.75</ele>
        <extensions>
          <gpxtpx:TrackPointExtension>
            <gpxtpx:Extensions>
              <reversedirection>yes</reversedirection>
              <highway>tertiary</highway>
              <surface>asphalt</surface>
            </gpxtpx:Extensions>
          </gpxtpx:TrackPointExtension>
        </extensions>
      </trkpt>
      <trkpt lat="48.357637" lon="8.729919">
        <ele>564.25</ele>
        <extensions>
          <gpxtpx:TrackPointExtension>
            <gpxtpx:Extensions>
              <reversedirection>yes</reversedirection>
              <highway>tertiary</highway>
              <surface>asphalt</surface>
            </gpxtpx:Extensions>
          </gpxtpx:TrackPointExtension>
        </extensions>
      </trkpt>
      <trkpt lat="48.357818" lon="8.730149">
        <ele>565.5</ele>
        <extensions>
          <gpxtpx:TrackPointExtension>
            <gpxtpx:Extensions>
              <reversedirection>yes</reversedirection>
              <highway>tertiary</highway>
              <surface>asphalt</surface>
            </gpxtpx:Extensions>
          </gpxtpx:TrackPointExtension>
        </extensions>
      </trkpt>
      <trkpt lat="48.357911" lon="8.730368">
        <ele>565.25</ele>
        <extensions>
          <gpxtpx:TrackPointExtension>
            <gpxtpx:Extensions>
              <reversedirection>yes</reversedirection>
              <highway>tertiary</highway>
              <surface>asphalt</surface>
            </gpxtpx:Extensions>
          </gpxtpx:TrackPointExtension>
        </extensions>
      </trkpt>
      <trkpt lat="48.358104" lon="8.7311">
        <ele>565.75</ele>
        <extensions>
          <gpxtpx:TrackPointExtension>
            <gpxtpx:Extensions>
              <reversedirection>yes</reversedirection>
              <highway>tertiary</highway>
              <surface>asphalt</surface>
            </gpxtpx:Extensions>
          </gpxtpx:TrackPointExtension>
        </extensions>
      </trkpt>
      <trkpt lat="48.358218" lon="8.731623">
        <ele>568</ele>
        <extensions>
          <gpxtpx:TrackPointExtension>
            <gpxtpx:Extensions>
              <reversedirection>yes</reversedirection>
              <highway>tertiary</highway>
              <surface>asphalt</surface>
            </gpxtpx:Extensions>
          </gpxtpx:TrackPointExtension>
        </extensions>
      </trkpt>
      <trkpt lat="48.358236" lon="8.731924">
        <ele>568.75</ele>
        <extensions>
          <gpxtpx:TrackPointExtension>
            <gpxtpx:Extensions>
              <reversedirection>yes</reversedirection>
              <highway>tertiary</highway>
              <surface>asphalt</surface>
            </gpxtpx:Extensions>
          </gpxtpx:TrackPointExtension>
        </extensions>
      </trkpt>
      <trkpt lat="48.358523" lon="8.732459">
        <ele>570.5</ele>
        <extensions>
          <gpxtpx:TrackPointExtension>
            <gpxtpx:Extensions>
              <reversedirection>yes</reversedirection>
              <highway>service</highway>
            </gpxtpx:Extensions>
          </gpxtpx:TrackPointExtension>
        </extensions>
      </trkpt>
      <trkpt lat="48.358678" lon="8.732594">
        <ele>569.5</ele>
        <extensions>
          <gpxtpx:TrackPointExtension>
            <gpxtpx:Extensions>
              <reversedirection>yes</reversedirection>
              <highway>service</highway>
            </gpxtpx:Extensions>
          </gpxtpx:TrackPointExtension>
        </extensions>
      </trkpt>
      <trkpt lat="48.358689" lon="8.7327">
        <ele>569</ele>
        <extensions>
          <gpxtpx:TrackPointExtension>
            <gpxtpx:Extensions>
              <reversedirection>yes</reversedirection>
              <highway>service</highway>
            </gpxtpx:Extensions>
          </gpxtpx:TrackPointExtension>
        </extensions>
      </trkpt>
      <trkpt lat="48.358616" lon="8.733">
        <ele>567.75</ele>
        <extensions>
          <gpxtpx:TrackPointExtension>
            <gpxtpx:Extensions>
              <reversedirection>yes</reversedirection>
              <highway>service</highway>
            </gpxtpx:Extensions>
          </gpxtpx:TrackPointExtension>
        </extensions>
      </trkpt>
    </trkseg>
  </trk>
</gpx>
