<?xml version="1.0" encoding="UTF-8"?>
<gpx creator="https://gpx.studio" version="1.1" xmlns="http://www.topografix.com/GPX/1/1" xmlns:xsi="http://www.w3.org/2001/XMLSchema-instance" xsi:schemaLocation="http://www.topografix.com/GPX/1/1 http://www.topografix.com/GPX/1/1/gpx.xsd http://www.garmin.com/xmlschemas/GpxExtensions/v3 http://www.garmin.com/xmlschemas/GpxExtensionsv3.xsd http://www.garmin.com/xmlschemas/TrackPointExtension/v1 http://www.garmin.com/xmlschemas/TrackPointExtensionv1.xsd http://www.garmin.com/xmlschemas/PowerExtension/v1 http://www.garmin.com/xmlschemas/PowerExtensionv1.xsd http://www.topografix.com/GPX/gpx_style/0/2 http://www.topografix.com/GPX/gpx_style/0/2/gpx_style.xsd" xmlns:gpxtpx="http://www.garmin.com/xmlschemas/TrackPointExtension/v1" xmlns:gpxx="http://www.garmin.com/xmlschemas/GpxExtensions/v3" xmlns:gpxpx="http://www.garmin.com/xmlschemas/PowerExtension/v1" xmlns:gpx_style="http://www.topografix.com/GPX/gpx_style/0/2">
  <metadata>
    <name>New file 1</name>
    <author>
      <name>gpx.studio</name>
      <link href="https://gpx.studio"/>
    </author>
  </metadata>
  <trk>
    <name>New file 1</name>
    <trkseg>
      <trkpt lat="48.189671" lon="11.584669">
        <ele>502.5</ele>
      </trkpt>
      <trkpt lat="48.189666" lon="11.584485">
        <ele>502.25</ele>
        <extensions>
          <gpxtpx:TrackPointExtension>
            <gpxtpx:Extensions>
              <highway>service</highway>
              <surface>asphalt</surface>
            </gpxtpx:Extensions>
          </gpxtpx:TrackPointExtension>
        </extensions>
      </trkpt>
      <trkpt lat="48.189659" lon="11.584349">
        <ele>502</ele>
        <extensions>
          <gpxtpx:TrackPointExtension>
            <gpxtpx:Extensions>
              <highway>service</highway>
              <surface>asphalt</surface>
            </gpxtpx:Extensions>
          </gpxtpx:TrackPointExtension>
        </extensions>
      </trkpt>
      <trkpt lat="48.189562" lon="11.584358">
        <ele>502</ele>
        <extensions>
          <gpxtpx:TrackPointExtension>
            <gpxtpx:Extensions>
              <highway>primary</highway>
              <surface>asphalt</surface>
              <maxspeed>50</maxspeed>
              <oneway>yes</oneway>
            </gpxtpx:Extensions>
          </gpxtpx:TrackPointExtension>
        </extensions>
      </trkpt>
      <trkpt lat="48.189463" lon="11.584366">
        <ele>502</ele>
        <extensions>
          <gpxtpx:TrackPointExtension>
            <gpxtpx:Extensions>
              <highway>primary</highway>
              <surface>asphalt</surface>
              <maxspeed>50</maxspeed>
              <oneway>yes</oneway>
            </gpxtpx:Extensions>
          </gpxtpx:TrackPointExtension>
        </extensions>
      </trkpt>
      <trkpt lat="48.189288" lon="11.584382">
        <ele>502.25</ele>
        <extensions>
          <gpxtpx:TrackPointExtension>
            <gpxtpx:Extensions>
              <highway>primary</highway>
              <surface>asphalt</surface>
              <maxspeed>50</maxspeed>
              <oneway>yes</oneway>
            </gpxtpx:Extensions>
          </gpxtpx:TrackPointExtension>
        </extensions>
      </trkpt>
      <trkpt lat="48.18901" lon="11.584405">
        <ele>502.25</ele>
        <extensions>
          <gpxtpx:TrackPointExtension>
            <gpxtpx:Extensions>
              <highway>primary</highway>
              <surface>asphalt</surface>
              <maxspeed>50</maxspeed>
              <oneway>yes</oneway>
            </gpxtpx:Extensions>
          </gpxtpx:TrackPointExtension>
        </extensions>
      </trkpt>
      <trkpt lat="48.189053" lon="11.584322">
        <ele>502.25</ele>
        <extensions>
          <gpxtpx:TrackPointExtension>
            <gpxtpx:Extensions>
              <highway>service</highway>
              <surface>asphalt</surface>
              <oneway>yes</oneway>
            </gpxtpx:Extensions>
          </gpxtpx:TrackPointExtension>
        </extensions>
      </trkpt>
      <trkpt lat="48.18908" lon="11.584295">
        <ele>502</ele>
        <extensions>
          <gpxtpx:TrackPointExtension>
            <gpxtpx:Extensions>
              <highway>service</highway>
              <surface>asphalt</surface>
              <oneway>yes</oneway>
            </gpxtpx:Extensions>
          </gpxtpx:TrackPointExtension>
        </extensions>
      </trkpt>
      <trkpt lat="48.189109" lon="11.584281">
        <ele>502</ele>
        <extensions>
          <gpxtpx:TrackPointExtension>
            <gpxtpx:Extensions>
              <highway>service</highway>
              <surface>asphalt</surface>
              <oneway>yes</oneway>
            </gpxtpx:Extensions>
          </gpxtpx:TrackPointExtension>
        </extensions>
      </trkpt>
      <trkpt lat="48.189243" lon="11.584267">
        <ele>502</ele>
        <extensions>
          <gpxtpx:TrackPointExtension>
            <gpxtpx:Extensions>
              <highway>service</highway>
              <surface>asphalt</surface>
              <oneway>yes</oneway>
            </gpxtpx:Extensions>
          </gpxtpx:TrackPointExtension>
        </extensions>
      </trkpt>
      <trkpt lat="48.189283" lon="11.584175">
        <ele>502</ele>
        <extensions>
          <gpxtpx:TrackPointExtension>
            <gpxtpx:Extensions>
              <highway>service</highway>
              <surface>asphalt</surface>
              <oneway>yes</oneway>
            </gpxtpx:Extensions>
          </gpxtpx:TrackPointExtension>
        </extensions>
      </trkpt>
      <trkpt lat="48.189506" lon="11.584147">
        <ele>502</ele>
        <extensions>
          <gpxtpx:TrackPointExtension>
            <gpxtpx:Extensions>
              <highway>primary</highway>
              <surface>asphalt</surface>
              <maxspeed>50</maxspeed>
              <oneway>yes</oneway>
            </gpxtpx:Extensions>
          </gpxtpx:TrackPointExtension>
        </extensions>
      </trkpt>
      <trkpt lat="48.190685" lon="11.584039">
        <ele>502.75</ele>
        <extensions>
          <gpxtpx:TrackPointExtension>
            <gpxtpx:Extensions>
              <highway>primary</highway>
              <surface>asphalt</surface>
              <maxspeed>50</maxspeed>
              <oneway>yes</oneway>
            </gpxtpx:Extensions>
          </gpxtpx:TrackPointExtension>
        </extensions>
      </trkpt>
      <trkpt lat="48.192119" lon="11.583954">
        <ele>502</ele>
        <extensions>
          <gpxtpx:TrackPointExtension>
            <gpxtpx:Extensions>
              <highway>primary</highway>
              <surface>asphalt</surface>
              <maxspeed>50</maxspeed>
              <oneway>yes</oneway>
            </gpxtpx:Extensions>
          </gpxtpx:TrackPointExtension>
        </extensions>
      </trkpt>
      <trkpt lat="48.193473" lon="11.583918">
        <ele>503.5</ele>
        <extensions>
          <gpxtpx:TrackPointExtension>
            <gpxtpx:Extensions>
              <highway>primary</highway>
              <surface>asphalt</surface>
              <maxspeed>50</maxspeed>
              <oneway>yes</oneway>
            </gpxtpx:Extensions>
          </gpxtpx:TrackPointExtension>
        </extensions>
      </trkpt>
      <trkpt lat="48.193791" lon="11.583941">
        <ele>503.5</ele>
        <extensions>
          <gpxtpx:TrackPointExtension>
            <gpxtpx:Extensions>
              <highway>primary</highway>
              <surface>asphalt</surface>
              <maxspeed>50</maxspeed>
              <oneway>yes</oneway>
            </gpxtpx:Extensions>
          </gpxtpx:TrackPointExtension>
        </extensions>
      </trkpt>
      <trkpt lat="48.194424" lon="11.583997">
        <ele>503.5</ele>
        <extensions>
          <gpxtpx:TrackPointExtension>
            <gpxtpx:Extensions>
              <highway>primary</highway>
              <surface>asphalt</surface>
              <maxspeed>50</maxspeed>
              <oneway>yes</oneway>
            </gpxtpx:Extensions>
          </gpxtpx:TrackPointExtension>
        </extensions>
      </trkpt>
      <trkpt lat="48.194708" lon="11.58404">
        <ele>503.25</ele>
        <extensions>
          <gpxtpx:TrackPointExtension>
            <gpxtpx:Extensions>
              <highway>primary</highway>
              <surface>asphalt</surface>
              <maxspeed>50</maxspeed>
              <oneway>yes</oneway>
            </gpxtpx:Extensions>
          </gpxtpx:TrackPointExtension>
        </extensions>
      </trkpt>
      <trkpt lat="48.195683" lon="11.58422">
        <ele>502.75</ele>
        <extensions>
          <gpxtpx:TrackPointExtension>
            <gpxtpx:Extensions>
              <highway>primary</highway>
              <surface>asphalt</surface>
              <maxspeed>50</maxspeed>
              <oneway>yes</oneway>
            </gpxtpx:Extensions>
          </gpxtpx:TrackPointExtension>
        </extensions>
      </trkpt>
      <trkpt lat="48.195845" lon="11.584253">
        <ele>502.75</ele>
        <extensions>
          <gpxtpx:TrackPointExtension>
            <gpxtpx:Extensions>
              <highway>primary</highway>
              <surface>asphalt</surface>
              <maxspeed>50</maxspeed>
              <oneway>yes</oneway>
            </gpxtpx:Extensions>
          </gpxtpx:TrackPointExtension>
        </extensions>
      </trkpt>
      <trkpt lat="48.196002" lon="11.584277">
        <ele>502.5</ele>
        <extensions>
          <gpxtpx:TrackPointExtension>
            <gpxtpx:Extensions>
              <highway>primary</highway>
              <surface>asphalt</surface>
              <maxspeed>50</maxspeed>
              <oneway>yes</oneway>
            </gpxtpx:Extensions>
          </gpxtpx:TrackPointExtension>
        </extensions>
      </trkpt>
      <trkpt lat="48.196045" lon="11.584286">
        <ele>502.5</ele>
        <extensions>
          <gpxtpx:TrackPointExtension>
            <gpxtpx:Extensions>
              <highway>primary</highway>
              <surface>asphalt</surface>
              <maxspeed>50</maxspeed>
              <oneway>yes</oneway>
            </gpxtpx:Extensions>
          </gpxtpx:TrackPointExtension>
        </extensions>
      </trkpt>
      <trkpt lat="48.196613" lon="11.584395">
        <ele>501.75</ele>
        <extensions>
          <gpxtpx:TrackPointExtension>
            <gpxtpx:Extensions>
              <highway>primary</highway>
              <surface>asphalt</surface>
              <maxspeed>50</maxspeed>
              <oneway>yes</oneway>
            </gpxtpx:Extensions>
          </gpxtpx:TrackPointExtension>
        </extensions>
      </trkpt>
      <trkpt lat="48.197499" lon="11.58455">
        <ele>501.25</ele>
        <extensions>
          <gpxtpx:TrackPointExtension>
            <gpxtpx:Extensions>
              <highway>primary</highway>
              <surface>asphalt</surface>
              <maxspeed>50</maxspeed>
              <oneway>yes</oneway>
            </gpxtpx:Extensions>
          </gpxtpx:TrackPointExtension>
        </extensions>
      </trkpt>
      <trkpt lat="48.197901" lon="11.584638">
        <ele>501</ele>
        <extensions>
          <gpxtpx:TrackPointExtension>
            <gpxtpx:Extensions>
              <highway>primary</highway>
              <surface>asphalt</surface>
              <maxspeed>50</maxspeed>
              <oneway>yes</oneway>
            </gpxtpx:Extensions>
          </gpxtpx:TrackPointExtension>
        </extensions>
      </trkpt>
      <trkpt lat="48.198122" lon="11.584674">
        <ele>500.5</ele>
        <extensions>
          <gpxtpx:TrackPointExtension>
            <gpxtpx:Extensions>
              <highway>primary</highway>
              <surface>asphalt</surface>
              <maxspeed>50</maxspeed>
              <oneway>yes</oneway>
            </gpxtpx:Extensions>
          </gpxtpx:TrackPointExtension>
        </extensions>
      </trkpt>
      <trkpt lat="48.198247" lon="11.5847">
        <ele>500.25</ele>
        <extensions>
          <gpxtpx:TrackPointExtension>
            <gpxtpx:Extensions>
              <highway>primary</highway>
              <surface>asphalt</surface>
              <maxspeed>50</maxspeed>
              <oneway>yes</oneway>
            </gpxtpx:Extensions>
          </gpxtpx:TrackPointExtension>
        </extensions>
      </trkpt>
      <trkpt lat="48.198418" lon="11.584736">
        <ele>500.25</ele>
        <extensions>
          <gpxtpx:TrackPointExtension>
            <gpxtpx:Extensions>
              <highway>primary</highway>
              <surface>asphalt</surface>
              <maxspeed>50</maxspeed>
              <oneway>yes</oneway>
            </gpxtpx:Extensions>
          </gpxtpx:TrackPointExtension>
        </extensions>
      </trkpt>
      <trkpt lat="48.198448" lon="11.584743">
        <ele>500.25</ele>
        <extensions>
          <gpxtpx:TrackPointExtension>
            <gpxtpx:Extensions>
              <highway>primary</highway>
              <surface>asphalt</surface>
              <maxspeed>50</maxspeed>
              <oneway>yes</oneway>
            </gpxtpx:Extensions>
          </gpxtpx:TrackPointExtension>
        </extensions>
      </trkpt>
      <trkpt lat="48.199272" lon="11.584918">
        <ele>500.25</ele>
        <extensions>
          <gpxtpx:TrackPointExtension>
            <gpxtpx:Extensions>
              <highway>primary</highway>
              <surface>asphalt</surface>
              <maxspeed>50</maxspeed>
              <oneway>yes</oneway>
            </gpxtpx:Extensions>
          </gpxtpx:TrackPointExtension>
        </extensions>
      </trkpt>
      <trkpt lat="48.20041" lon="11.585125">
        <ele>501.75</ele>
        <extensions>
          <gpxtpx:TrackPointExtension>
            <gpxtpx:Extensions>
              <highway>primary</highway>
              <surface>asphalt</surface>
              <maxspeed>50</maxspeed>
              <oneway>yes</oneway>
            </gpxtpx:Extensions>
          </gpxtpx:TrackPointExtension>
        </extensions>
      </trkpt>
      <trkpt lat="48.20084" lon="11.585219">
        <ele>501.25</ele>
        <extensions>
          <gpxtpx:TrackPointExtension>
            <gpxtpx:Extensions>
              <highway>primary</highway>
              <surface>asphalt</surface>
              <maxspeed>50</maxspeed>
              <oneway>yes</oneway>
            </gpxtpx:Extensions>
          </gpxtpx:TrackPointExtension>
        </extensions>
      </trkpt>
      <trkpt lat="48.200933" lon="11.585236">
        <ele>501.25</ele>
        <extensions>
          <gpxtpx:TrackPointExtension>
            <gpxtpx:Extensions>
              <highway>primary</highway>
              <surface>asphalt</surface>
              <maxspeed>50</maxspeed>
              <oneway>yes</oneway>
            </gpxtpx:Extensions>
          </gpxtpx:TrackPointExtension>
        </extensions>
      </trkpt>
      <trkpt lat="48.201182" lon="11.585282">
        <ele>501.25</ele>
        <extensions>
          <gpxtpx:TrackPointExtension>
            <gpxtpx:Extensions>
              <highway>primary</highway>
              <surface>asphalt</surface>
              <maxspeed>50</maxspeed>
              <oneway>yes</oneway>
            </gpxtpx:Extensions>
          </gpxtpx:TrackPointExtension>
        </extensions>
      </trkpt>
      <trkpt lat="48.20123" lon="11.585292">
        <ele>501.25</ele>
        <extensions>
          <gpxtpx:TrackPointExtension>
            <gpxtpx:Extensions>
              <highway>primary</highway>
              <surface>asphalt</surface>
              <maxspeed>50</maxspeed>
              <oneway>yes</oneway>
            </gpxtpx:Extensions>
          </gpxtpx:TrackPointExtension>
        </extensions>
      </trkpt>
      <trkpt lat="48.201831" lon="11.585406">
        <ele>500.75</ele>
        <extensions>
          <gpxtpx:TrackPointExtension>
            <gpxtpx:Extensions>
              <highway>primary</highway>
              <surface>asphalt</surface>
              <maxspeed>50</maxspeed>
              <oneway>yes</oneway>
            </gpxtpx:Extensions>
          </gpxtpx:TrackPointExtension>
        </extensions>
      </trkpt>
      <trkpt lat="48.202482" lon="11.585535">
        <ele>499.5</ele>
        <extensions>
          <gpxtpx:TrackPointExtension>
            <gpxtpx:Extensions>
              <highway>primary</highway>
              <surface>asphalt</surface>
              <maxspeed>50</maxspeed>
              <oneway>yes</oneway>
            </gpxtpx:Extensions>
          </gpxtpx:TrackPointExtension>
        </extensions>
      </trkpt>
      <trkpt lat="48.202639" lon="11.585566">
        <ele>499.25</ele>
        <extensions>
          <gpxtpx:TrackPointExtension>
            <gpxtpx:Extensions>
              <highway>primary</highway>
              <surface>asphalt</surface>
              <maxspeed>50</maxspeed>
              <oneway>yes</oneway>
            </gpxtpx:Extensions>
          </gpxtpx:TrackPointExtension>
        </extensions>
      </trkpt>
      <trkpt lat="48.2028" lon="11.585597">
        <ele>499</ele>
        <extensions>
          <gpxtpx:TrackPointExtension>
            <gpxtpx:Extensions>
              <highway>primary</highway>
              <surface>asphalt</surface>
              <maxspeed>50</maxspeed>
              <oneway>yes</oneway>
            </gpxtpx:Extensions>
          </gpxtpx:TrackPointExtension>
        </extensions>
      </trkpt>
      <trkpt lat="48.202845" lon="11.585606">
        <ele>499</ele>
        <extensions>
          <gpxtpx:TrackPointExtension>
            <gpxtpx:Extensions>
              <highway>primary</highway>
              <surface>asphalt</surface>
              <maxspeed>50</maxspeed>
              <oneway>yes</oneway>
            </gpxtpx:Extensions>
          </gpxtpx:TrackPointExtension>
        </extensions>
      </trkpt>
      <trkpt lat="48.203398" lon="11.585714">
        <ele>498.25</ele>
        <extensions>
          <gpxtpx:TrackPointExtension>
            <gpxtpx:Extensions>
              <highway>primary</highway>
              <surface>asphalt</surface>
              <maxspeed>50</maxspeed>
              <oneway>yes</oneway>
            </gpxtpx:Extensions>
          </gpxtpx:TrackPointExtension>
        </extensions>
      </trkpt>
      <trkpt lat="48.204942" lon="11.586011">
        <ele>498.5</ele>
        <extensions>
          <gpxtpx:TrackPointExtension>
            <gpxtpx:Extensions>
              <highway>primary</highway>
              <surface>asphalt</surface>
              <maxspeed>50</maxspeed>
              <oneway>yes</oneway>
            </gpxtpx:Extensions>
          </gpxtpx:TrackPointExtension>
        </extensions>
      </trkpt>
      <trkpt lat="48.205522" lon="11.586126">
        <ele>497.25</ele>
        <extensions>
          <gpxtpx:TrackPointExtension>
            <gpxtpx:Extensions>
              <highway>primary</highway>
              <surface>asphalt</surface>
              <maxspeed>50</maxspeed>
              <oneway>yes</oneway>
            </gpxtpx:Extensions>
          </gpxtpx:TrackPointExtension>
        </extensions>
      </trkpt>
      <trkpt lat="48.205696" lon="11.58616">
        <ele>496.75</ele>
        <extensions>
          <gpxtpx:TrackPointExtension>
            <gpxtpx:Extensions>
              <highway>primary</highway>
              <surface>asphalt</surface>
              <maxspeed>50</maxspeed>
              <oneway>yes</oneway>
            </gpxtpx:Extensions>
          </gpxtpx:TrackPointExtension>
        </extensions>
      </trkpt>
      <trkpt lat="48.205833" lon="11.586187">
        <ele>496.5</ele>
        <extensions>
          <gpxtpx:TrackPointExtension>
            <gpxtpx:Extensions>
              <highway>primary</highway>
              <surface>asphalt</surface>
              <maxspeed>50</maxspeed>
              <oneway>yes</oneway>
            </gpxtpx:Extensions>
          </gpxtpx:TrackPointExtension>
        </extensions>
      </trkpt>
      <trkpt lat="48.205884" lon="11.586197">
        <ele>496.5</ele>
        <extensions>
          <gpxtpx:TrackPointExtension>
            <gpxtpx:Extensions>
              <highway>primary</highway>
              <surface>asphalt</surface>
              <maxspeed>50</maxspeed>
              <oneway>yes</oneway>
            </gpxtpx:Extensions>
          </gpxtpx:TrackPointExtension>
        </extensions>
      </trkpt>
      <trkpt lat="48.206451" lon="11.58631">
        <ele>498</ele>
        <extensions>
          <gpxtpx:TrackPointExtension>
            <gpxtpx:Extensions>
              <highway>primary</highway>
              <surface>asphalt</surface>
              <maxspeed>50</maxspeed>
              <oneway>yes</oneway>
            </gpxtpx:Extensions>
          </gpxtpx:TrackPointExtension>
        </extensions>
      </trkpt>
      <trkpt lat="48.206826" lon="11.586389">
        <ele>498.5</ele>
        <extensions>
          <gpxtpx:TrackPointExtension>
            <gpxtpx:Extensions>
              <highway>primary</highway>
              <surface>asphalt</surface>
              <maxspeed>50</maxspeed>
              <oneway>yes</oneway>
            </gpxtpx:Extensions>
          </gpxtpx:TrackPointExtension>
        </extensions>
      </trkpt>
      <trkpt lat="48.207064" lon="11.586439">
        <ele>498.75</ele>
        <extensions>
          <gpxtpx:TrackPointExtension>
            <gpxtpx:Extensions>
              <highway>primary</highway>
              <surface>asphalt</surface>
              <maxspeed>50</maxspeed>
              <oneway>yes</oneway>
            </gpxtpx:Extensions>
          </gpxtpx:TrackPointExtension>
        </extensions>
      </trkpt>
      <trkpt lat="48.208259" lon="11.586666">
        <ele>498</ele>
        <extensions>
          <gpxtpx:TrackPointExtension>
            <gpxtpx:Extensions>
              <highway>primary</highway>
              <surface>asphalt</surface>
              <maxspeed>50</maxspeed>
              <oneway>yes</oneway>
            </gpxtpx:Extensions>
          </gpxtpx:TrackPointExtension>
        </extensions>
      </trkpt>
      <trkpt lat="48.208403" lon="11.586697">
        <ele>498</ele>
        <extensions>
          <gpxtpx:TrackPointExtension>
            <gpxtpx:Extensions>
              <highway>primary</highway>
              <surface>asphalt</surface>
              <maxspeed>50</maxspeed>
              <oneway>yes</oneway>
            </gpxtpx:Extensions>
          </gpxtpx:TrackPointExtension>
        </extensions>
      </trkpt>
      <trkpt lat="48.208619" lon="11.586737">
        <ele>498.5</ele>
        <extensions>
          <gpxtpx:TrackPointExtension>
            <gpxtpx:Extensions>
              <highway>primary</highway>
              <surface>asphalt</surface>
              <maxspeed>50</maxspeed>
              <oneway>yes</oneway>
            </gpxtpx:Extensions>
          </gpxtpx:TrackPointExtension>
        </extensions>
      </trkpt>
      <trkpt lat="48.209606" lon="11.586928">
        <ele>499.25</ele>
        <extensions>
          <gpxtpx:TrackPointExtension>
            <gpxtpx:Extensions>
              <highway>primary</highway>
              <surface>asphalt</surface>
              <maxspeed>50</maxspeed>
              <oneway>yes</oneway>
            </gpxtpx:Extensions>
          </gpxtpx:TrackPointExtension>
        </extensions>
      </trkpt>
      <trkpt lat="48.210255" lon="11.587055">
        <ele>497.75</ele>
        <extensions>
          <gpxtpx:TrackPointExtension>
            <gpxtpx:Extensions>
              <highway>primary</highway>
              <surface>asphalt</surface>
              <maxspeed>50</maxspeed>
              <oneway>yes</oneway>
            </gpxtpx:Extensions>
          </gpxtpx:TrackPointExtension>
        </extensions>
      </trkpt>
      <trkpt lat="48.210407" lon="11.587084">
        <ele>497</ele>
        <extensions>
          <gpxtpx:TrackPointExtension>
            <gpxtpx:Extensions>
              <highway>primary</highway>
              <surface>asphalt</surface>
              <maxspeed>50</maxspeed>
              <oneway>yes</oneway>
            </gpxtpx:Extensions>
          </gpxtpx:TrackPointExtension>
        </extensions>
      </trkpt>
      <trkpt lat="48.210576" lon="11.587117">
        <ele>496</ele>
        <extensions>
          <gpxtpx:TrackPointExtension>
            <gpxtpx:Extensions>
              <highway>primary</highway>
              <surface>asphalt</surface>
              <maxspeed>50</maxspeed>
              <oneway>yes</oneway>
            </gpxtpx:Extensions>
          </gpxtpx:TrackPointExtension>
        </extensions>
      </trkpt>
      <trkpt lat="48.210602" lon="11.587122">
        <ele>496</ele>
        <extensions>
          <gpxtpx:TrackPointExtension>
            <gpxtpx:Extensions>
              <highway>primary</highway>
              <surface>asphalt</surface>
              <maxspeed>50</maxspeed>
              <oneway>yes</oneway>
            </gpxtpx:Extensions>
          </gpxtpx:TrackPointExtension>
        </extensions>
      </trkpt>
      <trkpt lat="48.211115" lon="11.587202">
        <ele>495.25</ele>
        <extensions>
          <gpxtpx:TrackPointExtension>
            <gpxtpx:Extensions>
              <highway>primary</highway>
              <surface>asphalt</surface>
              <maxspeed>50</maxspeed>
              <oneway>yes</oneway>
            </gpxtpx:Extensions>
          </gpxtpx:TrackPointExtension>
        </extensions>
      </trkpt>
      <trkpt lat="48.212198" lon="11.587416">
        <ele>496</ele>
        <extensions>
          <gpxtpx:TrackPointExtension>
            <gpxtpx:Extensions>
              <highway>primary</highway>
              <surface>asphalt</surface>
              <maxspeed>50</maxspeed>
              <oneway>yes</oneway>
            </gpxtpx:Extensions>
          </gpxtpx:TrackPointExtension>
        </extensions>
      </trkpt>
      <trkpt lat="48.212361" lon="11.587446">
        <ele>496</ele>
        <extensions>
          <gpxtpx:TrackPointExtension>
            <gpxtpx:Extensions>
              <highway>primary</highway>
              <surface>asphalt</surface>
              <maxspeed>50</maxspeed>
              <oneway>yes</oneway>
            </gpxtpx:Extensions>
          </gpxtpx:TrackPointExtension>
        </extensions>
      </trkpt>
      <trkpt lat="48.213062" lon="11.587574">
        <ele>496.5</ele>
        <extensions>
          <gpxtpx:TrackPointExtension>
            <gpxtpx:Extensions>
              <highway>primary</highway>
              <surface>asphalt</surface>
              <maxspeed>50</maxspeed>
              <oneway>yes</oneway>
            </gpxtpx:Extensions>
          </gpxtpx:TrackPointExtension>
        </extensions>
      </trkpt>
      <trkpt lat="48.213329" lon="11.587601">
        <ele>496.75</ele>
        <extensions>
          <gpxtpx:TrackPointExtension>
            <gpxtpx:Extensions>
              <highway>primary</highway>
              <surface>asphalt</surface>
              <maxspeed>50</maxspeed>
              <oneway>yes</oneway>
            </gpxtpx:Extensions>
          </gpxtpx:TrackPointExtension>
        </extensions>
      </trkpt>
      <trkpt lat="48.21349" lon="11.587616">
        <ele>496.75</ele>
        <extensions>
          <gpxtpx:TrackPointExtension>
            <gpxtpx:Extensions>
              <highway>primary</highway>
              <surface>asphalt</surface>
              <maxspeed>50</maxspeed>
              <oneway>yes</oneway>
            </gpxtpx:Extensions>
          </gpxtpx:TrackPointExtension>
        </extensions>
      </trkpt>
      <trkpt lat="48.213528" lon="11.58762">
        <ele>496.75</ele>
        <extensions>
          <gpxtpx:TrackPointExtension>
            <gpxtpx:Extensions>
              <highway>primary</highway>
              <surface>asphalt</surface>
              <maxspeed>50</maxspeed>
              <oneway>yes</oneway>
            </gpxtpx:Extensions>
          </gpxtpx:TrackPointExtension>
        </extensions>
      </trkpt>
      <trkpt lat="48.214366" lon="11.58766">
        <ele>496.25</ele>
        <extensions>
          <gpxtpx:TrackPointExtension>
            <gpxtpx:Extensions>
              <highway>primary</highway>
              <surface>asphalt</surface>
              <maxspeed>50</maxspeed>
              <oneway>yes</oneway>
            </gpxtpx:Extensions>
          </gpxtpx:TrackPointExtension>
        </extensions>
      </trkpt>
      <trkpt lat="48.215137" lon="11.587654">
        <ele>495.25</ele>
        <extensions>
          <gpxtpx:TrackPointExtension>
            <gpxtpx:Extensions>
              <highway>primary</highway>
              <surface>asphalt</surface>
              <maxspeed>70</maxspeed>
              <oneway>yes</oneway>
            </gpxtpx:Extensions>
          </gpxtpx:TrackPointExtension>
        </extensions>
      </trkpt>
      <trkpt lat="48.215137" lon="11.587654">
        <ele>495.25</ele>
        <extensions>
          <gpxtpx:TrackPointExtension>
            <gpxtpx:Extensions>
              <highway>primary</highway>
              <surface>asphalt</surface>
              <maxspeed>70</maxspeed>
              <oneway>yes</oneway>
            </gpxtpx:Extensions>
          </gpxtpx:TrackPointExtension>
        </extensions>
      </trkpt>
      <trkpt lat="48.214366" lon="11.58766">
        <ele>496.25</ele>
        <extensions>
          <gpxtpx:TrackPointExtension>
            <gpxtpx:Extensions>
              <highway>primary</highway>
              <surface>asphalt</surface>
              <maxspeed>50</maxspeed>
              <oneway>yes</oneway>
            </gpxtpx:Extensions>
          </gpxtpx:TrackPointExtension>
        </extensions>
      </trkpt>
      <trkpt lat="48.213528" lon="11.58762">
        <ele>496.75</ele>
        <extensions>
          <gpxtpx:TrackPointExtension>
            <gpxtpx:Extensions>
              <highway>primary</highway>
              <surface>asphalt</surface>
              <maxspeed>50</maxspeed>
              <oneway>yes</oneway>
            </gpxtpx:Extensions>
          </gpxtpx:TrackPointExtension>
        </extensions>
      </trkpt>
      <trkpt lat="48.21349" lon="11.587616">
        <ele>496.75</ele>
        <extensions>
          <gpxtpx:TrackPointExtension>
            <gpxtpx:Extensions>
              <highway>primary</highway>
              <surface>asphalt</surface>
              <maxspeed>50</maxspeed>
              <oneway>yes</oneway>
            </gpxtpx:Extensions>
          </gpxtpx:TrackPointExtension>
        </extensions>
      </trkpt>
      <trkpt lat="48.213329" lon="11.587601">
        <ele>496.75</ele>
        <extensions>
          <gpxtpx:TrackPointExtension>
            <gpxtpx:Extensions>
              <reversedirection>yes</reversedirection>
              <highway>primary_link</highway>
              <surface>asphalt</surface>
              <maxspeed>50</maxspeed>
            </gpxtpx:Extensions>
          </gpxtpx:TrackPointExtension>
        </extensions>
      </trkpt>
      <trkpt lat="48.213323" lon="11.587818">
        <ele>496.5</ele>
        <extensions>
          <gpxtpx:TrackPointExtension>
            <gpxtpx:Extensions>
              <highway>primary</highway>
              <surface>asphalt</surface>
              <maxspeed>50</maxspeed>
              <oneway>yes</oneway>
            </gpxtpx:Extensions>
          </gpxtpx:TrackPointExtension>
        </extensions>
      </trkpt>
      <trkpt lat="48.213482" lon="11.587837">
        <ele>496.25</ele>
        <extensions>
          <gpxtpx:TrackPointExtension>
            <gpxtpx:Extensions>
              <highway>primary</highway>
              <surface>asphalt</surface>
              <maxspeed>50</maxspeed>
              <oneway>yes</oneway>
            </gpxtpx:Extensions>
          </gpxtpx:TrackPointExtension>
        </extensions>
      </trkpt>
      <trkpt lat="48.213974" lon="11.587872">
        <ele>495.5</ele>
        <extensions>
          <gpxtpx:TrackPointExtension>
            <gpxtpx:Extensions>
              <highway>primary</highway>
              <surface>asphalt</surface>
              <maxspeed>50</maxspeed>
              <oneway>yes</oneway>
            </gpxtpx:Extensions>
          </gpxtpx:TrackPointExtension>
        </extensions>
      </trkpt>
      <trkpt lat="48.214365" lon="11.587875">
        <ele>495.25</ele>
        <extensions>
          <gpxtpx:TrackPointExtension>
            <gpxtpx:Extensions>
              <highway>primary</highway>
              <surface>asphalt</surface>
              <maxspeed>70</maxspeed>
              <oneway>yes</oneway>
            </gpxtpx:Extensions>
          </gpxtpx:TrackPointExtension>
        </extensions>
      </trkpt>
      <trkpt lat="48.219408" lon="11.587838">
        <ele>495.25</ele>
        <extensions>
          <gpxtpx:TrackPointExtension>
            <gpxtpx:Extensions>
              <highway>primary</highway>
              <surface>asphalt</surface>
              <maxspeed>70</maxspeed>
              <oneway>yes</oneway>
            </gpxtpx:Extensions>
          </gpxtpx:TrackPointExtension>
        </extensions>
      </trkpt>
      <trkpt lat="48.219923" lon="11.587824">
        <ele>493.25</ele>
        <extensions>
          <gpxtpx:TrackPointExtension>
            <gpxtpx:Extensions>
              <highway>primary</highway>
              <surface>asphalt</surface>
              <maxspeed>70</maxspeed>
              <oneway>yes</oneway>
            </gpxtpx:Extensions>
          </gpxtpx:TrackPointExtension>
        </extensions>
      </trkpt>
      <trkpt lat="48.220153" lon="11.587819">
        <ele>493</ele>
        <extensions>
          <gpxtpx:TrackPointExtension>
            <gpxtpx:Extensions>
              <highway>primary</highway>
              <surface>asphalt</surface>
              <maxspeed>70</maxspeed>
              <oneway>yes</oneway>
            </gpxtpx:Extensions>
          </gpxtpx:TrackPointExtension>
        </extensions>
      </trkpt>
      <trkpt lat="48.220304" lon="11.587815">
        <ele>493</ele>
        <extensions>
          <gpxtpx:TrackPointExtension>
            <gpxtpx:Extensions>
              <highway>primary</highway>
              <surface>asphalt</surface>
              <maxspeed>70</maxspeed>
              <oneway>yes</oneway>
            </gpxtpx:Extensions>
          </gpxtpx:TrackPointExtension>
        </extensions>
      </trkpt>
      <trkpt lat="48.221214" lon="11.587782">
        <ele>493.5</ele>
        <extensions>
          <gpxtpx:TrackPointExtension>
            <gpxtpx:Extensions>
              <highway>primary</highway>
              <surface>asphalt</surface>
              <maxspeed>70</maxspeed>
              <oneway>yes</oneway>
            </gpxtpx:Extensions>
          </gpxtpx:TrackPointExtension>
        </extensions>
      </trkpt>
      <trkpt lat="48.222174" lon="11.587715">
        <ele>494.25</ele>
        <extensions>
          <gpxtpx:TrackPointExtension>
            <gpxtpx:Extensions>
              <highway>primary</highway>
              <surface>asphalt</surface>
              <maxspeed>70</maxspeed>
              <oneway>yes</oneway>
            </gpxtpx:Extensions>
          </gpxtpx:TrackPointExtension>
        </extensions>
      </trkpt>
      <trkpt lat="48.222703" lon="11.587665">
        <ele>493.75</ele>
        <extensions>
          <gpxtpx:TrackPointExtension>
            <gpxtpx:Extensions>
              <highway>primary</highway>
              <surface>asphalt</surface>
              <maxspeed>70</maxspeed>
              <oneway>yes</oneway>
            </gpxtpx:Extensions>
          </gpxtpx:TrackPointExtension>
        </extensions>
      </trkpt>
      <trkpt lat="48.22346" lon="11.58758">
        <ele>492.25</ele>
        <extensions>
          <gpxtpx:TrackPointExtension>
            <gpxtpx:Extensions>
              <highway>primary</highway>
              <surface>asphalt</surface>
              <maxspeed>70</maxspeed>
              <oneway>yes</oneway>
            </gpxtpx:Extensions>
          </gpxtpx:TrackPointExtension>
        </extensions>
      </trkpt>
      <trkpt lat="48.224309" lon="11.587453">
        <ele>494</ele>
        <extensions>
          <gpxtpx:TrackPointExtension>
            <gpxtpx:Extensions>
              <highway>primary</highway>
              <surface>asphalt</surface>
              <maxspeed>70</maxspeed>
              <oneway>yes</oneway>
            </gpxtpx:Extensions>
          </gpxtpx:TrackPointExtension>
        </extensions>
      </trkpt>
      <trkpt lat="48.225079" lon="11.587321">
        <ele>493.5</ele>
        <extensions>
          <gpxtpx:TrackPointExtension>
            <gpxtpx:Extensions>
              <highway>primary</highway>
              <surface>asphalt</surface>
              <maxspeed>70</maxspeed>
              <oneway>yes</oneway>
            </gpxtpx:Extensions>
          </gpxtpx:TrackPointExtension>
        </extensions>
      </trkpt>
      <trkpt lat="48.225664" lon="11.587202">
        <ele>493.25</ele>
        <extensions>
          <gpxtpx:TrackPointExtension>
            <gpxtpx:Extensions>
              <highway>primary</highway>
              <surface>asphalt</surface>
              <maxspeed>70</maxspeed>
              <oneway>yes</oneway>
            </gpxtpx:Extensions>
          </gpxtpx:TrackPointExtension>
        </extensions>
      </trkpt>
      <trkpt lat="48.22655" lon="11.586986">
        <ele>492</ele>
        <extensions>
          <gpxtpx:TrackPointExtension>
            <gpxtpx:Extensions>
              <highway>primary</highway>
              <surface>asphalt</surface>
              <maxspeed>70</maxspeed>
              <oneway>yes</oneway>
            </gpxtpx:Extensions>
          </gpxtpx:TrackPointExtension>
        </extensions>
      </trkpt>
      <trkpt lat="48.226791" lon="11.586921">
        <ele>492</ele>
        <extensions>
          <gpxtpx:TrackPointExtension>
            <gpxtpx:Extensions>
              <highway>primary</highway>
              <surface>asphalt</surface>
              <maxspeed>70</maxspeed>
              <oneway>yes</oneway>
            </gpxtpx:Extensions>
          </gpxtpx:TrackPointExtension>
        </extensions>
      </trkpt>
      <trkpt lat="48.226852" lon="11.586905">
        <ele>492.25</ele>
        <extensions>
          <gpxtpx:TrackPointExtension>
            <gpxtpx:Extensions>
              <highway>primary</highway>
              <surface>asphalt</surface>
              <maxspeed>70</maxspeed>
              <oneway>yes</oneway>
            </gpxtpx:Extensions>
          </gpxtpx:TrackPointExtension>
        </extensions>
      </trkpt>
      <trkpt lat="48.226906" lon="11.586891">
        <ele>492.5</ele>
        <extensions>
          <gpxtpx:TrackPointExtension>
            <gpxtpx:Extensions>
              <highway>primary</highway>
              <surface>asphalt</surface>
              <maxspeed>70</maxspeed>
              <oneway>yes</oneway>
            </gpxtpx:Extensions>
          </gpxtpx:TrackPointExtension>
        </extensions>
      </trkpt>
      <trkpt lat="48.22701" lon="11.586865">
        <ele>493</ele>
        <extensions>
          <gpxtpx:TrackPointExtension>
            <gpxtpx:Extensions>
              <highway>primary</highway>
              <surface>asphalt</surface>
              <maxspeed>70</maxspeed>
              <oneway>yes</oneway>
            </gpxtpx:Extensions>
          </gpxtpx:TrackPointExtension>
        </extensions>
      </trkpt>
      <trkpt lat="48.228281" lon="11.586495">
        <ele>495</ele>
        <extensions>
          <gpxtpx:TrackPointExtension>
            <gpxtpx:Extensions>
              <highway>primary</highway>
              <surface>asphalt</surface>
              <maxspeed>70</maxspeed>
              <oneway>yes</oneway>
            </gpxtpx:Extensions>
          </gpxtpx:TrackPointExtension>
        </extensions>
      </trkpt>
      <trkpt lat="48.228869" lon="11.586304">
        <ele>492</ele>
        <extensions>
          <gpxtpx:TrackPointExtension>
            <gpxtpx:Extensions>
              <highway>primary</highway>
              <surface>asphalt</surface>
              <maxspeed>70</maxspeed>
              <oneway>yes</oneway>
            </gpxtpx:Extensions>
          </gpxtpx:TrackPointExtension>
        </extensions>
      </trkpt>
      <trkpt lat="48.229046" lon="11.586233">
        <ele>491.25</ele>
        <extensions>
          <gpxtpx:TrackPointExtension>
            <gpxtpx:Extensions>
              <highway>motorway_link</highway>
              <surface>asphalt</surface>
              <oneway>yes</oneway>
            </gpxtpx:Extensions>
          </gpxtpx:TrackPointExtension>
        </extensions>
      </trkpt>
      <trkpt lat="48.229382" lon="11.586312">
        <ele>491.5</ele>
        <extensions>
          <gpxtpx:TrackPointExtension>
            <gpxtpx:Extensions>
              <highway>motorway_link</highway>
              <surface>asphalt</surface>
              <oneway>yes</oneway>
            </gpxtpx:Extensions>
          </gpxtpx:TrackPointExtension>
        </extensions>
      </trkpt>
      <trkpt lat="48.229481" lon="11.586355">
        <ele>491.75</ele>
        <extensions>
          <gpxtpx:TrackPointExtension>
            <gpxtpx:Extensions>
              <highway>motorway_link</highway>
              <surface>asphalt</surface>
              <oneway>yes</oneway>
            </gpxtpx:Extensions>
          </gpxtpx:TrackPointExtension>
        </extensions>
      </trkpt>
      <trkpt lat="48.229588" lon="11.586432">
        <ele>492.25</ele>
        <extensions>
          <gpxtpx:TrackPointExtension>
            <gpxtpx:Extensions>
              <highway>motorway_link</highway>
              <surface>asphalt</surface>
              <oneway>yes</oneway>
            </gpxtpx:Extensions>
          </gpxtpx:TrackPointExtension>
        </extensions>
      </trkpt>
      <trkpt lat="48.22967" lon="11.586522">
        <ele>492.5</ele>
        <extensions>
          <gpxtpx:TrackPointExtension>
            <gpxtpx:Extensions>
              <highway>motorway_link</highway>
              <surface>asphalt</surface>
              <oneway>yes</oneway>
            </gpxtpx:Extensions>
          </gpxtpx:TrackPointExtension>
        </extensions>
      </trkpt>
      <trkpt lat="48.22973" lon="11.586624">
        <ele>492.5</ele>
        <extensions>
          <gpxtpx:TrackPointExtension>
            <gpxtpx:Extensions>
              <highway>motorway_link</highway>
              <surface>asphalt</surface>
              <oneway>yes</oneway>
            </gpxtpx:Extensions>
          </gpxtpx:TrackPointExtension>
        </extensions>
      </trkpt>
      <trkpt lat="48.229777" lon="11.586729">
        <ele>492.75</ele>
        <extensions>
          <gpxtpx:TrackPointExtension>
            <gpxtpx:Extensions>
              <highway>motorway_link</highway>
              <surface>asphalt</surface>
              <oneway>yes</oneway>
            </gpxtpx:Extensions>
          </gpxtpx:TrackPointExtension>
        </extensions>
      </trkpt>
      <trkpt lat="48.229811" lon="11.586952">
        <ele>492.75</ele>
        <extensions>
          <gpxtpx:TrackPointExtension>
            <gpxtpx:Extensions>
              <highway>motorway_link</highway>
              <surface>asphalt</surface>
              <oneway>yes</oneway>
            </gpxtpx:Extensions>
          </gpxtpx:TrackPointExtension>
        </extensions>
      </trkpt>
      <trkpt lat="48.229805" lon="11.587192">
        <ele>492.5</ele>
        <extensions>
          <gpxtpx:TrackPointExtension>
            <gpxtpx:Extensions>
              <highway>motorway_link</highway>
              <surface>asphalt</surface>
              <oneway>yes</oneway>
            </gpxtpx:Extensions>
          </gpxtpx:TrackPointExtension>
        </extensions>
      </trkpt>
      <trkpt lat="48.229788" lon="11.587304">
        <ele>492.25</ele>
        <extensions>
          <gpxtpx:TrackPointExtension>
            <gpxtpx:Extensions>
              <highway>motorway_link</highway>
              <surface>asphalt</surface>
              <oneway>yes</oneway>
            </gpxtpx:Extensions>
          </gpxtpx:TrackPointExtension>
        </extensions>
      </trkpt>
      <trkpt lat="48.229757" lon="11.587402">
        <ele>492</ele>
        <extensions>
          <gpxtpx:TrackPointExtension>
            <gpxtpx:Extensions>
              <highway>motorway_link</highway>
              <surface>asphalt</surface>
              <oneway>yes</oneway>
            </gpxtpx:Extensions>
          </gpxtpx:TrackPointExtension>
        </extensions>
      </trkpt>
      <trkpt lat="48.229712" lon="11.587497">
        <ele>491.75</ele>
        <extensions>
          <gpxtpx:TrackPointExtension>
            <gpxtpx:Extensions>
              <highway>motorway_link</highway>
              <surface>asphalt</surface>
              <oneway>yes</oneway>
            </gpxtpx:Extensions>
          </gpxtpx:TrackPointExtension>
        </extensions>
      </trkpt>
      <trkpt lat="48.229624" lon="11.587619">
        <ele>492</ele>
        <extensions>
          <gpxtpx:TrackPointExtension>
            <gpxtpx:Extensions>
              <highway>motorway_link</highway>
              <surface>asphalt</surface>
              <oneway>yes</oneway>
            </gpxtpx:Extensions>
          </gpxtpx:TrackPointExtension>
        </extensions>
      </trkpt>
      <trkpt lat="48.229511" lon="11.58771">
        <ele>491.75</ele>
        <extensions>
          <gpxtpx:TrackPointExtension>
            <gpxtpx:Extensions>
              <highway>motorway_link</highway>
              <surface>asphalt</surface>
              <oneway>yes</oneway>
            </gpxtpx:Extensions>
          </gpxtpx:TrackPointExtension>
        </extensions>
      </trkpt>
      <trkpt lat="48.229446" lon="11.587744">
        <ele>491.75</ele>
        <extensions>
          <gpxtpx:TrackPointExtension>
            <gpxtpx:Extensions>
              <highway>motorway_link</highway>
              <surface>asphalt</surface>
              <oneway>yes</oneway>
            </gpxtpx:Extensions>
          </gpxtpx:TrackPointExtension>
        </extensions>
      </trkpt>
      <trkpt lat="48.229382" lon="11.587765">
        <ele>491.5</ele>
        <extensions>
          <gpxtpx:TrackPointExtension>
            <gpxtpx:Extensions>
              <highway>motorway_link</highway>
              <surface>asphalt</surface>
              <oneway>yes</oneway>
            </gpxtpx:Extensions>
          </gpxtpx:TrackPointExtension>
        </extensions>
      </trkpt>
      <trkpt lat="48.229296" lon="11.587775">
        <ele>491.25</ele>
        <extensions>
          <gpxtpx:TrackPointExtension>
            <gpxtpx:Extensions>
              <highway>motorway_link</highway>
              <surface>asphalt</surface>
              <oneway>yes</oneway>
            </gpxtpx:Extensions>
          </gpxtpx:TrackPointExtension>
        </extensions>
      </trkpt>
      <trkpt lat="48.229203" lon="11.58776">
        <ele>491</ele>
        <extensions>
          <gpxtpx:TrackPointExtension>
            <gpxtpx:Extensions>
              <highway>motorway_link</highway>
              <surface>asphalt</surface>
              <oneway>yes</oneway>
            </gpxtpx:Extensions>
          </gpxtpx:TrackPointExtension>
        </extensions>
      </trkpt>
      <trkpt lat="48.229057" lon="11.587688">
        <ele>491</ele>
        <extensions>
          <gpxtpx:TrackPointExtension>
            <gpxtpx:Extensions>
              <highway>motorway_link</highway>
              <surface>asphalt</surface>
              <oneway>yes</oneway>
            </gpxtpx:Extensions>
          </gpxtpx:TrackPointExtension>
        </extensions>
      </trkpt>
      <trkpt lat="48.228998" lon="11.587624">
        <ele>491</ele>
        <extensions>
          <gpxtpx:TrackPointExtension>
            <gpxtpx:Extensions>
              <highway>motorway_link</highway>
              <surface>asphalt</surface>
              <oneway>yes</oneway>
            </gpxtpx:Extensions>
          </gpxtpx:TrackPointExtension>
        </extensions>
      </trkpt>
      <trkpt lat="48.228928" lon="11.587524">
        <ele>491</ele>
        <extensions>
          <gpxtpx:TrackPointExtension>
            <gpxtpx:Extensions>
              <highway>motorway_link</highway>
              <surface>asphalt</surface>
              <oneway>yes</oneway>
            </gpxtpx:Extensions>
          </gpxtpx:TrackPointExtension>
        </extensions>
      </trkpt>
      <trkpt lat="48.228862" lon="11.587391">
        <ele>491.5</ele>
        <extensions>
          <gpxtpx:TrackPointExtension>
            <gpxtpx:Extensions>
              <highway>motorway_link</highway>
              <surface>asphalt</surface>
              <oneway>yes</oneway>
            </gpxtpx:Extensions>
          </gpxtpx:TrackPointExtension>
        </extensions>
      </trkpt>
      <trkpt lat="48.22871" lon="11.586947">
        <ele>492.75</ele>
        <extensions>
          <gpxtpx:TrackPointExtension>
            <gpxtpx:Extensions>
              <highway>motorway</highway>
              <surface>asphalt</surface>
              <maxspeed>unknown</maxspeed>
              <oneway>yes</oneway>
            </gpxtpx:Extensions>
          </gpxtpx:TrackPointExtension>
        </extensions>
      </trkpt>
      <trkpt lat="48.228678" lon="11.586481">
        <ele>493</ele>
        <extensions>
          <gpxtpx:TrackPointExtension>
            <gpxtpx:Extensions>
              <highway>motorway</highway>
              <surface>asphalt</surface>
              <maxspeed>unknown</maxspeed>
              <oneway>yes</oneway>
            </gpxtpx:Extensions>
          </gpxtpx:TrackPointExtension>
        </extensions>
      </trkpt>
      <trkpt lat="48.22847" lon="11.583851">
        <ele>491.5</ele>
        <extensions>
          <gpxtpx:TrackPointExtension>
            <gpxtpx:Extensions>
              <highway>motorway</highway>
              <surface>asphalt</surface>
              <maxspeed>unknown</maxspeed>
              <oneway>yes</oneway>
            </gpxtpx:Extensions>
          </gpxtpx:TrackPointExtension>
        </extensions>
      </trkpt>
      <trkpt lat="48.228195" lon="11.580735">
        <ele>493.5</ele>
        <extensions>
          <gpxtpx:TrackPointExtension>
            <gpxtpx:Extensions>
              <highway>motorway</highway>
              <surface>asphalt</surface>
              <maxspeed>unknown</maxspeed>
              <oneway>yes</oneway>
            </gpxtpx:Extensions>
          </gpxtpx:TrackPointExtension>
        </extensions>
      </trkpt>
      <trkpt lat="48.227762" lon="11.576201">
        <ele>490.75</ele>
        <extensions>
          <gpxtpx:TrackPointExtension>
            <gpxtpx:Extensions>
              <highway>motorway</highway>
              <surface>asphalt</surface>
              <maxspeed>unknown</maxspeed>
              <oneway>yes</oneway>
            </gpxtpx:Extensions>
          </gpxtpx:TrackPointExtension>
        </extensions>
      </trkpt>
      <trkpt lat="48.227533" lon="11.573598">
        <ele>490.5</ele>
        <extensions>
          <gpxtpx:TrackPointExtension>
            <gpxtpx:Extensions>
              <highway>motorway</highway>
              <surface>asphalt</surface>
              <maxspeed>unknown</maxspeed>
              <oneway>yes</oneway>
            </gpxtpx:Extensions>
          </gpxtpx:TrackPointExtension>
        </extensions>
      </trkpt>
      <trkpt lat="48.22742" lon="11.572161">
        <ele>490.5</ele>
        <extensions>
          <gpxtpx:TrackPointExtension>
            <gpxtpx:Extensions>
              <highway>motorway</highway>
              <surface>asphalt</surface>
              <maxspeed>unknown</maxspeed>
              <oneway>yes</oneway>
            </gpxtpx:Extensions>
          </gpxtpx:TrackPointExtension>
        </extensions>
      </trkpt>
      <trkpt lat="48.227326" lon="11.570802">
        <ele>490</ele>
        <extensions>
          <gpxtpx:TrackPointExtension>
            <gpxtpx:Extensions>
              <highway>motorway</highway>
              <surface>asphalt</surface>
              <maxspeed>unknown</maxspeed>
              <oneway>yes</oneway>
            </gpxtpx:Extensions>
          </gpxtpx:TrackPointExtension>
        </extensions>
      </trkpt>
      <trkpt lat="48.227234" lon="11.569348">
        <ele>491</ele>
        <extensions>
          <gpxtpx:TrackPointExtension>
            <gpxtpx:Extensions>
              <highway>motorway</highway>
              <surface>asphalt</surface>
              <maxspeed>unknown</maxspeed>
              <oneway>yes</oneway>
            </gpxtpx:Extensions>
          </gpxtpx:TrackPointExtension>
        </extensions>
      </trkpt>
      <trkpt lat="48.227153" lon="11.567877">
        <ele>491.25</ele>
        <extensions>
          <gpxtpx:TrackPointExtension>
            <gpxtpx:Extensions>
              <highway>motorway</highway>
              <surface>asphalt</surface>
              <maxspeed>unknown</maxspeed>
              <oneway>yes</oneway>
            </gpxtpx:Extensions>
          </gpxtpx:TrackPointExtension>
        </extensions>
      </trkpt>
      <trkpt lat="48.227084" lon="11.56639">
        <ele>491.75</ele>
        <extensions>
          <gpxtpx:TrackPointExtension>
            <gpxtpx:Extensions>
              <highway>motorway</highway>
              <surface>asphalt</surface>
              <maxspeed>unknown</maxspeed>
              <oneway>yes</oneway>
            </gpxtpx:Extensions>
          </gpxtpx:TrackPointExtension>
        </extensions>
      </trkpt>
      <trkpt lat="48.226967" lon="11.563253">
        <ele>491.75</ele>
        <extensions>
          <gpxtpx:TrackPointExtension>
            <gpxtpx:Extensions>
              <highway>motorway</highway>
              <surface>asphalt</surface>
              <maxspeed>unknown</maxspeed>
              <oneway>yes</oneway>
            </gpxtpx:Extensions>
          </gpxtpx:TrackPointExtension>
        </extensions>
      </trkpt>
      <trkpt lat="48.226963" lon="11.563106">
        <ele>491.5</ele>
        <extensions>
          <gpxtpx:TrackPointExtension>
            <gpxtpx:Extensions>
              <highway>motorway</highway>
              <surface>asphalt</surface>
              <maxspeed>unknown</maxspeed>
              <oneway>yes</oneway>
            </gpxtpx:Extensions>
          </gpxtpx:TrackPointExtension>
        </extensions>
      </trkpt>
      <trkpt lat="48.226963" lon="11.563104">
        <ele>491.5</ele>
        <extensions>
          <gpxtpx:TrackPointExtension>
            <gpxtpx:Extensions>
              <highway>motorway</highway>
              <surface>asphalt</surface>
              <maxspeed>unknown</maxspeed>
              <oneway>yes</oneway>
            </gpxtpx:Extensions>
          </gpxtpx:TrackPointExtension>
        </extensions>
      </trkpt>
      <trkpt lat="48.226856" lon="11.558568">
        <ele>491.5</ele>
        <extensions>
          <gpxtpx:TrackPointExtension>
            <gpxtpx:Extensions>
              <highway>motorway</highway>
              <surface>asphalt</surface>
              <maxspeed>unknown</maxspeed>
              <oneway>yes</oneway>
            </gpxtpx:Extensions>
          </gpxtpx:TrackPointExtension>
        </extensions>
      </trkpt>
      <trkpt lat="48.226787" lon="11.553915">
        <ele>491.25</ele>
        <extensions>
          <gpxtpx:TrackPointExtension>
            <gpxtpx:Extensions>
              <highway>motorway</highway>
              <surface>asphalt</surface>
              <maxspeed>unknown</maxspeed>
              <oneway>yes</oneway>
            </gpxtpx:Extensions>
          </gpxtpx:TrackPointExtension>
        </extensions>
      </trkpt>
      <trkpt lat="48.226753" lon="11.552261">
        <ele>492</ele>
        <extensions>
          <gpxtpx:TrackPointExtension>
            <gpxtpx:Extensions>
              <highway>motorway</highway>
              <surface>asphalt</surface>
              <maxspeed>unknown</maxspeed>
              <oneway>yes</oneway>
            </gpxtpx:Extensions>
          </gpxtpx:TrackPointExtension>
        </extensions>
      </trkpt>
      <trkpt lat="48.226696" lon="11.550058">
        <ele>493</ele>
        <extensions>
          <gpxtpx:TrackPointExtension>
            <gpxtpx:Extensions>
              <highway>motorway</highway>
              <surface>asphalt</surface>
              <maxspeed>unknown</maxspeed>
              <oneway>yes</oneway>
            </gpxtpx:Extensions>
          </gpxtpx:TrackPointExtension>
        </extensions>
      </trkpt>
      <trkpt lat="48.226668" lon="11.549021">
        <ele>492.75</ele>
        <extensions>
          <gpxtpx:TrackPointExtension>
            <gpxtpx:Extensions>
              <highway>motorway</highway>
              <surface>asphalt</surface>
              <maxspeed>unknown</maxspeed>
              <oneway>yes</oneway>
            </gpxtpx:Extensions>
          </gpxtpx:TrackPointExtension>
        </extensions>
      </trkpt>
      <trkpt lat="48.226611" lon="11.547526">
        <ele>491.75</ele>
        <extensions>
          <gpxtpx:TrackPointExtension>
            <gpxtpx:Extensions>
              <highway>motorway</highway>
              <surface>asphalt</surface>
              <maxspeed>unknown</maxspeed>
              <oneway>yes</oneway>
            </gpxtpx:Extensions>
          </gpxtpx:TrackPointExtension>
        </extensions>
      </trkpt>
      <trkpt lat="48.226545" lon="11.546073">
        <ele>493.5</ele>
        <extensions>
          <gpxtpx:TrackPointExtension>
            <gpxtpx:Extensions>
              <highway>motorway</highway>
              <surface>asphalt</surface>
              <maxspeed>unknown</maxspeed>
              <oneway>yes</oneway>
            </gpxtpx:Extensions>
          </gpxtpx:TrackPointExtension>
        </extensions>
      </trkpt>
      <trkpt lat="48.226488" lon="11.545045">
        <ele>493.5</ele>
        <extensions>
          <gpxtpx:TrackPointExtension>
            <gpxtpx:Extensions>
              <highway>motorway</highway>
              <surface>asphalt</surface>
              <maxspeed>unknown</maxspeed>
              <oneway>yes</oneway>
            </gpxtpx:Extensions>
          </gpxtpx:TrackPointExtension>
        </extensions>
      </trkpt>
      <trkpt lat="48.226348" lon="11.542884">
        <ele>491</ele>
        <extensions>
          <gpxtpx:TrackPointExtension>
            <gpxtpx:Extensions>
              <highway>motorway</highway>
              <surface>asphalt</surface>
              <maxspeed>unknown</maxspeed>
              <oneway>yes</oneway>
            </gpxtpx:Extensions>
          </gpxtpx:TrackPointExtension>
        </extensions>
      </trkpt>
      <trkpt lat="48.226228" lon="11.541415">
        <ele>493</ele>
        <extensions>
          <gpxtpx:TrackPointExtension>
            <gpxtpx:Extensions>
              <highway>motorway</highway>
              <surface>asphalt</surface>
              <maxspeed>unknown</maxspeed>
              <oneway>yes</oneway>
            </gpxtpx:Extensions>
          </gpxtpx:TrackPointExtension>
        </extensions>
      </trkpt>
      <trkpt lat="48.226131" lon="11.540352">
        <ele>492.5</ele>
        <extensions>
          <gpxtpx:TrackPointExtension>
            <gpxtpx:Extensions>
              <highway>motorway</highway>
              <surface>asphalt</surface>
              <maxspeed>unknown</maxspeed>
              <oneway>yes</oneway>
            </gpxtpx:Extensions>
          </gpxtpx:TrackPointExtension>
        </extensions>
      </trkpt>
      <trkpt lat="48.225913" lon="11.538221">
        <ele>494.25</ele>
        <extensions>
          <gpxtpx:TrackPointExtension>
            <gpxtpx:Extensions>
              <highway>motorway</highway>
              <surface>asphalt</surface>
              <maxspeed>unknown</maxspeed>
              <oneway>yes</oneway>
            </gpxtpx:Extensions>
          </gpxtpx:TrackPointExtension>
        </extensions>
      </trkpt>
      <trkpt lat="48.22577" lon="11.537049">
        <ele>493</ele>
        <extensions>
          <gpxtpx:TrackPointExtension>
            <gpxtpx:Extensions>
              <highway>motorway</highway>
              <surface>asphalt</surface>
              <maxspeed>unknown</maxspeed>
              <oneway>yes</oneway>
            </gpxtpx:Extensions>
          </gpxtpx:TrackPointExtension>
        </extensions>
      </trkpt>
      <trkpt lat="48.225655" lon="11.536116">
        <ele>492.5</ele>
        <extensions>
          <gpxtpx:TrackPointExtension>
            <gpxtpx:Extensions>
              <highway>motorway</highway>
              <surface>asphalt</surface>
              <maxspeed>unknown</maxspeed>
              <oneway>yes</oneway>
            </gpxtpx:Extensions>
          </gpxtpx:TrackPointExtension>
        </extensions>
      </trkpt>
      <trkpt lat="48.225433" lon="11.534526">
        <ele>492</ele>
        <extensions>
          <gpxtpx:TrackPointExtension>
            <gpxtpx:Extensions>
              <highway>motorway</highway>
              <surface>asphalt</surface>
              <maxspeed>unknown</maxspeed>
              <oneway>yes</oneway>
            </gpxtpx:Extensions>
          </gpxtpx:TrackPointExtension>
        </extensions>
      </trkpt>
      <trkpt lat="48.225337" lon="11.533836">
        <ele>491.5</ele>
        <extensions>
          <gpxtpx:TrackPointExtension>
            <gpxtpx:Extensions>
              <highway>motorway</highway>
              <surface>asphalt</surface>
              <maxspeed>unknown</maxspeed>
              <oneway>yes</oneway>
            </gpxtpx:Extensions>
          </gpxtpx:TrackPointExtension>
        </extensions>
      </trkpt>
      <trkpt lat="48.225171" lon="11.532807">
        <ele>492.75</ele>
        <extensions>
          <gpxtpx:TrackPointExtension>
            <gpxtpx:Extensions>
              <highway>motorway</highway>
              <surface>asphalt</surface>
              <maxspeed>unknown</maxspeed>
              <oneway>yes</oneway>
            </gpxtpx:Extensions>
          </gpxtpx:TrackPointExtension>
        </extensions>
      </trkpt>
      <trkpt lat="48.224974" lon="11.531609">
        <ele>492.75</ele>
        <extensions>
          <gpxtpx:TrackPointExtension>
            <gpxtpx:Extensions>
              <highway>motorway</highway>
              <surface>asphalt</surface>
              <maxspeed>unknown</maxspeed>
              <oneway>yes</oneway>
            </gpxtpx:Extensions>
          </gpxtpx:TrackPointExtension>
        </extensions>
      </trkpt>
      <trkpt lat="48.224763" lon="11.530429">
        <ele>491.25</ele>
        <extensions>
          <gpxtpx:TrackPointExtension>
            <gpxtpx:Extensions>
              <highway>motorway</highway>
              <surface>asphalt</surface>
              <maxspeed>unknown</maxspeed>
              <oneway>yes</oneway>
            </gpxtpx:Extensions>
          </gpxtpx:TrackPointExtension>
        </extensions>
      </trkpt>
      <trkpt lat="48.224466" lon="11.528824">
        <ele>492.5</ele>
        <extensions>
          <gpxtpx:TrackPointExtension>
            <gpxtpx:Extensions>
              <highway>motorway</highway>
              <surface>asphalt</surface>
              <maxspeed>unknown</maxspeed>
              <oneway>yes</oneway>
            </gpxtpx:Extensions>
          </gpxtpx:TrackPointExtension>
        </extensions>
      </trkpt>
      <trkpt lat="48.224233" lon="11.52769">
        <ele>493.5</ele>
        <extensions>
          <gpxtpx:TrackPointExtension>
            <gpxtpx:Extensions>
              <highway>motorway</highway>
              <surface>asphalt</surface>
              <maxspeed>unknown</maxspeed>
              <oneway>yes</oneway>
            </gpxtpx:Extensions>
          </gpxtpx:TrackPointExtension>
        </extensions>
      </trkpt>
      <trkpt lat="48.223831" lon="11.52584">
        <ele>492.75</ele>
        <extensions>
          <gpxtpx:TrackPointExtension>
            <gpxtpx:Extensions>
              <highway>motorway</highway>
              <surface>asphalt</surface>
              <maxspeed>unknown</maxspeed>
              <oneway>yes</oneway>
            </gpxtpx:Extensions>
          </gpxtpx:TrackPointExtension>
        </extensions>
      </trkpt>
      <trkpt lat="48.223672" lon="11.525137">
        <ele>493</ele>
        <extensions>
          <gpxtpx:TrackPointExtension>
            <gpxtpx:Extensions>
              <highway>motorway</highway>
              <surface>asphalt</surface>
              <maxspeed>unknown</maxspeed>
              <oneway>yes</oneway>
            </gpxtpx:Extensions>
          </gpxtpx:TrackPointExtension>
        </extensions>
      </trkpt>
      <trkpt lat="48.223112" lon="11.52284">
        <ele>493</ele>
        <extensions>
          <gpxtpx:TrackPointExtension>
            <gpxtpx:Extensions>
              <highway>motorway</highway>
              <surface>asphalt</surface>
              <maxspeed>unknown</maxspeed>
              <oneway>yes</oneway>
            </gpxtpx:Extensions>
          </gpxtpx:TrackPointExtension>
        </extensions>
      </trkpt>
      <trkpt lat="48.222808" lon="11.521691">
        <ele>492.5</ele>
        <extensions>
          <gpxtpx:TrackPointExtension>
            <gpxtpx:Extensions>
              <highway>motorway</highway>
              <surface>asphalt</surface>
              <maxspeed>unknown</maxspeed>
              <oneway>yes</oneway>
            </gpxtpx:Extensions>
          </gpxtpx:TrackPointExtension>
        </extensions>
      </trkpt>
      <trkpt lat="48.222453" lon="11.520405">
        <ele>492.25</ele>
        <extensions>
          <gpxtpx:TrackPointExtension>
            <gpxtpx:Extensions>
              <highway>motorway</highway>
              <surface>asphalt</surface>
              <maxspeed>unknown</maxspeed>
              <oneway>yes</oneway>
            </gpxtpx:Extensions>
          </gpxtpx:TrackPointExtension>
        </extensions>
      </trkpt>
      <trkpt lat="48.222309" lon="11.519913">
        <ele>490.75</ele>
        <extensions>
          <gpxtpx:TrackPointExtension>
            <gpxtpx:Extensions>
              <highway>motorway</highway>
              <surface>asphalt</surface>
              <maxspeed>unknown</maxspeed>
              <oneway>yes</oneway>
            </gpxtpx:Extensions>
          </gpxtpx:TrackPointExtension>
        </extensions>
      </trkpt>
      <trkpt lat="48.221841" lon="11.51837">
        <ele>493</ele>
        <extensions>
          <gpxtpx:TrackPointExtension>
            <gpxtpx:Extensions>
              <highway>motorway</highway>
              <surface>asphalt</surface>
              <maxspeed>unknown</maxspeed>
              <oneway>yes</oneway>
            </gpxtpx:Extensions>
          </gpxtpx:TrackPointExtension>
        </extensions>
      </trkpt>
      <trkpt lat="48.221627" lon="11.517699">
        <ele>492.25</ele>
        <extensions>
          <gpxtpx:TrackPointExtension>
            <gpxtpx:Extensions>
              <highway>motorway</highway>
              <surface>asphalt</surface>
              <maxspeed>unknown</maxspeed>
              <oneway>yes</oneway>
            </gpxtpx:Extensions>
          </gpxtpx:TrackPointExtension>
        </extensions>
      </trkpt>
      <trkpt lat="48.22128" lon="11.51665">
        <ele>492.75</ele>
        <extensions>
          <gpxtpx:TrackPointExtension>
            <gpxtpx:Extensions>
              <highway>motorway</highway>
              <surface>asphalt</surface>
              <maxspeed>unknown</maxspeed>
              <oneway>yes</oneway>
            </gpxtpx:Extensions>
          </gpxtpx:TrackPointExtension>
        </extensions>
      </trkpt>
      <trkpt lat="48.220902" lon="11.515544">
        <ele>491</ele>
        <extensions>
          <gpxtpx:TrackPointExtension>
            <gpxtpx:Extensions>
              <highway>motorway</highway>
              <surface>asphalt</surface>
              <maxspeed>unknown</maxspeed>
              <oneway>yes</oneway>
            </gpxtpx:Extensions>
          </gpxtpx:TrackPointExtension>
        </extensions>
      </trkpt>
      <trkpt lat="48.22043" lon="11.514243">
        <ele>490.25</ele>
        <extensions>
          <gpxtpx:TrackPointExtension>
            <gpxtpx:Extensions>
              <highway>motorway</highway>
              <surface>asphalt</surface>
              <maxspeed>unknown</maxspeed>
              <oneway>yes</oneway>
            </gpxtpx:Extensions>
          </gpxtpx:TrackPointExtension>
        </extensions>
      </trkpt>
      <trkpt lat="48.219738" lon="11.512456">
        <ele>489.25</ele>
        <extensions>
          <gpxtpx:TrackPointExtension>
            <gpxtpx:Extensions>
              <highway>motorway</highway>
              <surface>asphalt</surface>
              <maxspeed>unknown</maxspeed>
              <oneway>yes</oneway>
            </gpxtpx:Extensions>
          </gpxtpx:TrackPointExtension>
        </extensions>
      </trkpt>
      <trkpt lat="48.219402" lon="11.511617">
        <ele>488.75</ele>
        <extensions>
          <gpxtpx:TrackPointExtension>
            <gpxtpx:Extensions>
              <highway>motorway</highway>
              <surface>asphalt</surface>
              <maxspeed>unknown</maxspeed>
              <oneway>yes</oneway>
            </gpxtpx:Extensions>
          </gpxtpx:TrackPointExtension>
        </extensions>
      </trkpt>
      <trkpt lat="48.219055" lon="11.510793">
        <ele>489</ele>
        <extensions>
          <gpxtpx:TrackPointExtension>
            <gpxtpx:Extensions>
              <highway>motorway</highway>
              <surface>asphalt</surface>
              <maxspeed>unknown</maxspeed>
              <oneway>yes</oneway>
            </gpxtpx:Extensions>
          </gpxtpx:TrackPointExtension>
        </extensions>
      </trkpt>
      <trkpt lat="48.218529" lon="11.509588">
        <ele>489</ele>
        <extensions>
          <gpxtpx:TrackPointExtension>
            <gpxtpx:Extensions>
              <highway>motorway</highway>
              <surface>asphalt</surface>
              <maxspeed>unknown</maxspeed>
              <oneway>yes</oneway>
            </gpxtpx:Extensions>
          </gpxtpx:TrackPointExtension>
        </extensions>
      </trkpt>
      <trkpt lat="48.218014" lon="11.508453">
        <ele>491.25</ele>
        <extensions>
          <gpxtpx:TrackPointExtension>
            <gpxtpx:Extensions>
              <highway>motorway</highway>
              <surface>asphalt</surface>
              <maxspeed>unknown</maxspeed>
              <oneway>yes</oneway>
            </gpxtpx:Extensions>
          </gpxtpx:TrackPointExtension>
        </extensions>
      </trkpt>
      <trkpt lat="48.217703" lon="11.507803">
        <ele>491</ele>
        <extensions>
          <gpxtpx:TrackPointExtension>
            <gpxtpx:Extensions>
              <highway>motorway</highway>
              <surface>asphalt</surface>
              <maxspeed>unknown</maxspeed>
              <oneway>yes</oneway>
            </gpxtpx:Extensions>
          </gpxtpx:TrackPointExtension>
        </extensions>
      </trkpt>
      <trkpt lat="48.217037" lon="11.506445">
        <ele>491.5</ele>
        <extensions>
          <gpxtpx:TrackPointExtension>
            <gpxtpx:Extensions>
              <highway>motorway</highway>
              <surface>asphalt</surface>
              <maxspeed>unknown</maxspeed>
              <oneway>yes</oneway>
            </gpxtpx:Extensions>
          </gpxtpx:TrackPointExtension>
        </extensions>
      </trkpt>
      <trkpt lat="48.216265" lon="11.504947">
        <ele>493</ele>
        <extensions>
          <gpxtpx:TrackPointExtension>
            <gpxtpx:Extensions>
              <highway>motorway</highway>
              <surface>asphalt</surface>
              <maxspeed>unknown</maxspeed>
              <oneway>yes</oneway>
            </gpxtpx:Extensions>
          </gpxtpx:TrackPointExtension>
        </extensions>
      </trkpt>
      <trkpt lat="48.215879" lon="11.504239">
        <ele>493</ele>
        <extensions>
          <gpxtpx:TrackPointExtension>
            <gpxtpx:Extensions>
              <highway>motorway</highway>
              <surface>asphalt</surface>
              <maxspeed>unknown</maxspeed>
              <oneway>yes</oneway>
            </gpxtpx:Extensions>
          </gpxtpx:TrackPointExtension>
        </extensions>
      </trkpt>
      <trkpt lat="48.215275" lon="11.503158">
        <ele>493</ele>
        <extensions>
          <gpxtpx:TrackPointExtension>
            <gpxtpx:Extensions>
              <highway>motorway</highway>
              <surface>asphalt</surface>
              <maxspeed>unknown</maxspeed>
              <oneway>yes</oneway>
            </gpxtpx:Extensions>
          </gpxtpx:TrackPointExtension>
        </extensions>
      </trkpt>
      <trkpt lat="48.214892" lon="11.502497">
        <ele>493.75</ele>
        <extensions>
          <gpxtpx:TrackPointExtension>
            <gpxtpx:Extensions>
              <highway>motorway</highway>
              <surface>asphalt</surface>
              <maxspeed>unknown</maxspeed>
              <oneway>yes</oneway>
            </gpxtpx:Extensions>
          </gpxtpx:TrackPointExtension>
        </extensions>
      </trkpt>
      <trkpt lat="48.214082" lon="11.501148">
        <ele>492.75</ele>
        <extensions>
          <gpxtpx:TrackPointExtension>
            <gpxtpx:Extensions>
              <highway>motorway</highway>
              <surface>asphalt</surface>
              <maxspeed>unknown</maxspeed>
              <oneway>yes</oneway>
            </gpxtpx:Extensions>
          </gpxtpx:TrackPointExtension>
        </extensions>
      </trkpt>
      <trkpt lat="48.213235" lon="11.499823">
        <ele>492.5</ele>
        <extensions>
          <gpxtpx:TrackPointExtension>
            <gpxtpx:Extensions>
              <highway>motorway</highway>
              <surface>asphalt</surface>
              <maxspeed>unknown</maxspeed>
              <oneway>yes</oneway>
            </gpxtpx:Extensions>
          </gpxtpx:TrackPointExtension>
        </extensions>
      </trkpt>
      <trkpt lat="48.212772" lon="11.499108">
        <ele>494.25</ele>
        <extensions>
          <gpxtpx:TrackPointExtension>
            <gpxtpx:Extensions>
              <highway>motorway</highway>
              <surface>asphalt</surface>
              <maxspeed>unknown</maxspeed>
              <oneway>yes</oneway>
            </gpxtpx:Extensions>
          </gpxtpx:TrackPointExtension>
        </extensions>
      </trkpt>
      <trkpt lat="48.212451" lon="11.498573">
        <ele>494</ele>
        <extensions>
          <gpxtpx:TrackPointExtension>
            <gpxtpx:Extensions>
              <highway>motorway</highway>
              <surface>asphalt</surface>
              <maxspeed>unknown</maxspeed>
              <oneway>yes</oneway>
            </gpxtpx:Extensions>
          </gpxtpx:TrackPointExtension>
        </extensions>
      </trkpt>
      <trkpt lat="48.212252" lon="11.49822">
        <ele>493.75</ele>
        <extensions>
          <gpxtpx:TrackPointExtension>
            <gpxtpx:Extensions>
              <highway>motorway</highway>
              <surface>asphalt</surface>
              <maxspeed>unknown</maxspeed>
              <oneway>yes</oneway>
            </gpxtpx:Extensions>
          </gpxtpx:TrackPointExtension>
        </extensions>
      </trkpt>
      <trkpt lat="48.212035" lon="11.497815">
        <ele>494</ele>
        <extensions>
          <gpxtpx:TrackPointExtension>
            <gpxtpx:Extensions>
              <highway>motorway</highway>
              <surface>asphalt</surface>
              <maxspeed>unknown</maxspeed>
              <oneway>yes</oneway>
            </gpxtpx:Extensions>
          </gpxtpx:TrackPointExtension>
        </extensions>
      </trkpt>
      <trkpt lat="48.21174" lon="11.497242">
        <ele>494.75</ele>
        <extensions>
          <gpxtpx:TrackPointExtension>
            <gpxtpx:Extensions>
              <highway>motorway</highway>
              <surface>asphalt</surface>
              <maxspeed>unknown</maxspeed>
              <oneway>yes</oneway>
            </gpxtpx:Extensions>
          </gpxtpx:TrackPointExtension>
        </extensions>
      </trkpt>
      <trkpt lat="48.211476" lon="11.496671">
        <ele>494.75</ele>
        <extensions>
          <gpxtpx:TrackPointExtension>
            <gpxtpx:Extensions>
              <highway>motorway</highway>
              <surface>asphalt</surface>
              <maxspeed>unknown</maxspeed>
              <oneway>yes</oneway>
            </gpxtpx:Extensions>
          </gpxtpx:TrackPointExtension>
        </extensions>
      </trkpt>
      <trkpt lat="48.211291" lon="11.496249">
        <ele>494</ele>
        <extensions>
          <gpxtpx:TrackPointExtension>
            <gpxtpx:Extensions>
              <highway>motorway</highway>
              <surface>asphalt</surface>
              <maxspeed>unknown</maxspeed>
              <oneway>yes</oneway>
            </gpxtpx:Extensions>
          </gpxtpx:TrackPointExtension>
        </extensions>
      </trkpt>
      <trkpt lat="48.211036" lon="11.495641">
        <ele>494</ele>
        <extensions>
          <gpxtpx:TrackPointExtension>
            <gpxtpx:Extensions>
              <highway>motorway</highway>
              <surface>asphalt</surface>
              <maxspeed>unknown</maxspeed>
              <oneway>yes</oneway>
            </gpxtpx:Extensions>
          </gpxtpx:TrackPointExtension>
        </extensions>
      </trkpt>
      <trkpt lat="48.210813" lon="11.495044">
        <ele>495.75</ele>
        <extensions>
          <gpxtpx:TrackPointExtension>
            <gpxtpx:Extensions>
              <highway>motorway</highway>
              <surface>asphalt</surface>
              <maxspeed>unknown</maxspeed>
              <oneway>yes</oneway>
            </gpxtpx:Extensions>
          </gpxtpx:TrackPointExtension>
        </extensions>
      </trkpt>
      <trkpt lat="48.210652" lon="11.494589">
        <ele>495.5</ele>
        <extensions>
          <gpxtpx:TrackPointExtension>
            <gpxtpx:Extensions>
              <highway>motorway</highway>
              <surface>asphalt</surface>
              <maxspeed>unknown</maxspeed>
              <oneway>yes</oneway>
            </gpxtpx:Extensions>
          </gpxtpx:TrackPointExtension>
        </extensions>
      </trkpt>
      <trkpt lat="48.210475" lon="11.494054">
        <ele>495.5</ele>
        <extensions>
          <gpxtpx:TrackPointExtension>
            <gpxtpx:Extensions>
              <highway>motorway</highway>
              <surface>asphalt</surface>
              <maxspeed>unknown</maxspeed>
              <oneway>yes</oneway>
            </gpxtpx:Extensions>
          </gpxtpx:TrackPointExtension>
        </extensions>
      </trkpt>
      <trkpt lat="48.210257" lon="11.493323">
        <ele>496.5</ele>
        <extensions>
          <gpxtpx:TrackPointExtension>
            <gpxtpx:Extensions>
              <highway>motorway</highway>
              <surface>asphalt</surface>
              <maxspeed>unknown</maxspeed>
              <oneway>yes</oneway>
            </gpxtpx:Extensions>
          </gpxtpx:TrackPointExtension>
        </extensions>
      </trkpt>
      <trkpt lat="48.210106" lon="11.492785">
        <ele>496</ele>
        <extensions>
          <gpxtpx:TrackPointExtension>
            <gpxtpx:Extensions>
              <highway>motorway</highway>
              <surface>asphalt</surface>
              <maxspeed>unknown</maxspeed>
              <oneway>yes</oneway>
            </gpxtpx:Extensions>
          </gpxtpx:TrackPointExtension>
        </extensions>
      </trkpt>
      <trkpt lat="48.209929" lon="11.49208">
        <ele>496.25</ele>
        <extensions>
          <gpxtpx:TrackPointExtension>
            <gpxtpx:Extensions>
              <highway>motorway</highway>
              <surface>asphalt</surface>
              <maxspeed>unknown</maxspeed>
              <oneway>yes</oneway>
            </gpxtpx:Extensions>
          </gpxtpx:TrackPointExtension>
        </extensions>
      </trkpt>
      <trkpt lat="48.209794" lon="11.491462">
        <ele>496.25</ele>
        <extensions>
          <gpxtpx:TrackPointExtension>
            <gpxtpx:Extensions>
              <highway>motorway</highway>
              <surface>asphalt</surface>
              <maxspeed>unknown</maxspeed>
              <oneway>yes</oneway>
            </gpxtpx:Extensions>
          </gpxtpx:TrackPointExtension>
        </extensions>
      </trkpt>
      <trkpt lat="48.20965" lon="11.490729">
        <ele>495.25</ele>
        <extensions>
          <gpxtpx:TrackPointExtension>
            <gpxtpx:Extensions>
              <highway>motorway</highway>
              <surface>asphalt</surface>
              <maxspeed>unknown</maxspeed>
              <oneway>yes</oneway>
            </gpxtpx:Extensions>
          </gpxtpx:TrackPointExtension>
        </extensions>
      </trkpt>
      <trkpt lat="48.209538" lon="11.490074">
        <ele>494.5</ele>
        <extensions>
          <gpxtpx:TrackPointExtension>
            <gpxtpx:Extensions>
              <highway>motorway</highway>
              <surface>asphalt</surface>
              <maxspeed>unknown</maxspeed>
              <oneway>yes</oneway>
            </gpxtpx:Extensions>
          </gpxtpx:TrackPointExtension>
        </extensions>
      </trkpt>
      <trkpt lat="48.209463" lon="11.489581">
        <ele>495.5</ele>
        <extensions>
          <gpxtpx:TrackPointExtension>
            <gpxtpx:Extensions>
              <highway>motorway</highway>
              <surface>asphalt</surface>
              <maxspeed>unknown</maxspeed>
              <oneway>yes</oneway>
            </gpxtpx:Extensions>
          </gpxtpx:TrackPointExtension>
        </extensions>
      </trkpt>
      <trkpt lat="48.209358" lon="11.488765">
        <ele>496.75</ele>
        <extensions>
          <gpxtpx:TrackPointExtension>
            <gpxtpx:Extensions>
              <highway>motorway</highway>
              <surface>asphalt</surface>
              <maxspeed>unknown</maxspeed>
              <oneway>yes</oneway>
            </gpxtpx:Extensions>
          </gpxtpx:TrackPointExtension>
        </extensions>
      </trkpt>
      <trkpt lat="48.20931" lon="11.488304">
        <ele>496.75</ele>
        <extensions>
          <gpxtpx:TrackPointExtension>
            <gpxtpx:Extensions>
              <highway>motorway</highway>
              <surface>asphalt</surface>
              <maxspeed>unknown</maxspeed>
              <oneway>yes</oneway>
            </gpxtpx:Extensions>
          </gpxtpx:TrackPointExtension>
        </extensions>
      </trkpt>
      <trkpt lat="48.209254" lon="11.487626">
        <ele>497.5</ele>
        <extensions>
          <gpxtpx:TrackPointExtension>
            <gpxtpx:Extensions>
              <highway>motorway</highway>
              <surface>asphalt</surface>
              <maxspeed>unknown</maxspeed>
              <oneway>yes</oneway>
            </gpxtpx:Extensions>
          </gpxtpx:TrackPointExtension>
        </extensions>
      </trkpt>
      <trkpt lat="48.209208" lon="11.486907">
        <ele>498.5</ele>
        <extensions>
          <gpxtpx:TrackPointExtension>
            <gpxtpx:Extensions>
              <highway>motorway</highway>
              <surface>asphalt</surface>
              <maxspeed>unknown</maxspeed>
              <oneway>yes</oneway>
            </gpxtpx:Extensions>
          </gpxtpx:TrackPointExtension>
        </extensions>
      </trkpt>
      <trkpt lat="48.20918" lon="11.486284">
        <ele>500.25</ele>
        <extensions>
          <gpxtpx:TrackPointExtension>
            <gpxtpx:Extensions>
              <highway>motorway</highway>
              <surface>asphalt</surface>
              <maxspeed>unknown</maxspeed>
              <oneway>yes</oneway>
            </gpxtpx:Extensions>
          </gpxtpx:TrackPointExtension>
        </extensions>
      </trkpt>
      <trkpt lat="48.209174" lon="11.485876">
        <ele>501.75</ele>
        <extensions>
          <gpxtpx:TrackPointExtension>
            <gpxtpx:Extensions>
              <highway>motorway</highway>
              <surface>asphalt</surface>
              <maxspeed>unknown</maxspeed>
              <oneway>yes</oneway>
            </gpxtpx:Extensions>
          </gpxtpx:TrackPointExtension>
        </extensions>
      </trkpt>
      <trkpt lat="48.209167" lon="11.485129">
        <ele>500.25</ele>
        <extensions>
          <gpxtpx:TrackPointExtension>
            <gpxtpx:Extensions>
              <highway>motorway</highway>
              <surface>asphalt</surface>
              <maxspeed>unknown</maxspeed>
              <oneway>yes</oneway>
            </gpxtpx:Extensions>
          </gpxtpx:TrackPointExtension>
        </extensions>
      </trkpt>
      <trkpt lat="48.209183" lon="11.484324">
        <ele>497.5</ele>
        <extensions>
          <gpxtpx:TrackPointExtension>
            <gpxtpx:Extensions>
              <highway>motorway</highway>
              <surface>asphalt</surface>
              <maxspeed>unknown</maxspeed>
              <oneway>yes</oneway>
            </gpxtpx:Extensions>
          </gpxtpx:TrackPointExtension>
        </extensions>
      </trkpt>
      <trkpt lat="48.209225" lon="11.483509">
        <ele>497.5</ele>
        <extensions>
          <gpxtpx:TrackPointExtension>
            <gpxtpx:Extensions>
              <highway>motorway</highway>
              <surface>asphalt</surface>
              <maxspeed>unknown</maxspeed>
              <oneway>yes</oneway>
            </gpxtpx:Extensions>
          </gpxtpx:TrackPointExtension>
        </extensions>
      </trkpt>
      <trkpt lat="48.209295" lon="11.482649">
        <ele>498.25</ele>
        <extensions>
          <gpxtpx:TrackPointExtension>
            <gpxtpx:Extensions>
              <highway>motorway</highway>
              <surface>asphalt</surface>
              <maxspeed>unknown</maxspeed>
              <oneway>yes</oneway>
            </gpxtpx:Extensions>
          </gpxtpx:TrackPointExtension>
        </extensions>
      </trkpt>
      <trkpt lat="48.209356" lon="11.48205">
        <ele>498.5</ele>
        <extensions>
          <gpxtpx:TrackPointExtension>
            <gpxtpx:Extensions>
              <highway>motorway</highway>
              <surface>asphalt</surface>
              <maxspeed>unknown</maxspeed>
              <oneway>yes</oneway>
            </gpxtpx:Extensions>
          </gpxtpx:TrackPointExtension>
        </extensions>
      </trkpt>
      <trkpt lat="48.209484" lon="11.481044">
        <ele>497.5</ele>
        <extensions>
          <gpxtpx:TrackPointExtension>
            <gpxtpx:Extensions>
              <highway>motorway</highway>
              <surface>asphalt</surface>
              <maxspeed>unknown</maxspeed>
              <oneway>yes</oneway>
            </gpxtpx:Extensions>
          </gpxtpx:TrackPointExtension>
        </extensions>
      </trkpt>
      <trkpt lat="48.209606" lon="11.480157">
        <ele>497</ele>
        <extensions>
          <gpxtpx:TrackPointExtension>
            <gpxtpx:Extensions>
              <highway>motorway</highway>
              <surface>asphalt</surface>
              <maxspeed>unknown</maxspeed>
              <oneway>yes</oneway>
            </gpxtpx:Extensions>
          </gpxtpx:TrackPointExtension>
        </extensions>
      </trkpt>
      <trkpt lat="48.209681" lon="11.479528">
        <ele>497</ele>
        <extensions>
          <gpxtpx:TrackPointExtension>
            <gpxtpx:Extensions>
              <highway>motorway</highway>
              <surface>asphalt</surface>
              <maxspeed>unknown</maxspeed>
              <oneway>yes</oneway>
            </gpxtpx:Extensions>
          </gpxtpx:TrackPointExtension>
        </extensions>
      </trkpt>
      <trkpt lat="48.209765" lon="11.478632">
        <ele>497</ele>
        <extensions>
          <gpxtpx:TrackPointExtension>
            <gpxtpx:Extensions>
              <highway>motorway</highway>
              <surface>asphalt</surface>
              <maxspeed>unknown</maxspeed>
              <oneway>yes</oneway>
            </gpxtpx:Extensions>
          </gpxtpx:TrackPointExtension>
        </extensions>
      </trkpt>
      <trkpt lat="48.20983" lon="11.477544">
        <ele>496</ele>
        <extensions>
          <gpxtpx:TrackPointExtension>
            <gpxtpx:Extensions>
              <highway>motorway</highway>
              <surface>asphalt</surface>
              <maxspeed>unknown</maxspeed>
              <oneway>yes</oneway>
            </gpxtpx:Extensions>
          </gpxtpx:TrackPointExtension>
        </extensions>
      </trkpt>
      <trkpt lat="48.209836" lon="11.477074">
        <ele>496.75</ele>
        <extensions>
          <gpxtpx:TrackPointExtension>
            <gpxtpx:Extensions>
              <highway>motorway</highway>
              <surface>asphalt</surface>
              <maxspeed>100</maxspeed>
              <oneway>yes</oneway>
            </gpxtpx:Extensions>
          </gpxtpx:TrackPointExtension>
        </extensions>
      </trkpt>
      <trkpt lat="48.209853" lon="11.475881">
        <ele>497.5</ele>
        <extensions>
          <gpxtpx:TrackPointExtension>
            <gpxtpx:Extensions>
              <highway>motorway</highway>
              <surface>asphalt</surface>
              <maxspeed>100</maxspeed>
              <oneway>yes</oneway>
            </gpxtpx:Extensions>
          </gpxtpx:TrackPointExtension>
        </extensions>
      </trkpt>
      <trkpt lat="48.209839" lon="11.470976">
        <ele>497</ele>
        <extensions>
          <gpxtpx:TrackPointExtension>
            <gpxtpx:Extensions>
              <highway>motorway</highway>
              <surface>asphalt</surface>
              <maxspeed>100</maxspeed>
              <oneway>yes</oneway>
            </gpxtpx:Extensions>
          </gpxtpx:TrackPointExtension>
        </extensions>
      </trkpt>
      <trkpt lat="48.209827" lon="11.469428">
        <ele>498</ele>
        <extensions>
          <gpxtpx:TrackPointExtension>
            <gpxtpx:Extensions>
              <highway>motorway</highway>
              <surface>asphalt</surface>
              <maxspeed>100</maxspeed>
              <oneway>yes</oneway>
            </gpxtpx:Extensions>
          </gpxtpx:TrackPointExtension>
        </extensions>
      </trkpt>
      <trkpt lat="48.209811" lon="11.468978">
        <ele>498</ele>
        <extensions>
          <gpxtpx:TrackPointExtension>
            <gpxtpx:Extensions>
              <highway>motorway</highway>
              <surface>asphalt</surface>
              <maxspeed>100</maxspeed>
              <oneway>yes</oneway>
            </gpxtpx:Extensions>
          </gpxtpx:TrackPointExtension>
        </extensions>
      </trkpt>
      <trkpt lat="48.209769" lon="11.468327">
        <ele>496.75</ele>
        <extensions>
          <gpxtpx:TrackPointExtension>
            <gpxtpx:Extensions>
              <highway>motorway</highway>
              <surface>asphalt</surface>
              <maxspeed>80</maxspeed>
              <oneway>yes</oneway>
            </gpxtpx:Extensions>
          </gpxtpx:TrackPointExtension>
        </extensions>
      </trkpt>
      <trkpt lat="48.209729" lon="11.467887">
        <ele>496.75</ele>
        <extensions>
          <gpxtpx:TrackPointExtension>
            <gpxtpx:Extensions>
              <highway>motorway</highway>
              <surface>asphalt</surface>
              <maxspeed>80</maxspeed>
              <oneway>yes</oneway>
            </gpxtpx:Extensions>
          </gpxtpx:TrackPointExtension>
        </extensions>
      </trkpt>
      <trkpt lat="48.209679" lon="11.467457">
        <ele>496.25</ele>
        <extensions>
          <gpxtpx:TrackPointExtension>
            <gpxtpx:Extensions>
              <highway>motorway</highway>
              <surface>asphalt</surface>
              <maxspeed>80</maxspeed>
              <oneway>yes</oneway>
            </gpxtpx:Extensions>
          </gpxtpx:TrackPointExtension>
        </extensions>
      </trkpt>
      <trkpt lat="48.209565" lon="11.46671">
        <ele>494.5</ele>
        <extensions>
          <gpxtpx:TrackPointExtension>
            <gpxtpx:Extensions>
              <highway>motorway</highway>
              <surface>asphalt</surface>
              <maxspeed>80</maxspeed>
              <oneway>yes</oneway>
            </gpxtpx:Extensions>
          </gpxtpx:TrackPointExtension>
        </extensions>
      </trkpt>
      <trkpt lat="48.209442" lon="11.466094">
        <ele>494.5</ele>
        <extensions>
          <gpxtpx:TrackPointExtension>
            <gpxtpx:Extensions>
              <highway>motorway</highway>
              <surface>asphalt</surface>
              <maxspeed>80</maxspeed>
              <oneway>yes</oneway>
            </gpxtpx:Extensions>
          </gpxtpx:TrackPointExtension>
        </extensions>
      </trkpt>
      <trkpt lat="48.209159" lon="11.464889">
        <ele>495</ele>
        <extensions>
          <gpxtpx:TrackPointExtension>
            <gpxtpx:Extensions>
              <highway>motorway</highway>
              <surface>asphalt</surface>
              <maxspeed>80</maxspeed>
              <oneway>yes</oneway>
            </gpxtpx:Extensions>
          </gpxtpx:TrackPointExtension>
        </extensions>
      </trkpt>
      <trkpt lat="48.208743" lon="11.463729">
        <ele>495.5</ele>
        <extensions>
          <gpxtpx:TrackPointExtension>
            <gpxtpx:Extensions>
              <highway>motorway</highway>
              <surface>asphalt</surface>
              <maxspeed>80</maxspeed>
              <oneway>yes</oneway>
            </gpxtpx:Extensions>
          </gpxtpx:TrackPointExtension>
        </extensions>
      </trkpt>
      <trkpt lat="48.208175" lon="11.462505">
        <ele>496</ele>
        <extensions>
          <gpxtpx:TrackPointExtension>
            <gpxtpx:Extensions>
              <highway>motorway</highway>
              <surface>asphalt</surface>
              <maxspeed>80</maxspeed>
              <oneway>yes</oneway>
            </gpxtpx:Extensions>
          </gpxtpx:TrackPointExtension>
        </extensions>
      </trkpt>
      <trkpt lat="48.207779" lon="11.461804">
        <ele>496.25</ele>
        <extensions>
          <gpxtpx:TrackPointExtension>
            <gpxtpx:Extensions>
              <highway>motorway</highway>
              <surface>asphalt</surface>
              <maxspeed>80</maxspeed>
              <oneway>yes</oneway>
            </gpxtpx:Extensions>
          </gpxtpx:TrackPointExtension>
        </extensions>
      </trkpt>
      <trkpt lat="48.206734" lon="11.460159">
        <ele>497</ele>
        <extensions>
          <gpxtpx:TrackPointExtension>
            <gpxtpx:Extensions>
              <highway>motorway</highway>
              <surface>asphalt</surface>
              <maxspeed>80</maxspeed>
              <oneway>yes</oneway>
            </gpxtpx:Extensions>
          </gpxtpx:TrackPointExtension>
        </extensions>
      </trkpt>
      <trkpt lat="48.206123" lon="11.459039">
        <ele>497.5</ele>
        <extensions>
          <gpxtpx:TrackPointExtension>
            <gpxtpx:Extensions>
              <highway>motorway</highway>
              <surface>asphalt</surface>
              <maxspeed>80</maxspeed>
              <oneway>yes</oneway>
            </gpxtpx:Extensions>
          </gpxtpx:TrackPointExtension>
        </extensions>
      </trkpt>
      <trkpt lat="48.205732" lon="11.458224">
        <ele>497.75</ele>
        <extensions>
          <gpxtpx:TrackPointExtension>
            <gpxtpx:Extensions>
              <highway>motorway</highway>
              <surface>asphalt</surface>
              <maxspeed>80</maxspeed>
              <oneway>yes</oneway>
            </gpxtpx:Extensions>
          </gpxtpx:TrackPointExtension>
        </extensions>
      </trkpt>
      <trkpt lat="48.205296" lon="11.457032">
        <ele>498.25</ele>
        <extensions>
          <gpxtpx:TrackPointExtension>
            <gpxtpx:Extensions>
              <highway>motorway</highway>
              <surface>asphalt</surface>
              <maxspeed>80</maxspeed>
              <oneway>yes</oneway>
            </gpxtpx:Extensions>
          </gpxtpx:TrackPointExtension>
        </extensions>
      </trkpt>
      <trkpt lat="48.204996" lon="11.455691">
        <ele>498.75</ele>
        <extensions>
          <gpxtpx:TrackPointExtension>
            <gpxtpx:Extensions>
              <highway>motorway</highway>
              <surface>asphalt</surface>
              <maxspeed>80</maxspeed>
              <oneway>yes</oneway>
            </gpxtpx:Extensions>
          </gpxtpx:TrackPointExtension>
        </extensions>
      </trkpt>
      <trkpt lat="48.204846" lon="11.454845">
        <ele>499</ele>
        <extensions>
          <gpxtpx:TrackPointExtension>
            <gpxtpx:Extensions>
              <highway>motorway</highway>
              <surface>asphalt</surface>
              <maxspeed>80</maxspeed>
              <oneway>yes</oneway>
            </gpxtpx:Extensions>
          </gpxtpx:TrackPointExtension>
        </extensions>
      </trkpt>
      <trkpt lat="48.204746" lon="11.453998">
        <ele>499.25</ele>
        <extensions>
          <gpxtpx:TrackPointExtension>
            <gpxtpx:Extensions>
              <highway>motorway</highway>
              <surface>asphalt</surface>
              <maxspeed>80</maxspeed>
              <oneway>yes</oneway>
            </gpxtpx:Extensions>
          </gpxtpx:TrackPointExtension>
        </extensions>
      </trkpt>
      <trkpt lat="48.204662" lon="11.452955">
        <ele>499.5</ele>
        <extensions>
          <gpxtpx:TrackPointExtension>
            <gpxtpx:Extensions>
              <highway>motorway</highway>
              <surface>asphalt</surface>
              <maxspeed>80</maxspeed>
              <oneway>yes</oneway>
            </gpxtpx:Extensions>
          </gpxtpx:TrackPointExtension>
        </extensions>
      </trkpt>
      <trkpt lat="48.204571" lon="11.451416">
        <ele>500.25</ele>
        <extensions>
          <gpxtpx:TrackPointExtension>
            <gpxtpx:Extensions>
              <highway>motorway</highway>
              <surface>asphalt</surface>
              <maxspeed>80</maxspeed>
              <oneway>yes</oneway>
            </gpxtpx:Extensions>
          </gpxtpx:TrackPointExtension>
        </extensions>
      </trkpt>
      <trkpt lat="48.204563" lon="11.451137">
        <ele>500.25</ele>
        <extensions>
          <gpxtpx:TrackPointExtension>
            <gpxtpx:Extensions>
              <highway>motorway</highway>
              <surface>asphalt</surface>
              <maxspeed>unknown</maxspeed>
              <oneway>yes</oneway>
            </gpxtpx:Extensions>
          </gpxtpx:TrackPointExtension>
        </extensions>
      </trkpt>
      <trkpt lat="48.204486" lon="11.448428">
        <ele>501.25</ele>
        <extensions>
          <gpxtpx:TrackPointExtension>
            <gpxtpx:Extensions>
              <highway>motorway</highway>
              <surface>asphalt</surface>
              <maxspeed>unknown</maxspeed>
              <oneway>yes</oneway>
            </gpxtpx:Extensions>
          </gpxtpx:TrackPointExtension>
        </extensions>
      </trkpt>
      <trkpt lat="48.204415" lon="11.446241">
        <ele>500.25</ele>
        <extensions>
          <gpxtpx:TrackPointExtension>
            <gpxtpx:Extensions>
              <highway>motorway</highway>
              <surface>asphalt</surface>
              <maxspeed>unknown</maxspeed>
              <oneway>yes</oneway>
            </gpxtpx:Extensions>
          </gpxtpx:TrackPointExtension>
        </extensions>
      </trkpt>
      <trkpt lat="48.204457" lon="11.445446">
        <ele>500.25</ele>
        <extensions>
          <gpxtpx:TrackPointExtension>
            <gpxtpx:Extensions>
              <highway>motorway</highway>
              <surface>asphalt</surface>
              <maxspeed>unknown</maxspeed>
              <oneway>yes</oneway>
            </gpxtpx:Extensions>
          </gpxtpx:TrackPointExtension>
        </extensions>
      </trkpt>
      <trkpt lat="48.204439" lon="11.444784">
        <ele>500.5</ele>
        <extensions>
          <gpxtpx:TrackPointExtension>
            <gpxtpx:Extensions>
              <highway>motorway</highway>
              <surface>asphalt</surface>
              <maxspeed>unknown</maxspeed>
              <oneway>yes</oneway>
            </gpxtpx:Extensions>
          </gpxtpx:TrackPointExtension>
        </extensions>
      </trkpt>
      <trkpt lat="48.204374" lon="11.443421">
        <ele>501.75</ele>
        <extensions>
          <gpxtpx:TrackPointExtension>
            <gpxtpx:Extensions>
              <highway>motorway</highway>
              <surface>asphalt</surface>
              <maxspeed>unknown</maxspeed>
              <oneway>yes</oneway>
            </gpxtpx:Extensions>
          </gpxtpx:TrackPointExtension>
        </extensions>
      </trkpt>
      <trkpt lat="48.204275" lon="11.442194">
        <ele>501.75</ele>
        <extensions>
          <gpxtpx:TrackPointExtension>
            <gpxtpx:Extensions>
              <highway>motorway</highway>
              <surface>asphalt</surface>
              <maxspeed>unknown</maxspeed>
              <oneway>yes</oneway>
            </gpxtpx:Extensions>
          </gpxtpx:TrackPointExtension>
        </extensions>
      </trkpt>
      <trkpt lat="48.204179" lon="11.440885">
        <ele>502</ele>
        <extensions>
          <gpxtpx:TrackPointExtension>
            <gpxtpx:Extensions>
              <highway>motorway</highway>
              <surface>asphalt</surface>
              <maxspeed>unknown</maxspeed>
              <oneway>yes</oneway>
            </gpxtpx:Extensions>
          </gpxtpx:TrackPointExtension>
        </extensions>
      </trkpt>
      <trkpt lat="48.204142" lon="11.440082">
        <ele>501</ele>
        <extensions>
          <gpxtpx:TrackPointExtension>
            <gpxtpx:Extensions>
              <highway>motorway</highway>
              <surface>asphalt</surface>
              <maxspeed>unknown</maxspeed>
              <oneway>yes</oneway>
            </gpxtpx:Extensions>
          </gpxtpx:TrackPointExtension>
        </extensions>
      </trkpt>
      <trkpt lat="48.204125" lon="11.439489">
        <ele>501</ele>
        <extensions>
          <gpxtpx:TrackPointExtension>
            <gpxtpx:Extensions>
              <highway>motorway</highway>
              <surface>asphalt</surface>
              <maxspeed>unknown</maxspeed>
              <oneway>yes</oneway>
            </gpxtpx:Extensions>
          </gpxtpx:TrackPointExtension>
        </extensions>
      </trkpt>
      <trkpt lat="48.204115" lon="11.438548">
        <ele>500.25</ele>
        <extensions>
          <gpxtpx:TrackPointExtension>
            <gpxtpx:Extensions>
              <highway>motorway</highway>
              <surface>asphalt</surface>
              <maxspeed>unknown</maxspeed>
              <oneway>yes</oneway>
            </gpxtpx:Extensions>
          </gpxtpx:TrackPointExtension>
        </extensions>
      </trkpt>
      <trkpt lat="48.204128" lon="11.43761">
        <ele>500.75</ele>
        <extensions>
          <gpxtpx:TrackPointExtension>
            <gpxtpx:Extensions>
              <highway>motorway</highway>
              <surface>asphalt</surface>
              <maxspeed>unknown</maxspeed>
              <oneway>yes</oneway>
            </gpxtpx:Extensions>
          </gpxtpx:TrackPointExtension>
        </extensions>
      </trkpt>
      <trkpt lat="48.204153" lon="11.437015">
        <ele>500.25</ele>
        <extensions>
          <gpxtpx:TrackPointExtension>
            <gpxtpx:Extensions>
              <highway>motorway</highway>
              <surface>asphalt</surface>
              <maxspeed>unknown</maxspeed>
              <oneway>yes</oneway>
            </gpxtpx:Extensions>
          </gpxtpx:TrackPointExtension>
        </extensions>
      </trkpt>
      <trkpt lat="48.204203" lon="11.435961">
        <ele>499.75</ele>
        <extensions>
          <gpxtpx:TrackPointExtension>
            <gpxtpx:Extensions>
              <highway>motorway</highway>
              <surface>asphalt</surface>
              <maxspeed>unknown</maxspeed>
              <oneway>yes</oneway>
            </gpxtpx:Extensions>
          </gpxtpx:TrackPointExtension>
        </extensions>
      </trkpt>
      <trkpt lat="48.20456" lon="11.429713">
        <ele>499</ele>
        <extensions>
          <gpxtpx:TrackPointExtension>
            <gpxtpx:Extensions>
              <highway>motorway</highway>
              <surface>asphalt</surface>
              <maxspeed>unknown</maxspeed>
              <oneway>yes</oneway>
            </gpxtpx:Extensions>
          </gpxtpx:TrackPointExtension>
        </extensions>
      </trkpt>
      <trkpt lat="48.204741" lon="11.426348">
        <ele>500.75</ele>
        <extensions>
          <gpxtpx:TrackPointExtension>
            <gpxtpx:Extensions>
              <highway>motorway</highway>
              <surface>asphalt</surface>
              <maxspeed>unknown</maxspeed>
              <oneway>yes</oneway>
            </gpxtpx:Extensions>
          </gpxtpx:TrackPointExtension>
        </extensions>
      </trkpt>
      <trkpt lat="48.20475" lon="11.426194">
        <ele>500.5</ele>
        <extensions>
          <gpxtpx:TrackPointExtension>
            <gpxtpx:Extensions>
              <highway>motorway</highway>
              <surface>asphalt</surface>
              <maxspeed>unknown</maxspeed>
              <oneway>yes</oneway>
            </gpxtpx:Extensions>
          </gpxtpx:TrackPointExtension>
        </extensions>
      </trkpt>
      <trkpt lat="48.206019" lon="11.403975">
        <ele>502.25</ele>
        <extensions>
          <gpxtpx:TrackPointExtension>
            <gpxtpx:Extensions>
              <highway>motorway</highway>
              <surface>asphalt</surface>
              <maxspeed>unknown</maxspeed>
              <oneway>yes</oneway>
            </gpxtpx:Extensions>
          </gpxtpx:TrackPointExtension>
        </extensions>
      </trkpt>
      <trkpt lat="48.206044" lon="11.403541">
        <ele>502.5</ele>
        <extensions>
          <gpxtpx:TrackPointExtension>
            <gpxtpx:Extensions>
              <highway>motorway</highway>
              <surface>asphalt</surface>
              <maxspeed>unknown</maxspeed>
              <oneway>yes</oneway>
            </gpxtpx:Extensions>
          </gpxtpx:TrackPointExtension>
        </extensions>
      </trkpt>
      <trkpt lat="48.206211" lon="11.400668">
        <ele>503.75</ele>
        <extensions>
          <gpxtpx:TrackPointExtension>
            <gpxtpx:Extensions>
              <highway>motorway</highway>
              <surface>asphalt</surface>
              <maxspeed>unknown</maxspeed>
              <oneway>yes</oneway>
            </gpxtpx:Extensions>
          </gpxtpx:TrackPointExtension>
        </extensions>
      </trkpt>
      <trkpt lat="48.206242" lon="11.400267">
        <ele>503.5</ele>
        <extensions>
          <gpxtpx:TrackPointExtension>
            <gpxtpx:Extensions>
              <highway>motorway</highway>
              <surface>asphalt</surface>
              <maxspeed>unknown</maxspeed>
              <oneway>yes</oneway>
            </gpxtpx:Extensions>
          </gpxtpx:TrackPointExtension>
        </extensions>
      </trkpt>
      <trkpt lat="48.206258" lon="11.400058">
        <ele>503.5</ele>
        <extensions>
          <gpxtpx:TrackPointExtension>
            <gpxtpx:Extensions>
              <highway>motorway</highway>
              <surface>asphalt</surface>
              <maxspeed>unknown</maxspeed>
              <oneway>yes</oneway>
            </gpxtpx:Extensions>
          </gpxtpx:TrackPointExtension>
        </extensions>
      </trkpt>
      <trkpt lat="48.206346" lon="11.398929">
        <ele>502.75</ele>
        <extensions>
          <gpxtpx:TrackPointExtension>
            <gpxtpx:Extensions>
              <highway>motorway</highway>
              <surface>asphalt</surface>
              <maxspeed>unknown</maxspeed>
              <oneway>yes</oneway>
            </gpxtpx:Extensions>
          </gpxtpx:TrackPointExtension>
        </extensions>
      </trkpt>
      <trkpt lat="48.206607" lon="11.396364">
        <ele>503.5</ele>
        <extensions>
          <gpxtpx:TrackPointExtension>
            <gpxtpx:Extensions>
              <highway>motorway</highway>
              <surface>asphalt</surface>
              <maxspeed>unknown</maxspeed>
              <oneway>yes</oneway>
            </gpxtpx:Extensions>
          </gpxtpx:TrackPointExtension>
        </extensions>
      </trkpt>
      <trkpt lat="48.206675" lon="11.39583">
        <ele>502.75</ele>
        <extensions>
          <gpxtpx:TrackPointExtension>
            <gpxtpx:Extensions>
              <highway>motorway</highway>
              <surface>asphalt</surface>
              <maxspeed>unknown</maxspeed>
              <oneway>yes</oneway>
            </gpxtpx:Extensions>
          </gpxtpx:TrackPointExtension>
        </extensions>
      </trkpt>
      <trkpt lat="48.20677" lon="11.395216">
        <ele>502.5</ele>
        <extensions>
          <gpxtpx:TrackPointExtension>
            <gpxtpx:Extensions>
              <highway>motorway</highway>
              <surface>asphalt</surface>
              <maxspeed>unknown</maxspeed>
              <oneway>yes</oneway>
            </gpxtpx:Extensions>
          </gpxtpx:TrackPointExtension>
        </extensions>
      </trkpt>
      <trkpt lat="48.206937" lon="11.394444">
        <ele>503</ele>
        <extensions>
          <gpxtpx:TrackPointExtension>
            <gpxtpx:Extensions>
              <highway>motorway</highway>
              <surface>asphalt</surface>
              <maxspeed>unknown</maxspeed>
              <oneway>yes</oneway>
            </gpxtpx:Extensions>
          </gpxtpx:TrackPointExtension>
        </extensions>
      </trkpt>
      <trkpt lat="48.207129" lon="11.393767">
        <ele>503.25</ele>
        <extensions>
          <gpxtpx:TrackPointExtension>
            <gpxtpx:Extensions>
              <highway>motorway</highway>
              <surface>asphalt</surface>
              <maxspeed>unknown</maxspeed>
              <oneway>yes</oneway>
            </gpxtpx:Extensions>
          </gpxtpx:TrackPointExtension>
        </extensions>
      </trkpt>
      <trkpt lat="48.207352" lon="11.393142">
        <ele>503.5</ele>
        <extensions>
          <gpxtpx:TrackPointExtension>
            <gpxtpx:Extensions>
              <highway>motorway</highway>
              <surface>asphalt</surface>
              <maxspeed>unknown</maxspeed>
              <oneway>yes</oneway>
            </gpxtpx:Extensions>
          </gpxtpx:TrackPointExtension>
        </extensions>
      </trkpt>
      <trkpt lat="48.207602" lon="11.39257">
        <ele>503.5</ele>
        <extensions>
          <gpxtpx:TrackPointExtension>
            <gpxtpx:Extensions>
              <highway>motorway</highway>
              <surface>asphalt</surface>
              <maxspeed>unknown</maxspeed>
              <oneway>yes</oneway>
            </gpxtpx:Extensions>
          </gpxtpx:TrackPointExtension>
        </extensions>
      </trkpt>
      <trkpt lat="48.207819" lon="11.39214">
        <ele>503.25</ele>
        <extensions>
          <gpxtpx:TrackPointExtension>
            <gpxtpx:Extensions>
              <highway>motorway</highway>
              <surface>asphalt</surface>
              <maxspeed>unknown</maxspeed>
              <oneway>yes</oneway>
            </gpxtpx:Extensions>
          </gpxtpx:TrackPointExtension>
        </extensions>
      </trkpt>
      <trkpt lat="48.207962" lon="11.391758">
        <ele>503.25</ele>
        <extensions>
          <gpxtpx:TrackPointExtension>
            <gpxtpx:Extensions>
              <highway>motorway</highway>
              <surface>asphalt</surface>
              <maxspeed>unknown</maxspeed>
              <oneway>yes</oneway>
            </gpxtpx:Extensions>
          </gpxtpx:TrackPointExtension>
        </extensions>
      </trkpt>
      <trkpt lat="48.208925" lon="11.390119">
        <ele>503</ele>
        <extensions>
          <gpxtpx:TrackPointExtension>
            <gpxtpx:Extensions>
              <highway>motorway</highway>
              <surface>asphalt</surface>
              <maxspeed>unknown</maxspeed>
              <oneway>yes</oneway>
            </gpxtpx:Extensions>
          </gpxtpx:TrackPointExtension>
        </extensions>
      </trkpt>
      <trkpt lat="48.210044" lon="11.388226">
        <ele>500</ele>
        <extensions>
          <gpxtpx:TrackPointExtension>
            <gpxtpx:Extensions>
              <highway>motorway</highway>
              <surface>asphalt</surface>
              <maxspeed>unknown</maxspeed>
              <oneway>yes</oneway>
            </gpxtpx:Extensions>
          </gpxtpx:TrackPointExtension>
        </extensions>
      </trkpt>
      <trkpt lat="48.210959" lon="11.386652">
        <ele>501.75</ele>
        <extensions>
          <gpxtpx:TrackPointExtension>
            <gpxtpx:Extensions>
              <highway>motorway</highway>
              <surface>asphalt</surface>
              <maxspeed>unknown</maxspeed>
              <oneway>yes</oneway>
            </gpxtpx:Extensions>
          </gpxtpx:TrackPointExtension>
        </extensions>
      </trkpt>
      <trkpt lat="48.211642" lon="11.385528">
        <ele>501</ele>
        <extensions>
          <gpxtpx:TrackPointExtension>
            <gpxtpx:Extensions>
              <highway>motorway</highway>
              <surface>asphalt</surface>
              <maxspeed>unknown</maxspeed>
              <oneway>yes</oneway>
            </gpxtpx:Extensions>
          </gpxtpx:TrackPointExtension>
        </extensions>
      </trkpt>
      <trkpt lat="48.21348" lon="11.382392">
        <ele>499.5</ele>
        <extensions>
          <gpxtpx:TrackPointExtension>
            <gpxtpx:Extensions>
              <highway>motorway</highway>
              <surface>asphalt</surface>
              <maxspeed>unknown</maxspeed>
              <oneway>yes</oneway>
            </gpxtpx:Extensions>
          </gpxtpx:TrackPointExtension>
        </extensions>
      </trkpt>
      <trkpt lat="48.215446" lon="11.37907">
        <ele>498.25</ele>
        <extensions>
          <gpxtpx:TrackPointExtension>
            <gpxtpx:Extensions>
              <highway>motorway</highway>
              <surface>asphalt</surface>
              <maxspeed>unknown</maxspeed>
              <oneway>yes</oneway>
            </gpxtpx:Extensions>
          </gpxtpx:TrackPointExtension>
        </extensions>
      </trkpt>
      <trkpt lat="48.216316" lon="11.377613">
        <ele>496.75</ele>
        <extensions>
          <gpxtpx:TrackPointExtension>
            <gpxtpx:Extensions>
              <highway>motorway</highway>
              <surface>asphalt</surface>
              <maxspeed>unknown</maxspeed>
              <oneway>yes</oneway>
            </gpxtpx:Extensions>
          </gpxtpx:TrackPointExtension>
        </extensions>
      </trkpt>
      <trkpt lat="48.220269" lon="11.370894">
        <ele>497.75</ele>
        <extensions>
          <gpxtpx:TrackPointExtension>
            <gpxtpx:Extensions>
              <highway>motorway</highway>
              <surface>asphalt</surface>
              <maxspeed>unknown</maxspeed>
              <oneway>yes</oneway>
            </gpxtpx:Extensions>
          </gpxtpx:TrackPointExtension>
        </extensions>
      </trkpt>
      <trkpt lat="48.225417" lon="11.362139">
        <ele>497</ele>
        <extensions>
          <gpxtpx:TrackPointExtension>
            <gpxtpx:Extensions>
              <highway>motorway</highway>
              <surface>asphalt</surface>
              <maxspeed>unknown</maxspeed>
              <oneway>yes</oneway>
            </gpxtpx:Extensions>
          </gpxtpx:TrackPointExtension>
        </extensions>
      </trkpt>
      <trkpt lat="48.230365" lon="11.353749">
        <ele>496.5</ele>
        <extensions>
          <gpxtpx:TrackPointExtension>
            <gpxtpx:Extensions>
              <highway>motorway</highway>
              <surface>asphalt</surface>
              <maxspeed>unknown</maxspeed>
              <oneway>yes</oneway>
            </gpxtpx:Extensions>
          </gpxtpx:TrackPointExtension>
        </extensions>
      </trkpt>
      <trkpt lat="48.230677" lon="11.353221">
        <ele>495.75</ele>
        <extensions>
          <gpxtpx:TrackPointExtension>
            <gpxtpx:Extensions>
              <highway>motorway</highway>
              <surface>asphalt</surface>
              <maxspeed>unknown</maxspeed>
              <oneway>yes</oneway>
            </gpxtpx:Extensions>
          </gpxtpx:TrackPointExtension>
        </extensions>
      </trkpt>
      <trkpt lat="48.231329" lon="11.352143">
        <ele>494.75</ele>
        <extensions>
          <gpxtpx:TrackPointExtension>
            <gpxtpx:Extensions>
              <highway>motorway</highway>
              <surface>asphalt</surface>
              <maxspeed>unknown</maxspeed>
              <oneway>yes</oneway>
            </gpxtpx:Extensions>
          </gpxtpx:TrackPointExtension>
        </extensions>
      </trkpt>
      <trkpt lat="48.233301" lon="11.348828">
        <ele>497.25</ele>
        <extensions>
          <gpxtpx:TrackPointExtension>
            <gpxtpx:Extensions>
              <highway>motorway</highway>
              <surface>asphalt</surface>
              <maxspeed>unknown</maxspeed>
              <oneway>yes</oneway>
            </gpxtpx:Extensions>
          </gpxtpx:TrackPointExtension>
        </extensions>
      </trkpt>
      <trkpt lat="48.233796" lon="11.347981">
        <ele>496.5</ele>
        <extensions>
          <gpxtpx:TrackPointExtension>
            <gpxtpx:Extensions>
              <highway>motorway</highway>
              <surface>asphalt</surface>
              <maxspeed>unknown</maxspeed>
              <oneway>yes</oneway>
            </gpxtpx:Extensions>
          </gpxtpx:TrackPointExtension>
        </extensions>
      </trkpt>
      <trkpt lat="48.234323" lon="11.347012">
        <ele>496.25</ele>
        <extensions>
          <gpxtpx:TrackPointExtension>
            <gpxtpx:Extensions>
              <highway>motorway</highway>
              <surface>asphalt</surface>
              <maxspeed>unknown</maxspeed>
              <oneway>yes</oneway>
            </gpxtpx:Extensions>
          </gpxtpx:TrackPointExtension>
        </extensions>
      </trkpt>
      <trkpt lat="48.235136" lon="11.345685">
        <ele>497.5</ele>
        <extensions>
          <gpxtpx:TrackPointExtension>
            <gpxtpx:Extensions>
              <highway>motorway</highway>
              <surface>asphalt</surface>
              <maxspeed>unknown</maxspeed>
              <oneway>yes</oneway>
            </gpxtpx:Extensions>
          </gpxtpx:TrackPointExtension>
        </extensions>
      </trkpt>
      <trkpt lat="48.235668" lon="11.344692">
        <ele>496.75</ele>
        <extensions>
          <gpxtpx:TrackPointExtension>
            <gpxtpx:Extensions>
              <highway>motorway</highway>
              <surface>asphalt</surface>
              <maxspeed>unknown</maxspeed>
              <oneway>yes</oneway>
            </gpxtpx:Extensions>
          </gpxtpx:TrackPointExtension>
        </extensions>
      </trkpt>
      <trkpt lat="48.236209" lon="11.34371">
        <ele>495.75</ele>
        <extensions>
          <gpxtpx:TrackPointExtension>
            <gpxtpx:Extensions>
              <highway>motorway</highway>
              <surface>asphalt</surface>
              <maxspeed>unknown</maxspeed>
              <oneway>yes</oneway>
            </gpxtpx:Extensions>
          </gpxtpx:TrackPointExtension>
        </extensions>
      </trkpt>
      <trkpt lat="48.2366" lon="11.343006">
        <ele>496</ele>
        <extensions>
          <gpxtpx:TrackPointExtension>
            <gpxtpx:Extensions>
              <highway>motorway</highway>
              <surface>asphalt</surface>
              <maxspeed>unknown</maxspeed>
              <oneway>yes</oneway>
            </gpxtpx:Extensions>
          </gpxtpx:TrackPointExtension>
        </extensions>
      </trkpt>
      <trkpt lat="48.237712" lon="11.340919">
        <ele>496.5</ele>
        <extensions>
          <gpxtpx:TrackPointExtension>
            <gpxtpx:Extensions>
              <highway>motorway</highway>
              <surface>asphalt</surface>
              <maxspeed>unknown</maxspeed>
              <oneway>yes</oneway>
            </gpxtpx:Extensions>
          </gpxtpx:TrackPointExtension>
        </extensions>
      </trkpt>
      <trkpt lat="48.239967" lon="11.336488">
        <ele>497</ele>
        <extensions>
          <gpxtpx:TrackPointExtension>
            <gpxtpx:Extensions>
              <highway>motorway</highway>
              <surface>asphalt</surface>
              <maxspeed>unknown</maxspeed>
              <oneway>yes</oneway>
            </gpxtpx:Extensions>
          </gpxtpx:TrackPointExtension>
        </extensions>
      </trkpt>
      <trkpt lat="48.242515" lon="11.331198">
        <ele>494.5</ele>
        <extensions>
          <gpxtpx:TrackPointExtension>
            <gpxtpx:Extensions>
              <highway>motorway</highway>
              <surface>asphalt</surface>
              <maxspeed>unknown</maxspeed>
              <oneway>yes</oneway>
            </gpxtpx:Extensions>
          </gpxtpx:TrackPointExtension>
        </extensions>
      </trkpt>
      <trkpt lat="48.250851" lon="11.314186">
        <ele>497.75</ele>
        <extensions>
          <gpxtpx:TrackPointExtension>
            <gpxtpx:Extensions>
              <highway>motorway</highway>
              <surface>asphalt</surface>
              <maxspeed>unknown</maxspeed>
              <oneway>yes</oneway>
            </gpxtpx:Extensions>
          </gpxtpx:TrackPointExtension>
        </extensions>
      </trkpt>
      <trkpt lat="48.252754" lon="11.310279">
        <ele>502.5</ele>
        <extensions>
          <gpxtpx:TrackPointExtension>
            <gpxtpx:Extensions>
              <highway>motorway</highway>
              <surface>asphalt</surface>
              <maxspeed>unknown</maxspeed>
              <oneway>yes</oneway>
            </gpxtpx:Extensions>
          </gpxtpx:TrackPointExtension>
        </extensions>
      </trkpt>
      <trkpt lat="48.254814" lon="11.305994">
        <ele>506.75</ele>
        <extensions>
          <gpxtpx:TrackPointExtension>
            <gpxtpx:Extensions>
              <highway>motorway</highway>
              <surface>asphalt</surface>
              <maxspeed>unknown</maxspeed>
              <oneway>yes</oneway>
            </gpxtpx:Extensions>
          </gpxtpx:TrackPointExtension>
        </extensions>
      </trkpt>
      <trkpt lat="48.255349" lon="11.304911">
        <ele>507.5</ele>
        <extensions>
          <gpxtpx:TrackPointExtension>
            <gpxtpx:Extensions>
              <highway>motorway</highway>
              <surface>asphalt</surface>
              <maxspeed>unknown</maxspeed>
              <oneway>yes</oneway>
            </gpxtpx:Extensions>
          </gpxtpx:TrackPointExtension>
        </extensions>
      </trkpt>
      <trkpt lat="48.255876" lon="11.303958">
        <ele>509.5</ele>
        <extensions>
          <gpxtpx:TrackPointExtension>
            <gpxtpx:Extensions>
              <highway>motorway</highway>
              <surface>asphalt</surface>
              <maxspeed>unknown</maxspeed>
              <oneway>yes</oneway>
            </gpxtpx:Extensions>
          </gpxtpx:TrackPointExtension>
        </extensions>
      </trkpt>
      <trkpt lat="48.256386" lon="11.303108">
        <ele>510.5</ele>
        <extensions>
          <gpxtpx:TrackPointExtension>
            <gpxtpx:Extensions>
              <highway>motorway</highway>
              <surface>asphalt</surface>
              <maxspeed>unknown</maxspeed>
              <oneway>yes</oneway>
            </gpxtpx:Extensions>
          </gpxtpx:TrackPointExtension>
        </extensions>
      </trkpt>
      <trkpt lat="48.256737" lon="11.30257">
        <ele>511.25</ele>
        <extensions>
          <gpxtpx:TrackPointExtension>
            <gpxtpx:Extensions>
              <highway>motorway</highway>
              <surface>asphalt</surface>
              <maxspeed>unknown</maxspeed>
              <oneway>yes</oneway>
            </gpxtpx:Extensions>
          </gpxtpx:TrackPointExtension>
        </extensions>
      </trkpt>
      <trkpt lat="48.257697" lon="11.301237">
        <ele>508.5</ele>
        <extensions>
          <gpxtpx:TrackPointExtension>
            <gpxtpx:Extensions>
              <highway>motorway</highway>
              <surface>asphalt</surface>
              <maxspeed>unknown</maxspeed>
              <oneway>yes</oneway>
            </gpxtpx:Extensions>
          </gpxtpx:TrackPointExtension>
        </extensions>
      </trkpt>
      <trkpt lat="48.258294" lon="11.300495">
        <ele>506</ele>
        <extensions>
          <gpxtpx:TrackPointExtension>
            <gpxtpx:Extensions>
              <highway>motorway</highway>
              <surface>asphalt</surface>
              <maxspeed>unknown</maxspeed>
              <oneway>yes</oneway>
            </gpxtpx:Extensions>
          </gpxtpx:TrackPointExtension>
        </extensions>
      </trkpt>
      <trkpt lat="48.258952" lon="11.299752">
        <ele>503.5</ele>
        <extensions>
          <gpxtpx:TrackPointExtension>
            <gpxtpx:Extensions>
              <highway>motorway</highway>
              <surface>asphalt</surface>
              <maxspeed>unknown</maxspeed>
              <oneway>yes</oneway>
            </gpxtpx:Extensions>
          </gpxtpx:TrackPointExtension>
        </extensions>
      </trkpt>
      <trkpt lat="48.26002" lon="11.29865">
        <ele>503</ele>
        <extensions>
          <gpxtpx:TrackPointExtension>
            <gpxtpx:Extensions>
              <highway>motorway</highway>
              <surface>asphalt</surface>
              <maxspeed>unknown</maxspeed>
              <oneway>yes</oneway>
            </gpxtpx:Extensions>
          </gpxtpx:TrackPointExtension>
        </extensions>
      </trkpt>
      <trkpt lat="48.261445" lon="11.297138">
        <ele>505.5</ele>
        <extensions>
          <gpxtpx:TrackPointExtension>
            <gpxtpx:Extensions>
              <highway>motorway</highway>
              <surface>asphalt</surface>
              <maxspeed>unknown</maxspeed>
              <oneway>yes</oneway>
            </gpxtpx:Extensions>
          </gpxtpx:TrackPointExtension>
        </extensions>
      </trkpt>
      <trkpt lat="48.262126" lon="11.296436">
        <ele>505.25</ele>
        <extensions>
          <gpxtpx:TrackPointExtension>
            <gpxtpx:Extensions>
              <highway>motorway</highway>
              <surface>asphalt</surface>
              <maxspeed>unknown</maxspeed>
              <oneway>yes</oneway>
            </gpxtpx:Extensions>
          </gpxtpx:TrackPointExtension>
        </extensions>
      </trkpt>
      <trkpt lat="48.270687" lon="11.287504">
        <ele>515.75</ele>
        <extensions>
          <gpxtpx:TrackPointExtension>
            <gpxtpx:Extensions>
              <highway>motorway</highway>
              <surface>asphalt</surface>
              <maxspeed>unknown</maxspeed>
              <oneway>yes</oneway>
            </gpxtpx:Extensions>
          </gpxtpx:TrackPointExtension>
        </extensions>
      </trkpt>
      <trkpt lat="48.270941" lon="11.287221">
        <ele>516.75</ele>
        <extensions>
          <gpxtpx:TrackPointExtension>
            <gpxtpx:Extensions>
              <highway>motorway</highway>
              <surface>asphalt</surface>
              <maxspeed>unknown</maxspeed>
              <oneway>yes</oneway>
            </gpxtpx:Extensions>
          </gpxtpx:TrackPointExtension>
        </extensions>
      </trkpt>
      <trkpt lat="48.272402" lon="11.285668">
        <ele>521</ele>
        <extensions>
          <gpxtpx:TrackPointExtension>
            <gpxtpx:Extensions>
              <highway>motorway</highway>
              <surface>asphalt</surface>
              <maxspeed>unknown</maxspeed>
              <oneway>yes</oneway>
            </gpxtpx:Extensions>
          </gpxtpx:TrackPointExtension>
        </extensions>
      </trkpt>
      <trkpt lat="48.272795" lon="11.285212">
        <ele>521</ele>
        <extensions>
          <gpxtpx:TrackPointExtension>
            <gpxtpx:Extensions>
              <highway>motorway</highway>
              <surface>asphalt</surface>
              <maxspeed>unknown</maxspeed>
              <oneway>yes</oneway>
            </gpxtpx:Extensions>
          </gpxtpx:TrackPointExtension>
        </extensions>
      </trkpt>
      <trkpt lat="48.273258" lon="11.284637">
        <ele>520.5</ele>
        <extensions>
          <gpxtpx:TrackPointExtension>
            <gpxtpx:Extensions>
              <highway>motorway</highway>
              <surface>asphalt</surface>
              <maxspeed>unknown</maxspeed>
              <oneway>yes</oneway>
            </gpxtpx:Extensions>
          </gpxtpx:TrackPointExtension>
        </extensions>
      </trkpt>
      <trkpt lat="48.273942" lon="11.283733">
        <ele>519</ele>
        <extensions>
          <gpxtpx:TrackPointExtension>
            <gpxtpx:Extensions>
              <highway>motorway</highway>
              <surface>asphalt</surface>
              <maxspeed>unknown</maxspeed>
              <oneway>yes</oneway>
            </gpxtpx:Extensions>
          </gpxtpx:TrackPointExtension>
        </extensions>
      </trkpt>
      <trkpt lat="48.274588" lon="11.282789">
        <ele>518.75</ele>
        <extensions>
          <gpxtpx:TrackPointExtension>
            <gpxtpx:Extensions>
              <highway>motorway</highway>
              <surface>asphalt</surface>
              <maxspeed>unknown</maxspeed>
              <oneway>yes</oneway>
            </gpxtpx:Extensions>
          </gpxtpx:TrackPointExtension>
        </extensions>
      </trkpt>
      <trkpt lat="48.275233" lon="11.281745">
        <ele>519.5</ele>
        <extensions>
          <gpxtpx:TrackPointExtension>
            <gpxtpx:Extensions>
              <highway>motorway</highway>
              <surface>asphalt</surface>
              <maxspeed>unknown</maxspeed>
              <oneway>yes</oneway>
            </gpxtpx:Extensions>
          </gpxtpx:TrackPointExtension>
        </extensions>
      </trkpt>
      <trkpt lat="48.275782" lon="11.280741">
        <ele>522</ele>
        <extensions>
          <gpxtpx:TrackPointExtension>
            <gpxtpx:Extensions>
              <highway>motorway</highway>
              <surface>asphalt</surface>
              <maxspeed>unknown</maxspeed>
              <oneway>yes</oneway>
            </gpxtpx:Extensions>
          </gpxtpx:TrackPointExtension>
        </extensions>
      </trkpt>
      <trkpt lat="48.27634" lon="11.279639">
        <ele>527.75</ele>
        <extensions>
          <gpxtpx:TrackPointExtension>
            <gpxtpx:Extensions>
              <highway>motorway</highway>
              <surface>asphalt</surface>
              <maxspeed>unknown</maxspeed>
              <oneway>yes</oneway>
            </gpxtpx:Extensions>
          </gpxtpx:TrackPointExtension>
        </extensions>
      </trkpt>
      <trkpt lat="48.278879" lon="11.274208">
        <ele>527</ele>
        <extensions>
          <gpxtpx:TrackPointExtension>
            <gpxtpx:Extensions>
              <highway>motorway</highway>
              <surface>asphalt</surface>
              <maxspeed>unknown</maxspeed>
              <oneway>yes</oneway>
            </gpxtpx:Extensions>
          </gpxtpx:TrackPointExtension>
        </extensions>
      </trkpt>
      <trkpt lat="48.280202" lon="11.271369">
        <ele>532.75</ele>
        <extensions>
          <gpxtpx:TrackPointExtension>
            <gpxtpx:Extensions>
              <highway>motorway</highway>
              <surface>asphalt</surface>
              <maxspeed>unknown</maxspeed>
              <oneway>yes</oneway>
            </gpxtpx:Extensions>
          </gpxtpx:TrackPointExtension>
        </extensions>
      </trkpt>
      <trkpt lat="48.281347" lon="11.268952">
        <ele>519.5</ele>
        <extensions>
          <gpxtpx:TrackPointExtension>
            <gpxtpx:Extensions>
              <highway>motorway</highway>
              <surface>asphalt</surface>
              <maxspeed>unknown</maxspeed>
              <oneway>yes</oneway>
            </gpxtpx:Extensions>
          </gpxtpx:TrackPointExtension>
        </extensions>
      </trkpt>
      <trkpt lat="48.282323" lon="11.26687">
        <ele>508</ele>
        <extensions>
          <gpxtpx:TrackPointExtension>
            <gpxtpx:Extensions>
              <highway>motorway</highway>
              <surface>asphalt</surface>
              <maxspeed>unknown</maxspeed>
              <oneway>yes</oneway>
            </gpxtpx:Extensions>
          </gpxtpx:TrackPointExtension>
        </extensions>
      </trkpt>
      <trkpt lat="48.282893" lon="11.265675">
        <ele>504.5</ele>
        <extensions>
          <gpxtpx:TrackPointExtension>
            <gpxtpx:Extensions>
              <highway>motorway</highway>
              <surface>asphalt</surface>
              <maxspeed>unknown</maxspeed>
              <oneway>yes</oneway>
            </gpxtpx:Extensions>
          </gpxtpx:TrackPointExtension>
        </extensions>
      </trkpt>
      <trkpt lat="48.283379" lon="11.264606">
        <ele>504.25</ele>
        <extensions>
          <gpxtpx:TrackPointExtension>
            <gpxtpx:Extensions>
              <highway>motorway</highway>
              <surface>asphalt</surface>
              <maxspeed>unknown</maxspeed>
              <oneway>yes</oneway>
            </gpxtpx:Extensions>
          </gpxtpx:TrackPointExtension>
        </extensions>
      </trkpt>
      <trkpt lat="48.284082" lon="11.263083">
        <ele>502</ele>
        <extensions>
          <gpxtpx:TrackPointExtension>
            <gpxtpx:Extensions>
              <highway>motorway</highway>
              <surface>asphalt</surface>
              <maxspeed>unknown</maxspeed>
              <oneway>yes</oneway>
            </gpxtpx:Extensions>
          </gpxtpx:TrackPointExtension>
        </extensions>
      </trkpt>
      <trkpt lat="48.28497" lon="11.261183">
        <ele>501</ele>
        <extensions>
          <gpxtpx:TrackPointExtension>
            <gpxtpx:Extensions>
              <highway>motorway</highway>
              <surface>asphalt</surface>
              <maxspeed>unknown</maxspeed>
              <oneway>yes</oneway>
            </gpxtpx:Extensions>
          </gpxtpx:TrackPointExtension>
        </extensions>
      </trkpt>
      <trkpt lat="48.28609" lon="11.258721">
        <ele>498.5</ele>
        <extensions>
          <gpxtpx:TrackPointExtension>
            <gpxtpx:Extensions>
              <highway>motorway</highway>
              <surface>asphalt</surface>
              <maxspeed>unknown</maxspeed>
              <oneway>yes</oneway>
            </gpxtpx:Extensions>
          </gpxtpx:TrackPointExtension>
        </extensions>
      </trkpt>
      <trkpt lat="48.286577" lon="11.257603">
        <ele>499</ele>
        <extensions>
          <gpxtpx:TrackPointExtension>
            <gpxtpx:Extensions>
              <highway>motorway</highway>
              <surface>asphalt</surface>
              <maxspeed>unknown</maxspeed>
              <oneway>yes</oneway>
            </gpxtpx:Extensions>
          </gpxtpx:TrackPointExtension>
        </extensions>
      </trkpt>
      <trkpt lat="48.287176" lon="11.256176">
        <ele>495.25</ele>
        <extensions>
          <gpxtpx:TrackPointExtension>
            <gpxtpx:Extensions>
              <highway>motorway</highway>
              <surface>asphalt</surface>
              <maxspeed>unknown</maxspeed>
              <oneway>yes</oneway>
            </gpxtpx:Extensions>
          </gpxtpx:TrackPointExtension>
        </extensions>
      </trkpt>
      <trkpt lat="48.287303" lon="11.255872">
        <ele>495.5</ele>
        <extensions>
          <gpxtpx:TrackPointExtension>
            <gpxtpx:Extensions>
              <highway>motorway</highway>
              <surface>asphalt</surface>
              <maxspeed>unknown</maxspeed>
              <oneway>yes</oneway>
            </gpxtpx:Extensions>
          </gpxtpx:TrackPointExtension>
        </extensions>
      </trkpt>
      <trkpt lat="48.287719" lon="11.254827">
        <ele>495.25</ele>
        <extensions>
          <gpxtpx:TrackPointExtension>
            <gpxtpx:Extensions>
              <highway>motorway</highway>
              <surface>asphalt</surface>
              <maxspeed>unknown</maxspeed>
              <oneway>yes</oneway>
            </gpxtpx:Extensions>
          </gpxtpx:TrackPointExtension>
        </extensions>
      </trkpt>
      <trkpt lat="48.28824" lon="11.253443">
        <ele>496.75</ele>
        <extensions>
          <gpxtpx:TrackPointExtension>
            <gpxtpx:Extensions>
              <highway>motorway</highway>
              <surface>asphalt</surface>
              <maxspeed>unknown</maxspeed>
              <oneway>yes</oneway>
            </gpxtpx:Extensions>
          </gpxtpx:TrackPointExtension>
        </extensions>
      </trkpt>
      <trkpt lat="48.289037" lon="11.251227">
        <ele>498.5</ele>
        <extensions>
          <gpxtpx:TrackPointExtension>
            <gpxtpx:Extensions>
              <highway>motorway</highway>
              <surface>asphalt</surface>
              <maxspeed>unknown</maxspeed>
              <oneway>yes</oneway>
            </gpxtpx:Extensions>
          </gpxtpx:TrackPointExtension>
        </extensions>
      </trkpt>
      <trkpt lat="48.28982" lon="11.248905">
        <ele>502.25</ele>
        <extensions>
          <gpxtpx:TrackPointExtension>
            <gpxtpx:Extensions>
              <highway>motorway</highway>
              <surface>asphalt</surface>
              <maxspeed>unknown</maxspeed>
              <oneway>yes</oneway>
            </gpxtpx:Extensions>
          </gpxtpx:TrackPointExtension>
        </extensions>
      </trkpt>
      <trkpt lat="48.290839" lon="11.24556">
        <ele>509.5</ele>
        <extensions>
          <gpxtpx:TrackPointExtension>
            <gpxtpx:Extensions>
              <highway>motorway</highway>
              <surface>asphalt</surface>
              <maxspeed>unknown</maxspeed>
              <oneway>yes</oneway>
            </gpxtpx:Extensions>
          </gpxtpx:TrackPointExtension>
        </extensions>
      </trkpt>
      <trkpt lat="48.293708" lon="11.235907">
        <ele>498.25</ele>
        <extensions>
          <gpxtpx:TrackPointExtension>
            <gpxtpx:Extensions>
              <highway>motorway</highway>
              <surface>asphalt</surface>
              <maxspeed>unknown</maxspeed>
              <oneway>yes</oneway>
            </gpxtpx:Extensions>
          </gpxtpx:TrackPointExtension>
        </extensions>
      </trkpt>
      <trkpt lat="48.294796" lon="11.232198">
        <ele>495.5</ele>
        <extensions>
          <gpxtpx:TrackPointExtension>
            <gpxtpx:Extensions>
              <highway>motorway</highway>
              <surface>asphalt</surface>
              <maxspeed>unknown</maxspeed>
              <oneway>yes</oneway>
            </gpxtpx:Extensions>
          </gpxtpx:TrackPointExtension>
        </extensions>
      </trkpt>
      <trkpt lat="48.295279" lon="11.230655">
        <ele>491.5</ele>
        <extensions>
          <gpxtpx:TrackPointExtension>
            <gpxtpx:Extensions>
              <highway>motorway</highway>
              <surface>asphalt</surface>
              <maxspeed>unknown</maxspeed>
              <oneway>yes</oneway>
            </gpxtpx:Extensions>
          </gpxtpx:TrackPointExtension>
        </extensions>
      </trkpt>
      <trkpt lat="48.295503" lon="11.22996">
        <ele>491</ele>
        <extensions>
          <gpxtpx:TrackPointExtension>
            <gpxtpx:Extensions>
              <highway>motorway</highway>
              <surface>asphalt</surface>
              <maxspeed>unknown</maxspeed>
              <oneway>yes</oneway>
            </gpxtpx:Extensions>
          </gpxtpx:TrackPointExtension>
        </extensions>
      </trkpt>
      <trkpt lat="48.2959" lon="11.228741">
        <ele>492</ele>
        <extensions>
          <gpxtpx:TrackPointExtension>
            <gpxtpx:Extensions>
              <highway>motorway</highway>
              <surface>asphalt</surface>
              <maxspeed>unknown</maxspeed>
              <oneway>yes</oneway>
            </gpxtpx:Extensions>
          </gpxtpx:TrackPointExtension>
        </extensions>
      </trkpt>
      <trkpt lat="48.296351" lon="11.227425">
        <ele>493.5</ele>
        <extensions>
          <gpxtpx:TrackPointExtension>
            <gpxtpx:Extensions>
              <highway>motorway</highway>
              <surface>asphalt</surface>
              <maxspeed>unknown</maxspeed>
              <oneway>yes</oneway>
            </gpxtpx:Extensions>
          </gpxtpx:TrackPointExtension>
        </extensions>
      </trkpt>
      <trkpt lat="48.297007" lon="11.225701">
        <ele>495.25</ele>
        <extensions>
          <gpxtpx:TrackPointExtension>
            <gpxtpx:Extensions>
              <highway>motorway</highway>
              <surface>asphalt</surface>
              <maxspeed>unknown</maxspeed>
              <oneway>yes</oneway>
            </gpxtpx:Extensions>
          </gpxtpx:TrackPointExtension>
        </extensions>
      </trkpt>
      <trkpt lat="48.297865" lon="11.223645">
        <ele>497.75</ele>
        <extensions>
          <gpxtpx:TrackPointExtension>
            <gpxtpx:Extensions>
              <highway>motorway</highway>
              <surface>asphalt</surface>
              <maxspeed>unknown</maxspeed>
              <oneway>yes</oneway>
            </gpxtpx:Extensions>
          </gpxtpx:TrackPointExtension>
        </extensions>
      </trkpt>
      <trkpt lat="48.298051" lon="11.223254">
        <ele>497.25</ele>
        <extensions>
          <gpxtpx:TrackPointExtension>
            <gpxtpx:Extensions>
              <highway>motorway</highway>
              <surface>asphalt</surface>
              <maxspeed>unknown</maxspeed>
              <oneway>yes</oneway>
            </gpxtpx:Extensions>
          </gpxtpx:TrackPointExtension>
        </extensions>
      </trkpt>
      <trkpt lat="48.29891" lon="11.221449">
        <ele>500</ele>
        <extensions>
          <gpxtpx:TrackPointExtension>
            <gpxtpx:Extensions>
              <highway>motorway</highway>
              <surface>asphalt</surface>
              <maxspeed>unknown</maxspeed>
              <oneway>yes</oneway>
            </gpxtpx:Extensions>
          </gpxtpx:TrackPointExtension>
        </extensions>
      </trkpt>
      <trkpt lat="48.299456" lon="11.220358">
        <ele>503.5</ele>
        <extensions>
          <gpxtpx:TrackPointExtension>
            <gpxtpx:Extensions>
              <highway>motorway</highway>
              <surface>asphalt</surface>
              <maxspeed>unknown</maxspeed>
              <oneway>yes</oneway>
            </gpxtpx:Extensions>
          </gpxtpx:TrackPointExtension>
        </extensions>
      </trkpt>
      <trkpt lat="48.300016" lon="11.219314">
        <ele>505</ele>
        <extensions>
          <gpxtpx:TrackPointExtension>
            <gpxtpx:Extensions>
              <highway>motorway</highway>
              <surface>asphalt</surface>
              <maxspeed>unknown</maxspeed>
              <oneway>yes</oneway>
            </gpxtpx:Extensions>
          </gpxtpx:TrackPointExtension>
        </extensions>
      </trkpt>
      <trkpt lat="48.300953" lon="11.217696">
        <ele>506.5</ele>
        <extensions>
          <gpxtpx:TrackPointExtension>
            <gpxtpx:Extensions>
              <highway>motorway</highway>
              <surface>asphalt</surface>
              <maxspeed>unknown</maxspeed>
              <oneway>yes</oneway>
            </gpxtpx:Extensions>
          </gpxtpx:TrackPointExtension>
        </extensions>
      </trkpt>
      <trkpt lat="48.301927" lon="11.216126">
        <ele>503.25</ele>
        <extensions>
          <gpxtpx:TrackPointExtension>
            <gpxtpx:Extensions>
              <highway>motorway</highway>
              <surface>asphalt</surface>
              <maxspeed>unknown</maxspeed>
              <oneway>yes</oneway>
            </gpxtpx:Extensions>
          </gpxtpx:TrackPointExtension>
        </extensions>
      </trkpt>
      <trkpt lat="48.303635" lon="11.213558">
        <ele>500.5</ele>
        <extensions>
          <gpxtpx:TrackPointExtension>
            <gpxtpx:Extensions>
              <highway>motorway</highway>
              <surface>asphalt</surface>
              <maxspeed>unknown</maxspeed>
              <oneway>yes</oneway>
            </gpxtpx:Extensions>
          </gpxtpx:TrackPointExtension>
        </extensions>
      </trkpt>
      <trkpt lat="48.306587" lon="11.209256">
        <ele>513.5</ele>
        <extensions>
          <gpxtpx:TrackPointExtension>
            <gpxtpx:Extensions>
              <highway>motorway</highway>
              <surface>asphalt</surface>
              <maxspeed>unknown</maxspeed>
              <oneway>yes</oneway>
            </gpxtpx:Extensions>
          </gpxtpx:TrackPointExtension>
        </extensions>
      </trkpt>
      <trkpt lat="48.307803" lon="11.207483">
        <ele>512.5</ele>
        <extensions>
          <gpxtpx:TrackPointExtension>
            <gpxtpx:Extensions>
              <highway>motorway</highway>
              <surface>asphalt</surface>
              <maxspeed>unknown</maxspeed>
              <oneway>yes</oneway>
            </gpxtpx:Extensions>
          </gpxtpx:TrackPointExtension>
        </extensions>
      </trkpt>
      <trkpt lat="48.308555" lon="11.206377">
        <ele>509</ele>
        <extensions>
          <gpxtpx:TrackPointExtension>
            <gpxtpx:Extensions>
              <highway>motorway</highway>
              <surface>asphalt</surface>
              <maxspeed>unknown</maxspeed>
              <oneway>yes</oneway>
            </gpxtpx:Extensions>
          </gpxtpx:TrackPointExtension>
        </extensions>
      </trkpt>
      <trkpt lat="48.309298" lon="11.205302">
        <ele>507.75</ele>
        <extensions>
          <gpxtpx:TrackPointExtension>
            <gpxtpx:Extensions>
              <highway>motorway</highway>
              <surface>asphalt</surface>
              <maxspeed>unknown</maxspeed>
              <oneway>yes</oneway>
            </gpxtpx:Extensions>
          </gpxtpx:TrackPointExtension>
        </extensions>
      </trkpt>
      <trkpt lat="48.310719" lon="11.203216">
        <ele>501.5</ele>
        <extensions>
          <gpxtpx:TrackPointExtension>
            <gpxtpx:Extensions>
              <highway>motorway</highway>
              <surface>asphalt</surface>
              <maxspeed>unknown</maxspeed>
              <oneway>yes</oneway>
            </gpxtpx:Extensions>
          </gpxtpx:TrackPointExtension>
        </extensions>
      </trkpt>
      <trkpt lat="48.312934" lon="11.200074">
        <ele>501</ele>
        <extensions>
          <gpxtpx:TrackPointExtension>
            <gpxtpx:Extensions>
              <highway>motorway</highway>
              <surface>asphalt</surface>
              <maxspeed>unknown</maxspeed>
              <oneway>yes</oneway>
            </gpxtpx:Extensions>
          </gpxtpx:TrackPointExtension>
        </extensions>
      </trkpt>
      <trkpt lat="48.313942" lon="11.198529">
        <ele>494</ele>
        <extensions>
          <gpxtpx:TrackPointExtension>
            <gpxtpx:Extensions>
              <highway>motorway</highway>
              <surface>asphalt</surface>
              <maxspeed>unknown</maxspeed>
              <oneway>yes</oneway>
            </gpxtpx:Extensions>
          </gpxtpx:TrackPointExtension>
        </extensions>
      </trkpt>
      <trkpt lat="48.314556" lon="11.19755">
        <ele>489</ele>
        <extensions>
          <gpxtpx:TrackPointExtension>
            <gpxtpx:Extensions>
              <highway>motorway</highway>
              <surface>asphalt</surface>
              <maxspeed>unknown</maxspeed>
              <oneway>yes</oneway>
            </gpxtpx:Extensions>
          </gpxtpx:TrackPointExtension>
        </extensions>
      </trkpt>
      <trkpt lat="48.314895" lon="11.197002">
        <ele>487.75</ele>
        <extensions>
          <gpxtpx:TrackPointExtension>
            <gpxtpx:Extensions>
              <highway>motorway</highway>
              <surface>asphalt</surface>
              <maxspeed>unknown</maxspeed>
              <oneway>yes</oneway>
            </gpxtpx:Extensions>
          </gpxtpx:TrackPointExtension>
        </extensions>
      </trkpt>
      <trkpt lat="48.315622" lon="11.195778">
        <ele>486.5</ele>
        <extensions>
          <gpxtpx:TrackPointExtension>
            <gpxtpx:Extensions>
              <highway>motorway</highway>
              <surface>asphalt</surface>
              <maxspeed>unknown</maxspeed>
              <oneway>yes</oneway>
            </gpxtpx:Extensions>
          </gpxtpx:TrackPointExtension>
        </extensions>
      </trkpt>
      <trkpt lat="48.316418" lon="11.194397">
        <ele>487.75</ele>
        <extensions>
          <gpxtpx:TrackPointExtension>
            <gpxtpx:Extensions>
              <highway>motorway</highway>
              <surface>asphalt</surface>
              <maxspeed>unknown</maxspeed>
              <oneway>yes</oneway>
            </gpxtpx:Extensions>
          </gpxtpx:TrackPointExtension>
        </extensions>
      </trkpt>
      <trkpt lat="48.316772" lon="11.193769">
        <ele>489.25</ele>
        <extensions>
          <gpxtpx:TrackPointExtension>
            <gpxtpx:Extensions>
              <highway>motorway</highway>
              <surface>asphalt</surface>
              <maxspeed>unknown</maxspeed>
              <oneway>yes</oneway>
            </gpxtpx:Extensions>
          </gpxtpx:TrackPointExtension>
        </extensions>
      </trkpt>
      <trkpt lat="48.318064" lon="11.191216">
        <ele>502.25</ele>
        <extensions>
          <gpxtpx:TrackPointExtension>
            <gpxtpx:Extensions>
              <highway>motorway</highway>
              <surface>asphalt</surface>
              <maxspeed>unknown</maxspeed>
              <oneway>yes</oneway>
            </gpxtpx:Extensions>
          </gpxtpx:TrackPointExtension>
        </extensions>
      </trkpt>
      <trkpt lat="48.319534" lon="11.188164">
        <ele>510</ele>
        <extensions>
          <gpxtpx:TrackPointExtension>
            <gpxtpx:Extensions>
              <highway>motorway</highway>
              <surface>asphalt</surface>
              <maxspeed>unknown</maxspeed>
              <oneway>yes</oneway>
            </gpxtpx:Extensions>
          </gpxtpx:TrackPointExtension>
        </extensions>
      </trkpt>
      <trkpt lat="48.320435" lon="11.186243">
        <ele>510.25</ele>
        <extensions>
          <gpxtpx:TrackPointExtension>
            <gpxtpx:Extensions>
              <highway>motorway</highway>
              <surface>asphalt</surface>
              <maxspeed>unknown</maxspeed>
              <oneway>yes</oneway>
            </gpxtpx:Extensions>
          </gpxtpx:TrackPointExtension>
        </extensions>
      </trkpt>
      <trkpt lat="48.322783" lon="11.181163">
        <ele>507.25</ele>
        <extensions>
          <gpxtpx:TrackPointExtension>
            <gpxtpx:Extensions>
              <highway>motorway</highway>
              <surface>asphalt</surface>
              <maxspeed>unknown</maxspeed>
              <oneway>yes</oneway>
            </gpxtpx:Extensions>
          </gpxtpx:TrackPointExtension>
        </extensions>
      </trkpt>
      <trkpt lat="48.322861" lon="11.180999">
        <ele>506</ele>
        <extensions>
          <gpxtpx:TrackPointExtension>
            <gpxtpx:Extensions>
              <highway>motorway</highway>
              <surface>asphalt</surface>
              <maxspeed>unknown</maxspeed>
              <oneway>yes</oneway>
            </gpxtpx:Extensions>
          </gpxtpx:TrackPointExtension>
        </extensions>
      </trkpt>
      <trkpt lat="48.324898" lon="11.176693">
        <ele>505</ele>
        <extensions>
          <gpxtpx:TrackPointExtension>
            <gpxtpx:Extensions>
              <highway>motorway</highway>
              <surface>asphalt</surface>
              <maxspeed>unknown</maxspeed>
              <oneway>yes</oneway>
            </gpxtpx:Extensions>
          </gpxtpx:TrackPointExtension>
        </extensions>
      </trkpt>
      <trkpt lat="48.325869" lon="11.174612">
        <ele>500.75</ele>
        <extensions>
          <gpxtpx:TrackPointExtension>
            <gpxtpx:Extensions>
              <highway>motorway</highway>
              <surface>asphalt</surface>
              <maxspeed>unknown</maxspeed>
              <oneway>yes</oneway>
            </gpxtpx:Extensions>
          </gpxtpx:TrackPointExtension>
        </extensions>
      </trkpt>
      <trkpt lat="48.326742" lon="11.172834">
        <ele>509.25</ele>
        <extensions>
          <gpxtpx:TrackPointExtension>
            <gpxtpx:Extensions>
              <highway>motorway</highway>
              <surface>asphalt</surface>
              <maxspeed>unknown</maxspeed>
              <oneway>yes</oneway>
            </gpxtpx:Extensions>
          </gpxtpx:TrackPointExtension>
        </extensions>
      </trkpt>
      <trkpt lat="48.327834" lon="11.170783">
        <ele>523</ele>
        <extensions>
          <gpxtpx:TrackPointExtension>
            <gpxtpx:Extensions>
              <highway>motorway</highway>
              <surface>asphalt</surface>
              <maxspeed>unknown</maxspeed>
              <oneway>yes</oneway>
            </gpxtpx:Extensions>
          </gpxtpx:TrackPointExtension>
        </extensions>
      </trkpt>
      <trkpt lat="48.328853" lon="11.168913">
        <ele>522.25</ele>
        <extensions>
          <gpxtpx:TrackPointExtension>
            <gpxtpx:Extensions>
              <highway>motorway</highway>
              <surface>asphalt</surface>
              <maxspeed>unknown</maxspeed>
              <oneway>yes</oneway>
            </gpxtpx:Extensions>
          </gpxtpx:TrackPointExtension>
        </extensions>
      </trkpt>
      <trkpt lat="48.32949" lon="11.16788">
        <ele>519.5</ele>
        <extensions>
          <gpxtpx:TrackPointExtension>
            <gpxtpx:Extensions>
              <highway>motorway</highway>
              <surface>asphalt</surface>
              <maxspeed>unknown</maxspeed>
              <oneway>yes</oneway>
            </gpxtpx:Extensions>
          </gpxtpx:TrackPointExtension>
        </extensions>
      </trkpt>
      <trkpt lat="48.330165" lon="11.166895">
        <ele>516</ele>
        <extensions>
          <gpxtpx:TrackPointExtension>
            <gpxtpx:Extensions>
              <highway>motorway</highway>
              <surface>asphalt</surface>
              <maxspeed>unknown</maxspeed>
              <oneway>yes</oneway>
            </gpxtpx:Extensions>
          </gpxtpx:TrackPointExtension>
        </extensions>
      </trkpt>
      <trkpt lat="48.330665" lon="11.166204">
        <ele>513.5</ele>
        <extensions>
          <gpxtpx:TrackPointExtension>
            <gpxtpx:Extensions>
              <highway>motorway</highway>
              <surface>asphalt</surface>
              <maxspeed>unknown</maxspeed>
              <oneway>yes</oneway>
            </gpxtpx:Extensions>
          </gpxtpx:TrackPointExtension>
        </extensions>
      </trkpt>
      <trkpt lat="48.330829" lon="11.165977">
        <ele>512</ele>
        <extensions>
          <gpxtpx:TrackPointExtension>
            <gpxtpx:Extensions>
              <highway>motorway</highway>
              <surface>asphalt</surface>
              <maxspeed>unknown</maxspeed>
              <oneway>yes</oneway>
            </gpxtpx:Extensions>
          </gpxtpx:TrackPointExtension>
        </extensions>
      </trkpt>
      <trkpt lat="48.33146" lon="11.165157">
        <ele>512.75</ele>
        <extensions>
          <gpxtpx:TrackPointExtension>
            <gpxtpx:Extensions>
              <highway>motorway</highway>
              <surface>asphalt</surface>
              <maxspeed>unknown</maxspeed>
              <oneway>yes</oneway>
            </gpxtpx:Extensions>
          </gpxtpx:TrackPointExtension>
        </extensions>
      </trkpt>
      <trkpt lat="48.331963" lon="11.164566">
        <ele>518.5</ele>
        <extensions>
          <gpxtpx:TrackPointExtension>
            <gpxtpx:Extensions>
              <highway>motorway</highway>
              <surface>asphalt</surface>
              <maxspeed>unknown</maxspeed>
              <oneway>yes</oneway>
            </gpxtpx:Extensions>
          </gpxtpx:TrackPointExtension>
        </extensions>
      </trkpt>
      <trkpt lat="48.332487" lon="11.163921">
        <ele>520</ele>
        <extensions>
          <gpxtpx:TrackPointExtension>
            <gpxtpx:Extensions>
              <highway>motorway</highway>
              <surface>asphalt</surface>
              <maxspeed>unknown</maxspeed>
              <oneway>yes</oneway>
            </gpxtpx:Extensions>
          </gpxtpx:TrackPointExtension>
        </extensions>
      </trkpt>
      <trkpt lat="48.333358" lon="11.163007">
        <ele>521.75</ele>
        <extensions>
          <gpxtpx:TrackPointExtension>
            <gpxtpx:Extensions>
              <highway>motorway</highway>
              <surface>asphalt</surface>
              <maxspeed>unknown</maxspeed>
              <oneway>yes</oneway>
            </gpxtpx:Extensions>
          </gpxtpx:TrackPointExtension>
        </extensions>
      </trkpt>
      <trkpt lat="48.334859" lon="11.161648">
        <ele>527.25</ele>
        <extensions>
          <gpxtpx:TrackPointExtension>
            <gpxtpx:Extensions>
              <highway>motorway</highway>
              <surface>asphalt</surface>
              <maxspeed>unknown</maxspeed>
              <oneway>yes</oneway>
            </gpxtpx:Extensions>
          </gpxtpx:TrackPointExtension>
        </extensions>
      </trkpt>
      <trkpt lat="48.336845" lon="11.159717">
        <ele>529.5</ele>
        <extensions>
          <gpxtpx:TrackPointExtension>
            <gpxtpx:Extensions>
              <highway>motorway</highway>
              <surface>asphalt</surface>
              <maxspeed>unknown</maxspeed>
              <oneway>yes</oneway>
            </gpxtpx:Extensions>
          </gpxtpx:TrackPointExtension>
        </extensions>
      </trkpt>
      <trkpt lat="48.337671" lon="11.158859">
        <ele>528.25</ele>
        <extensions>
          <gpxtpx:TrackPointExtension>
            <gpxtpx:Extensions>
              <highway>motorway</highway>
              <surface>asphalt</surface>
              <maxspeed>unknown</maxspeed>
              <oneway>yes</oneway>
            </gpxtpx:Extensions>
          </gpxtpx:TrackPointExtension>
        </extensions>
      </trkpt>
      <trkpt lat="48.338362" lon="11.158057">
        <ele>531.5</ele>
        <extensions>
          <gpxtpx:TrackPointExtension>
            <gpxtpx:Extensions>
              <highway>motorway</highway>
              <surface>asphalt</surface>
              <maxspeed>unknown</maxspeed>
              <oneway>yes</oneway>
            </gpxtpx:Extensions>
          </gpxtpx:TrackPointExtension>
        </extensions>
      </trkpt>
      <trkpt lat="48.339094" lon="11.157131">
        <ele>534.5</ele>
        <extensions>
          <gpxtpx:TrackPointExtension>
            <gpxtpx:Extensions>
              <highway>motorway</highway>
              <surface>asphalt</surface>
              <maxspeed>unknown</maxspeed>
              <oneway>yes</oneway>
            </gpxtpx:Extensions>
          </gpxtpx:TrackPointExtension>
        </extensions>
      </trkpt>
      <trkpt lat="48.339678" lon="11.156322">
        <ele>537.25</ele>
        <extensions>
          <gpxtpx:TrackPointExtension>
            <gpxtpx:Extensions>
              <highway>motorway</highway>
              <surface>asphalt</surface>
              <maxspeed>unknown</maxspeed>
              <oneway>yes</oneway>
            </gpxtpx:Extensions>
          </gpxtpx:TrackPointExtension>
        </extensions>
      </trkpt>
      <trkpt lat="48.339956" lon="11.15592">
        <ele>536.25</ele>
        <extensions>
          <gpxtpx:TrackPointExtension>
            <gpxtpx:Extensions>
              <highway>motorway</highway>
              <surface>asphalt</surface>
              <maxspeed>unknown</maxspeed>
              <oneway>yes</oneway>
            </gpxtpx:Extensions>
          </gpxtpx:TrackPointExtension>
        </extensions>
      </trkpt>
      <trkpt lat="48.340468" lon="11.155115">
        <ele>535.5</ele>
        <extensions>
          <gpxtpx:TrackPointExtension>
            <gpxtpx:Extensions>
              <highway>motorway</highway>
              <surface>asphalt</surface>
              <maxspeed>unknown</maxspeed>
              <oneway>yes</oneway>
            </gpxtpx:Extensions>
          </gpxtpx:TrackPointExtension>
        </extensions>
      </trkpt>
      <trkpt lat="48.340774" lon="11.154612">
        <ele>536.5</ele>
        <extensions>
          <gpxtpx:TrackPointExtension>
            <gpxtpx:Extensions>
              <highway>motorway</highway>
              <surface>asphalt</surface>
              <maxspeed>unknown</maxspeed>
              <oneway>yes</oneway>
            </gpxtpx:Extensions>
          </gpxtpx:TrackPointExtension>
        </extensions>
      </trkpt>
      <trkpt lat="48.34111" lon="11.153999">
        <ele>539.5</ele>
        <extensions>
          <gpxtpx:TrackPointExtension>
            <gpxtpx:Extensions>
              <highway>motorway</highway>
              <surface>asphalt</surface>
              <maxspeed>unknown</maxspeed>
              <oneway>yes</oneway>
            </gpxtpx:Extensions>
          </gpxtpx:TrackPointExtension>
        </extensions>
      </trkpt>
      <trkpt lat="48.342196" lon="11.151833">
        <ele>540</ele>
        <extensions>
          <gpxtpx:TrackPointExtension>
            <gpxtpx:Extensions>
              <highway>motorway</highway>
              <surface>asphalt</surface>
              <maxspeed>unknown</maxspeed>
              <oneway>yes</oneway>
            </gpxtpx:Extensions>
          </gpxtpx:TrackPointExtension>
        </extensions>
      </trkpt>
      <trkpt lat="48.344229" lon="11.147459">
        <ele>536.75</ele>
        <extensions>
          <gpxtpx:TrackPointExtension>
            <gpxtpx:Extensions>
              <highway>motorway</highway>
              <surface>asphalt</surface>
              <maxspeed>unknown</maxspeed>
              <oneway>yes</oneway>
            </gpxtpx:Extensions>
          </gpxtpx:TrackPointExtension>
        </extensions>
      </trkpt>
      <trkpt lat="48.345093" lon="11.145595">
        <ele>530</ele>
        <extensions>
          <gpxtpx:TrackPointExtension>
            <gpxtpx:Extensions>
              <highway>motorway</highway>
              <surface>asphalt</surface>
              <maxspeed>unknown</maxspeed>
              <oneway>yes</oneway>
            </gpxtpx:Extensions>
          </gpxtpx:TrackPointExtension>
        </extensions>
      </trkpt>
      <trkpt lat="48.34565" lon="11.144408">
        <ele>526.25</ele>
        <extensions>
          <gpxtpx:TrackPointExtension>
            <gpxtpx:Extensions>
              <highway>motorway</highway>
              <surface>asphalt</surface>
              <maxspeed>unknown</maxspeed>
              <oneway>yes</oneway>
            </gpxtpx:Extensions>
          </gpxtpx:TrackPointExtension>
        </extensions>
      </trkpt>
      <trkpt lat="48.347266" lon="11.141162">
        <ele>498</ele>
        <extensions>
          <gpxtpx:TrackPointExtension>
            <gpxtpx:Extensions>
              <highway>motorway</highway>
              <surface>asphalt</surface>
              <maxspeed>unknown</maxspeed>
              <oneway>yes</oneway>
            </gpxtpx:Extensions>
          </gpxtpx:TrackPointExtension>
        </extensions>
      </trkpt>
      <trkpt lat="48.34775" lon="11.140207">
        <ele>500.5</ele>
        <extensions>
          <gpxtpx:TrackPointExtension>
            <gpxtpx:Extensions>
              <highway>motorway</highway>
              <surface>asphalt</surface>
              <maxspeed>unknown</maxspeed>
              <oneway>yes</oneway>
            </gpxtpx:Extensions>
          </gpxtpx:TrackPointExtension>
        </extensions>
      </trkpt>
      <trkpt lat="48.34832" lon="11.139166">
        <ele>494.75</ele>
        <extensions>
          <gpxtpx:TrackPointExtension>
            <gpxtpx:Extensions>
              <highway>motorway</highway>
              <surface>asphalt</surface>
              <maxspeed>unknown</maxspeed>
              <oneway>yes</oneway>
            </gpxtpx:Extensions>
          </gpxtpx:TrackPointExtension>
        </extensions>
      </trkpt>
      <trkpt lat="48.349027" lon="11.138081">
        <ele>494.75</ele>
        <extensions>
          <gpxtpx:TrackPointExtension>
            <gpxtpx:Extensions>
              <highway>motorway</highway>
              <surface>asphalt</surface>
              <maxspeed>unknown</maxspeed>
              <oneway>yes</oneway>
            </gpxtpx:Extensions>
          </gpxtpx:TrackPointExtension>
        </extensions>
      </trkpt>
      <trkpt lat="48.349282" lon="11.137717">
        <ele>494</ele>
        <extensions>
          <gpxtpx:TrackPointExtension>
            <gpxtpx:Extensions>
              <highway>motorway</highway>
              <surface>asphalt</surface>
              <maxspeed>unknown</maxspeed>
              <oneway>yes</oneway>
            </gpxtpx:Extensions>
          </gpxtpx:TrackPointExtension>
        </extensions>
      </trkpt>
      <trkpt lat="48.349539" lon="11.137366">
        <ele>492.25</ele>
        <extensions>
          <gpxtpx:TrackPointExtension>
            <gpxtpx:Extensions>
              <highway>motorway</highway>
              <surface>asphalt</surface>
              <maxspeed>unknown</maxspeed>
              <oneway>yes</oneway>
            </gpxtpx:Extensions>
          </gpxtpx:TrackPointExtension>
        </extensions>
      </trkpt>
      <trkpt lat="48.350608" lon="11.135983">
        <ele>490</ele>
        <extensions>
          <gpxtpx:TrackPointExtension>
            <gpxtpx:Extensions>
              <highway>motorway</highway>
              <surface>asphalt</surface>
              <maxspeed>unknown</maxspeed>
              <oneway>yes</oneway>
            </gpxtpx:Extensions>
          </gpxtpx:TrackPointExtension>
        </extensions>
      </trkpt>
      <trkpt lat="48.351678" lon="11.134799">
        <ele>490.75</ele>
        <extensions>
          <gpxtpx:TrackPointExtension>
            <gpxtpx:Extensions>
              <highway>motorway</highway>
              <surface>asphalt</surface>
              <maxspeed>unknown</maxspeed>
              <oneway>yes</oneway>
            </gpxtpx:Extensions>
          </gpxtpx:TrackPointExtension>
        </extensions>
      </trkpt>
      <trkpt lat="48.35249" lon="11.134021">
        <ele>488</ele>
        <extensions>
          <gpxtpx:TrackPointExtension>
            <gpxtpx:Extensions>
              <highway>motorway</highway>
              <surface>asphalt</surface>
              <maxspeed>unknown</maxspeed>
              <oneway>yes</oneway>
            </gpxtpx:Extensions>
          </gpxtpx:TrackPointExtension>
        </extensions>
      </trkpt>
      <trkpt lat="48.35414" lon="11.13262">
        <ele>482.5</ele>
        <extensions>
          <gpxtpx:TrackPointExtension>
            <gpxtpx:Extensions>
              <highway>motorway</highway>
              <surface>asphalt</surface>
              <maxspeed>unknown</maxspeed>
              <oneway>yes</oneway>
            </gpxtpx:Extensions>
          </gpxtpx:TrackPointExtension>
        </extensions>
      </trkpt>
      <trkpt lat="48.355839" lon="11.131261">
        <ele>490.25</ele>
        <extensions>
          <gpxtpx:TrackPointExtension>
            <gpxtpx:Extensions>
              <highway>motorway</highway>
              <surface>asphalt</surface>
              <maxspeed>unknown</maxspeed>
              <oneway>yes</oneway>
            </gpxtpx:Extensions>
          </gpxtpx:TrackPointExtension>
        </extensions>
      </trkpt>
      <trkpt lat="48.355948" lon="11.131164">
        <ele>490.25</ele>
        <extensions>
          <gpxtpx:TrackPointExtension>
            <gpxtpx:Extensions>
              <highway>motorway</highway>
              <surface>asphalt</surface>
              <maxspeed>unknown</maxspeed>
              <oneway>yes</oneway>
            </gpxtpx:Extensions>
          </gpxtpx:TrackPointExtension>
        </extensions>
      </trkpt>
      <trkpt lat="48.357747" lon="11.129706">
        <ele>497</ele>
        <extensions>
          <gpxtpx:TrackPointExtension>
            <gpxtpx:Extensions>
              <highway>motorway</highway>
              <surface>asphalt</surface>
              <maxspeed>unknown</maxspeed>
              <oneway>yes</oneway>
            </gpxtpx:Extensions>
          </gpxtpx:TrackPointExtension>
        </extensions>
      </trkpt>
      <trkpt lat="48.358498" lon="11.129013">
        <ele>498.5</ele>
        <extensions>
          <gpxtpx:TrackPointExtension>
            <gpxtpx:Extensions>
              <highway>motorway</highway>
              <surface>asphalt</surface>
              <maxspeed>unknown</maxspeed>
              <oneway>yes</oneway>
            </gpxtpx:Extensions>
          </gpxtpx:TrackPointExtension>
        </extensions>
      </trkpt>
      <trkpt lat="48.359612" lon="11.127929">
        <ele>499.25</ele>
        <extensions>
          <gpxtpx:TrackPointExtension>
            <gpxtpx:Extensions>
              <highway>motorway</highway>
              <surface>asphalt</surface>
              <maxspeed>unknown</maxspeed>
              <oneway>yes</oneway>
            </gpxtpx:Extensions>
          </gpxtpx:TrackPointExtension>
        </extensions>
      </trkpt>
      <trkpt lat="48.360392" lon="11.127105">
        <ele>503.25</ele>
        <extensions>
          <gpxtpx:TrackPointExtension>
            <gpxtpx:Extensions>
              <highway>motorway</highway>
              <surface>asphalt</surface>
              <maxspeed>unknown</maxspeed>
              <oneway>yes</oneway>
            </gpxtpx:Extensions>
          </gpxtpx:TrackPointExtension>
        </extensions>
      </trkpt>
      <trkpt lat="48.36114" lon="11.126219">
        <ele>509.25</ele>
        <extensions>
          <gpxtpx:TrackPointExtension>
            <gpxtpx:Extensions>
              <highway>motorway</highway>
              <surface>asphalt</surface>
              <maxspeed>unknown</maxspeed>
              <oneway>yes</oneway>
            </gpxtpx:Extensions>
          </gpxtpx:TrackPointExtension>
        </extensions>
      </trkpt>
      <trkpt lat="48.361841" lon="11.125291">
        <ele>511.5</ele>
        <extensions>
          <gpxtpx:TrackPointExtension>
            <gpxtpx:Extensions>
              <highway>motorway</highway>
              <surface>asphalt</surface>
              <maxspeed>unknown</maxspeed>
              <oneway>yes</oneway>
            </gpxtpx:Extensions>
          </gpxtpx:TrackPointExtension>
        </extensions>
      </trkpt>
      <trkpt lat="48.362488" lon="11.124418">
        <ele>512</ele>
        <extensions>
          <gpxtpx:TrackPointExtension>
            <gpxtpx:Extensions>
              <highway>motorway</highway>
              <surface>asphalt</surface>
              <maxspeed>unknown</maxspeed>
              <oneway>yes</oneway>
            </gpxtpx:Extensions>
          </gpxtpx:TrackPointExtension>
        </extensions>
      </trkpt>
      <trkpt lat="48.362981" lon="11.123632">
        <ele>516.75</ele>
        <extensions>
          <gpxtpx:TrackPointExtension>
            <gpxtpx:Extensions>
              <highway>motorway</highway>
              <surface>asphalt</surface>
              <maxspeed>unknown</maxspeed>
              <oneway>yes</oneway>
            </gpxtpx:Extensions>
          </gpxtpx:TrackPointExtension>
        </extensions>
      </trkpt>
      <trkpt lat="48.363485" lon="11.122772">
        <ele>521</ele>
        <extensions>
          <gpxtpx:TrackPointExtension>
            <gpxtpx:Extensions>
              <highway>motorway</highway>
              <surface>asphalt</surface>
              <maxspeed>unknown</maxspeed>
              <oneway>yes</oneway>
            </gpxtpx:Extensions>
          </gpxtpx:TrackPointExtension>
        </extensions>
      </trkpt>
      <trkpt lat="48.363985" lon="11.121824">
        <ele>524.25</ele>
        <extensions>
          <gpxtpx:TrackPointExtension>
            <gpxtpx:Extensions>
              <highway>motorway</highway>
              <surface>asphalt</surface>
              <maxspeed>unknown</maxspeed>
              <oneway>yes</oneway>
            </gpxtpx:Extensions>
          </gpxtpx:TrackPointExtension>
        </extensions>
      </trkpt>
      <trkpt lat="48.364428" lon="11.120928">
        <ele>530.5</ele>
        <extensions>
          <gpxtpx:TrackPointExtension>
            <gpxtpx:Extensions>
              <highway>motorway</highway>
              <surface>asphalt</surface>
              <maxspeed>unknown</maxspeed>
              <oneway>yes</oneway>
            </gpxtpx:Extensions>
          </gpxtpx:TrackPointExtension>
        </extensions>
      </trkpt>
      <trkpt lat="48.364862" lon="11.120006">
        <ele>541.25</ele>
        <extensions>
          <gpxtpx:TrackPointExtension>
            <gpxtpx:Extensions>
              <highway>motorway</highway>
              <surface>asphalt</surface>
              <maxspeed>unknown</maxspeed>
              <oneway>yes</oneway>
            </gpxtpx:Extensions>
          </gpxtpx:TrackPointExtension>
        </extensions>
      </trkpt>
      <trkpt lat="48.365387" lon="11.118738">
        <ele>546.25</ele>
        <extensions>
          <gpxtpx:TrackPointExtension>
            <gpxtpx:Extensions>
              <highway>motorway</highway>
              <surface>asphalt</surface>
              <maxspeed>unknown</maxspeed>
              <oneway>yes</oneway>
            </gpxtpx:Extensions>
          </gpxtpx:TrackPointExtension>
        </extensions>
      </trkpt>
      <trkpt lat="48.365892" lon="11.117375">
        <ele>542.5</ele>
        <extensions>
          <gpxtpx:TrackPointExtension>
            <gpxtpx:Extensions>
              <highway>motorway</highway>
              <surface>asphalt</surface>
              <maxspeed>unknown</maxspeed>
              <oneway>yes</oneway>
            </gpxtpx:Extensions>
          </gpxtpx:TrackPointExtension>
        </extensions>
      </trkpt>
      <trkpt lat="48.366381" lon="11.11585">
        <ele>540.5</ele>
        <extensions>
          <gpxtpx:TrackPointExtension>
            <gpxtpx:Extensions>
              <highway>motorway</highway>
              <surface>asphalt</surface>
              <maxspeed>unknown</maxspeed>
              <oneway>yes</oneway>
            </gpxtpx:Extensions>
          </gpxtpx:TrackPointExtension>
        </extensions>
      </trkpt>
      <trkpt lat="48.366788" lon="11.114417">
        <ele>537</ele>
        <extensions>
          <gpxtpx:TrackPointExtension>
            <gpxtpx:Extensions>
              <highway>motorway</highway>
              <surface>asphalt</surface>
              <maxspeed>unknown</maxspeed>
              <oneway>yes</oneway>
            </gpxtpx:Extensions>
          </gpxtpx:TrackPointExtension>
        </extensions>
      </trkpt>
      <trkpt lat="48.367971" lon="11.109508">
        <ele>536.25</ele>
        <extensions>
          <gpxtpx:TrackPointExtension>
            <gpxtpx:Extensions>
              <highway>motorway</highway>
              <surface>asphalt</surface>
              <maxspeed>unknown</maxspeed>
              <oneway>yes</oneway>
            </gpxtpx:Extensions>
          </gpxtpx:TrackPointExtension>
        </extensions>
      </trkpt>
      <trkpt lat="48.368274" lon="11.108345">
        <ele>538.75</ele>
        <extensions>
          <gpxtpx:TrackPointExtension>
            <gpxtpx:Extensions>
              <highway>motorway</highway>
              <surface>asphalt</surface>
              <maxspeed>unknown</maxspeed>
              <oneway>yes</oneway>
            </gpxtpx:Extensions>
          </gpxtpx:TrackPointExtension>
        </extensions>
      </trkpt>
      <trkpt lat="48.368692" lon="11.106893">
        <ele>543.75</ele>
        <extensions>
          <gpxtpx:TrackPointExtension>
            <gpxtpx:Extensions>
              <highway>motorway</highway>
              <surface>asphalt</surface>
              <maxspeed>unknown</maxspeed>
              <oneway>yes</oneway>
            </gpxtpx:Extensions>
          </gpxtpx:TrackPointExtension>
        </extensions>
      </trkpt>
      <trkpt lat="48.36919" lon="11.105542">
        <ele>536</ele>
        <extensions>
          <gpxtpx:TrackPointExtension>
            <gpxtpx:Extensions>
              <highway>motorway</highway>
              <surface>asphalt</surface>
              <maxspeed>unknown</maxspeed>
              <oneway>yes</oneway>
            </gpxtpx:Extensions>
          </gpxtpx:TrackPointExtension>
        </extensions>
      </trkpt>
      <trkpt lat="48.369627" lon="11.10442">
        <ele>526.5</ele>
        <extensions>
          <gpxtpx:TrackPointExtension>
            <gpxtpx:Extensions>
              <highway>motorway</highway>
              <surface>asphalt</surface>
              <maxspeed>unknown</maxspeed>
              <oneway>yes</oneway>
            </gpxtpx:Extensions>
          </gpxtpx:TrackPointExtension>
        </extensions>
      </trkpt>
      <trkpt lat="48.370032" lon="11.103477">
        <ele>520.25</ele>
        <extensions>
          <gpxtpx:TrackPointExtension>
            <gpxtpx:Extensions>
              <highway>motorway</highway>
              <surface>asphalt</surface>
              <maxspeed>unknown</maxspeed>
              <oneway>yes</oneway>
            </gpxtpx:Extensions>
          </gpxtpx:TrackPointExtension>
        </extensions>
      </trkpt>
      <trkpt lat="48.370451" lon="11.102627">
        <ele>520.25</ele>
        <extensions>
          <gpxtpx:TrackPointExtension>
            <gpxtpx:Extensions>
              <highway>motorway</highway>
              <surface>asphalt</surface>
              <maxspeed>unknown</maxspeed>
              <oneway>yes</oneway>
            </gpxtpx:Extensions>
          </gpxtpx:TrackPointExtension>
        </extensions>
      </trkpt>
      <trkpt lat="48.370969" lon="11.101672">
        <ele>518.25</ele>
        <extensions>
          <gpxtpx:TrackPointExtension>
            <gpxtpx:Extensions>
              <highway>motorway</highway>
              <surface>asphalt</surface>
              <maxspeed>unknown</maxspeed>
              <oneway>yes</oneway>
            </gpxtpx:Extensions>
          </gpxtpx:TrackPointExtension>
        </extensions>
      </trkpt>
      <trkpt lat="48.371533" lon="11.100672">
        <ele>518.75</ele>
        <extensions>
          <gpxtpx:TrackPointExtension>
            <gpxtpx:Extensions>
              <highway>motorway</highway>
              <surface>asphalt</surface>
              <maxspeed>unknown</maxspeed>
              <oneway>yes</oneway>
            </gpxtpx:Extensions>
          </gpxtpx:TrackPointExtension>
        </extensions>
      </trkpt>
      <trkpt lat="48.373364" lon="11.097705">
        <ele>510</ele>
        <extensions>
          <gpxtpx:TrackPointExtension>
            <gpxtpx:Extensions>
              <highway>motorway</highway>
              <surface>asphalt</surface>
              <maxspeed>unknown</maxspeed>
              <oneway>yes</oneway>
            </gpxtpx:Extensions>
          </gpxtpx:TrackPointExtension>
        </extensions>
      </trkpt>
      <trkpt lat="48.375072" lon="11.095033">
        <ele>516.5</ele>
        <extensions>
          <gpxtpx:TrackPointExtension>
            <gpxtpx:Extensions>
              <highway>motorway</highway>
              <surface>asphalt</surface>
              <maxspeed>unknown</maxspeed>
              <oneway>yes</oneway>
            </gpxtpx:Extensions>
          </gpxtpx:TrackPointExtension>
        </extensions>
      </trkpt>
      <trkpt lat="48.375432" lon="11.09447">
        <ele>514.5</ele>
        <extensions>
          <gpxtpx:TrackPointExtension>
            <gpxtpx:Extensions>
              <highway>motorway</highway>
              <surface>asphalt</surface>
              <maxspeed>unknown</maxspeed>
              <oneway>yes</oneway>
            </gpxtpx:Extensions>
          </gpxtpx:TrackPointExtension>
        </extensions>
      </trkpt>
      <trkpt lat="48.376054" lon="11.093496">
        <ele>513.5</ele>
        <extensions>
          <gpxtpx:TrackPointExtension>
            <gpxtpx:Extensions>
              <highway>motorway</highway>
              <surface>asphalt</surface>
              <maxspeed>unknown</maxspeed>
              <oneway>yes</oneway>
            </gpxtpx:Extensions>
          </gpxtpx:TrackPointExtension>
        </extensions>
      </trkpt>
      <trkpt lat="48.378381" lon="11.089886">
        <ele>508</ele>
        <extensions>
          <gpxtpx:TrackPointExtension>
            <gpxtpx:Extensions>
              <highway>motorway</highway>
              <surface>asphalt</surface>
              <maxspeed>unknown</maxspeed>
              <oneway>yes</oneway>
            </gpxtpx:Extensions>
          </gpxtpx:TrackPointExtension>
        </extensions>
      </trkpt>
      <trkpt lat="48.379865" lon="11.087448">
        <ele>497.25</ele>
        <extensions>
          <gpxtpx:TrackPointExtension>
            <gpxtpx:Extensions>
              <highway>motorway</highway>
              <surface>asphalt</surface>
              <maxspeed>unknown</maxspeed>
              <oneway>yes</oneway>
            </gpxtpx:Extensions>
          </gpxtpx:TrackPointExtension>
        </extensions>
      </trkpt>
      <trkpt lat="48.380978" lon="11.085736">
        <ele>493.25</ele>
        <extensions>
          <gpxtpx:TrackPointExtension>
            <gpxtpx:Extensions>
              <highway>motorway</highway>
              <surface>asphalt</surface>
              <maxspeed>unknown</maxspeed>
              <oneway>yes</oneway>
            </gpxtpx:Extensions>
          </gpxtpx:TrackPointExtension>
        </extensions>
      </trkpt>
      <trkpt lat="48.382132" lon="11.083997">
        <ele>492.25</ele>
        <extensions>
          <gpxtpx:TrackPointExtension>
            <gpxtpx:Extensions>
              <highway>motorway</highway>
              <surface>asphalt</surface>
              <maxspeed>unknown</maxspeed>
              <oneway>yes</oneway>
            </gpxtpx:Extensions>
          </gpxtpx:TrackPointExtension>
        </extensions>
      </trkpt>
      <trkpt lat="48.385338" lon="11.079301">
        <ele>493.25</ele>
        <extensions>
          <gpxtpx:TrackPointExtension>
            <gpxtpx:Extensions>
              <highway>motorway</highway>
              <surface>asphalt</surface>
              <maxspeed>unknown</maxspeed>
              <oneway>yes</oneway>
            </gpxtpx:Extensions>
          </gpxtpx:TrackPointExtension>
        </extensions>
      </trkpt>
      <trkpt lat="48.388044" lon="11.075318">
        <ele>482.5</ele>
        <extensions>
          <gpxtpx:TrackPointExtension>
            <gpxtpx:Extensions>
              <highway>motorway</highway>
              <surface>asphalt</surface>
              <maxspeed>unknown</maxspeed>
              <oneway>yes</oneway>
            </gpxtpx:Extensions>
          </gpxtpx:TrackPointExtension>
        </extensions>
      </trkpt>
      <trkpt lat="48.388335" lon="11.074875">
        <ele>481.75</ele>
        <extensions>
          <gpxtpx:TrackPointExtension>
            <gpxtpx:Extensions>
              <highway>motorway</highway>
              <surface>asphalt</surface>
              <maxspeed>unknown</maxspeed>
              <oneway>yes</oneway>
            </gpxtpx:Extensions>
          </gpxtpx:TrackPointExtension>
        </extensions>
      </trkpt>
      <trkpt lat="48.38957" lon="11.073115">
        <ele>474.75</ele>
        <extensions>
          <gpxtpx:TrackPointExtension>
            <gpxtpx:Extensions>
              <highway>motorway</highway>
              <surface>asphalt</surface>
              <maxspeed>unknown</maxspeed>
              <oneway>yes</oneway>
            </gpxtpx:Extensions>
          </gpxtpx:TrackPointExtension>
        </extensions>
      </trkpt>
      <trkpt lat="48.390428" lon="11.071801">
        <ele>472.75</ele>
        <extensions>
          <gpxtpx:TrackPointExtension>
            <gpxtpx:Extensions>
              <highway>motorway</highway>
              <surface>asphalt</surface>
              <maxspeed>unknown</maxspeed>
              <oneway>yes</oneway>
            </gpxtpx:Extensions>
          </gpxtpx:TrackPointExtension>
        </extensions>
      </trkpt>
      <trkpt lat="48.391691" lon="11.069794">
        <ele>471.25</ele>
        <extensions>
          <gpxtpx:TrackPointExtension>
            <gpxtpx:Extensions>
              <highway>motorway</highway>
              <surface>asphalt</surface>
              <maxspeed>unknown</maxspeed>
              <oneway>yes</oneway>
            </gpxtpx:Extensions>
          </gpxtpx:TrackPointExtension>
        </extensions>
      </trkpt>
      <trkpt lat="48.392286" lon="11.06877">
        <ele>471.75</ele>
        <extensions>
          <gpxtpx:TrackPointExtension>
            <gpxtpx:Extensions>
              <highway>motorway</highway>
              <surface>asphalt</surface>
              <maxspeed>unknown</maxspeed>
              <oneway>yes</oneway>
            </gpxtpx:Extensions>
          </gpxtpx:TrackPointExtension>
        </extensions>
      </trkpt>
      <trkpt lat="48.392609" lon="11.068179">
        <ele>472.5</ele>
        <extensions>
          <gpxtpx:TrackPointExtension>
            <gpxtpx:Extensions>
              <highway>motorway</highway>
              <surface>asphalt</surface>
              <maxspeed>unknown</maxspeed>
              <oneway>yes</oneway>
            </gpxtpx:Extensions>
          </gpxtpx:TrackPointExtension>
        </extensions>
      </trkpt>
      <trkpt lat="48.393176" lon="11.067066">
        <ele>473.5</ele>
        <extensions>
          <gpxtpx:TrackPointExtension>
            <gpxtpx:Extensions>
              <highway>motorway</highway>
              <surface>asphalt</surface>
              <maxspeed>unknown</maxspeed>
              <oneway>yes</oneway>
            </gpxtpx:Extensions>
          </gpxtpx:TrackPointExtension>
        </extensions>
      </trkpt>
      <trkpt lat="48.393468" lon="11.066446">
        <ele>471.5</ele>
        <extensions>
          <gpxtpx:TrackPointExtension>
            <gpxtpx:Extensions>
              <highway>motorway</highway>
              <surface>asphalt</surface>
              <maxspeed>unknown</maxspeed>
              <oneway>yes</oneway>
            </gpxtpx:Extensions>
          </gpxtpx:TrackPointExtension>
        </extensions>
      </trkpt>
      <trkpt lat="48.393869" lon="11.065547">
        <ele>469</ele>
        <extensions>
          <gpxtpx:TrackPointExtension>
            <gpxtpx:Extensions>
              <highway>motorway</highway>
              <surface>asphalt</surface>
              <maxspeed>unknown</maxspeed>
              <oneway>yes</oneway>
            </gpxtpx:Extensions>
          </gpxtpx:TrackPointExtension>
        </extensions>
      </trkpt>
      <trkpt lat="48.394333" lon="11.064393">
        <ele>466.5</ele>
        <extensions>
          <gpxtpx:TrackPointExtension>
            <gpxtpx:Extensions>
              <highway>motorway</highway>
              <surface>asphalt</surface>
              <maxspeed>unknown</maxspeed>
              <oneway>yes</oneway>
            </gpxtpx:Extensions>
          </gpxtpx:TrackPointExtension>
        </extensions>
      </trkpt>
      <trkpt lat="48.394875" lon="11.062833">
        <ele>462.5</ele>
        <extensions>
          <gpxtpx:TrackPointExtension>
            <gpxtpx:Extensions>
              <highway>motorway</highway>
              <surface>asphalt</surface>
              <maxspeed>unknown</maxspeed>
              <oneway>yes</oneway>
            </gpxtpx:Extensions>
          </gpxtpx:TrackPointExtension>
        </extensions>
      </trkpt>
      <trkpt lat="48.395194" lon="11.061796">
        <ele>463.25</ele>
        <extensions>
          <gpxtpx:TrackPointExtension>
            <gpxtpx:Extensions>
              <highway>motorway</highway>
              <surface>asphalt</surface>
              <maxspeed>unknown</maxspeed>
              <oneway>yes</oneway>
            </gpxtpx:Extensions>
          </gpxtpx:TrackPointExtension>
        </extensions>
      </trkpt>
      <trkpt lat="48.395393" lon="11.061086">
        <ele>463.25</ele>
        <extensions>
          <gpxtpx:TrackPointExtension>
            <gpxtpx:Extensions>
              <highway>motorway</highway>
              <surface>asphalt</surface>
              <maxspeed>unknown</maxspeed>
              <oneway>yes</oneway>
            </gpxtpx:Extensions>
          </gpxtpx:TrackPointExtension>
        </extensions>
      </trkpt>
      <trkpt lat="48.395536" lon="11.060521">
        <ele>463.75</ele>
        <extensions>
          <gpxtpx:TrackPointExtension>
            <gpxtpx:Extensions>
              <highway>motorway</highway>
              <surface>asphalt</surface>
              <maxspeed>unknown</maxspeed>
              <oneway>yes</oneway>
            </gpxtpx:Extensions>
          </gpxtpx:TrackPointExtension>
        </extensions>
      </trkpt>
      <trkpt lat="48.395671" lon="11.059963">
        <ele>464.75</ele>
        <extensions>
          <gpxtpx:TrackPointExtension>
            <gpxtpx:Extensions>
              <highway>motorway</highway>
              <surface>asphalt</surface>
              <maxspeed>unknown</maxspeed>
              <oneway>yes</oneway>
            </gpxtpx:Extensions>
          </gpxtpx:TrackPointExtension>
        </extensions>
      </trkpt>
      <trkpt lat="48.395907" lon="11.058855">
        <ele>465.25</ele>
        <extensions>
          <gpxtpx:TrackPointExtension>
            <gpxtpx:Extensions>
              <highway>motorway</highway>
              <surface>asphalt</surface>
              <maxspeed>unknown</maxspeed>
              <oneway>yes</oneway>
            </gpxtpx:Extensions>
          </gpxtpx:TrackPointExtension>
        </extensions>
      </trkpt>
      <trkpt lat="48.396099" lon="11.05782">
        <ele>466.25</ele>
        <extensions>
          <gpxtpx:TrackPointExtension>
            <gpxtpx:Extensions>
              <highway>motorway</highway>
              <surface>asphalt</surface>
              <maxspeed>unknown</maxspeed>
              <oneway>yes</oneway>
            </gpxtpx:Extensions>
          </gpxtpx:TrackPointExtension>
        </extensions>
      </trkpt>
      <trkpt lat="48.396234" lon="11.057027">
        <ele>471</ele>
        <extensions>
          <gpxtpx:TrackPointExtension>
            <gpxtpx:Extensions>
              <highway>motorway</highway>
              <surface>asphalt</surface>
              <maxspeed>unknown</maxspeed>
              <oneway>yes</oneway>
            </gpxtpx:Extensions>
          </gpxtpx:TrackPointExtension>
        </extensions>
      </trkpt>
      <trkpt lat="48.396337" lon="11.05631">
        <ele>475.75</ele>
        <extensions>
          <gpxtpx:TrackPointExtension>
            <gpxtpx:Extensions>
              <highway>motorway</highway>
              <surface>asphalt</surface>
              <maxspeed>unknown</maxspeed>
              <oneway>yes</oneway>
            </gpxtpx:Extensions>
          </gpxtpx:TrackPointExtension>
        </extensions>
      </trkpt>
      <trkpt lat="48.396421" lon="11.055605">
        <ele>479</ele>
        <extensions>
          <gpxtpx:TrackPointExtension>
            <gpxtpx:Extensions>
              <highway>motorway</highway>
              <surface>asphalt</surface>
              <maxspeed>unknown</maxspeed>
              <oneway>yes</oneway>
            </gpxtpx:Extensions>
          </gpxtpx:TrackPointExtension>
        </extensions>
      </trkpt>
      <trkpt lat="48.396513" lon="11.054713">
        <ele>481</ele>
        <extensions>
          <gpxtpx:TrackPointExtension>
            <gpxtpx:Extensions>
              <highway>motorway</highway>
              <surface>asphalt</surface>
              <maxspeed>unknown</maxspeed>
              <oneway>yes</oneway>
            </gpxtpx:Extensions>
          </gpxtpx:TrackPointExtension>
        </extensions>
      </trkpt>
      <trkpt lat="48.396576" lon="11.053977">
        <ele>480.75</ele>
        <extensions>
          <gpxtpx:TrackPointExtension>
            <gpxtpx:Extensions>
              <highway>motorway</highway>
              <surface>asphalt</surface>
              <maxspeed>unknown</maxspeed>
              <oneway>yes</oneway>
            </gpxtpx:Extensions>
          </gpxtpx:TrackPointExtension>
        </extensions>
      </trkpt>
      <trkpt lat="48.396614" lon="11.05334">
        <ele>480.25</ele>
        <extensions>
          <gpxtpx:TrackPointExtension>
            <gpxtpx:Extensions>
              <highway>motorway</highway>
              <surface>asphalt</surface>
              <maxspeed>unknown</maxspeed>
              <oneway>yes</oneway>
            </gpxtpx:Extensions>
          </gpxtpx:TrackPointExtension>
        </extensions>
      </trkpt>
      <trkpt lat="48.396652" lon="11.052439">
        <ele>482.5</ele>
        <extensions>
          <gpxtpx:TrackPointExtension>
            <gpxtpx:Extensions>
              <highway>motorway</highway>
              <surface>asphalt</surface>
              <maxspeed>unknown</maxspeed>
              <oneway>yes</oneway>
            </gpxtpx:Extensions>
          </gpxtpx:TrackPointExtension>
        </extensions>
      </trkpt>
      <trkpt lat="48.396679" lon="11.051624">
        <ele>480.75</ele>
        <extensions>
          <gpxtpx:TrackPointExtension>
            <gpxtpx:Extensions>
              <highway>motorway</highway>
              <surface>asphalt</surface>
              <maxspeed>unknown</maxspeed>
              <oneway>yes</oneway>
            </gpxtpx:Extensions>
          </gpxtpx:TrackPointExtension>
        </extensions>
      </trkpt>
      <trkpt lat="48.396683" lon="11.050908">
        <ele>479.25</ele>
        <extensions>
          <gpxtpx:TrackPointExtension>
            <gpxtpx:Extensions>
              <highway>motorway</highway>
              <surface>asphalt</surface>
              <maxspeed>unknown</maxspeed>
              <oneway>yes</oneway>
            </gpxtpx:Extensions>
          </gpxtpx:TrackPointExtension>
        </extensions>
      </trkpt>
      <trkpt lat="48.396667" lon="11.049942">
        <ele>477.75</ele>
        <extensions>
          <gpxtpx:TrackPointExtension>
            <gpxtpx:Extensions>
              <highway>motorway</highway>
              <surface>asphalt</surface>
              <maxspeed>unknown</maxspeed>
              <oneway>yes</oneway>
            </gpxtpx:Extensions>
          </gpxtpx:TrackPointExtension>
        </extensions>
      </trkpt>
      <trkpt lat="48.396638" lon="11.049008">
        <ele>475.75</ele>
        <extensions>
          <gpxtpx:TrackPointExtension>
            <gpxtpx:Extensions>
              <highway>motorway</highway>
              <surface>asphalt</surface>
              <maxspeed>unknown</maxspeed>
              <oneway>yes</oneway>
            </gpxtpx:Extensions>
          </gpxtpx:TrackPointExtension>
        </extensions>
      </trkpt>
      <trkpt lat="48.396579" lon="11.047776">
        <ele>475.75</ele>
        <extensions>
          <gpxtpx:TrackPointExtension>
            <gpxtpx:Extensions>
              <highway>motorway</highway>
              <surface>asphalt</surface>
              <maxspeed>unknown</maxspeed>
              <oneway>yes</oneway>
            </gpxtpx:Extensions>
          </gpxtpx:TrackPointExtension>
        </extensions>
      </trkpt>
      <trkpt lat="48.396197" lon="11.038867">
        <ele>474.75</ele>
        <extensions>
          <gpxtpx:TrackPointExtension>
            <gpxtpx:Extensions>
              <highway>motorway</highway>
              <surface>asphalt</surface>
              <maxspeed>unknown</maxspeed>
              <oneway>yes</oneway>
            </gpxtpx:Extensions>
          </gpxtpx:TrackPointExtension>
        </extensions>
      </trkpt>
      <trkpt lat="48.396077" lon="11.036207">
        <ele>477</ele>
        <extensions>
          <gpxtpx:TrackPointExtension>
            <gpxtpx:Extensions>
              <highway>motorway</highway>
              <surface>asphalt</surface>
              <maxspeed>unknown</maxspeed>
              <oneway>yes</oneway>
            </gpxtpx:Extensions>
          </gpxtpx:TrackPointExtension>
        </extensions>
      </trkpt>
      <trkpt lat="48.396047" lon="11.035201">
        <ele>477</ele>
        <extensions>
          <gpxtpx:TrackPointExtension>
            <gpxtpx:Extensions>
              <highway>motorway</highway>
              <surface>asphalt</surface>
              <maxspeed>unknown</maxspeed>
              <oneway>yes</oneway>
            </gpxtpx:Extensions>
          </gpxtpx:TrackPointExtension>
        </extensions>
      </trkpt>
      <trkpt lat="48.396039" lon="11.034186">
        <ele>477.75</ele>
        <extensions>
          <gpxtpx:TrackPointExtension>
            <gpxtpx:Extensions>
              <highway>motorway</highway>
              <surface>asphalt</surface>
              <maxspeed>unknown</maxspeed>
              <oneway>yes</oneway>
            </gpxtpx:Extensions>
          </gpxtpx:TrackPointExtension>
        </extensions>
      </trkpt>
      <trkpt lat="48.396058" lon="11.033169">
        <ele>479.5</ele>
        <extensions>
          <gpxtpx:TrackPointExtension>
            <gpxtpx:Extensions>
              <highway>motorway</highway>
              <surface>asphalt</surface>
              <maxspeed>unknown</maxspeed>
              <oneway>yes</oneway>
            </gpxtpx:Extensions>
          </gpxtpx:TrackPointExtension>
        </extensions>
      </trkpt>
      <trkpt lat="48.396079" lon="11.032655">
        <ele>480</ele>
        <extensions>
          <gpxtpx:TrackPointExtension>
            <gpxtpx:Extensions>
              <highway>motorway</highway>
              <surface>asphalt</surface>
              <maxspeed>unknown</maxspeed>
              <oneway>yes</oneway>
            </gpxtpx:Extensions>
          </gpxtpx:TrackPointExtension>
        </extensions>
      </trkpt>
      <trkpt lat="48.396109" lon="11.032131">
        <ele>480.25</ele>
        <extensions>
          <gpxtpx:TrackPointExtension>
            <gpxtpx:Extensions>
              <highway>motorway</highway>
              <surface>asphalt</surface>
              <maxspeed>unknown</maxspeed>
              <oneway>yes</oneway>
            </gpxtpx:Extensions>
          </gpxtpx:TrackPointExtension>
        </extensions>
      </trkpt>
      <trkpt lat="48.396141" lon="11.03162">
        <ele>480.25</ele>
        <extensions>
          <gpxtpx:TrackPointExtension>
            <gpxtpx:Extensions>
              <highway>motorway</highway>
              <surface>asphalt</surface>
              <maxspeed>unknown</maxspeed>
              <oneway>yes</oneway>
            </gpxtpx:Extensions>
          </gpxtpx:TrackPointExtension>
        </extensions>
      </trkpt>
      <trkpt lat="48.396182" lon="11.031117">
        <ele>481</ele>
        <extensions>
          <gpxtpx:TrackPointExtension>
            <gpxtpx:Extensions>
              <highway>motorway</highway>
              <surface>asphalt</surface>
              <maxspeed>unknown</maxspeed>
              <oneway>yes</oneway>
            </gpxtpx:Extensions>
          </gpxtpx:TrackPointExtension>
        </extensions>
      </trkpt>
      <trkpt lat="48.396244" lon="11.030452">
        <ele>482</ele>
        <extensions>
          <gpxtpx:TrackPointExtension>
            <gpxtpx:Extensions>
              <highway>motorway</highway>
              <surface>asphalt</surface>
              <maxspeed>unknown</maxspeed>
              <oneway>yes</oneway>
            </gpxtpx:Extensions>
          </gpxtpx:TrackPointExtension>
        </extensions>
      </trkpt>
      <trkpt lat="48.396317" lon="11.029773">
        <ele>482.75</ele>
        <extensions>
          <gpxtpx:TrackPointExtension>
            <gpxtpx:Extensions>
              <highway>motorway</highway>
              <surface>asphalt</surface>
              <maxspeed>unknown</maxspeed>
              <oneway>yes</oneway>
            </gpxtpx:Extensions>
          </gpxtpx:TrackPointExtension>
        </extensions>
      </trkpt>
      <trkpt lat="48.396455" lon="11.028708">
        <ele>482</ele>
        <extensions>
          <gpxtpx:TrackPointExtension>
            <gpxtpx:Extensions>
              <highway>motorway</highway>
              <surface>asphalt</surface>
              <maxspeed>unknown</maxspeed>
              <oneway>yes</oneway>
            </gpxtpx:Extensions>
          </gpxtpx:TrackPointExtension>
        </extensions>
      </trkpt>
      <trkpt lat="48.396653" lon="11.027479">
        <ele>482.75</ele>
        <extensions>
          <gpxtpx:TrackPointExtension>
            <gpxtpx:Extensions>
              <highway>motorway</highway>
              <surface>asphalt</surface>
              <maxspeed>unknown</maxspeed>
              <oneway>yes</oneway>
            </gpxtpx:Extensions>
          </gpxtpx:TrackPointExtension>
        </extensions>
      </trkpt>
      <trkpt lat="48.39677" lon="11.026855">
        <ele>482.25</ele>
        <extensions>
          <gpxtpx:TrackPointExtension>
            <gpxtpx:Extensions>
              <highway>motorway</highway>
              <surface>asphalt</surface>
              <maxspeed>unknown</maxspeed>
              <oneway>yes</oneway>
            </gpxtpx:Extensions>
          </gpxtpx:TrackPointExtension>
        </extensions>
      </trkpt>
      <trkpt lat="48.396903" lon="11.026219">
        <ele>481</ele>
        <extensions>
          <gpxtpx:TrackPointExtension>
            <gpxtpx:Extensions>
              <highway>motorway</highway>
              <surface>asphalt</surface>
              <maxspeed>unknown</maxspeed>
              <oneway>yes</oneway>
            </gpxtpx:Extensions>
          </gpxtpx:TrackPointExtension>
        </extensions>
      </trkpt>
      <trkpt lat="48.397024" lon="11.025669">
        <ele>480.25</ele>
        <extensions>
          <gpxtpx:TrackPointExtension>
            <gpxtpx:Extensions>
              <highway>motorway</highway>
              <surface>asphalt</surface>
              <maxspeed>unknown</maxspeed>
              <oneway>yes</oneway>
            </gpxtpx:Extensions>
          </gpxtpx:TrackPointExtension>
        </extensions>
      </trkpt>
      <trkpt lat="48.397158" lon="11.025119">
        <ele>481</ele>
        <extensions>
          <gpxtpx:TrackPointExtension>
            <gpxtpx:Extensions>
              <highway>motorway</highway>
              <surface>asphalt</surface>
              <maxspeed>unknown</maxspeed>
              <oneway>yes</oneway>
            </gpxtpx:Extensions>
          </gpxtpx:TrackPointExtension>
        </extensions>
      </trkpt>
      <trkpt lat="48.39742" lon="11.024115">
        <ele>481.25</ele>
        <extensions>
          <gpxtpx:TrackPointExtension>
            <gpxtpx:Extensions>
              <highway>motorway</highway>
              <surface>asphalt</surface>
              <maxspeed>unknown</maxspeed>
              <oneway>yes</oneway>
            </gpxtpx:Extensions>
          </gpxtpx:TrackPointExtension>
        </extensions>
      </trkpt>
      <trkpt lat="48.398522" lon="11.020311">
        <ele>487.5</ele>
        <extensions>
          <gpxtpx:TrackPointExtension>
            <gpxtpx:Extensions>
              <highway>motorway</highway>
              <surface>asphalt</surface>
              <maxspeed>unknown</maxspeed>
              <oneway>yes</oneway>
            </gpxtpx:Extensions>
          </gpxtpx:TrackPointExtension>
        </extensions>
      </trkpt>
      <trkpt lat="48.398831" lon="11.01913">
        <ele>491.25</ele>
        <extensions>
          <gpxtpx:TrackPointExtension>
            <gpxtpx:Extensions>
              <highway>motorway</highway>
              <surface>asphalt</surface>
              <maxspeed>unknown</maxspeed>
              <oneway>yes</oneway>
            </gpxtpx:Extensions>
          </gpxtpx:TrackPointExtension>
        </extensions>
      </trkpt>
      <trkpt lat="48.398984" lon="11.018489">
        <ele>491.5</ele>
        <extensions>
          <gpxtpx:TrackPointExtension>
            <gpxtpx:Extensions>
              <highway>motorway</highway>
              <surface>asphalt</surface>
              <maxspeed>unknown</maxspeed>
              <oneway>yes</oneway>
            </gpxtpx:Extensions>
          </gpxtpx:TrackPointExtension>
        </extensions>
      </trkpt>
      <trkpt lat="48.399283" lon="11.017019">
        <ele>485</ele>
        <extensions>
          <gpxtpx:TrackPointExtension>
            <gpxtpx:Extensions>
              <highway>motorway</highway>
              <surface>asphalt</surface>
              <maxspeed>unknown</maxspeed>
              <oneway>yes</oneway>
            </gpxtpx:Extensions>
          </gpxtpx:TrackPointExtension>
        </extensions>
      </trkpt>
      <trkpt lat="48.399355" lon="11.016619">
        <ele>483.75</ele>
        <extensions>
          <gpxtpx:TrackPointExtension>
            <gpxtpx:Extensions>
              <highway>motorway</highway>
              <surface>asphalt</surface>
              <maxspeed>unknown</maxspeed>
              <oneway>yes</oneway>
            </gpxtpx:Extensions>
          </gpxtpx:TrackPointExtension>
        </extensions>
      </trkpt>
      <trkpt lat="48.399473" lon="11.015876">
        <ele>483.25</ele>
        <extensions>
          <gpxtpx:TrackPointExtension>
            <gpxtpx:Extensions>
              <highway>motorway</highway>
              <surface>asphalt</surface>
              <maxspeed>unknown</maxspeed>
              <oneway>yes</oneway>
            </gpxtpx:Extensions>
          </gpxtpx:TrackPointExtension>
        </extensions>
      </trkpt>
      <trkpt lat="48.399661" lon="11.014532">
        <ele>482.75</ele>
        <extensions>
          <gpxtpx:TrackPointExtension>
            <gpxtpx:Extensions>
              <highway>motorway</highway>
              <surface>asphalt</surface>
              <maxspeed>unknown</maxspeed>
              <oneway>yes</oneway>
            </gpxtpx:Extensions>
          </gpxtpx:TrackPointExtension>
        </extensions>
      </trkpt>
      <trkpt lat="48.399709" lon="11.014111">
        <ele>484</ele>
        <extensions>
          <gpxtpx:TrackPointExtension>
            <gpxtpx:Extensions>
              <highway>motorway</highway>
              <surface>asphalt</surface>
              <maxspeed>unknown</maxspeed>
              <oneway>yes</oneway>
            </gpxtpx:Extensions>
          </gpxtpx:TrackPointExtension>
        </extensions>
      </trkpt>
      <trkpt lat="48.399882" lon="11.012054">
        <ele>488.5</ele>
        <extensions>
          <gpxtpx:TrackPointExtension>
            <gpxtpx:Extensions>
              <highway>motorway</highway>
              <surface>asphalt</surface>
              <maxspeed>unknown</maxspeed>
              <oneway>yes</oneway>
            </gpxtpx:Extensions>
          </gpxtpx:TrackPointExtension>
        </extensions>
      </trkpt>
      <trkpt lat="48.400729" lon="10.999636">
        <ele>492</ele>
        <extensions>
          <gpxtpx:TrackPointExtension>
            <gpxtpx:Extensions>
              <highway>motorway</highway>
              <surface>asphalt</surface>
              <maxspeed>unknown</maxspeed>
              <oneway>yes</oneway>
            </gpxtpx:Extensions>
          </gpxtpx:TrackPointExtension>
        </extensions>
      </trkpt>
      <trkpt lat="48.4009" lon="10.997001">
        <ele>493.75</ele>
        <extensions>
          <gpxtpx:TrackPointExtension>
            <gpxtpx:Extensions>
              <highway>motorway</highway>
              <surface>asphalt</surface>
              <maxspeed>unknown</maxspeed>
              <oneway>yes</oneway>
            </gpxtpx:Extensions>
          </gpxtpx:TrackPointExtension>
        </extensions>
      </trkpt>
      <trkpt lat="48.401212" lon="10.992486">
        <ele>501</ele>
        <extensions>
          <gpxtpx:TrackPointExtension>
            <gpxtpx:Extensions>
              <highway>motorway</highway>
              <surface>asphalt</surface>
              <maxspeed>unknown</maxspeed>
              <oneway>yes</oneway>
            </gpxtpx:Extensions>
          </gpxtpx:TrackPointExtension>
        </extensions>
      </trkpt>
      <trkpt lat="48.401574" lon="10.986995">
        <ele>514</ele>
        <extensions>
          <gpxtpx:TrackPointExtension>
            <gpxtpx:Extensions>
              <highway>motorway</highway>
              <surface>asphalt</surface>
              <maxspeed>unknown</maxspeed>
              <oneway>yes</oneway>
            </gpxtpx:Extensions>
          </gpxtpx:TrackPointExtension>
        </extensions>
      </trkpt>
      <trkpt lat="48.401674" lon="10.985271">
        <ele>516.5</ele>
        <extensions>
          <gpxtpx:TrackPointExtension>
            <gpxtpx:Extensions>
              <highway>motorway</highway>
              <surface>asphalt</surface>
              <maxspeed>unknown</maxspeed>
              <oneway>yes</oneway>
            </gpxtpx:Extensions>
          </gpxtpx:TrackPointExtension>
        </extensions>
      </trkpt>
      <trkpt lat="48.401735" lon="10.983877">
        <ele>514</ele>
        <extensions>
          <gpxtpx:TrackPointExtension>
            <gpxtpx:Extensions>
              <highway>motorway</highway>
              <surface>asphalt</surface>
              <maxspeed>unknown</maxspeed>
              <oneway>yes</oneway>
            </gpxtpx:Extensions>
          </gpxtpx:TrackPointExtension>
        </extensions>
      </trkpt>
      <trkpt lat="48.401752" lon="10.982544">
        <ele>512</ele>
        <extensions>
          <gpxtpx:TrackPointExtension>
            <gpxtpx:Extensions>
              <highway>motorway</highway>
              <surface>asphalt</surface>
              <maxspeed>unknown</maxspeed>
              <oneway>yes</oneway>
            </gpxtpx:Extensions>
          </gpxtpx:TrackPointExtension>
        </extensions>
      </trkpt>
      <trkpt lat="48.401738" lon="10.980864">
        <ele>507.5</ele>
        <extensions>
          <gpxtpx:TrackPointExtension>
            <gpxtpx:Extensions>
              <highway>motorway</highway>
              <surface>asphalt</surface>
              <maxspeed>unknown</maxspeed>
              <oneway>yes</oneway>
            </gpxtpx:Extensions>
          </gpxtpx:TrackPointExtension>
        </extensions>
      </trkpt>
      <trkpt lat="48.401595" lon="10.974068">
        <ele>502.25</ele>
        <extensions>
          <gpxtpx:TrackPointExtension>
            <gpxtpx:Extensions>
              <highway>motorway</highway>
              <surface>asphalt</surface>
              <maxspeed>unknown</maxspeed>
              <oneway>yes</oneway>
            </gpxtpx:Extensions>
          </gpxtpx:TrackPointExtension>
        </extensions>
      </trkpt>
      <trkpt lat="48.401633" lon="10.972353">
        <ele>483.25</ele>
        <extensions>
          <gpxtpx:TrackPointExtension>
            <gpxtpx:Extensions>
              <highway>motorway</highway>
              <surface>asphalt</surface>
              <maxspeed>unknown</maxspeed>
              <oneway>yes</oneway>
            </gpxtpx:Extensions>
          </gpxtpx:TrackPointExtension>
        </extensions>
      </trkpt>
      <trkpt lat="48.401674" lon="10.971349">
        <ele>476.75</ele>
        <extensions>
          <gpxtpx:TrackPointExtension>
            <gpxtpx:Extensions>
              <highway>motorway</highway>
              <surface>asphalt</surface>
              <maxspeed>unknown</maxspeed>
              <oneway>yes</oneway>
            </gpxtpx:Extensions>
          </gpxtpx:TrackPointExtension>
        </extensions>
      </trkpt>
      <trkpt lat="48.401755" lon="10.970141">
        <ele>471.5</ele>
        <extensions>
          <gpxtpx:TrackPointExtension>
            <gpxtpx:Extensions>
              <highway>motorway</highway>
              <surface>asphalt</surface>
              <maxspeed>unknown</maxspeed>
              <oneway>yes</oneway>
            </gpxtpx:Extensions>
          </gpxtpx:TrackPointExtension>
        </extensions>
      </trkpt>
      <trkpt lat="48.401876" lon="10.968935">
        <ele>469</ele>
        <extensions>
          <gpxtpx:TrackPointExtension>
            <gpxtpx:Extensions>
              <highway>motorway</highway>
              <surface>asphalt</surface>
              <maxspeed>unknown</maxspeed>
              <oneway>yes</oneway>
            </gpxtpx:Extensions>
          </gpxtpx:TrackPointExtension>
        </extensions>
      </trkpt>
      <trkpt lat="48.402033" lon="10.967751">
        <ele>469.5</ele>
        <extensions>
          <gpxtpx:TrackPointExtension>
            <gpxtpx:Extensions>
              <highway>motorway</highway>
              <surface>asphalt</surface>
              <maxspeed>unknown</maxspeed>
              <oneway>yes</oneway>
            </gpxtpx:Extensions>
          </gpxtpx:TrackPointExtension>
        </extensions>
      </trkpt>
      <trkpt lat="48.402234" lon="10.966467">
        <ele>467.25</ele>
        <extensions>
          <gpxtpx:TrackPointExtension>
            <gpxtpx:Extensions>
              <highway>motorway</highway>
              <surface>asphalt</surface>
              <maxspeed>unknown</maxspeed>
              <oneway>yes</oneway>
            </gpxtpx:Extensions>
          </gpxtpx:TrackPointExtension>
        </extensions>
      </trkpt>
      <trkpt lat="48.402412" lon="10.965373">
        <ele>465.5</ele>
        <extensions>
          <gpxtpx:TrackPointExtension>
            <gpxtpx:Extensions>
              <highway>motorway</highway>
              <surface>asphalt</surface>
              <maxspeed>unknown</maxspeed>
              <oneway>yes</oneway>
            </gpxtpx:Extensions>
          </gpxtpx:TrackPointExtension>
        </extensions>
      </trkpt>
      <trkpt lat="48.402788" lon="10.963244">
        <ele>466.75</ele>
        <extensions>
          <gpxtpx:TrackPointExtension>
            <gpxtpx:Extensions>
              <highway>motorway</highway>
              <surface>asphalt</surface>
              <maxspeed>unknown</maxspeed>
              <oneway>yes</oneway>
            </gpxtpx:Extensions>
          </gpxtpx:TrackPointExtension>
        </extensions>
      </trkpt>
      <trkpt lat="48.403044" lon="10.961733">
        <ele>466.75</ele>
        <extensions>
          <gpxtpx:TrackPointExtension>
            <gpxtpx:Extensions>
              <highway>motorway</highway>
              <surface>asphalt</surface>
              <maxspeed>unknown</maxspeed>
              <oneway>yes</oneway>
            </gpxtpx:Extensions>
          </gpxtpx:TrackPointExtension>
        </extensions>
      </trkpt>
      <trkpt lat="48.403903" lon="10.956446">
        <ele>465.5</ele>
        <extensions>
          <gpxtpx:TrackPointExtension>
            <gpxtpx:Extensions>
              <highway>motorway</highway>
              <surface>asphalt</surface>
              <maxspeed>unknown</maxspeed>
              <oneway>yes</oneway>
            </gpxtpx:Extensions>
          </gpxtpx:TrackPointExtension>
        </extensions>
      </trkpt>
      <trkpt lat="48.404241" lon="10.954463">
        <ele>467.75</ele>
        <extensions>
          <gpxtpx:TrackPointExtension>
            <gpxtpx:Extensions>
              <highway>motorway</highway>
              <surface>asphalt</surface>
              <maxspeed>unknown</maxspeed>
              <oneway>yes</oneway>
            </gpxtpx:Extensions>
          </gpxtpx:TrackPointExtension>
        </extensions>
      </trkpt>
      <trkpt lat="48.404353" lon="10.953754">
        <ele>466.25</ele>
        <extensions>
          <gpxtpx:TrackPointExtension>
            <gpxtpx:Extensions>
              <highway>motorway</highway>
              <surface>asphalt</surface>
              <maxspeed>unknown</maxspeed>
              <oneway>yes</oneway>
            </gpxtpx:Extensions>
          </gpxtpx:TrackPointExtension>
        </extensions>
      </trkpt>
      <trkpt lat="48.404801" lon="10.951079">
        <ele>465.5</ele>
        <extensions>
          <gpxtpx:TrackPointExtension>
            <gpxtpx:Extensions>
              <highway>motorway</highway>
              <surface>asphalt</surface>
              <maxspeed>unknown</maxspeed>
              <oneway>yes</oneway>
            </gpxtpx:Extensions>
          </gpxtpx:TrackPointExtension>
        </extensions>
      </trkpt>
      <trkpt lat="48.40501" lon="10.949795">
        <ele>465</ele>
        <extensions>
          <gpxtpx:TrackPointExtension>
            <gpxtpx:Extensions>
              <highway>motorway</highway>
              <surface>asphalt</surface>
              <maxspeed>unknown</maxspeed>
              <oneway>yes</oneway>
            </gpxtpx:Extensions>
          </gpxtpx:TrackPointExtension>
        </extensions>
      </trkpt>
      <trkpt lat="48.405276" lon="10.948217">
        <ele>466</ele>
        <extensions>
          <gpxtpx:TrackPointExtension>
            <gpxtpx:Extensions>
              <highway>motorway</highway>
              <surface>asphalt</surface>
              <maxspeed>unknown</maxspeed>
              <oneway>yes</oneway>
            </gpxtpx:Extensions>
          </gpxtpx:TrackPointExtension>
        </extensions>
      </trkpt>
      <trkpt lat="48.405414" lon="10.947413">
        <ele>465.5</ele>
        <extensions>
          <gpxtpx:TrackPointExtension>
            <gpxtpx:Extensions>
              <highway>motorway</highway>
              <surface>asphalt</surface>
              <maxspeed>unknown</maxspeed>
              <oneway>yes</oneway>
            </gpxtpx:Extensions>
          </gpxtpx:TrackPointExtension>
        </extensions>
      </trkpt>
      <trkpt lat="48.40588" lon="10.94449">
        <ele>465</ele>
        <extensions>
          <gpxtpx:TrackPointExtension>
            <gpxtpx:Extensions>
              <highway>motorway</highway>
              <surface>asphalt</surface>
              <maxspeed>unknown</maxspeed>
              <oneway>yes</oneway>
            </gpxtpx:Extensions>
          </gpxtpx:TrackPointExtension>
        </extensions>
      </trkpt>
      <trkpt lat="48.406252" lon="10.942296">
        <ele>463.75</ele>
        <extensions>
          <gpxtpx:TrackPointExtension>
            <gpxtpx:Extensions>
              <highway>motorway</highway>
              <surface>asphalt</surface>
              <maxspeed>unknown</maxspeed>
              <oneway>yes</oneway>
            </gpxtpx:Extensions>
          </gpxtpx:TrackPointExtension>
        </extensions>
      </trkpt>
      <trkpt lat="48.407274" lon="10.936123">
        <ele>467.25</ele>
        <extensions>
          <gpxtpx:TrackPointExtension>
            <gpxtpx:Extensions>
              <highway>motorway</highway>
              <surface>asphalt</surface>
              <maxspeed>unknown</maxspeed>
              <oneway>yes</oneway>
            </gpxtpx:Extensions>
          </gpxtpx:TrackPointExtension>
        </extensions>
      </trkpt>
      <trkpt lat="48.407652" lon="10.933988">
        <ele>466.75</ele>
        <extensions>
          <gpxtpx:TrackPointExtension>
            <gpxtpx:Extensions>
              <highway>motorway</highway>
              <surface>asphalt</surface>
              <maxspeed>unknown</maxspeed>
              <oneway>yes</oneway>
            </gpxtpx:Extensions>
          </gpxtpx:TrackPointExtension>
        </extensions>
      </trkpt>
      <trkpt lat="48.408161" lon="10.930783">
        <ele>470.5</ele>
        <extensions>
          <gpxtpx:TrackPointExtension>
            <gpxtpx:Extensions>
              <highway>motorway</highway>
              <surface>asphalt</surface>
              <maxspeed>unknown</maxspeed>
              <oneway>yes</oneway>
            </gpxtpx:Extensions>
          </gpxtpx:TrackPointExtension>
        </extensions>
      </trkpt>
      <trkpt lat="48.408507" lon="10.92872">
        <ele>465.75</ele>
        <extensions>
          <gpxtpx:TrackPointExtension>
            <gpxtpx:Extensions>
              <highway>motorway</highway>
              <surface>asphalt</surface>
              <maxspeed>unknown</maxspeed>
              <oneway>yes</oneway>
            </gpxtpx:Extensions>
          </gpxtpx:TrackPointExtension>
        </extensions>
      </trkpt>
      <trkpt lat="48.408821" lon="10.926831">
        <ele>463.5</ele>
        <extensions>
          <gpxtpx:TrackPointExtension>
            <gpxtpx:Extensions>
              <highway>motorway</highway>
              <surface>asphalt</surface>
              <maxspeed>unknown</maxspeed>
              <oneway>yes</oneway>
            </gpxtpx:Extensions>
          </gpxtpx:TrackPointExtension>
        </extensions>
      </trkpt>
      <trkpt lat="48.409519" lon="10.922623">
        <ele>466</ele>
        <extensions>
          <gpxtpx:TrackPointExtension>
            <gpxtpx:Extensions>
              <highway>motorway</highway>
              <surface>asphalt</surface>
              <maxspeed>unknown</maxspeed>
              <oneway>yes</oneway>
            </gpxtpx:Extensions>
          </gpxtpx:TrackPointExtension>
        </extensions>
      </trkpt>
      <trkpt lat="48.410475" lon="10.916835">
        <ele>464.75</ele>
        <extensions>
          <gpxtpx:TrackPointExtension>
            <gpxtpx:Extensions>
              <highway>motorway</highway>
              <surface>asphalt</surface>
              <maxspeed>unknown</maxspeed>
              <oneway>yes</oneway>
            </gpxtpx:Extensions>
          </gpxtpx:TrackPointExtension>
        </extensions>
      </trkpt>
      <trkpt lat="48.410673" lon="10.915647">
        <ele>464.75</ele>
        <extensions>
          <gpxtpx:TrackPointExtension>
            <gpxtpx:Extensions>
              <highway>motorway</highway>
              <surface>asphalt</surface>
              <maxspeed>unknown</maxspeed>
              <oneway>yes</oneway>
            </gpxtpx:Extensions>
          </gpxtpx:TrackPointExtension>
        </extensions>
      </trkpt>
      <trkpt lat="48.411062" lon="10.913246">
        <ele>464.25</ele>
        <extensions>
          <gpxtpx:TrackPointExtension>
            <gpxtpx:Extensions>
              <highway>motorway</highway>
              <surface>asphalt</surface>
              <maxspeed>unknown</maxspeed>
              <oneway>yes</oneway>
            </gpxtpx:Extensions>
          </gpxtpx:TrackPointExtension>
        </extensions>
      </trkpt>
      <trkpt lat="48.411278" lon="10.911989">
        <ele>464</ele>
        <extensions>
          <gpxtpx:TrackPointExtension>
            <gpxtpx:Extensions>
              <highway>motorway</highway>
              <surface>asphalt</surface>
              <maxspeed>unknown</maxspeed>
              <oneway>yes</oneway>
            </gpxtpx:Extensions>
          </gpxtpx:TrackPointExtension>
        </extensions>
      </trkpt>
      <trkpt lat="48.41233" lon="10.905606">
        <ele>462.25</ele>
        <extensions>
          <gpxtpx:TrackPointExtension>
            <gpxtpx:Extensions>
              <highway>motorway</highway>
              <surface>asphalt</surface>
              <maxspeed>unknown</maxspeed>
              <oneway>yes</oneway>
            </gpxtpx:Extensions>
          </gpxtpx:TrackPointExtension>
        </extensions>
      </trkpt>
      <trkpt lat="48.412607" lon="10.903944">
        <ele>460.75</ele>
        <extensions>
          <gpxtpx:TrackPointExtension>
            <gpxtpx:Extensions>
              <highway>motorway</highway>
              <surface>asphalt</surface>
              <maxspeed>unknown</maxspeed>
              <oneway>yes</oneway>
            </gpxtpx:Extensions>
          </gpxtpx:TrackPointExtension>
        </extensions>
      </trkpt>
      <trkpt lat="48.413022" lon="10.90145">
        <ele>461</ele>
        <extensions>
          <gpxtpx:TrackPointExtension>
            <gpxtpx:Extensions>
              <highway>motorway</highway>
              <surface>asphalt</surface>
              <maxspeed>unknown</maxspeed>
              <oneway>yes</oneway>
            </gpxtpx:Extensions>
          </gpxtpx:TrackPointExtension>
        </extensions>
      </trkpt>
      <trkpt lat="48.413265" lon="10.89979">
        <ele>461.75</ele>
        <extensions>
          <gpxtpx:TrackPointExtension>
            <gpxtpx:Extensions>
              <highway>motorway</highway>
              <surface>asphalt</surface>
              <maxspeed>unknown</maxspeed>
              <oneway>yes</oneway>
            </gpxtpx:Extensions>
          </gpxtpx:TrackPointExtension>
        </extensions>
      </trkpt>
      <trkpt lat="48.413484" lon="10.898172">
        <ele>461.5</ele>
        <extensions>
          <gpxtpx:TrackPointExtension>
            <gpxtpx:Extensions>
              <highway>motorway</highway>
              <surface>asphalt</surface>
              <maxspeed>unknown</maxspeed>
              <oneway>yes</oneway>
            </gpxtpx:Extensions>
          </gpxtpx:TrackPointExtension>
        </extensions>
      </trkpt>
      <trkpt lat="48.41365" lon="10.896827">
        <ele>461.75</ele>
        <extensions>
          <gpxtpx:TrackPointExtension>
            <gpxtpx:Extensions>
              <highway>motorway</highway>
              <surface>asphalt</surface>
              <maxspeed>unknown</maxspeed>
              <oneway>yes</oneway>
            </gpxtpx:Extensions>
          </gpxtpx:TrackPointExtension>
        </extensions>
      </trkpt>
      <trkpt lat="48.413801" lon="10.895419">
        <ele>463</ele>
        <extensions>
          <gpxtpx:TrackPointExtension>
            <gpxtpx:Extensions>
              <highway>motorway</highway>
              <surface>asphalt</surface>
              <maxspeed>unknown</maxspeed>
              <oneway>yes</oneway>
            </gpxtpx:Extensions>
          </gpxtpx:TrackPointExtension>
        </extensions>
      </trkpt>
      <trkpt lat="48.413957" lon="10.893767">
        <ele>462</ele>
        <extensions>
          <gpxtpx:TrackPointExtension>
            <gpxtpx:Extensions>
              <highway>motorway</highway>
              <surface>asphalt</surface>
              <maxspeed>unknown</maxspeed>
              <oneway>yes</oneway>
            </gpxtpx:Extensions>
          </gpxtpx:TrackPointExtension>
        </extensions>
      </trkpt>
      <trkpt lat="48.414072" lon="10.89245">
        <ele>462.75</ele>
        <extensions>
          <gpxtpx:TrackPointExtension>
            <gpxtpx:Extensions>
              <highway>motorway</highway>
              <surface>asphalt</surface>
              <maxspeed>unknown</maxspeed>
              <oneway>yes</oneway>
            </gpxtpx:Extensions>
          </gpxtpx:TrackPointExtension>
        </extensions>
      </trkpt>
      <trkpt lat="48.414234" lon="10.889767">
        <ele>459</ele>
        <extensions>
          <gpxtpx:TrackPointExtension>
            <gpxtpx:Extensions>
              <highway>motorway</highway>
              <surface>asphalt</surface>
              <maxspeed>unknown</maxspeed>
              <oneway>yes</oneway>
            </gpxtpx:Extensions>
          </gpxtpx:TrackPointExtension>
        </extensions>
      </trkpt>
      <trkpt lat="48.414297" lon="10.888243">
        <ele>457.75</ele>
        <extensions>
          <gpxtpx:TrackPointExtension>
            <gpxtpx:Extensions>
              <highway>motorway</highway>
              <surface>asphalt</surface>
              <maxspeed>unknown</maxspeed>
              <oneway>yes</oneway>
            </gpxtpx:Extensions>
          </gpxtpx:TrackPointExtension>
        </extensions>
      </trkpt>
      <trkpt lat="48.414333" lon="10.887241">
        <ele>463.25</ele>
        <extensions>
          <gpxtpx:TrackPointExtension>
            <gpxtpx:Extensions>
              <highway>motorway</highway>
              <surface>asphalt</surface>
              <maxspeed>unknown</maxspeed>
              <oneway>yes</oneway>
            </gpxtpx:Extensions>
          </gpxtpx:TrackPointExtension>
        </extensions>
      </trkpt>
      <trkpt lat="48.414403" lon="10.88415">
        <ele>466.75</ele>
        <extensions>
          <gpxtpx:TrackPointExtension>
            <gpxtpx:Extensions>
              <highway>motorway</highway>
              <surface>asphalt</surface>
              <maxspeed>unknown</maxspeed>
              <oneway>yes</oneway>
            </gpxtpx:Extensions>
          </gpxtpx:TrackPointExtension>
        </extensions>
      </trkpt>
      <trkpt lat="48.414475" lon="10.881256">
        <ele>466.25</ele>
        <extensions>
          <gpxtpx:TrackPointExtension>
            <gpxtpx:Extensions>
              <highway>motorway</highway>
              <surface>asphalt</surface>
              <maxspeed>unknown</maxspeed>
              <oneway>yes</oneway>
            </gpxtpx:Extensions>
          </gpxtpx:TrackPointExtension>
        </extensions>
      </trkpt>
      <trkpt lat="48.414542" lon="10.878305">
        <ele>465.75</ele>
        <extensions>
          <gpxtpx:TrackPointExtension>
            <gpxtpx:Extensions>
              <highway>motorway</highway>
              <surface>asphalt</surface>
              <maxspeed>unknown</maxspeed>
              <oneway>yes</oneway>
            </gpxtpx:Extensions>
          </gpxtpx:TrackPointExtension>
        </extensions>
      </trkpt>
      <trkpt lat="48.414594" lon="10.876048">
        <ele>465.25</ele>
        <extensions>
          <gpxtpx:TrackPointExtension>
            <gpxtpx:Extensions>
              <highway>motorway</highway>
              <surface>asphalt</surface>
              <maxspeed>unknown</maxspeed>
              <oneway>yes</oneway>
            </gpxtpx:Extensions>
          </gpxtpx:TrackPointExtension>
        </extensions>
      </trkpt>
      <trkpt lat="48.414609" lon="10.875458">
        <ele>465</ele>
        <extensions>
          <gpxtpx:TrackPointExtension>
            <gpxtpx:Extensions>
              <highway>motorway</highway>
              <surface>asphalt</surface>
              <maxspeed>unknown</maxspeed>
              <oneway>yes</oneway>
            </gpxtpx:Extensions>
          </gpxtpx:TrackPointExtension>
        </extensions>
      </trkpt>
      <trkpt lat="48.414661" lon="10.873694">
        <ele>465.25</ele>
        <extensions>
          <gpxtpx:TrackPointExtension>
            <gpxtpx:Extensions>
              <highway>motorway</highway>
              <surface>asphalt</surface>
              <maxspeed>unknown</maxspeed>
              <oneway>yes</oneway>
            </gpxtpx:Extensions>
          </gpxtpx:TrackPointExtension>
        </extensions>
      </trkpt>
      <trkpt lat="48.414696" lon="10.87207">
        <ele>469.25</ele>
        <extensions>
          <gpxtpx:TrackPointExtension>
            <gpxtpx:Extensions>
              <highway>motorway</highway>
              <surface>asphalt</surface>
              <maxspeed>unknown</maxspeed>
              <oneway>yes</oneway>
            </gpxtpx:Extensions>
          </gpxtpx:TrackPointExtension>
        </extensions>
      </trkpt>
      <trkpt lat="48.41474" lon="10.869446">
        <ele>469.5</ele>
        <extensions>
          <gpxtpx:TrackPointExtension>
            <gpxtpx:Extensions>
              <highway>motorway</highway>
              <surface>asphalt</surface>
              <maxspeed>unknown</maxspeed>
              <oneway>yes</oneway>
            </gpxtpx:Extensions>
          </gpxtpx:TrackPointExtension>
        </extensions>
      </trkpt>
      <trkpt lat="48.414773" lon="10.868347">
        <ele>473.5</ele>
        <extensions>
          <gpxtpx:TrackPointExtension>
            <gpxtpx:Extensions>
              <highway>motorway</highway>
              <surface>asphalt</surface>
              <maxspeed>unknown</maxspeed>
              <oneway>yes</oneway>
            </gpxtpx:Extensions>
          </gpxtpx:TrackPointExtension>
        </extensions>
      </trkpt>
      <trkpt lat="48.414823" lon="10.867268">
        <ele>472.5</ele>
        <extensions>
          <gpxtpx:TrackPointExtension>
            <gpxtpx:Extensions>
              <highway>motorway</highway>
              <surface>asphalt</surface>
              <maxspeed>unknown</maxspeed>
              <oneway>yes</oneway>
            </gpxtpx:Extensions>
          </gpxtpx:TrackPointExtension>
        </extensions>
      </trkpt>
      <trkpt lat="48.41491" lon="10.86569">
        <ele>469.5</ele>
        <extensions>
          <gpxtpx:TrackPointExtension>
            <gpxtpx:Extensions>
              <highway>motorway</highway>
              <surface>asphalt</surface>
              <maxspeed>unknown</maxspeed>
              <oneway>yes</oneway>
            </gpxtpx:Extensions>
          </gpxtpx:TrackPointExtension>
        </extensions>
      </trkpt>
      <trkpt lat="48.415076" lon="10.86371">
        <ele>470.75</ele>
        <extensions>
          <gpxtpx:TrackPointExtension>
            <gpxtpx:Extensions>
              <highway>motorway</highway>
              <surface>asphalt</surface>
              <maxspeed>unknown</maxspeed>
              <oneway>yes</oneway>
            </gpxtpx:Extensions>
          </gpxtpx:TrackPointExtension>
        </extensions>
      </trkpt>
      <trkpt lat="48.415142" lon="10.862975">
        <ele>470.75</ele>
        <extensions>
          <gpxtpx:TrackPointExtension>
            <gpxtpx:Extensions>
              <highway>motorway</highway>
              <surface>asphalt</surface>
              <maxspeed>unknown</maxspeed>
              <oneway>yes</oneway>
            </gpxtpx:Extensions>
          </gpxtpx:TrackPointExtension>
        </extensions>
      </trkpt>
      <trkpt lat="48.415278" lon="10.861143">
        <ele>471.25</ele>
        <extensions>
          <gpxtpx:TrackPointExtension>
            <gpxtpx:Extensions>
              <highway>motorway</highway>
              <surface>asphalt</surface>
              <maxspeed>unknown</maxspeed>
              <oneway>yes</oneway>
            </gpxtpx:Extensions>
          </gpxtpx:TrackPointExtension>
        </extensions>
      </trkpt>
      <trkpt lat="48.415452" lon="10.859368">
        <ele>472.75</ele>
        <extensions>
          <gpxtpx:TrackPointExtension>
            <gpxtpx:Extensions>
              <highway>motorway</highway>
              <surface>asphalt</surface>
              <maxspeed>unknown</maxspeed>
              <oneway>yes</oneway>
            </gpxtpx:Extensions>
          </gpxtpx:TrackPointExtension>
        </extensions>
      </trkpt>
      <trkpt lat="48.415732" lon="10.856127">
        <ele>473.5</ele>
        <extensions>
          <gpxtpx:TrackPointExtension>
            <gpxtpx:Extensions>
              <highway>motorway</highway>
              <surface>asphalt</surface>
              <maxspeed>unknown</maxspeed>
              <oneway>yes</oneway>
            </gpxtpx:Extensions>
          </gpxtpx:TrackPointExtension>
        </extensions>
      </trkpt>
      <trkpt lat="48.416294" lon="10.849415">
        <ele>471.75</ele>
        <extensions>
          <gpxtpx:TrackPointExtension>
            <gpxtpx:Extensions>
              <highway>motorway</highway>
              <surface>asphalt</surface>
              <maxspeed>unknown</maxspeed>
              <oneway>yes</oneway>
            </gpxtpx:Extensions>
          </gpxtpx:TrackPointExtension>
        </extensions>
      </trkpt>
      <trkpt lat="48.416476" lon="10.846994">
        <ele>472.25</ele>
        <extensions>
          <gpxtpx:TrackPointExtension>
            <gpxtpx:Extensions>
              <highway>motorway</highway>
              <surface>asphalt</surface>
              <maxspeed>unknown</maxspeed>
              <oneway>yes</oneway>
            </gpxtpx:Extensions>
          </gpxtpx:TrackPointExtension>
        </extensions>
      </trkpt>
      <trkpt lat="48.417092" lon="10.839701">
        <ele>471</ele>
        <extensions>
          <gpxtpx:TrackPointExtension>
            <gpxtpx:Extensions>
              <highway>motorway</highway>
              <surface>asphalt</surface>
              <maxspeed>unknown</maxspeed>
              <oneway>yes</oneway>
            </gpxtpx:Extensions>
          </gpxtpx:TrackPointExtension>
        </extensions>
      </trkpt>
      <trkpt lat="48.41731" lon="10.837106">
        <ele>473.75</ele>
        <extensions>
          <gpxtpx:TrackPointExtension>
            <gpxtpx:Extensions>
              <highway>motorway</highway>
              <surface>asphalt</surface>
              <maxspeed>unknown</maxspeed>
              <oneway>yes</oneway>
            </gpxtpx:Extensions>
          </gpxtpx:TrackPointExtension>
        </extensions>
      </trkpt>
      <trkpt lat="48.417388" lon="10.835988">
        <ele>474</ele>
        <extensions>
          <gpxtpx:TrackPointExtension>
            <gpxtpx:Extensions>
              <highway>motorway</highway>
              <surface>asphalt</surface>
              <maxspeed>unknown</maxspeed>
              <oneway>yes</oneway>
            </gpxtpx:Extensions>
          </gpxtpx:TrackPointExtension>
        </extensions>
      </trkpt>
      <trkpt lat="48.41745" lon="10.835083">
        <ele>473</ele>
        <extensions>
          <gpxtpx:TrackPointExtension>
            <gpxtpx:Extensions>
              <highway>motorway</highway>
              <surface>asphalt</surface>
              <maxspeed>unknown</maxspeed>
              <oneway>yes</oneway>
            </gpxtpx:Extensions>
          </gpxtpx:TrackPointExtension>
        </extensions>
      </trkpt>
      <trkpt lat="48.417648" lon="10.832878">
        <ele>472</ele>
        <extensions>
          <gpxtpx:TrackPointExtension>
            <gpxtpx:Extensions>
              <highway>motorway</highway>
              <surface>asphalt</surface>
              <maxspeed>unknown</maxspeed>
              <oneway>yes</oneway>
            </gpxtpx:Extensions>
          </gpxtpx:TrackPointExtension>
        </extensions>
      </trkpt>
      <trkpt lat="48.417959" lon="10.829253">
        <ele>464.75</ele>
        <extensions>
          <gpxtpx:TrackPointExtension>
            <gpxtpx:Extensions>
              <highway>motorway</highway>
              <surface>asphalt</surface>
              <maxspeed>unknown</maxspeed>
              <oneway>yes</oneway>
            </gpxtpx:Extensions>
          </gpxtpx:TrackPointExtension>
        </extensions>
      </trkpt>
      <trkpt lat="48.418382" lon="10.824327">
        <ele>455</ele>
        <extensions>
          <gpxtpx:TrackPointExtension>
            <gpxtpx:Extensions>
              <highway>motorway</highway>
              <surface>asphalt</surface>
              <maxspeed>unknown</maxspeed>
              <oneway>yes</oneway>
            </gpxtpx:Extensions>
          </gpxtpx:TrackPointExtension>
        </extensions>
      </trkpt>
      <trkpt lat="48.41843" lon="10.823814">
        <ele>453.75</ele>
        <extensions>
          <gpxtpx:TrackPointExtension>
            <gpxtpx:Extensions>
              <highway>motorway</highway>
              <surface>asphalt</surface>
              <maxspeed>unknown</maxspeed>
              <oneway>yes</oneway>
            </gpxtpx:Extensions>
          </gpxtpx:TrackPointExtension>
        </extensions>
      </trkpt>
      <trkpt lat="48.41854" lon="10.822676">
        <ele>452</ele>
        <extensions>
          <gpxtpx:TrackPointExtension>
            <gpxtpx:Extensions>
              <highway>motorway</highway>
              <surface>asphalt</surface>
              <maxspeed>unknown</maxspeed>
              <oneway>yes</oneway>
            </gpxtpx:Extensions>
          </gpxtpx:TrackPointExtension>
        </extensions>
      </trkpt>
      <trkpt lat="48.41866" lon="10.821518">
        <ele>453.5</ele>
        <extensions>
          <gpxtpx:TrackPointExtension>
            <gpxtpx:Extensions>
              <highway>motorway</highway>
              <surface>asphalt</surface>
              <maxspeed>unknown</maxspeed>
              <oneway>yes</oneway>
            </gpxtpx:Extensions>
          </gpxtpx:TrackPointExtension>
        </extensions>
      </trkpt>
      <trkpt lat="48.418717" lon="10.820926">
        <ele>454.5</ele>
        <extensions>
          <gpxtpx:TrackPointExtension>
            <gpxtpx:Extensions>
              <highway>motorway</highway>
              <surface>asphalt</surface>
              <maxspeed>unknown</maxspeed>
              <oneway>yes</oneway>
            </gpxtpx:Extensions>
          </gpxtpx:TrackPointExtension>
        </extensions>
      </trkpt>
      <trkpt lat="48.418795" lon="10.820136">
        <ele>454</ele>
      </trkpt>
    </trkseg>
  </trk>
</gpx>
