<?xml version="1.0" encoding="UTF-8" standalone="no" ?>
<gpx xmlns="http://www.topografix.com/GPX/1/1" xmlns:gpxx="http://www.garmin.com/xmlschemas/GpxExtensions/v3" xmlns:gpxtpx="http://www.garmin.com/xmlschemas/TrackPointExtension/v1" creator="mapstogpx.com" version="1.1" xmlns:xsi="http://www.w3.org/2001/XMLSchema-instance" xsi:schemaLocation="http://www.topografix.com/GPX/1/1 http://www.topografix.com/GPX/1/1/gpx.xsd http://www.garmin.com/xmlschemas/GpxExtensions/v3 http://www.garmin.com/xmlschemas/GpxExtensionsv3.xsd http://www.garmin.com/xmlschemas/TrackPointExtension/v1 http://www.garmin.com/xmlschemas/TrackPointExtensionv1.xsd">
  <metadata>
    <link href="http://www.mapstogpx.com">
      <text>Sverrir Sigmundarson</text>
    </link>
    <!--desc>Map data ©2024 GeoBasis-DE/BKG (©2009), Google</desc-->
    <!--copyright author="Google Inc">
    	<year>2024</year>
    	<license>https://developers.google.com/maps/terms</license>
    </copyright-->
    <!--url>https://www.google.de/maps/dir/Cognizant+Mobility+GmbH,+Ingolst%C3%A4dter+Stra%C3%9Fe,+M%C3%BCnchen-Milbertshofen-Am+Hart/48.4535376,10.0547176/@48.4346911,10.1145252,10017m/data=!3m1!1e3!4m9!4m8!1m5!1m1!1s0x479e744153e55555:0x5509d2effe5e125f!2m2!1d11.5832379!2d48.1891751!1m0!3e0?entry=tts&g_ep=EgoyMDI0MTAyNy4wKgBIAVAD&hl=en</url-->
    <time>2024-10-31T14:04:51Z</time>
  </metadata>
<trk>
  <name>Cognizant Mobility GmbH to Unnamed Road</name>
  <number>1</number>
  <trkseg>
  <trkpt lat="48.1894039" lon="11.5832372">
    <name>TP001</name>
  </trkpt>
  <trkpt lat="48.1894" lon="11.5833">
    <name>TP002</name>
  </trkpt>
  <trkpt lat="48.18941" lon="11.58338">
    <name>TP003</name>
  </trkpt>
  <trkpt lat="48.18943" lon="11.58349">
    <name>TP004</name>
  </trkpt>
  <trkpt lat="48.18945" lon="11.58359">
    <name>TP005</name>
  </trkpt>
  <trkpt lat="48.18946" lon="11.58368">
    <name>TP006</name>
  </trkpt>
  <trkpt lat="48.18947" lon="11.58375">
    <name>TP007</name>
  </trkpt>
  <trkpt lat="48.18947" lon="11.58378">
    <name>TP008</name>
  </trkpt>
  <trkpt lat="48.18948" lon="11.58392">
    <name>TP009</name>
  </trkpt>
  <trkpt lat="48.1895" lon="11.58416">
    <name>TP010</name>
  </trkpt>
  <trkpt lat="48.189503" lon="11.5841564">
    <name>TP011</name>
  </trkpt>
  <trkpt lat="48.1894" lon="11.58416">
    <name>TP012</name>
  </trkpt>
  <trkpt lat="48.18929" lon="11.58417">
    <name>TP013</name>
  </trkpt>
  <trkpt lat="48.1892924" lon="11.5841748">
    <name>TP014</name>
  </trkpt>
  <trkpt lat="48.18925" lon="11.58423">
    <name>TP015</name>
  </trkpt>
  <trkpt lat="48.18922" lon="11.58426">
    <name>TP016</name>
  </trkpt>
  <trkpt lat="48.1892" lon="11.58427">
    <name>TP017</name>
  </trkpt>
  <trkpt lat="48.18918" lon="11.58427">
    <name>TP018</name>
  </trkpt>
  <trkpt lat="48.18912" lon="11.58427">
    <name>TP019</name>
  </trkpt>
  <trkpt lat="48.18909" lon="11.58428">
    <name>TP020</name>
  </trkpt>
  <trkpt lat="48.18908" lon="11.58428">
    <name>TP021</name>
  </trkpt>
  <trkpt lat="48.18907" lon="11.5843">
    <name>TP022</name>
  </trkpt>
  <trkpt lat="48.18906" lon="11.58431">
    <name>TP023</name>
  </trkpt>
  <trkpt lat="48.18906" lon="11.58432">
    <name>TP024</name>
  </trkpt>
  <trkpt lat="48.18905" lon="11.58433">
    <name>TP025</name>
  </trkpt>
  <trkpt lat="48.18905" lon="11.58436">
    <name>TP026</name>
  </trkpt>
  <trkpt lat="48.18904" lon="11.5844">
    <name>TP027</name>
  </trkpt>
  <trkpt lat="48.18932" lon="11.58438">
    <name>TP028</name>
  </trkpt>
  <trkpt lat="48.18938" lon="11.58437">
    <name>TP029</name>
  </trkpt>
  <trkpt lat="48.18949" lon="11.58436">
    <name>TP030</name>
  </trkpt>
  <trkpt lat="48.18959" lon="11.58435">
    <name>TP031</name>
  </trkpt>
  <trkpt lat="48.18967" lon="11.58435">
    <name>TP032</name>
  </trkpt>
  <trkpt lat="48.18992" lon="11.58432">
    <name>TP033</name>
  </trkpt>
  <trkpt lat="48.19014" lon="11.58431">
    <name>TP034</name>
  </trkpt>
  <trkpt lat="48.19031" lon="11.58429">
    <name>TP035</name>
  </trkpt>
  <trkpt lat="48.19041" lon="11.58428">
    <name>TP036</name>
  </trkpt>
  <trkpt lat="48.19051" lon="11.58428">
    <name>TP037</name>
  </trkpt>
  <trkpt lat="48.19058" lon="11.58427">
    <name>TP038</name>
  </trkpt>
  <trkpt lat="48.1907" lon="11.58426">
    <name>TP039</name>
  </trkpt>
  <trkpt lat="48.19082" lon="11.58425">
    <name>TP040</name>
  </trkpt>
  <trkpt lat="48.19083" lon="11.58425">
    <name>TP041</name>
  </trkpt>
  <trkpt lat="48.19096" lon="11.58423">
    <name>TP042</name>
  </trkpt>
  <trkpt lat="48.1911" lon="11.58422">
    <name>TP043</name>
  </trkpt>
  <trkpt lat="48.19118" lon="11.5842">
    <name>TP044</name>
  </trkpt>
  <trkpt lat="48.19126" lon="11.5842">
    <name>TP045</name>
  </trkpt>
  <trkpt lat="48.19133" lon="11.58419">
    <name>TP046</name>
  </trkpt>
  <trkpt lat="48.19141" lon="11.58418">
    <name>TP047</name>
  </trkpt>
  <trkpt lat="48.19163" lon="11.58416">
    <name>TP048</name>
  </trkpt>
  <trkpt lat="48.19165" lon="11.58416">
    <name>TP049</name>
  </trkpt>
  <trkpt lat="48.19177" lon="11.58415">
    <name>TP050</name>
  </trkpt>
  <trkpt lat="48.19221" lon="11.58412">
    <name>TP051</name>
  </trkpt>
  <trkpt lat="48.19238" lon="11.58411">
    <name>TP052</name>
  </trkpt>
  <trkpt lat="48.19259" lon="11.5841">
    <name>TP053</name>
  </trkpt>
  <trkpt lat="48.19285" lon="11.58409">
    <name>TP054</name>
  </trkpt>
  <trkpt lat="48.19318" lon="11.58409">
    <name>TP055</name>
  </trkpt>
  <trkpt lat="48.19348" lon="11.58409">
    <name>TP056</name>
  </trkpt>
  <trkpt lat="48.19369" lon="11.5841">
    <name>TP057</name>
  </trkpt>
  <trkpt lat="48.19385" lon="11.5841">
    <name>TP058</name>
  </trkpt>
  <trkpt lat="48.19397" lon="11.58411">
    <name>TP059</name>
  </trkpt>
  <trkpt lat="48.19422" lon="11.58414">
    <name>TP060</name>
  </trkpt>
  <trkpt lat="48.19426" lon="11.58415">
    <name>TP061</name>
  </trkpt>
  <trkpt lat="48.19456" lon="11.58418">
    <name>TP062</name>
  </trkpt>
  <trkpt lat="48.19481" lon="11.58422">
    <name>TP063</name>
  </trkpt>
  <trkpt lat="48.19503" lon="11.58425">
    <name>TP064</name>
  </trkpt>
  <trkpt lat="48.19545" lon="11.58433">
    <name>TP065</name>
  </trkpt>
  <trkpt lat="48.19583" lon="11.58441">
    <name>TP066</name>
  </trkpt>
  <trkpt lat="48.19587" lon="11.58441">
    <name>TP067</name>
  </trkpt>
  <trkpt lat="48.19618" lon="11.58448">
    <name>TP068</name>
  </trkpt>
  <trkpt lat="48.1964" lon="11.58452">
    <name>TP069</name>
  </trkpt>
  <trkpt lat="48.19648" lon="11.58454">
    <name>TP070</name>
  </trkpt>
  <trkpt lat="48.19683" lon="11.5846">
    <name>TP071</name>
  </trkpt>
  <trkpt lat="48.1972" lon="11.58467">
    <name>TP072</name>
  </trkpt>
  <trkpt lat="48.19748" lon="11.58473">
    <name>TP073</name>
  </trkpt>
  <trkpt lat="48.19814" lon="11.58487">
    <name>TP074</name>
  </trkpt>
  <trkpt lat="48.19821" lon="11.58488">
    <name>TP075</name>
  </trkpt>
  <trkpt lat="48.19826" lon="11.58488">
    <name>TP076</name>
  </trkpt>
  <trkpt lat="48.19861" lon="11.58494">
    <name>TP077</name>
  </trkpt>
  <trkpt lat="48.19884" lon="11.58499">
    <name>TP078</name>
  </trkpt>
  <trkpt lat="48.19911" lon="11.58504">
    <name>TP079</name>
  </trkpt>
  <trkpt lat="48.19917" lon="11.58505">
    <name>TP080</name>
  </trkpt>
  <trkpt lat="48.19942" lon="11.5851">
    <name>TP081</name>
  </trkpt>
  <trkpt lat="48.1995" lon="11.58512">
    <name>TP082</name>
  </trkpt>
  <trkpt lat="48.20014" lon="11.58525">
    <name>TP083</name>
  </trkpt>
  <trkpt lat="48.20076" lon="11.58536">
    <name>TP084</name>
  </trkpt>
  <trkpt lat="48.20091" lon="11.58539">
    <name>TP085</name>
  </trkpt>
  <trkpt lat="48.20099" lon="11.58541">
    <name>TP086</name>
  </trkpt>
  <trkpt lat="48.20125" lon="11.58546">
    <name>TP087</name>
  </trkpt>
  <trkpt lat="48.20152" lon="11.58551">
    <name>TP088</name>
  </trkpt>
  <trkpt lat="48.2016" lon="11.58552">
    <name>TP089</name>
  </trkpt>
  <trkpt lat="48.20172" lon="11.58555">
    <name>TP090</name>
  </trkpt>
  <trkpt lat="48.20219" lon="11.58564">
    <name>TP091</name>
  </trkpt>
  <trkpt lat="48.20223" lon="11.58565">
    <name>TP092</name>
  </trkpt>
  <trkpt lat="48.2023" lon="11.58566">
    <name>TP093</name>
  </trkpt>
  <trkpt lat="48.20238" lon="11.58566">
    <name>TP094</name>
  </trkpt>
  <trkpt lat="48.2025" lon="11.58569">
    <name>TP095</name>
  </trkpt>
  <trkpt lat="48.20265" lon="11.58573">
    <name>TP096</name>
  </trkpt>
  <trkpt lat="48.20283" lon="11.58576">
    <name>TP097</name>
  </trkpt>
  <trkpt lat="48.20319" lon="11.58584">
    <name>TP098</name>
  </trkpt>
  <trkpt lat="48.20327" lon="11.58585">
    <name>TP099</name>
  </trkpt>
  <trkpt lat="48.20351" lon="11.5859">
    <name>TP100</name>
  </trkpt>
  <trkpt lat="48.20383" lon="11.58596">
    <name>TP101</name>
  </trkpt>
  <trkpt lat="48.20433" lon="11.58606">
    <name>TP102</name>
  </trkpt>
  <trkpt lat="48.20478" lon="11.58615">
    <name>TP103</name>
  </trkpt>
  <trkpt lat="48.20479" lon="11.58615">
    <name>TP104</name>
  </trkpt>
  <trkpt lat="48.20489" lon="11.58616">
    <name>TP105</name>
  </trkpt>
  <trkpt lat="48.20531" lon="11.58623">
    <name>TP106</name>
  </trkpt>
  <trkpt lat="48.20552" lon="11.58627">
    <name>TP107</name>
  </trkpt>
  <trkpt lat="48.20568" lon="11.58632">
    <name>TP108</name>
  </trkpt>
  <trkpt lat="48.20627" lon="11.58644">
    <name>TP109</name>
  </trkpt>
  <trkpt lat="48.20664" lon="11.58651">
    <name>TP110</name>
  </trkpt>
  <trkpt lat="48.20693" lon="11.58657">
    <name>TP111</name>
  </trkpt>
  <trkpt lat="48.20728" lon="11.58664">
    <name>TP112</name>
  </trkpt>
  <trkpt lat="48.20733" lon="11.58664">
    <name>TP113</name>
  </trkpt>
  <trkpt lat="48.20746" lon="11.58667">
    <name>TP114</name>
  </trkpt>
  <trkpt lat="48.20764" lon="11.58671">
    <name>TP115</name>
  </trkpt>
  <trkpt lat="48.20789" lon="11.58675">
    <name>TP116</name>
  </trkpt>
  <trkpt lat="48.20822" lon="11.58682">
    <name>TP117</name>
  </trkpt>
  <trkpt lat="48.2084" lon="11.58685">
    <name>TP118</name>
  </trkpt>
  <trkpt lat="48.20919" lon="11.58699">
    <name>TP119</name>
  </trkpt>
  <trkpt lat="48.20955" lon="11.58705">
    <name>TP120</name>
  </trkpt>
  <trkpt lat="48.20995" lon="11.58713">
    <name>TP121</name>
  </trkpt>
  <trkpt lat="48.21026" lon="11.58719">
    <name>TP122</name>
  </trkpt>
  <trkpt lat="48.2103" lon="11.5872">
    <name>TP123</name>
  </trkpt>
  <trkpt lat="48.21036" lon="11.58724">
    <name>TP124</name>
  </trkpt>
  <trkpt lat="48.21046" lon="11.58728">
    <name>TP125</name>
  </trkpt>
  <trkpt lat="48.21052" lon="11.5873">
    <name>TP126</name>
  </trkpt>
  <trkpt lat="48.21056" lon="11.5873">
    <name>TP127</name>
  </trkpt>
  <trkpt lat="48.21078" lon="11.58735">
    <name>TP128</name>
  </trkpt>
  <trkpt lat="48.21146" lon="11.58748">
    <name>TP129</name>
  </trkpt>
  <trkpt lat="48.21161" lon="11.58751">
    <name>TP130</name>
  </trkpt>
  <trkpt lat="48.21173" lon="11.58754">
    <name>TP131</name>
  </trkpt>
  <trkpt lat="48.21213" lon="11.58762">
    <name>TP132</name>
  </trkpt>
  <trkpt lat="48.21232" lon="11.58765">
    <name>TP133</name>
  </trkpt>
  <trkpt lat="48.21259" lon="11.5877">
    <name>TP134</name>
  </trkpt>
  <trkpt lat="48.21273" lon="11.58773">
    <name>TP135</name>
  </trkpt>
  <trkpt lat="48.2129" lon="11.58776">
    <name>TP136</name>
  </trkpt>
  <trkpt lat="48.21306" lon="11.58778">
    <name>TP137</name>
  </trkpt>
  <trkpt lat="48.21315" lon="11.58779">
    <name>TP138</name>
  </trkpt>
  <trkpt lat="48.21316" lon="11.58779">
    <name>TP139</name>
  </trkpt>
  <trkpt lat="48.21328" lon="11.58781">
    <name>TP140</name>
  </trkpt>
  <trkpt lat="48.21345" lon="11.58783">
    <name>TP141</name>
  </trkpt>
  <trkpt lat="48.21348" lon="11.58783">
    <name>TP142</name>
  </trkpt>
  <trkpt lat="48.21356" lon="11.58784">
    <name>TP143</name>
  </trkpt>
  <trkpt lat="48.21391" lon="11.58786">
    <name>TP144</name>
  </trkpt>
  <trkpt lat="48.214" lon="11.58786">
    <name>TP145</name>
  </trkpt>
  <trkpt lat="48.21404" lon="11.58786">
    <name>TP146</name>
  </trkpt>
  <trkpt lat="48.21424" lon="11.58787">
    <name>TP147</name>
  </trkpt>
  <trkpt lat="48.21427" lon="11.58787">
    <name>TP148</name>
  </trkpt>
  <trkpt lat="48.21432" lon="11.58787">
    <name>TP149</name>
  </trkpt>
  <trkpt lat="48.21434" lon="11.58787">
    <name>TP150</name>
  </trkpt>
  <trkpt lat="48.21454" lon="11.58787">
    <name>TP151</name>
  </trkpt>
  <trkpt lat="48.21549" lon="11.58787">
    <name>TP152</name>
  </trkpt>
  <trkpt lat="48.21614" lon="11.58786">
    <name>TP153</name>
  </trkpt>
  <trkpt lat="48.21644" lon="11.58786">
    <name>TP154</name>
  </trkpt>
  <trkpt lat="48.21655" lon="11.58786">
    <name>TP155</name>
  </trkpt>
  <trkpt lat="48.21701" lon="11.58786">
    <name>TP156</name>
  </trkpt>
  <trkpt lat="48.21742" lon="11.58785">
    <name>TP157</name>
  </trkpt>
  <trkpt lat="48.21788" lon="11.58785">
    <name>TP158</name>
  </trkpt>
  <trkpt lat="48.21836" lon="11.58784">
    <name>TP159</name>
  </trkpt>
  <trkpt lat="48.21849" lon="11.58784">
    <name>TP160</name>
  </trkpt>
  <trkpt lat="48.21862" lon="11.58784">
    <name>TP161</name>
  </trkpt>
  <trkpt lat="48.21867" lon="11.58784">
    <name>TP162</name>
  </trkpt>
  <trkpt lat="48.21893" lon="11.58784">
    <name>TP163</name>
  </trkpt>
  <trkpt lat="48.21901" lon="11.58784">
    <name>TP164</name>
  </trkpt>
  <trkpt lat="48.21944" lon="11.58783">
    <name>TP165</name>
  </trkpt>
  <trkpt lat="48.22005" lon="11.58782">
    <name>TP166</name>
  </trkpt>
  <trkpt lat="48.22014" lon="11.58782">
    <name>TP167</name>
  </trkpt>
  <trkpt lat="48.22032" lon="11.58781">
    <name>TP168</name>
  </trkpt>
  <trkpt lat="48.22042" lon="11.58781">
    <name>TP169</name>
  </trkpt>
  <trkpt lat="48.22051" lon="11.5878">
    <name>TP170</name>
  </trkpt>
  <trkpt lat="48.22062" lon="11.5878">
    <name>TP171</name>
  </trkpt>
  <trkpt lat="48.22066" lon="11.5878">
    <name>TP172</name>
  </trkpt>
  <trkpt lat="48.22145" lon="11.58776">
    <name>TP173</name>
  </trkpt>
  <trkpt lat="48.22208" lon="11.58772">
    <name>TP174</name>
  </trkpt>
  <trkpt lat="48.22217" lon="11.58771">
    <name>TP175</name>
  </trkpt>
  <trkpt lat="48.22225" lon="11.5877">
    <name>TP176</name>
  </trkpt>
  <trkpt lat="48.22307" lon="11.58762">
    <name>TP177</name>
  </trkpt>
  <trkpt lat="48.22314" lon="11.58762">
    <name>TP178</name>
  </trkpt>
  <trkpt lat="48.22365" lon="11.58755">
    <name>TP179</name>
  </trkpt>
  <trkpt lat="48.22407" lon="11.58749">
    <name>TP180</name>
  </trkpt>
  <trkpt lat="48.22418" lon="11.58747">
    <name>TP181</name>
  </trkpt>
  <trkpt lat="48.2245" lon="11.58742">
    <name>TP182</name>
  </trkpt>
  <trkpt lat="48.22476" lon="11.58738">
    <name>TP183</name>
  </trkpt>
  <trkpt lat="48.2249" lon="11.58736">
    <name>TP184</name>
  </trkpt>
  <trkpt lat="48.22499" lon="11.58734">
    <name>TP185</name>
  </trkpt>
  <trkpt lat="48.22519" lon="11.5873">
    <name>TP186</name>
  </trkpt>
  <trkpt lat="48.22575" lon="11.58719">
    <name>TP187</name>
  </trkpt>
  <trkpt lat="48.22584" lon="11.58717">
    <name>TP188</name>
  </trkpt>
  <trkpt lat="48.22609" lon="11.5871">
    <name>TP189</name>
  </trkpt>
  <trkpt lat="48.22639" lon="11.58703">
    <name>TP190</name>
  </trkpt>
  <trkpt lat="48.22692" lon="11.58689">
    <name>TP191</name>
  </trkpt>
  <trkpt lat="48.2269182" lon="11.5868894">
    <name>TP192</name>
  </trkpt>
  <trkpt lat="48.22703" lon="11.58686">
    <name>TP193</name>
  </trkpt>
  <trkpt lat="48.22706" lon="11.58685">
    <name>TP194</name>
  </trkpt>
  <trkpt lat="48.22709" lon="11.58684">
    <name>TP195</name>
  </trkpt>
  <trkpt lat="48.22719" lon="11.58681">
    <name>TP196</name>
  </trkpt>
  <trkpt lat="48.22725" lon="11.58679">
    <name>TP197</name>
  </trkpt>
  <trkpt lat="48.2273" lon="11.58678">
    <name>TP198</name>
  </trkpt>
  <trkpt lat="48.22746" lon="11.58673">
    <name>TP199</name>
  </trkpt>
  <trkpt lat="48.22781" lon="11.58663">
    <name>TP200</name>
  </trkpt>
  <trkpt lat="48.22796" lon="11.58659">
    <name>TP201</name>
  </trkpt>
  <trkpt lat="48.22799" lon="11.58658">
    <name>TP202</name>
  </trkpt>
  <trkpt lat="48.2282" lon="11.58651">
    <name>TP203</name>
  </trkpt>
  <trkpt lat="48.22837" lon="11.58647">
    <name>TP204</name>
  </trkpt>
  <trkpt lat="48.22874" lon="11.58635">
    <name>TP205</name>
  </trkpt>
  <trkpt lat="48.22893" lon="11.58629">
    <name>TP206</name>
  </trkpt>
  <trkpt lat="48.22908" lon="11.58624">
    <name>TP207</name>
  </trkpt>
  <trkpt lat="48.2290755" lon="11.5862442">
    <name>TP208</name>
  </trkpt>
  <trkpt lat="48.2292" lon="11.58628">
    <name>TP209</name>
  </trkpt>
  <trkpt lat="48.22929" lon="11.58631">
    <name>TP210</name>
  </trkpt>
  <trkpt lat="48.22938" lon="11.58632">
    <name>TP211</name>
  </trkpt>
  <trkpt lat="48.22943" lon="11.58633">
    <name>TP212</name>
  </trkpt>
  <trkpt lat="48.22948" lon="11.58635">
    <name>TP213</name>
  </trkpt>
  <trkpt lat="48.22952" lon="11.58638">
    <name>TP214</name>
  </trkpt>
  <trkpt lat="48.22956" lon="11.58641">
    <name>TP215</name>
  </trkpt>
  <trkpt lat="48.22961" lon="11.58645">
    <name>TP216</name>
  </trkpt>
  <trkpt lat="48.22966" lon="11.58651">
    <name>TP217</name>
  </trkpt>
  <trkpt lat="48.22971" lon="11.58658">
    <name>TP218</name>
  </trkpt>
  <trkpt lat="48.22974" lon="11.58663">
    <name>TP219</name>
  </trkpt>
  <trkpt lat="48.22978" lon="11.58668">
    <name>TP220</name>
  </trkpt>
  <trkpt lat="48.22981" lon="11.58684">
    <name>TP221</name>
  </trkpt>
  <trkpt lat="48.22982" lon="11.58696">
    <name>TP222</name>
  </trkpt>
  <trkpt lat="48.22982" lon="11.58703">
    <name>TP223</name>
  </trkpt>
  <trkpt lat="48.22982" lon="11.5871">
    <name>TP224</name>
  </trkpt>
  <trkpt lat="48.22982" lon="11.58715">
    <name>TP225</name>
  </trkpt>
  <trkpt lat="48.22981" lon="11.5872">
    <name>TP226</name>
  </trkpt>
  <trkpt lat="48.2298" lon="11.58725">
    <name>TP227</name>
  </trkpt>
  <trkpt lat="48.22978" lon="11.58732">
    <name>TP228</name>
  </trkpt>
  <trkpt lat="48.22975" lon="11.58741">
    <name>TP229</name>
  </trkpt>
  <trkpt lat="48.22973" lon="11.58747">
    <name>TP230</name>
  </trkpt>
  <trkpt lat="48.2297" lon="11.58752">
    <name>TP231</name>
  </trkpt>
  <trkpt lat="48.22965" lon="11.58759">
    <name>TP232</name>
  </trkpt>
  <trkpt lat="48.22963" lon="11.58761">
    <name>TP233</name>
  </trkpt>
  <trkpt lat="48.2296" lon="11.58764">
    <name>TP234</name>
  </trkpt>
  <trkpt lat="48.22957" lon="11.58768">
    <name>TP235</name>
  </trkpt>
  <trkpt lat="48.22953" lon="11.5877">
    <name>TP236</name>
  </trkpt>
  <trkpt lat="48.22949" lon="11.58773">
    <name>TP237</name>
  </trkpt>
  <trkpt lat="48.22945" lon="11.58775">
    <name>TP238</name>
  </trkpt>
  <trkpt lat="48.22939" lon="11.58777">
    <name>TP239</name>
  </trkpt>
  <trkpt lat="48.22937" lon="11.58777">
    <name>TP240</name>
  </trkpt>
  <trkpt lat="48.22933" lon="11.58778">
    <name>TP241</name>
  </trkpt>
  <trkpt lat="48.22931" lon="11.58778">
    <name>TP242</name>
  </trkpt>
  <trkpt lat="48.22929" lon="11.58777">
    <name>TP243</name>
  </trkpt>
  <trkpt lat="48.22927" lon="11.58777">
    <name>TP244</name>
  </trkpt>
  <trkpt lat="48.22924" lon="11.58777">
    <name>TP245</name>
  </trkpt>
  <trkpt lat="48.22921" lon="11.58776">
    <name>TP246</name>
  </trkpt>
  <trkpt lat="48.22916" lon="11.58774">
    <name>TP247</name>
  </trkpt>
  <trkpt lat="48.22915" lon="11.58774">
    <name>TP248</name>
  </trkpt>
  <trkpt lat="48.22912" lon="11.58772">
    <name>TP249</name>
  </trkpt>
  <trkpt lat="48.22908" lon="11.58769">
    <name>TP250</name>
  </trkpt>
  <trkpt lat="48.22905" lon="11.58767">
    <name>TP251</name>
  </trkpt>
  <trkpt lat="48.22903" lon="11.58765">
    <name>TP252</name>
  </trkpt>
  <trkpt lat="48.229" lon="11.58762">
    <name>TP253</name>
  </trkpt>
  <trkpt lat="48.22898" lon="11.58759">
    <name>TP254</name>
  </trkpt>
  <trkpt lat="48.22896" lon="11.58757">
    <name>TP255</name>
  </trkpt>
  <trkpt lat="48.22895" lon="11.58755">
    <name>TP256</name>
  </trkpt>
  <trkpt lat="48.22894" lon="11.58754">
    <name>TP257</name>
  </trkpt>
  <trkpt lat="48.22893" lon="11.58752">
    <name>TP258</name>
  </trkpt>
  <trkpt lat="48.22892" lon="11.58751">
    <name>TP259</name>
  </trkpt>
  <trkpt lat="48.22892" lon="11.5875">
    <name>TP260</name>
  </trkpt>
  <trkpt lat="48.22891" lon="11.58749">
    <name>TP261</name>
  </trkpt>
  <trkpt lat="48.22891" lon="11.58747">
    <name>TP262</name>
  </trkpt>
  <trkpt lat="48.2289" lon="11.58745">
    <name>TP263</name>
  </trkpt>
  <trkpt lat="48.22889" lon="11.58744">
    <name>TP264</name>
  </trkpt>
  <trkpt lat="48.22888" lon="11.5874">
    <name>TP265</name>
  </trkpt>
  <trkpt lat="48.22886" lon="11.58736">
    <name>TP266</name>
  </trkpt>
  <trkpt lat="48.22885" lon="11.58731">
    <name>TP267</name>
  </trkpt>
  <trkpt lat="48.22884" lon="11.58726">
    <name>TP268</name>
  </trkpt>
  <trkpt lat="48.22883" lon="11.58723">
    <name>TP269</name>
  </trkpt>
  <trkpt lat="48.22882" lon="11.5872">
    <name>TP270</name>
  </trkpt>
  <trkpt lat="48.22882" lon="11.58716">
    <name>TP271</name>
  </trkpt>
  <trkpt lat="48.22881" lon="11.58711">
    <name>TP272</name>
  </trkpt>
  <trkpt lat="48.22879" lon="11.58708">
    <name>TP273</name>
  </trkpt>
  <trkpt lat="48.22871" lon="11.58692">
    <name>TP274</name>
  </trkpt>
  <trkpt lat="48.2287" lon="11.58682">
    <name>TP275</name>
  </trkpt>
  <trkpt lat="48.22867" lon="11.58634">
    <name>TP276</name>
  </trkpt>
  <trkpt lat="48.22863" lon="11.58593">
    <name>TP277</name>
  </trkpt>
  <trkpt lat="48.22862" lon="11.58568">
    <name>TP278</name>
  </trkpt>
  <trkpt lat="48.22859" lon="11.58533">
    <name>TP279</name>
  </trkpt>
  <trkpt lat="48.22858" lon="11.58514">
    <name>TP280</name>
  </trkpt>
  <trkpt lat="48.22854" lon="11.58469">
    <name>TP281</name>
  </trkpt>
  <trkpt lat="48.2285" lon="11.58421">
    <name>TP282</name>
  </trkpt>
  <trkpt lat="48.2285" lon="11.58413">
    <name>TP283</name>
  </trkpt>
  <trkpt lat="48.22848" lon="11.5838">
    <name>TP284</name>
  </trkpt>
  <trkpt lat="48.22843" lon="11.58319">
    <name>TP285</name>
  </trkpt>
  <trkpt lat="48.22838" lon="11.58269">
    <name>TP286</name>
  </trkpt>
  <trkpt lat="48.22837" lon="11.58249">
    <name>TP287</name>
  </trkpt>
  <trkpt lat="48.22835" lon="11.58227">
    <name>TP288</name>
  </trkpt>
  <trkpt lat="48.22833" lon="11.58204">
    <name>TP289</name>
  </trkpt>
  <trkpt lat="48.22827" lon="11.58147">
    <name>TP290</name>
  </trkpt>
  <trkpt lat="48.22825" lon="11.58125">
    <name>TP291</name>
  </trkpt>
  <trkpt lat="48.22825" lon="11.5812">
    <name>TP292</name>
  </trkpt>
  <trkpt lat="48.2282" lon="11.58067">
    <name>TP293</name>
  </trkpt>
  <trkpt lat="48.22815" lon="11.58013">
    <name>TP294</name>
  </trkpt>
  <trkpt lat="48.22815" lon="11.58012">
    <name>TP295</name>
  </trkpt>
  <trkpt lat="48.22812" lon="11.57986">
    <name>TP296</name>
  </trkpt>
  <trkpt lat="48.22807" lon="11.57926">
    <name>TP297</name>
  </trkpt>
  <trkpt lat="48.22803" lon="11.57884">
    <name>TP298</name>
  </trkpt>
  <trkpt lat="48.22796" lon="11.57811">
    <name>TP299</name>
  </trkpt>
  <trkpt lat="48.22794" lon="11.5779">
    <name>TP300</name>
  </trkpt>
  <trkpt lat="48.22794" lon="11.57786">
    <name>TP301</name>
  </trkpt>
  <trkpt lat="48.22785" lon="11.57697">
    <name>TP302</name>
  </trkpt>
  <trkpt lat="48.2278" lon="11.57645">
    <name>TP303</name>
  </trkpt>
  <trkpt lat="48.22778" lon="11.57623">
    <name>TP304</name>
  </trkpt>
  <trkpt lat="48.22776" lon="11.57595">
    <name>TP305</name>
  </trkpt>
  <trkpt lat="48.22774" lon="11.57579">
    <name>TP306</name>
  </trkpt>
  <trkpt lat="48.22771" lon="11.57548">
    <name>TP307</name>
  </trkpt>
  <trkpt lat="48.22768" lon="11.57515">
    <name>TP308</name>
  </trkpt>
  <trkpt lat="48.22765" lon="11.57469">
    <name>TP309</name>
  </trkpt>
  <trkpt lat="48.22763" lon="11.57453">
    <name>TP310</name>
  </trkpt>
  <trkpt lat="48.22757" lon="11.5738">
    <name>TP311</name>
  </trkpt>
  <trkpt lat="48.2275" lon="11.57287">
    <name>TP312</name>
  </trkpt>
  <trkpt lat="48.22745" lon="11.57223">
    <name>TP313</name>
  </trkpt>
  <trkpt lat="48.22742" lon="11.57181">
    <name>TP314</name>
  </trkpt>
  <trkpt lat="48.22739" lon="11.57137">
    <name>TP315</name>
  </trkpt>
  <trkpt lat="48.22736" lon="11.57101">
    <name>TP316</name>
  </trkpt>
  <trkpt lat="48.22733" lon="11.57073">
    <name>TP317</name>
  </trkpt>
  <trkpt lat="48.22725" lon="11.56947">
    <name>TP318</name>
  </trkpt>
  <trkpt lat="48.22723" lon="11.56903">
    <name>TP319</name>
  </trkpt>
  <trkpt lat="48.2272" lon="11.56853">
    <name>TP320</name>
  </trkpt>
  <trkpt lat="48.22717" lon="11.56801">
    <name>TP321</name>
  </trkpt>
  <trkpt lat="48.22713" lon="11.56714">
    <name>TP322</name>
  </trkpt>
  <trkpt lat="48.22711" lon="11.56683">
    <name>TP323</name>
  </trkpt>
  <trkpt lat="48.22709" lon="11.56639">
    <name>TP324</name>
  </trkpt>
  <trkpt lat="48.22707" lon="11.56591">
    <name>TP325</name>
  </trkpt>
  <trkpt lat="48.22706" lon="11.56557">
    <name>TP326</name>
  </trkpt>
  <trkpt lat="48.22705" lon="11.56534">
    <name>TP327</name>
  </trkpt>
  <trkpt lat="48.22701" lon="11.5643">
    <name>TP328</name>
  </trkpt>
  <trkpt lat="48.227" lon="11.56383">
    <name>TP329</name>
  </trkpt>
  <trkpt lat="48.22697" lon="11.56305">
    <name>TP330</name>
  </trkpt>
  <trkpt lat="48.22697" lon="11.56278">
    <name>TP331</name>
  </trkpt>
  <trkpt lat="48.22696" lon="11.56258">
    <name>TP332</name>
  </trkpt>
  <trkpt lat="48.22696" lon="11.56227">
    <name>TP333</name>
  </trkpt>
  <trkpt lat="48.22695" lon="11.56197">
    <name>TP334</name>
  </trkpt>
  <trkpt lat="48.22694" lon="11.56173">
    <name>TP335</name>
  </trkpt>
  <trkpt lat="48.22693" lon="11.56113">
    <name>TP336</name>
  </trkpt>
  <trkpt lat="48.22692" lon="11.56063">
    <name>TP337</name>
  </trkpt>
  <trkpt lat="48.22692" lon="11.56062">
    <name>TP338</name>
  </trkpt>
  <trkpt lat="48.22691" lon="11.56036">
    <name>TP339</name>
  </trkpt>
  <trkpt lat="48.22691" lon="11.5601">
    <name>TP340</name>
  </trkpt>
  <trkpt lat="48.22689" lon="11.5592">
    <name>TP341</name>
  </trkpt>
  <trkpt lat="48.22689" lon="11.55901">
    <name>TP342</name>
  </trkpt>
  <trkpt lat="48.22687" lon="11.55819">
    <name>TP343</name>
  </trkpt>
  <trkpt lat="48.22685" lon="11.55674">
    <name>TP344</name>
  </trkpt>
  <trkpt lat="48.22684" lon="11.55602">
    <name>TP345</name>
  </trkpt>
  <trkpt lat="48.22682" lon="11.55529">
    <name>TP346</name>
  </trkpt>
  <trkpt lat="48.2268" lon="11.5542">
    <name>TP347</name>
  </trkpt>
  <trkpt lat="48.22679" lon="11.55386">
    <name>TP348</name>
  </trkpt>
  <trkpt lat="48.22678" lon="11.553">
    <name>TP349</name>
  </trkpt>
  <trkpt lat="48.22677" lon="11.55273">
    <name>TP350</name>
  </trkpt>
  <trkpt lat="48.22676" lon="11.55219">
    <name>TP351</name>
  </trkpt>
  <trkpt lat="48.22674" lon="11.55136">
    <name>TP352</name>
  </trkpt>
  <trkpt lat="48.22672" lon="11.55057">
    <name>TP353</name>
  </trkpt>
  <trkpt lat="48.22671" lon="11.5503">
    <name>TP354</name>
  </trkpt>
  <trkpt lat="48.22671" lon="11.55003">
    <name>TP355</name>
  </trkpt>
  <trkpt lat="48.22671" lon="11.55002">
    <name>TP356</name>
  </trkpt>
  <trkpt lat="48.22669" lon="11.54949">
    <name>TP357</name>
  </trkpt>
  <trkpt lat="48.22668" lon="11.54915">
    <name>TP358</name>
  </trkpt>
  <trkpt lat="48.22663" lon="11.54799">
    <name>TP359</name>
  </trkpt>
  <trkpt lat="48.22661" lon="11.54733">
    <name>TP360</name>
  </trkpt>
  <trkpt lat="48.22659" lon="11.54673">
    <name>TP361</name>
  </trkpt>
  <trkpt lat="48.22658" lon="11.54646">
    <name>TP362</name>
  </trkpt>
  <trkpt lat="48.22657" lon="11.54605">
    <name>TP363</name>
  </trkpt>
  <trkpt lat="48.22654" lon="11.54542">
    <name>TP364</name>
  </trkpt>
  <trkpt lat="48.2265" lon="11.54472">
    <name>TP365</name>
  </trkpt>
  <trkpt lat="48.22643" lon="11.54378">
    <name>TP366</name>
  </trkpt>
  <trkpt lat="48.2264" lon="11.54338">
    <name>TP367</name>
  </trkpt>
  <trkpt lat="48.22636" lon="11.54297">
    <name>TP368</name>
  </trkpt>
  <trkpt lat="48.22635" lon="11.54281">
    <name>TP369</name>
  </trkpt>
  <trkpt lat="48.22633" lon="11.54252">
    <name>TP370</name>
  </trkpt>
  <trkpt lat="48.22632" lon="11.54237">
    <name>TP371</name>
  </trkpt>
  <trkpt lat="48.22631" lon="11.54225">
    <name>TP372</name>
  </trkpt>
  <trkpt lat="48.2263" lon="11.54206">
    <name>TP373</name>
  </trkpt>
  <trkpt lat="48.22627" lon="11.54171">
    <name>TP374</name>
  </trkpt>
  <trkpt lat="48.22625" lon="11.54144">
    <name>TP375</name>
  </trkpt>
  <trkpt lat="48.22612" lon="11.54011">
    <name>TP376</name>
  </trkpt>
  <trkpt lat="48.22601" lon="11.53901">
    <name>TP377</name>
  </trkpt>
  <trkpt lat="48.22584" lon="11.5374">
    <name>TP378</name>
  </trkpt>
  <trkpt lat="48.22555" lon="11.53503">
    <name>TP379</name>
  </trkpt>
  <trkpt lat="48.2255" lon="11.53475">
    <name>TP380</name>
  </trkpt>
  <trkpt lat="48.22528" lon="11.53341">
    <name>TP381</name>
  </trkpt>
  <trkpt lat="48.22517" lon="11.53275">
    <name>TP382</name>
  </trkpt>
  <trkpt lat="48.22496" lon="11.53141">
    <name>TP383</name>
  </trkpt>
  <trkpt lat="48.22471" lon="11.53003">
    <name>TP384</name>
  </trkpt>
  <trkpt lat="48.2246" lon="11.52949">
    <name>TP385</name>
  </trkpt>
  <trkpt lat="48.22446" lon="11.52876">
    <name>TP386</name>
  </trkpt>
  <trkpt lat="48.22438" lon="11.52836">
    <name>TP387</name>
  </trkpt>
  <trkpt lat="48.22426" lon="11.52781">
    <name>TP388</name>
  </trkpt>
  <trkpt lat="48.22417" lon="11.52738">
    <name>TP389</name>
  </trkpt>
  <trkpt lat="48.22408" lon="11.52695">
    <name>TP390</name>
  </trkpt>
  <trkpt lat="48.22405" lon="11.52682">
    <name>TP391</name>
  </trkpt>
  <trkpt lat="48.22402" lon="11.52668">
    <name>TP392</name>
  </trkpt>
  <trkpt lat="48.224" lon="11.52659">
    <name>TP393</name>
  </trkpt>
  <trkpt lat="48.22398" lon="11.52649">
    <name>TP394</name>
  </trkpt>
  <trkpt lat="48.22379" lon="11.52566">
    <name>TP395</name>
  </trkpt>
  <trkpt lat="48.22378" lon="11.52561">
    <name>TP396</name>
  </trkpt>
  <trkpt lat="48.22369" lon="11.52522">
    <name>TP397</name>
  </trkpt>
  <trkpt lat="48.22356" lon="11.52464">
    <name>TP398</name>
  </trkpt>
  <trkpt lat="48.22353" lon="11.52451">
    <name>TP399</name>
  </trkpt>
  <trkpt lat="48.2235" lon="11.52439">
    <name>TP400</name>
  </trkpt>
  <trkpt lat="48.22338" lon="11.52393">
    <name>TP401</name>
  </trkpt>
  <trkpt lat="48.22332" lon="11.52369">
    <name>TP402</name>
  </trkpt>
  <trkpt lat="48.22322" lon="11.52328">
    <name>TP403</name>
  </trkpt>
  <trkpt lat="48.223" lon="11.5224">
    <name>TP404</name>
  </trkpt>
  <trkpt lat="48.22292" lon="11.52209">
    <name>TP405</name>
  </trkpt>
  <trkpt lat="48.22282" lon="11.52173">
    <name>TP406</name>
  </trkpt>
  <trkpt lat="48.22272" lon="11.52135">
    <name>TP407</name>
  </trkpt>
  <trkpt lat="48.22267" lon="11.52116">
    <name>TP408</name>
  </trkpt>
  <trkpt lat="48.22242" lon="11.52029">
    <name>TP409</name>
  </trkpt>
  <trkpt lat="48.22238" lon="11.52014">
    <name>TP410</name>
  </trkpt>
  <trkpt lat="48.22237" lon="11.52013">
    <name>TP411</name>
  </trkpt>
  <trkpt lat="48.22231" lon="11.51991">
    <name>TP412</name>
  </trkpt>
  <trkpt lat="48.22224" lon="11.51967">
    <name>TP413</name>
  </trkpt>
  <trkpt lat="48.22218" lon="11.51945">
    <name>TP414</name>
  </trkpt>
  <trkpt lat="48.22217" lon="11.51942">
    <name>TP415</name>
  </trkpt>
  <trkpt lat="48.22209" lon="11.51917">
    <name>TP416</name>
  </trkpt>
  <trkpt lat="48.22202" lon="11.51893">
    <name>TP417</name>
  </trkpt>
  <trkpt lat="48.22201" lon="11.51892">
    <name>TP418</name>
  </trkpt>
  <trkpt lat="48.22199" lon="11.51884">
    <name>TP419</name>
  </trkpt>
  <trkpt lat="48.22191" lon="11.51859">
    <name>TP420</name>
  </trkpt>
  <trkpt lat="48.22184" lon="11.51835">
    <name>TP421</name>
  </trkpt>
  <trkpt lat="48.22171" lon="11.51795">
    <name>TP422</name>
  </trkpt>
  <trkpt lat="48.22163" lon="11.5177">
    <name>TP423</name>
  </trkpt>
  <trkpt lat="48.22156" lon="11.51749">
    <name>TP424</name>
  </trkpt>
  <trkpt lat="48.22155" lon="11.51747">
    <name>TP425</name>
  </trkpt>
  <trkpt lat="48.22147" lon="11.51722">
    <name>TP426</name>
  </trkpt>
  <trkpt lat="48.22126" lon="11.51659">
    <name>TP427</name>
  </trkpt>
  <trkpt lat="48.22121" lon="11.51645">
    <name>TP428</name>
  </trkpt>
  <trkpt lat="48.22113" lon="11.5162">
    <name>TP429</name>
  </trkpt>
  <trkpt lat="48.22112" lon="11.51617">
    <name>TP430</name>
  </trkpt>
  <trkpt lat="48.22097" lon="11.51576">
    <name>TP431</name>
  </trkpt>
  <trkpt lat="48.2209" lon="11.51556">
    <name>TP432</name>
  </trkpt>
  <trkpt lat="48.22086" lon="11.51542">
    <name>TP433</name>
  </trkpt>
  <trkpt lat="48.22077" lon="11.51518">
    <name>TP434</name>
  </trkpt>
  <trkpt lat="48.22064" lon="11.51481">
    <name>TP435</name>
  </trkpt>
  <trkpt lat="48.22049" lon="11.51439">
    <name>TP436</name>
  </trkpt>
  <trkpt lat="48.22027" lon="11.51381">
    <name>TP437</name>
  </trkpt>
  <trkpt lat="48.22019" lon="11.5136">
    <name>TP438</name>
  </trkpt>
  <trkpt lat="48.2201" lon="11.51337">
    <name>TP439</name>
  </trkpt>
  <trkpt lat="48.22003" lon="11.51318">
    <name>TP440</name>
  </trkpt>
  <trkpt lat="48.21987" lon="11.51278">
    <name>TP441</name>
  </trkpt>
  <trkpt lat="48.21977" lon="11.51252">
    <name>TP442</name>
  </trkpt>
  <trkpt lat="48.21959" lon="11.51209">
    <name>TP443</name>
  </trkpt>
  <trkpt lat="48.21957" lon="11.51202">
    <name>TP444</name>
  </trkpt>
  <trkpt lat="48.21947" lon="11.51179">
    <name>TP445</name>
  </trkpt>
  <trkpt lat="48.21934" lon="11.51147">
    <name>TP446</name>
  </trkpt>
  <trkpt lat="48.21929" lon="11.51136">
    <name>TP447</name>
  </trkpt>
  <trkpt lat="48.21927" lon="11.5113">
    <name>TP448</name>
  </trkpt>
  <trkpt lat="48.21926" lon="11.51127">
    <name>TP449</name>
  </trkpt>
  <trkpt lat="48.21916" lon="11.51104">
    <name>TP450</name>
  </trkpt>
  <trkpt lat="48.21913" lon="11.51095">
    <name>TP451</name>
  </trkpt>
  <trkpt lat="48.21904" lon="11.51075">
    <name>TP452</name>
  </trkpt>
  <trkpt lat="48.21903" lon="11.51072">
    <name>TP453</name>
  </trkpt>
  <trkpt lat="48.21893" lon="11.5105">
    <name>TP454</name>
  </trkpt>
  <trkpt lat="48.21878" lon="11.51014">
    <name>TP455</name>
  </trkpt>
  <trkpt lat="48.21868" lon="11.50992">
    <name>TP456</name>
  </trkpt>
  <trkpt lat="48.21846" lon="11.50941">
    <name>TP457</name>
  </trkpt>
  <trkpt lat="48.21845" lon="11.50939">
    <name>TP458</name>
  </trkpt>
  <trkpt lat="48.21844" lon="11.50937">
    <name>TP459</name>
  </trkpt>
  <trkpt lat="48.21818" lon="11.50879">
    <name>TP460</name>
  </trkpt>
  <trkpt lat="48.21786" lon="11.50813">
    <name>TP461</name>
  </trkpt>
  <trkpt lat="48.21782" lon="11.50804">
    <name>TP462</name>
  </trkpt>
  <trkpt lat="48.21774" lon="11.50786">
    <name>TP463</name>
  </trkpt>
  <trkpt lat="48.21757" lon="11.50751">
    <name>TP464</name>
  </trkpt>
  <trkpt lat="48.21735" lon="11.50707">
    <name>TP465</name>
  </trkpt>
  <trkpt lat="48.21698" lon="11.50631">
    <name>TP466</name>
  </trkpt>
  <trkpt lat="48.21667" lon="11.5057">
    <name>TP467</name>
  </trkpt>
  <trkpt lat="48.2163" lon="11.50501">
    <name>TP468</name>
  </trkpt>
  <trkpt lat="48.21626" lon="11.50494">
    <name>TP469</name>
  </trkpt>
  <trkpt lat="48.21578" lon="11.50405">
    <name>TP470</name>
  </trkpt>
  <trkpt lat="48.21566" lon="11.50384">
    <name>TP471</name>
  </trkpt>
  <trkpt lat="48.21549" lon="11.50353">
    <name>TP472</name>
  </trkpt>
  <trkpt lat="48.21532" lon="11.50323">
    <name>TP473</name>
  </trkpt>
  <trkpt lat="48.21501" lon="11.50271">
    <name>TP474</name>
  </trkpt>
  <trkpt lat="48.21459" lon="11.50198">
    <name>TP475</name>
  </trkpt>
  <trkpt lat="48.21458" lon="11.50196">
    <name>TP476</name>
  </trkpt>
  <trkpt lat="48.21446" lon="11.50177">
    <name>TP477</name>
  </trkpt>
  <trkpt lat="48.21426" lon="11.50144">
    <name>TP478</name>
  </trkpt>
  <trkpt lat="48.21422" lon="11.50137">
    <name>TP479</name>
  </trkpt>
  <trkpt lat="48.21409" lon="11.50117">
    <name>TP480</name>
  </trkpt>
  <trkpt lat="48.21404" lon="11.50109">
    <name>TP481</name>
  </trkpt>
  <trkpt lat="48.21371" lon="11.50056">
    <name>TP482</name>
  </trkpt>
  <trkpt lat="48.21361" lon="11.50041">
    <name>TP483</name>
  </trkpt>
  <trkpt lat="48.21348" lon="11.5002">
    <name>TP484</name>
  </trkpt>
  <trkpt lat="48.21343" lon="11.50013">
    <name>TP485</name>
  </trkpt>
  <trkpt lat="48.21334" lon="11.49999">
    <name>TP486</name>
  </trkpt>
  <trkpt lat="48.21314" lon="11.49969">
    <name>TP487</name>
  </trkpt>
  <trkpt lat="48.21289" lon="11.49929">
    <name>TP488</name>
  </trkpt>
  <trkpt lat="48.21287" lon="11.49927">
    <name>TP489</name>
  </trkpt>
  <trkpt lat="48.21267" lon="11.49895">
    <name>TP490</name>
  </trkpt>
  <trkpt lat="48.21263" lon="11.49887">
    <name>TP491</name>
  </trkpt>
  <trkpt lat="48.21251" lon="11.49867">
    <name>TP492</name>
  </trkpt>
  <trkpt lat="48.21248" lon="11.49863">
    <name>TP493</name>
  </trkpt>
  <trkpt lat="48.21234" lon="11.49838">
    <name>TP494</name>
  </trkpt>
  <trkpt lat="48.21216" lon="11.49805">
    <name>TP495</name>
  </trkpt>
  <trkpt lat="48.21214" lon="11.49801">
    <name>TP496</name>
  </trkpt>
  <trkpt lat="48.2119" lon="11.49756">
    <name>TP497</name>
  </trkpt>
  <trkpt lat="48.21178" lon="11.49731">
    <name>TP498</name>
  </trkpt>
  <trkpt lat="48.21154" lon="11.4968">
    <name>TP499</name>
  </trkpt>
  <trkpt lat="48.2113" lon="11.49626">
    <name>TP500</name>
  </trkpt>
  <trkpt lat="48.21117" lon="11.49596">
    <name>TP501</name>
  </trkpt>
  <trkpt lat="48.21113" lon="11.49584">
    <name>TP502</name>
  </trkpt>
  <trkpt lat="48.21098" lon="11.49547">
    <name>TP503</name>
  </trkpt>
  <trkpt lat="48.21075" lon="11.49485">
    <name>TP504</name>
  </trkpt>
  <trkpt lat="48.2106" lon="11.49443">
    <name>TP505</name>
  </trkpt>
  <trkpt lat="48.21038" lon="11.49374">
    <name>TP506</name>
  </trkpt>
  <trkpt lat="48.21021" lon="11.49316">
    <name>TP507</name>
  </trkpt>
  <trkpt lat="48.21008" lon="11.49265">
    <name>TP508</name>
  </trkpt>
  <trkpt lat="48.21" lon="11.49233">
    <name>TP509</name>
  </trkpt>
  <trkpt lat="48.20989" lon="11.49189">
    <name>TP510</name>
  </trkpt>
  <trkpt lat="48.20982" lon="11.49156">
    <name>TP511</name>
  </trkpt>
  <trkpt lat="48.20976" lon="11.49126">
    <name>TP512</name>
  </trkpt>
  <trkpt lat="48.20961" lon="11.49043">
    <name>TP513</name>
  </trkpt>
  <trkpt lat="48.2095" lon="11.48974">
    <name>TP514</name>
  </trkpt>
  <trkpt lat="48.2095" lon="11.48972">
    <name>TP515</name>
  </trkpt>
  <trkpt lat="48.20944" lon="11.48931">
    <name>TP516</name>
  </trkpt>
  <trkpt lat="48.20939" lon="11.48894">
    <name>TP517</name>
  </trkpt>
  <trkpt lat="48.20937" lon="11.48877">
    <name>TP518</name>
  </trkpt>
  <trkpt lat="48.20936" lon="11.4886">
    <name>TP519</name>
  </trkpt>
  <trkpt lat="48.20926" lon="11.48768">
    <name>TP520</name>
  </trkpt>
  <trkpt lat="48.20926" lon="11.48763">
    <name>TP521</name>
  </trkpt>
  <trkpt lat="48.20924" lon="11.48736">
    <name>TP522</name>
  </trkpt>
  <trkpt lat="48.20922" lon="11.4871">
    <name>TP523</name>
  </trkpt>
  <trkpt lat="48.20921" lon="11.48681">
    <name>TP524</name>
  </trkpt>
  <trkpt lat="48.2092" lon="11.48662">
    <name>TP525</name>
  </trkpt>
  <trkpt lat="48.2092" lon="11.48643">
    <name>TP526</name>
  </trkpt>
  <trkpt lat="48.20919" lon="11.48618">
    <name>TP527</name>
  </trkpt>
  <trkpt lat="48.20918" lon="11.48607">
    <name>TP528</name>
  </trkpt>
  <trkpt lat="48.20918" lon="11.48564">
    <name>TP529</name>
  </trkpt>
  <trkpt lat="48.20918" lon="11.48563">
    <name>TP530</name>
  </trkpt>
  <trkpt lat="48.20918" lon="11.48506">
    <name>TP531</name>
  </trkpt>
  <trkpt lat="48.20918" lon="11.48474">
    <name>TP532</name>
  </trkpt>
  <trkpt lat="48.2092" lon="11.4842">
    <name>TP533</name>
  </trkpt>
  <trkpt lat="48.20921" lon="11.48394">
    <name>TP534</name>
  </trkpt>
  <trkpt lat="48.20922" lon="11.48376">
    <name>TP535</name>
  </trkpt>
  <trkpt lat="48.20924" lon="11.48351">
    <name>TP536</name>
  </trkpt>
  <trkpt lat="48.20927" lon="11.48306">
    <name>TP537</name>
  </trkpt>
  <trkpt lat="48.20929" lon="11.48283">
    <name>TP538</name>
  </trkpt>
  <trkpt lat="48.20931" lon="11.48261">
    <name>TP539</name>
  </trkpt>
  <trkpt lat="48.20935" lon="11.4822">
    <name>TP540</name>
  </trkpt>
  <trkpt lat="48.20942" lon="11.48162">
    <name>TP541</name>
  </trkpt>
  <trkpt lat="48.20946" lon="11.48127">
    <name>TP542</name>
  </trkpt>
  <trkpt lat="48.20951" lon="11.4809">
    <name>TP543</name>
  </trkpt>
  <trkpt lat="48.20952" lon="11.48084">
    <name>TP544</name>
  </trkpt>
  <trkpt lat="48.20954" lon="11.48073">
    <name>TP545</name>
  </trkpt>
  <trkpt lat="48.20955" lon="11.48064">
    <name>TP546</name>
  </trkpt>
  <trkpt lat="48.2096" lon="11.48026">
    <name>TP547</name>
  </trkpt>
  <trkpt lat="48.20964" lon="11.4799">
    <name>TP548</name>
  </trkpt>
  <trkpt lat="48.20967" lon="11.47971">
    <name>TP549</name>
  </trkpt>
  <trkpt lat="48.2097" lon="11.47942">
    <name>TP550</name>
  </trkpt>
  <trkpt lat="48.20973" lon="11.47912">
    <name>TP551</name>
  </trkpt>
  <trkpt lat="48.20976" lon="11.47873">
    <name>TP552</name>
  </trkpt>
  <trkpt lat="48.20978" lon="11.47848">
    <name>TP553</name>
  </trkpt>
  <trkpt lat="48.2098" lon="11.4782">
    <name>TP554</name>
  </trkpt>
  <trkpt lat="48.20981" lon="11.47807">
    <name>TP555</name>
  </trkpt>
  <trkpt lat="48.20982" lon="11.47795">
    <name>TP556</name>
  </trkpt>
  <trkpt lat="48.20983" lon="11.47775">
    <name>TP557</name>
  </trkpt>
  <trkpt lat="48.20983" lon="11.47757">
    <name>TP558</name>
  </trkpt>
  <trkpt lat="48.20985" lon="11.47729">
    <name>TP559</name>
  </trkpt>
  <trkpt lat="48.20985" lon="11.4772">
    <name>TP560</name>
  </trkpt>
  <trkpt lat="48.20985" lon="11.47719">
    <name>TP561</name>
  </trkpt>
  <trkpt lat="48.20986" lon="11.47703">
    <name>TP562</name>
  </trkpt>
  <trkpt lat="48.20986" lon="11.47686">
    <name>TP563</name>
  </trkpt>
  <trkpt lat="48.20987" lon="11.47666">
    <name>TP564</name>
  </trkpt>
  <trkpt lat="48.20987" lon="11.47646">
    <name>TP565</name>
  </trkpt>
  <trkpt lat="48.20987" lon="11.47613">
    <name>TP566</name>
  </trkpt>
  <trkpt lat="48.20987" lon="11.47581">
    <name>TP567</name>
  </trkpt>
  <trkpt lat="48.20987" lon="11.47533">
    <name>TP568</name>
  </trkpt>
  <trkpt lat="48.20986" lon="11.47455">
    <name>TP569</name>
  </trkpt>
  <trkpt lat="48.20986" lon="11.47326">
    <name>TP570</name>
  </trkpt>
  <trkpt lat="48.20985" lon="11.47295">
    <name>TP571</name>
  </trkpt>
  <trkpt lat="48.20985" lon="11.47273">
    <name>TP572</name>
  </trkpt>
  <trkpt lat="48.20985" lon="11.47223">
    <name>TP573</name>
  </trkpt>
  <trkpt lat="48.20984" lon="11.47084">
    <name>TP574</name>
  </trkpt>
  <trkpt lat="48.20984" lon="11.4708">
    <name>TP575</name>
  </trkpt>
  <trkpt lat="48.20984" lon="11.47029">
    <name>TP576</name>
  </trkpt>
  <trkpt lat="48.20984" lon="11.46982">
    <name>TP577</name>
  </trkpt>
  <trkpt lat="48.20984" lon="11.46949">
    <name>TP578</name>
  </trkpt>
  <trkpt lat="48.20983" lon="11.4693">
    <name>TP579</name>
  </trkpt>
  <trkpt lat="48.20982" lon="11.46902">
    <name>TP580</name>
  </trkpt>
  <trkpt lat="48.20981" lon="11.46875">
    <name>TP581</name>
  </trkpt>
  <trkpt lat="48.2098" lon="11.4685">
    <name>TP582</name>
  </trkpt>
  <trkpt lat="48.20977" lon="11.4681">
    <name>TP583</name>
  </trkpt>
  <trkpt lat="48.20974" lon="11.4679">
    <name>TP584</name>
  </trkpt>
  <trkpt lat="48.20972" lon="11.46768">
    <name>TP585</name>
  </trkpt>
  <trkpt lat="48.20969" lon="11.46746">
    <name>TP586</name>
  </trkpt>
  <trkpt lat="48.20966" lon="11.46721">
    <name>TP587</name>
  </trkpt>
  <trkpt lat="48.20962" lon="11.46698">
    <name>TP588</name>
  </trkpt>
  <trkpt lat="48.20958" lon="11.46674">
    <name>TP589</name>
  </trkpt>
  <trkpt lat="48.20954" lon="11.46652">
    <name>TP590</name>
  </trkpt>
  <trkpt lat="48.2095" lon="11.46632">
    <name>TP591</name>
  </trkpt>
  <trkpt lat="48.20946" lon="11.46612">
    <name>TP592</name>
  </trkpt>
  <trkpt lat="48.2093" lon="11.46551">
    <name>TP593</name>
  </trkpt>
  <trkpt lat="48.20919" lon="11.46515">
    <name>TP594</name>
  </trkpt>
  <trkpt lat="48.20919" lon="11.46512">
    <name>TP595</name>
  </trkpt>
  <trkpt lat="48.20917" lon="11.46508">
    <name>TP596</name>
  </trkpt>
  <trkpt lat="48.20913" lon="11.46494">
    <name>TP597</name>
  </trkpt>
  <trkpt lat="48.20907" lon="11.46474">
    <name>TP598</name>
  </trkpt>
  <trkpt lat="48.20888" lon="11.46417">
    <name>TP599</name>
  </trkpt>
  <trkpt lat="48.20882" lon="11.464">
    <name>TP600</name>
  </trkpt>
  <trkpt lat="48.20876" lon="11.46383">
    <name>TP601</name>
  </trkpt>
  <trkpt lat="48.2087" lon="11.4637">
    <name>TP602</name>
  </trkpt>
  <trkpt lat="48.2087" lon="11.46368">
    <name>TP603</name>
  </trkpt>
  <trkpt lat="48.20853" lon="11.4633">
    <name>TP604</name>
  </trkpt>
  <trkpt lat="48.20851" lon="11.46324">
    <name>TP605</name>
  </trkpt>
  <trkpt lat="48.20842" lon="11.46304">
    <name>TP606</name>
  </trkpt>
  <trkpt lat="48.20841" lon="11.46302">
    <name>TP607</name>
  </trkpt>
  <trkpt lat="48.20833" lon="11.46286">
    <name>TP608</name>
  </trkpt>
  <trkpt lat="48.20824" lon="11.4627">
    <name>TP609</name>
  </trkpt>
  <trkpt lat="48.20823" lon="11.46268">
    <name>TP610</name>
  </trkpt>
  <trkpt lat="48.20808" lon="11.4624">
    <name>TP611</name>
  </trkpt>
  <trkpt lat="48.20776" lon="11.46186">
    <name>TP612</name>
  </trkpt>
  <trkpt lat="48.20765" lon="11.46169">
    <name>TP613</name>
  </trkpt>
  <trkpt lat="48.20757" lon="11.46154">
    <name>TP614</name>
  </trkpt>
  <trkpt lat="48.20748" lon="11.4614">
    <name>TP615</name>
  </trkpt>
  <trkpt lat="48.20739" lon="11.46125">
    <name>TP616</name>
  </trkpt>
  <trkpt lat="48.20689" lon="11.46049">
    <name>TP617</name>
  </trkpt>
  <trkpt lat="48.20658" lon="11.45999">
    <name>TP618</name>
  </trkpt>
  <trkpt lat="48.20652" lon="11.4599">
    <name>TP619</name>
  </trkpt>
  <trkpt lat="48.20649" lon="11.45984">
    <name>TP620</name>
  </trkpt>
  <trkpt lat="48.20645" lon="11.45976">
    <name>TP621</name>
  </trkpt>
  <trkpt lat="48.20618" lon="11.45924">
    <name>TP622</name>
  </trkpt>
  <trkpt lat="48.20613" lon="11.45914">
    <name>TP623</name>
  </trkpt>
  <trkpt lat="48.206" lon="11.45884">
    <name>TP624</name>
  </trkpt>
  <trkpt lat="48.20578" lon="11.45833">
    <name>TP625</name>
  </trkpt>
  <trkpt lat="48.20563" lon="11.45794">
    <name>TP626</name>
  </trkpt>
  <trkpt lat="48.20562" lon="11.45792">
    <name>TP627</name>
  </trkpt>
  <trkpt lat="48.20555" lon="11.45774">
    <name>TP628</name>
  </trkpt>
  <trkpt lat="48.20553" lon="11.45769">
    <name>TP629</name>
  </trkpt>
  <trkpt lat="48.20544" lon="11.45743">
    <name>TP630</name>
  </trkpt>
  <trkpt lat="48.2054" lon="11.45728">
    <name>TP631</name>
  </trkpt>
  <trkpt lat="48.20533" lon="11.45705">
    <name>TP632</name>
  </trkpt>
  <trkpt lat="48.20531" lon="11.45698">
    <name>TP633</name>
  </trkpt>
  <trkpt lat="48.20524" lon="11.45674">
    <name>TP634</name>
  </trkpt>
  <trkpt lat="48.20523" lon="11.45671">
    <name>TP635</name>
  </trkpt>
  <trkpt lat="48.20517" lon="11.45649">
    <name>TP636</name>
  </trkpt>
  <trkpt lat="48.20513" lon="11.4563">
    <name>TP637</name>
  </trkpt>
  <trkpt lat="48.20508" lon="11.45613">
    <name>TP638</name>
  </trkpt>
  <trkpt lat="48.20505" lon="11.45595">
    <name>TP639</name>
  </trkpt>
  <trkpt lat="48.20499" lon="11.45569">
    <name>TP640</name>
  </trkpt>
  <trkpt lat="48.20489" lon="11.45513">
    <name>TP641</name>
  </trkpt>
  <trkpt lat="48.20486" lon="11.45493">
    <name>TP642</name>
  </trkpt>
  <trkpt lat="48.20484" lon="11.45482">
    <name>TP643</name>
  </trkpt>
  <trkpt lat="48.20481" lon="11.4546">
    <name>TP644</name>
  </trkpt>
  <trkpt lat="48.20479" lon="11.45442">
    <name>TP645</name>
  </trkpt>
  <trkpt lat="48.20476" lon="11.45411">
    <name>TP646</name>
  </trkpt>
  <trkpt lat="48.20475" lon="11.45394">
    <name>TP647</name>
  </trkpt>
  <trkpt lat="48.20474" lon="11.45379">
    <name>TP648</name>
  </trkpt>
  <trkpt lat="48.20472" lon="11.45363">
    <name>TP649</name>
  </trkpt>
  <trkpt lat="48.2047" lon="11.45332">
    <name>TP650</name>
  </trkpt>
  <trkpt lat="48.20469" lon="11.45316">
    <name>TP651</name>
  </trkpt>
  <trkpt lat="48.20468" lon="11.4531">
    <name>TP652</name>
  </trkpt>
  <trkpt lat="48.20467" lon="11.45284">
    <name>TP653</name>
  </trkpt>
  <trkpt lat="48.20464" lon="11.45251">
    <name>TP654</name>
  </trkpt>
  <trkpt lat="48.20462" lon="11.45205">
    <name>TP655</name>
  </trkpt>
  <trkpt lat="48.20461" lon="11.45171">
    <name>TP656</name>
  </trkpt>
  <trkpt lat="48.20459" lon="11.45144">
    <name>TP657</name>
  </trkpt>
  <trkpt lat="48.20459" lon="11.45123">
    <name>TP658</name>
  </trkpt>
  <trkpt lat="48.20458" lon="11.45107">
    <name>TP659</name>
  </trkpt>
  <trkpt lat="48.20457" lon="11.45075">
    <name>TP660</name>
  </trkpt>
  <trkpt lat="48.20455" lon="11.45011">
    <name>TP661</name>
  </trkpt>
  <trkpt lat="48.20455" lon="11.45009">
    <name>TP662</name>
  </trkpt>
  <trkpt lat="48.20455" lon="11.45003">
    <name>TP663</name>
  </trkpt>
  <trkpt lat="48.20454" lon="11.44946">
    <name>TP664</name>
  </trkpt>
  <trkpt lat="48.20453" lon="11.44928">
    <name>TP665</name>
  </trkpt>
  <trkpt lat="48.20452" lon="11.44902">
    <name>TP666</name>
  </trkpt>
  <trkpt lat="48.20452" lon="11.44898">
    <name>TP667</name>
  </trkpt>
  <trkpt lat="48.20452" lon="11.44869">
    <name>TP668</name>
  </trkpt>
  <trkpt lat="48.20451" lon="11.4485">
    <name>TP669</name>
  </trkpt>
  <trkpt lat="48.2045" lon="11.44817">
    <name>TP670</name>
  </trkpt>
  <trkpt lat="48.20449" lon="11.44769">
    <name>TP671</name>
  </trkpt>
  <trkpt lat="48.20448" lon="11.44748">
    <name>TP672</name>
  </trkpt>
  <trkpt lat="48.20448" lon="11.44737">
    <name>TP673</name>
  </trkpt>
  <trkpt lat="48.20447" lon="11.44722">
    <name>TP674</name>
  </trkpt>
  <trkpt lat="48.20447" lon="11.44705">
    <name>TP675</name>
  </trkpt>
  <trkpt lat="48.20446" lon="11.44672">
    <name>TP676</name>
  </trkpt>
  <trkpt lat="48.20445" lon="11.44641">
    <name>TP677</name>
  </trkpt>
  <trkpt lat="48.2044495" lon="11.4464067">
    <name>TP678</name>
  </trkpt>
  <trkpt lat="48.20447" lon="11.44618">
    <name>TP679</name>
  </trkpt>
  <trkpt lat="48.20447" lon="11.44612">
    <name>TP680</name>
  </trkpt>
  <trkpt lat="48.20447" lon="11.44608">
    <name>TP681</name>
  </trkpt>
  <trkpt lat="48.20447" lon="11.44597">
    <name>TP682</name>
  </trkpt>
  <trkpt lat="48.20447" lon="11.44584">
    <name>TP683</name>
  </trkpt>
  <trkpt lat="48.20446" lon="11.44569">
    <name>TP684</name>
  </trkpt>
  <trkpt lat="48.20446" lon="11.44549">
    <name>TP685</name>
  </trkpt>
  <trkpt lat="48.20445" lon="11.44525">
    <name>TP686</name>
  </trkpt>
  <trkpt lat="48.20445" lon="11.44499">
    <name>TP687</name>
  </trkpt>
  <trkpt lat="48.20444" lon="11.44482">
    <name>TP688</name>
  </trkpt>
  <trkpt lat="48.20444" lon="11.44475">
    <name>TP689</name>
  </trkpt>
  <trkpt lat="48.20443" lon="11.44455">
    <name>TP690</name>
  </trkpt>
  <trkpt lat="48.20443" lon="11.44451">
    <name>TP691</name>
  </trkpt>
  <trkpt lat="48.20442" lon="11.44428">
    <name>TP692</name>
  </trkpt>
  <trkpt lat="48.2044" lon="11.44402">
    <name>TP693</name>
  </trkpt>
  <trkpt lat="48.20439" lon="11.44379">
    <name>TP694</name>
  </trkpt>
  <trkpt lat="48.20438" lon="11.44355">
    <name>TP695</name>
  </trkpt>
  <trkpt lat="48.20437" lon="11.44347">
    <name>TP696</name>
  </trkpt>
  <trkpt lat="48.20436" lon="11.44331">
    <name>TP697</name>
  </trkpt>
  <trkpt lat="48.20434" lon="11.44308">
    <name>TP698</name>
  </trkpt>
  <trkpt lat="48.20433" lon="11.44284">
    <name>TP699</name>
  </trkpt>
  <trkpt lat="48.20431" lon="11.44266">
    <name>TP700</name>
  </trkpt>
  <trkpt lat="48.20431" lon="11.4426">
    <name>TP701</name>
  </trkpt>
  <trkpt lat="48.20429" lon="11.44236">
    <name>TP702</name>
  </trkpt>
  <trkpt lat="48.20427" lon="11.44213">
    <name>TP703</name>
  </trkpt>
  <trkpt lat="48.20425" lon="11.44189">
    <name>TP704</name>
  </trkpt>
  <trkpt lat="48.20423" lon="11.44165">
    <name>TP705</name>
  </trkpt>
  <trkpt lat="48.20422" lon="11.44141">
    <name>TP706</name>
  </trkpt>
  <trkpt lat="48.20421" lon="11.44132">
    <name>TP707</name>
  </trkpt>
  <trkpt lat="48.2042" lon="11.44118">
    <name>TP708</name>
  </trkpt>
  <trkpt lat="48.20419" lon="11.44094">
    <name>TP709</name>
  </trkpt>
  <trkpt lat="48.20417" lon="11.4407">
    <name>TP710</name>
  </trkpt>
  <trkpt lat="48.20416" lon="11.44045">
    <name>TP711</name>
  </trkpt>
  <trkpt lat="48.20415" lon="11.44022">
    <name>TP712</name>
  </trkpt>
  <trkpt lat="48.20414" lon="11.43998">
    <name>TP713</name>
  </trkpt>
  <trkpt lat="48.20414" lon="11.43988">
    <name>TP714</name>
  </trkpt>
  <trkpt lat="48.20413" lon="11.43974">
    <name>TP715</name>
  </trkpt>
  <trkpt lat="48.20413" lon="11.4395">
    <name>TP716</name>
  </trkpt>
  <trkpt lat="48.20412" lon="11.43926">
    <name>TP717</name>
  </trkpt>
  <trkpt lat="48.20412" lon="11.43902">
    <name>TP718</name>
  </trkpt>
  <trkpt lat="48.20412" lon="11.43877">
    <name>TP719</name>
  </trkpt>
  <trkpt lat="48.20412" lon="11.43853">
    <name>TP720</name>
  </trkpt>
  <trkpt lat="48.20412" lon="11.43826">
    <name>TP721</name>
  </trkpt>
  <trkpt lat="48.20412" lon="11.43807">
    <name>TP722</name>
  </trkpt>
  <trkpt lat="48.20413" lon="11.43782">
    <name>TP723</name>
  </trkpt>
  <trkpt lat="48.20413" lon="11.43758">
    <name>TP724</name>
  </trkpt>
  <trkpt lat="48.20414" lon="11.43733">
    <name>TP725</name>
  </trkpt>
  <trkpt lat="48.20416" lon="11.43685">
    <name>TP726</name>
  </trkpt>
  <trkpt lat="48.20417" lon="11.43663">
    <name>TP727</name>
  </trkpt>
  <trkpt lat="48.20417" lon="11.4365">
    <name>TP728</name>
  </trkpt>
  <trkpt lat="48.20418" lon="11.43643">
    <name>TP729</name>
  </trkpt>
  <trkpt lat="48.20419" lon="11.43624">
    <name>TP730</name>
  </trkpt>
  <trkpt lat="48.2042" lon="11.436">
    <name>TP731</name>
  </trkpt>
  <trkpt lat="48.2042" lon="11.43597">
    <name>TP732</name>
  </trkpt>
  <trkpt lat="48.20424" lon="11.43533">
    <name>TP733</name>
  </trkpt>
  <trkpt lat="48.20426" lon="11.43502">
    <name>TP734</name>
  </trkpt>
  <trkpt lat="48.20429" lon="11.43456">
    <name>TP735</name>
  </trkpt>
  <trkpt lat="48.20435" lon="11.43336">
    <name>TP736</name>
  </trkpt>
  <trkpt lat="48.20438" lon="11.43289">
    <name>TP737</name>
  </trkpt>
  <trkpt lat="48.20441" lon="11.4324">
    <name>TP738</name>
  </trkpt>
  <trkpt lat="48.2045" lon="11.4308">
    <name>TP739</name>
  </trkpt>
  <trkpt lat="48.20458" lon="11.42951">
    <name>TP740</name>
  </trkpt>
  <trkpt lat="48.20462" lon="11.42881">
    <name>TP741</name>
  </trkpt>
  <trkpt lat="48.20464" lon="11.42838">
    <name>TP742</name>
  </trkpt>
  <trkpt lat="48.20477" lon="11.42612">
    <name>TP743</name>
  </trkpt>
  <trkpt lat="48.20485" lon="11.4247">
    <name>TP744</name>
  </trkpt>
  <trkpt lat="48.20488" lon="11.4242">
    <name>TP745</name>
  </trkpt>
  <trkpt lat="48.20492" lon="11.42354">
    <name>TP746</name>
  </trkpt>
  <trkpt lat="48.20494" lon="11.42324">
    <name>TP747</name>
  </trkpt>
  <trkpt lat="48.20499" lon="11.4223">
    <name>TP748</name>
  </trkpt>
  <trkpt lat="48.20501" lon="11.42198">
    <name>TP749</name>
  </trkpt>
  <trkpt lat="48.20503" lon="11.42158">
    <name>TP750</name>
  </trkpt>
  <trkpt lat="48.2051" lon="11.42058">
    <name>TP751</name>
  </trkpt>
  <trkpt lat="48.20513" lon="11.42009">
    <name>TP752</name>
  </trkpt>
  <trkpt lat="48.20517" lon="11.41937">
    <name>TP753</name>
  </trkpt>
  <trkpt lat="48.20522" lon="11.41819">
    <name>TP754</name>
  </trkpt>
  <trkpt lat="48.20525" lon="11.41769">
    <name>TP755</name>
  </trkpt>
  <trkpt lat="48.20526" lon="11.41744">
    <name>TP756</name>
  </trkpt>
  <trkpt lat="48.20529" lon="11.417">
    <name>TP757</name>
  </trkpt>
  <trkpt lat="48.20531" lon="11.41653">
    <name>TP758</name>
  </trkpt>
  <trkpt lat="48.20533" lon="11.41627">
    <name>TP759</name>
  </trkpt>
  <trkpt lat="48.20535" lon="11.41579">
    <name>TP760</name>
  </trkpt>
  <trkpt lat="48.20537" lon="11.41555">
    <name>TP761</name>
  </trkpt>
  <trkpt lat="48.20539" lon="11.41529">
    <name>TP762</name>
  </trkpt>
  <trkpt lat="48.2054" lon="11.41505">
    <name>TP763</name>
  </trkpt>
  <trkpt lat="48.20541" lon="11.41481">
    <name>TP764</name>
  </trkpt>
  <trkpt lat="48.20544" lon="11.41433">
    <name>TP765</name>
  </trkpt>
  <trkpt lat="48.20545" lon="11.4141">
    <name>TP766</name>
  </trkpt>
  <trkpt lat="48.20548" lon="11.41365">
    <name>TP767</name>
  </trkpt>
  <trkpt lat="48.20549" lon="11.41338">
    <name>TP768</name>
  </trkpt>
  <trkpt lat="48.20551" lon="11.41313">
    <name>TP769</name>
  </trkpt>
  <trkpt lat="48.20551" lon="11.41305">
    <name>TP770</name>
  </trkpt>
  <trkpt lat="48.20553" lon="11.41273">
    <name>TP771</name>
  </trkpt>
  <trkpt lat="48.20555" lon="11.4124">
    <name>TP772</name>
  </trkpt>
  <trkpt lat="48.20558" lon="11.41192">
    <name>TP773</name>
  </trkpt>
  <trkpt lat="48.20558" lon="11.41184">
    <name>TP774</name>
  </trkpt>
  <trkpt lat="48.20559" lon="11.41171">
    <name>TP775</name>
  </trkpt>
  <trkpt lat="48.20561" lon="11.4114">
    <name>TP776</name>
  </trkpt>
  <trkpt lat="48.20562" lon="11.41114">
    <name>TP777</name>
  </trkpt>
  <trkpt lat="48.20562" lon="11.41113">
    <name>TP778</name>
  </trkpt>
  <trkpt lat="48.20564" lon="11.4108">
    <name>TP779</name>
  </trkpt>
  <trkpt lat="48.20566" lon="11.41044">
    <name>TP780</name>
  </trkpt>
  <trkpt lat="48.20569" lon="11.41007">
    <name>TP781</name>
  </trkpt>
  <trkpt lat="48.20569" lon="11.40994">
    <name>TP782</name>
  </trkpt>
  <trkpt lat="48.2057" lon="11.40978">
    <name>TP783</name>
  </trkpt>
  <trkpt lat="48.20572" lon="11.40951">
    <name>TP784</name>
  </trkpt>
  <trkpt lat="48.20573" lon="11.40928">
    <name>TP785</name>
  </trkpt>
  <trkpt lat="48.20573" lon="11.40925">
    <name>TP786</name>
  </trkpt>
  <trkpt lat="48.20574" lon="11.40901">
    <name>TP787</name>
  </trkpt>
  <trkpt lat="48.20575" lon="11.40898">
    <name>TP788</name>
  </trkpt>
  <trkpt lat="48.20576" lon="11.40872">
    <name>TP789</name>
  </trkpt>
  <trkpt lat="48.20578" lon="11.40836">
    <name>TP790</name>
  </trkpt>
  <trkpt lat="48.2058" lon="11.40805">
    <name>TP791</name>
  </trkpt>
  <trkpt lat="48.20581" lon="11.40779">
    <name>TP792</name>
  </trkpt>
  <trkpt lat="48.20584" lon="11.40737">
    <name>TP793</name>
  </trkpt>
  <trkpt lat="48.20585" lon="11.40711">
    <name>TP794</name>
  </trkpt>
  <trkpt lat="48.20586" lon="11.40688">
    <name>TP795</name>
  </trkpt>
  <trkpt lat="48.20588" lon="11.40663">
    <name>TP796</name>
  </trkpt>
  <trkpt lat="48.2059" lon="11.40634">
    <name>TP797</name>
  </trkpt>
  <trkpt lat="48.2059" lon="11.40616">
    <name>TP798</name>
  </trkpt>
  <trkpt lat="48.20594" lon="11.40549">
    <name>TP799</name>
  </trkpt>
  <trkpt lat="48.20599" lon="11.40467">
    <name>TP800</name>
  </trkpt>
  <trkpt lat="48.206" lon="11.40452">
    <name>TP801</name>
  </trkpt>
  <trkpt lat="48.20603" lon="11.40398">
    <name>TP802</name>
  </trkpt>
  <trkpt lat="48.20604" lon="11.40378">
    <name>TP803</name>
  </trkpt>
  <trkpt lat="48.20606" lon="11.40358">
    <name>TP804</name>
  </trkpt>
  <trkpt lat="48.20609" lon="11.40294">
    <name>TP805</name>
  </trkpt>
  <trkpt lat="48.2061" lon="11.40271">
    <name>TP806</name>
  </trkpt>
  <trkpt lat="48.20613" lon="11.40226">
    <name>TP807</name>
  </trkpt>
  <trkpt lat="48.20614" lon="11.40203">
    <name>TP808</name>
  </trkpt>
  <trkpt lat="48.20616" lon="11.4018">
    <name>TP809</name>
  </trkpt>
  <trkpt lat="48.20616" lon="11.40179">
    <name>TP810</name>
  </trkpt>
  <trkpt lat="48.20616" lon="11.40168">
    <name>TP811</name>
  </trkpt>
  <trkpt lat="48.20617" lon="11.40156">
    <name>TP812</name>
  </trkpt>
  <trkpt lat="48.20623" lon="11.40061">
    <name>TP813</name>
  </trkpt>
  <trkpt lat="48.20627" lon="11.4001">
    <name>TP814</name>
  </trkpt>
  <trkpt lat="48.20627" lon="11.40008">
    <name>TP815</name>
  </trkpt>
  <trkpt lat="48.20629" lon="11.39981">
    <name>TP816</name>
  </trkpt>
  <trkpt lat="48.20633" lon="11.39934">
    <name>TP817</name>
  </trkpt>
  <trkpt lat="48.20634" lon="11.39916">
    <name>TP818</name>
  </trkpt>
  <trkpt lat="48.20634" lon="11.39912">
    <name>TP819</name>
  </trkpt>
  <trkpt lat="48.20636" lon="11.39891">
    <name>TP820</name>
  </trkpt>
  <trkpt lat="48.20636" lon="11.3989">
    <name>TP821</name>
  </trkpt>
  <trkpt lat="48.20638" lon="11.39867">
    <name>TP822</name>
  </trkpt>
  <trkpt lat="48.20639" lon="11.39857">
    <name>TP823</name>
  </trkpt>
  <trkpt lat="48.2064" lon="11.39846">
    <name>TP824</name>
  </trkpt>
  <trkpt lat="48.20641" lon="11.39834">
    <name>TP825</name>
  </trkpt>
  <trkpt lat="48.20642" lon="11.39822">
    <name>TP826</name>
  </trkpt>
  <trkpt lat="48.20643" lon="11.39811">
    <name>TP827</name>
  </trkpt>
  <trkpt lat="48.20644" lon="11.398">
    <name>TP828</name>
  </trkpt>
  <trkpt lat="48.20645" lon="11.3979">
    <name>TP829</name>
  </trkpt>
  <trkpt lat="48.20647" lon="11.39777">
    <name>TP830</name>
  </trkpt>
  <trkpt lat="48.20647" lon="11.39774">
    <name>TP831</name>
  </trkpt>
  <trkpt lat="48.20649" lon="11.3975">
    <name>TP832</name>
  </trkpt>
  <trkpt lat="48.20652" lon="11.39728">
    <name>TP833</name>
  </trkpt>
  <trkpt lat="48.20654" lon="11.39703">
    <name>TP834</name>
  </trkpt>
  <trkpt lat="48.20657" lon="11.3968">
    <name>TP835</name>
  </trkpt>
  <trkpt lat="48.20659" lon="11.39658">
    <name>TP836</name>
  </trkpt>
  <trkpt lat="48.20663" lon="11.39629">
    <name>TP837</name>
  </trkpt>
  <trkpt lat="48.20665" lon="11.39609">
    <name>TP838</name>
  </trkpt>
  <trkpt lat="48.20668" lon="11.39587">
    <name>TP839</name>
  </trkpt>
  <trkpt lat="48.20669" lon="11.39583">
    <name>TP840</name>
  </trkpt>
  <trkpt lat="48.20672" lon="11.39561">
    <name>TP841</name>
  </trkpt>
  <trkpt lat="48.20675" lon="11.39538">
    <name>TP842</name>
  </trkpt>
  <trkpt lat="48.2068" lon="11.39515">
    <name>TP843</name>
  </trkpt>
  <trkpt lat="48.20684" lon="11.39493">
    <name>TP844</name>
  </trkpt>
  <trkpt lat="48.20689" lon="11.39469">
    <name>TP845</name>
  </trkpt>
  <trkpt lat="48.20694" lon="11.39447">
    <name>TP846</name>
  </trkpt>
  <trkpt lat="48.207" lon="11.39425">
    <name>TP847</name>
  </trkpt>
  <trkpt lat="48.20706" lon="11.39403">
    <name>TP848</name>
  </trkpt>
  <trkpt lat="48.20708" lon="11.39397">
    <name>TP849</name>
  </trkpt>
  <trkpt lat="48.20713" lon="11.39381">
    <name>TP850</name>
  </trkpt>
  <trkpt lat="48.20716" lon="11.39373">
    <name>TP851</name>
  </trkpt>
  <trkpt lat="48.2072" lon="11.3936">
    <name>TP852</name>
  </trkpt>
  <trkpt lat="48.20728" lon="11.39339">
    <name>TP853</name>
  </trkpt>
  <trkpt lat="48.20736" lon="11.39318">
    <name>TP854</name>
  </trkpt>
  <trkpt lat="48.20744" lon="11.39298">
    <name>TP855</name>
  </trkpt>
  <trkpt lat="48.20752" lon="11.39279">
    <name>TP856</name>
  </trkpt>
  <trkpt lat="48.20753" lon="11.39277">
    <name>TP857</name>
  </trkpt>
  <trkpt lat="48.20755" lon="11.39271">
    <name>TP858</name>
  </trkpt>
  <trkpt lat="48.20762" lon="11.39258">
    <name>TP859</name>
  </trkpt>
  <trkpt lat="48.20767" lon="11.39247">
    <name>TP860</name>
  </trkpt>
  <trkpt lat="48.20771" lon="11.39239">
    <name>TP861</name>
  </trkpt>
  <trkpt lat="48.20781" lon="11.39219">
    <name>TP862</name>
  </trkpt>
  <trkpt lat="48.20791" lon="11.39201">
    <name>TP863</name>
  </trkpt>
  <trkpt lat="48.20802" lon="11.39173">
    <name>TP864</name>
  </trkpt>
  <trkpt lat="48.2080246" lon="11.391727">
    <name>TP865</name>
  </trkpt>
  <trkpt lat="48.20833" lon="11.39123">
    <name>TP866</name>
  </trkpt>
  <trkpt lat="48.20865" lon="11.39069">
    <name>TP867</name>
  </trkpt>
  <trkpt lat="48.20902" lon="11.39007">
    <name>TP868</name>
  </trkpt>
  <trkpt lat="48.20919" lon="11.38977">
    <name>TP869</name>
  </trkpt>
  <trkpt lat="48.20938" lon="11.38943">
    <name>TP870</name>
  </trkpt>
  <trkpt lat="48.20976" lon="11.38878">
    <name>TP871</name>
  </trkpt>
  <trkpt lat="48.2104" lon="11.38767">
    <name>TP872</name>
  </trkpt>
  <trkpt lat="48.21085" lon="11.38689">
    <name>TP873</name>
  </trkpt>
  <trkpt lat="48.21111" lon="11.38643">
    <name>TP874</name>
  </trkpt>
  <trkpt lat="48.21135" lon="11.38603">
    <name>TP875</name>
  </trkpt>
  <trkpt lat="48.21139" lon="11.38596">
    <name>TP876</name>
  </trkpt>
  <trkpt lat="48.21155" lon="11.38569">
    <name>TP877</name>
  </trkpt>
  <trkpt lat="48.2118" lon="11.38527">
    <name>TP878</name>
  </trkpt>
  <trkpt lat="48.21204" lon="11.38487">
    <name>TP879</name>
  </trkpt>
  <trkpt lat="48.21239" lon="11.38426">
    <name>TP880</name>
  </trkpt>
  <trkpt lat="48.21263" lon="11.38386">
    <name>TP881</name>
  </trkpt>
  <trkpt lat="48.21413" lon="11.38131">
    <name>TP882</name>
  </trkpt>
  <trkpt lat="48.21442" lon="11.38083">
    <name>TP883</name>
  </trkpt>
  <trkpt lat="48.21477" lon="11.38025">
    <name>TP884</name>
  </trkpt>
  <trkpt lat="48.21484" lon="11.38012">
    <name>TP885</name>
  </trkpt>
  <trkpt lat="48.21525" lon="11.37941">
    <name>TP886</name>
  </trkpt>
  <trkpt lat="48.21567" lon="11.3787">
    <name>TP887</name>
  </trkpt>
  <trkpt lat="48.21612" lon="11.37794">
    <name>TP888</name>
  </trkpt>
  <trkpt lat="48.21635" lon="11.37755">
    <name>TP889</name>
  </trkpt>
  <trkpt lat="48.21644" lon="11.3774">
    <name>TP890</name>
  </trkpt>
  <trkpt lat="48.21687" lon="11.37667">
    <name>TP891</name>
  </trkpt>
  <trkpt lat="48.21694" lon="11.37654">
    <name>TP892</name>
  </trkpt>
  <trkpt lat="48.21706" lon="11.37634">
    <name>TP893</name>
  </trkpt>
  <trkpt lat="48.2173" lon="11.37593">
    <name>TP894</name>
  </trkpt>
  <trkpt lat="48.2174" lon="11.37577">
    <name>TP895</name>
  </trkpt>
  <trkpt lat="48.21775" lon="11.37517">
    <name>TP896</name>
  </trkpt>
  <trkpt lat="48.21777" lon="11.37514">
    <name>TP897</name>
  </trkpt>
  <trkpt lat="48.21804" lon="11.37468">
    <name>TP898</name>
  </trkpt>
  <trkpt lat="48.21837" lon="11.37412">
    <name>TP899</name>
  </trkpt>
  <trkpt lat="48.21872" lon="11.37352">
    <name>TP900</name>
  </trkpt>
  <trkpt lat="48.21923" lon="11.37267">
    <name>TP901</name>
  </trkpt>
  <trkpt lat="48.21959" lon="11.37205">
    <name>TP902</name>
  </trkpt>
  <trkpt lat="48.21988" lon="11.37156">
    <name>TP903</name>
  </trkpt>
  <trkpt lat="48.21998" lon="11.3714">
    <name>TP904</name>
  </trkpt>
  <trkpt lat="48.22019" lon="11.37104">
    <name>TP905</name>
  </trkpt>
  <trkpt lat="48.22065" lon="11.37027">
    <name>TP906</name>
  </trkpt>
  <trkpt lat="48.22084" lon="11.36995">
    <name>TP907</name>
  </trkpt>
  <trkpt lat="48.22102" lon="11.36963">
    <name>TP908</name>
  </trkpt>
  <trkpt lat="48.22141" lon="11.36897">
    <name>TP909</name>
  </trkpt>
  <trkpt lat="48.22158" lon="11.36868">
    <name>TP910</name>
  </trkpt>
  <trkpt lat="48.22169" lon="11.3685">
    <name>TP911</name>
  </trkpt>
  <trkpt lat="48.22232" lon="11.36742">
    <name>TP912</name>
  </trkpt>
  <trkpt lat="48.22323" lon="11.36589">
    <name>TP913</name>
  </trkpt>
  <trkpt lat="48.22334" lon="11.36569">
    <name>TP914</name>
  </trkpt>
  <trkpt lat="48.22351" lon="11.3654">
    <name>TP915</name>
  </trkpt>
  <trkpt lat="48.22372" lon="11.36504">
    <name>TP916</name>
  </trkpt>
  <trkpt lat="48.22383" lon="11.36486">
    <name>TP917</name>
  </trkpt>
  <trkpt lat="48.22393" lon="11.36468">
    <name>TP918</name>
  </trkpt>
  <trkpt lat="48.22404" lon="11.36451">
    <name>TP919</name>
  </trkpt>
  <trkpt lat="48.22512" lon="11.36268">
    <name>TP920</name>
  </trkpt>
  <trkpt lat="48.22561" lon="11.36185">
    <name>TP921</name>
  </trkpt>
  <trkpt lat="48.22576" lon="11.36158">
    <name>TP922</name>
  </trkpt>
  <trkpt lat="48.22583" lon="11.36147">
    <name>TP923</name>
  </trkpt>
  <trkpt lat="48.22802" lon="11.35777">
    <name>TP924</name>
  </trkpt>
  <trkpt lat="48.22864" lon="11.3567">
    <name>TP925</name>
  </trkpt>
  <trkpt lat="48.22874" lon="11.35653">
    <name>TP926</name>
  </trkpt>
  <trkpt lat="48.22881" lon="11.35642">
    <name>TP927</name>
  </trkpt>
  <trkpt lat="48.22982" lon="11.35471">
    <name>TP928</name>
  </trkpt>
  <trkpt lat="48.2299" lon="11.35456">
    <name>TP929</name>
  </trkpt>
  <trkpt lat="48.23004" lon="11.35432">
    <name>TP930</name>
  </trkpt>
  <trkpt lat="48.23015" lon="11.35413">
    <name>TP931</name>
  </trkpt>
  <trkpt lat="48.23027" lon="11.35392">
    <name>TP932</name>
  </trkpt>
  <trkpt lat="48.23038" lon="11.35374">
    <name>TP933</name>
  </trkpt>
  <trkpt lat="48.2305" lon="11.35355">
    <name>TP934</name>
  </trkpt>
  <trkpt lat="48.23072" lon="11.35315">
    <name>TP935</name>
  </trkpt>
  <trkpt lat="48.23088" lon="11.3529">
    <name>TP936</name>
  </trkpt>
  <trkpt lat="48.23099" lon="11.35271">
    <name>TP937</name>
  </trkpt>
  <trkpt lat="48.23105" lon="11.3526">
    <name>TP938</name>
  </trkpt>
  <trkpt lat="48.23111" lon="11.35251">
    <name>TP939</name>
  </trkpt>
  <trkpt lat="48.23113" lon="11.35247">
    <name>TP940</name>
  </trkpt>
  <trkpt lat="48.23129" lon="11.35219">
    <name>TP941</name>
  </trkpt>
  <trkpt lat="48.23241" lon="11.35032">
    <name>TP942</name>
  </trkpt>
  <trkpt lat="48.23249" lon="11.35016">
    <name>TP943</name>
  </trkpt>
  <trkpt lat="48.23265" lon="11.34989">
    <name>TP944</name>
  </trkpt>
  <trkpt lat="48.23283" lon="11.34959">
    <name>TP945</name>
  </trkpt>
  <trkpt lat="48.233" lon="11.34931">
    <name>TP946</name>
  </trkpt>
  <trkpt lat="48.23327" lon="11.34885">
    <name>TP947</name>
  </trkpt>
  <trkpt lat="48.23335" lon="11.34871">
    <name>TP948</name>
  </trkpt>
  <trkpt lat="48.23346" lon="11.34852">
    <name>TP949</name>
  </trkpt>
  <trkpt lat="48.2336" lon="11.34827">
    <name>TP950</name>
  </trkpt>
  <trkpt lat="48.23382" lon="11.34791">
    <name>TP951</name>
  </trkpt>
  <trkpt lat="48.23394" lon="11.34771">
    <name>TP952</name>
  </trkpt>
  <trkpt lat="48.23411" lon="11.34741">
    <name>TP953</name>
  </trkpt>
  <trkpt lat="48.23419" lon="11.34728">
    <name>TP954</name>
  </trkpt>
  <trkpt lat="48.23466" lon="11.34647">
    <name>TP955</name>
  </trkpt>
  <trkpt lat="48.2349" lon="11.34604">
    <name>TP956</name>
  </trkpt>
  <trkpt lat="48.23613" lon="11.34387">
    <name>TP957</name>
  </trkpt>
  <trkpt lat="48.23622" lon="11.3437">
    <name>TP958</name>
  </trkpt>
  <trkpt lat="48.23645" lon="11.3433">
    <name>TP959</name>
  </trkpt>
  <trkpt lat="48.23659" lon="11.34305">
    <name>TP960</name>
  </trkpt>
  <trkpt lat="48.23686" lon="11.34254">
    <name>TP961</name>
  </trkpt>
  <trkpt lat="48.237" lon="11.34228">
    <name>TP962</name>
  </trkpt>
  <trkpt lat="48.23737" lon="11.34159">
    <name>TP963</name>
  </trkpt>
  <trkpt lat="48.23747" lon="11.34142">
    <name>TP964</name>
  </trkpt>
  <trkpt lat="48.23763" lon="11.34111">
    <name>TP965</name>
  </trkpt>
  <trkpt lat="48.23768" lon="11.34101">
    <name>TP966</name>
  </trkpt>
  <trkpt lat="48.23773" lon="11.34092">
    <name>TP967</name>
  </trkpt>
  <trkpt lat="48.23783" lon="11.34072">
    <name>TP968</name>
  </trkpt>
  <trkpt lat="48.2379" lon="11.34059">
    <name>TP969</name>
  </trkpt>
  <trkpt lat="48.23811" lon="11.34023">
    <name>TP970</name>
  </trkpt>
  <trkpt lat="48.2384" lon="11.33967">
    <name>TP971</name>
  </trkpt>
  <trkpt lat="48.2385" lon="11.33944">
    <name>TP972</name>
  </trkpt>
  <trkpt lat="48.23859" lon="11.33924">
    <name>TP973</name>
  </trkpt>
  <trkpt lat="48.23897" lon="11.33846">
    <name>TP974</name>
  </trkpt>
  <trkpt lat="48.23912" lon="11.33816">
    <name>TP975</name>
  </trkpt>
  <trkpt lat="48.23947" lon="11.33748">
    <name>TP976</name>
  </trkpt>
  <trkpt lat="48.23959" lon="11.33723">
    <name>TP977</name>
  </trkpt>
  <trkpt lat="48.23966" lon="11.33709">
    <name>TP978</name>
  </trkpt>
  <trkpt lat="48.23976" lon="11.33688">
    <name>TP979</name>
  </trkpt>
  <trkpt lat="48.23986" lon="11.33666">
    <name>TP980</name>
  </trkpt>
  <trkpt lat="48.23997" lon="11.33644">
    <name>TP981</name>
  </trkpt>
  <trkpt lat="48.23997" lon="11.33643">
    <name>TP982</name>
  </trkpt>
  <trkpt lat="48.24012" lon="11.33613">
    <name>TP983</name>
  </trkpt>
  <trkpt lat="48.24022" lon="11.33592">
    <name>TP984</name>
  </trkpt>
  <trkpt lat="48.24043" lon="11.33549">
    <name>TP985</name>
  </trkpt>
  <trkpt lat="48.24073" lon="11.33488">
    <name>TP986</name>
  </trkpt>
  <trkpt lat="48.2408" lon="11.33474">
    <name>TP987</name>
  </trkpt>
  <trkpt lat="48.24105" lon="11.33423">
    <name>TP988</name>
  </trkpt>
  <trkpt lat="48.24149" lon="11.33334">
    <name>TP989</name>
  </trkpt>
  <trkpt lat="48.24169" lon="11.33293">
    <name>TP990</name>
  </trkpt>
  <trkpt lat="48.2419" lon="11.3325">
    <name>TP991</name>
  </trkpt>
  <trkpt lat="48.24201" lon="11.33228">
    <name>TP992</name>
  </trkpt>
  <trkpt lat="48.24214" lon="11.332">
    <name>TP993</name>
  </trkpt>
  <trkpt lat="48.24226" lon="11.33175">
    <name>TP994</name>
  </trkpt>
  <trkpt lat="48.24235" lon="11.33157">
    <name>TP995</name>
  </trkpt>
  <trkpt lat="48.24245" lon="11.33136">
    <name>TP996</name>
  </trkpt>
  <trkpt lat="48.24251" lon="11.33124">
    <name>TP997</name>
  </trkpt>
  <trkpt lat="48.24279" lon="11.33067">
    <name>TP998</name>
  </trkpt>
  <trkpt lat="48.24297" lon="11.3303">
    <name>TP999</name>
  </trkpt>
  <trkpt lat="48.24317" lon="11.32989">
    <name>TP1000</name>
  </trkpt>
  <trkpt lat="48.24327" lon="11.3297">
    <name>TP1001</name>
  </trkpt>
  <trkpt lat="48.24339" lon="11.32945">
    <name>TP1002</name>
  </trkpt>
  <trkpt lat="48.24341" lon="11.32942">
    <name>TP1003</name>
  </trkpt>
  <trkpt lat="48.24352" lon="11.3292">
    <name>TP1004</name>
  </trkpt>
  <trkpt lat="48.24362" lon="11.32898">
    <name>TP1005</name>
  </trkpt>
  <trkpt lat="48.24367" lon="11.32888">
    <name>TP1006</name>
  </trkpt>
  <trkpt lat="48.24381" lon="11.32861">
    <name>TP1007</name>
  </trkpt>
  <trkpt lat="48.24389" lon="11.32843">
    <name>TP1008</name>
  </trkpt>
  <trkpt lat="48.24407" lon="11.32805">
    <name>TP1009</name>
  </trkpt>
  <trkpt lat="48.24431" lon="11.32756">
    <name>TP1010</name>
  </trkpt>
  <trkpt lat="48.24455" lon="11.32706">
    <name>TP1011</name>
  </trkpt>
  <trkpt lat="48.24477" lon="11.32663">
    <name>TP1012</name>
  </trkpt>
  <trkpt lat="48.24495" lon="11.32626">
    <name>TP1013</name>
  </trkpt>
  <trkpt lat="48.24514" lon="11.32588">
    <name>TP1014</name>
  </trkpt>
  <trkpt lat="48.24541" lon="11.32529">
    <name>TP1015</name>
  </trkpt>
  <trkpt lat="48.24551" lon="11.32509">
    <name>TP1016</name>
  </trkpt>
  <trkpt lat="48.24562" lon="11.32485">
    <name>TP1017</name>
  </trkpt>
  <trkpt lat="48.24569" lon="11.32471">
    <name>TP1018</name>
  </trkpt>
  <trkpt lat="48.24574" lon="11.32462">
    <name>TP1019</name>
  </trkpt>
  <trkpt lat="48.24582" lon="11.32446">
    <name>TP1020</name>
  </trkpt>
  <trkpt lat="48.24587" lon="11.32436">
    <name>TP1021</name>
  </trkpt>
  <trkpt lat="48.24602" lon="11.32406">
    <name>TP1022</name>
  </trkpt>
  <trkpt lat="48.24606" lon="11.32398">
    <name>TP1023</name>
  </trkpt>
  <trkpt lat="48.24618" lon="11.32372">
    <name>TP1024</name>
  </trkpt>
  <trkpt lat="48.24638" lon="11.32331">
    <name>TP1025</name>
  </trkpt>
  <trkpt lat="48.24663" lon="11.3228">
    <name>TP1026</name>
  </trkpt>
  <trkpt lat="48.24674" lon="11.32257">
    <name>TP1027</name>
  </trkpt>
  <trkpt lat="48.24687" lon="11.32231">
    <name>TP1028</name>
  </trkpt>
  <trkpt lat="48.24708" lon="11.32187">
    <name>TP1029</name>
  </trkpt>
  <trkpt lat="48.24734" lon="11.32133">
    <name>TP1030</name>
  </trkpt>
  <trkpt lat="48.24745" lon="11.32113">
    <name>TP1031</name>
  </trkpt>
  <trkpt lat="48.24769" lon="11.32064">
    <name>TP1032</name>
  </trkpt>
  <trkpt lat="48.24788" lon="11.32024">
    <name>TP1033</name>
  </trkpt>
  <trkpt lat="48.24817" lon="11.31966">
    <name>TP1034</name>
  </trkpt>
  <trkpt lat="48.24863" lon="11.31872">
    <name>TP1035</name>
  </trkpt>
  <trkpt lat="48.24914" lon="11.31768">
    <name>TP1036</name>
  </trkpt>
  <trkpt lat="48.24928" lon="11.31738">
    <name>TP1037</name>
  </trkpt>
  <trkpt lat="48.24932" lon="11.31731">
    <name>TP1038</name>
  </trkpt>
  <trkpt lat="48.24943" lon="11.31709">
    <name>TP1039</name>
  </trkpt>
  <trkpt lat="48.24955" lon="11.31684">
    <name>TP1040</name>
  </trkpt>
  <trkpt lat="48.24964" lon="11.31666">
    <name>TP1041</name>
  </trkpt>
  <trkpt lat="48.24972" lon="11.31649">
    <name>TP1042</name>
  </trkpt>
  <trkpt lat="48.24981" lon="11.31629">
    <name>TP1043</name>
  </trkpt>
  <trkpt lat="48.24991" lon="11.31607">
    <name>TP1044</name>
  </trkpt>
  <trkpt lat="48.24996" lon="11.31596">
    <name>TP1045</name>
  </trkpt>
  <trkpt lat="48.25" lon="11.3159">
    <name>TP1046</name>
  </trkpt>
  <trkpt lat="48.25009" lon="11.3157">
    <name>TP1047</name>
  </trkpt>
  <trkpt lat="48.25019" lon="11.31549">
    <name>TP1048</name>
  </trkpt>
  <trkpt lat="48.25028" lon="11.3153">
    <name>TP1049</name>
  </trkpt>
  <trkpt lat="48.25039" lon="11.31509">
    <name>TP1050</name>
  </trkpt>
  <trkpt lat="48.25056" lon="11.31474">
    <name>TP1051</name>
  </trkpt>
  <trkpt lat="48.25058" lon="11.3147">
    <name>TP1052</name>
  </trkpt>
  <trkpt lat="48.25065" lon="11.31456">
    <name>TP1053</name>
  </trkpt>
  <trkpt lat="48.25067" lon="11.31452">
    <name>TP1054</name>
  </trkpt>
  <trkpt lat="48.25076" lon="11.31434">
    <name>TP1055</name>
  </trkpt>
  <trkpt lat="48.25078" lon="11.3143">
    <name>TP1056</name>
  </trkpt>
  <trkpt lat="48.25089" lon="11.31408">
    <name>TP1057</name>
  </trkpt>
  <trkpt lat="48.25098" lon="11.31389">
    <name>TP1058</name>
  </trkpt>
  <trkpt lat="48.25099" lon="11.31386">
    <name>TP1059</name>
  </trkpt>
  <trkpt lat="48.2511" lon="11.31364">
    <name>TP1060</name>
  </trkpt>
  <trkpt lat="48.2512" lon="11.31343">
    <name>TP1061</name>
  </trkpt>
  <trkpt lat="48.25123" lon="11.31338">
    <name>TP1062</name>
  </trkpt>
  <trkpt lat="48.25131" lon="11.31321">
    <name>TP1063</name>
  </trkpt>
  <trkpt lat="48.25133" lon="11.31317">
    <name>TP1064</name>
  </trkpt>
  <trkpt lat="48.25144" lon="11.31294">
    <name>TP1065</name>
  </trkpt>
  <trkpt lat="48.25151" lon="11.31281">
    <name>TP1066</name>
  </trkpt>
  <trkpt lat="48.25161" lon="11.31259">
    <name>TP1067</name>
  </trkpt>
  <trkpt lat="48.25163" lon="11.31256">
    <name>TP1068</name>
  </trkpt>
  <trkpt lat="48.25172" lon="11.31237">
    <name>TP1069</name>
  </trkpt>
  <trkpt lat="48.25184" lon="11.31212">
    <name>TP1070</name>
  </trkpt>
  <trkpt lat="48.25191" lon="11.31199">
    <name>TP1071</name>
  </trkpt>
  <trkpt lat="48.25203" lon="11.31174">
    <name>TP1072</name>
  </trkpt>
  <trkpt lat="48.25206" lon="11.31168">
    <name>TP1073</name>
  </trkpt>
  <trkpt lat="48.2523" lon="11.31118">
    <name>TP1074</name>
  </trkpt>
  <trkpt lat="48.25236" lon="11.31107">
    <name>TP1075</name>
  </trkpt>
  <trkpt lat="48.25259" lon="11.3106">
    <name>TP1076</name>
  </trkpt>
  <trkpt lat="48.25271" lon="11.31034">
    <name>TP1077</name>
  </trkpt>
  <trkpt lat="48.25279" lon="11.31017">
    <name>TP1078</name>
  </trkpt>
  <trkpt lat="48.25289" lon="11.30997">
    <name>TP1079</name>
  </trkpt>
  <trkpt lat="48.25297" lon="11.30981">
    <name>TP1080</name>
  </trkpt>
  <trkpt lat="48.25324" lon="11.30924">
    <name>TP1081</name>
  </trkpt>
  <trkpt lat="48.2534" lon="11.30892">
    <name>TP1082</name>
  </trkpt>
  <trkpt lat="48.25353" lon="11.30866">
    <name>TP1083</name>
  </trkpt>
  <trkpt lat="48.25391" lon="11.30787">
    <name>TP1084</name>
  </trkpt>
  <trkpt lat="48.25391" lon="11.30786">
    <name>TP1085</name>
  </trkpt>
  <trkpt lat="48.25401" lon="11.30767">
    <name>TP1086</name>
  </trkpt>
  <trkpt lat="48.2543" lon="11.30707">
    <name>TP1087</name>
  </trkpt>
  <trkpt lat="48.25449" lon="11.30669">
    <name>TP1088</name>
  </trkpt>
  <trkpt lat="48.25491" lon="11.30583">
    <name>TP1089</name>
  </trkpt>
  <trkpt lat="48.25493" lon="11.30578">
    <name>TP1090</name>
  </trkpt>
  <trkpt lat="48.25503" lon="11.30558">
    <name>TP1091</name>
  </trkpt>
  <trkpt lat="48.25513" lon="11.30538">
    <name>TP1092</name>
  </trkpt>
  <trkpt lat="48.25527" lon="11.30511">
    <name>TP1093</name>
  </trkpt>
  <trkpt lat="48.25533" lon="11.30499">
    <name>TP1094</name>
  </trkpt>
  <trkpt lat="48.25541" lon="11.30483">
    <name>TP1095</name>
  </trkpt>
  <trkpt lat="48.25554" lon="11.3046">
    <name>TP1096</name>
  </trkpt>
  <trkpt lat="48.25564" lon="11.30443">
    <name>TP1097</name>
  </trkpt>
  <trkpt lat="48.25565" lon="11.30441">
    <name>TP1098</name>
  </trkpt>
  <trkpt lat="48.25569" lon="11.30432">
    <name>TP1099</name>
  </trkpt>
  <trkpt lat="48.25578" lon="11.30416">
    <name>TP1100</name>
  </trkpt>
  <trkpt lat="48.25589" lon="11.30398">
    <name>TP1101</name>
  </trkpt>
  <trkpt lat="48.25599" lon="11.3038">
    <name>TP1102</name>
  </trkpt>
  <trkpt lat="48.25608" lon="11.30366">
    <name>TP1103</name>
  </trkpt>
  <trkpt lat="48.25611" lon="11.3036">
    <name>TP1104</name>
  </trkpt>
  <trkpt lat="48.25624" lon="11.3034">
    <name>TP1105</name>
  </trkpt>
  <trkpt lat="48.25624" lon="11.30339">
    <name>TP1106</name>
  </trkpt>
  <trkpt lat="48.25631" lon="11.30328">
    <name>TP1107</name>
  </trkpt>
  <trkpt lat="48.25636" lon="11.3032">
    <name>TP1108</name>
  </trkpt>
  <trkpt lat="48.25642" lon="11.30311">
    <name>TP1109</name>
  </trkpt>
  <trkpt lat="48.25651" lon="11.30296">
    <name>TP1110</name>
  </trkpt>
  <trkpt lat="48.25661" lon="11.3028">
    <name>TP1111</name>
  </trkpt>
  <trkpt lat="48.25675" lon="11.3026">
    <name>TP1112</name>
  </trkpt>
  <trkpt lat="48.25688" lon="11.30241">
    <name>TP1113</name>
  </trkpt>
  <trkpt lat="48.25693" lon="11.30234">
    <name>TP1114</name>
  </trkpt>
  <trkpt lat="48.25697" lon="11.30227">
    <name>TP1115</name>
  </trkpt>
  <trkpt lat="48.25701" lon="11.30222">
    <name>TP1116</name>
  </trkpt>
  <trkpt lat="48.25706" lon="11.30215">
    <name>TP1117</name>
  </trkpt>
  <trkpt lat="48.2572" lon="11.30195">
    <name>TP1118</name>
  </trkpt>
  <trkpt lat="48.25732" lon="11.30178">
    <name>TP1119</name>
  </trkpt>
  <trkpt lat="48.25733" lon="11.30177">
    <name>TP1120</name>
  </trkpt>
  <trkpt lat="48.25747" lon="11.30157">
    <name>TP1121</name>
  </trkpt>
  <trkpt lat="48.25765" lon="11.30134">
    <name>TP1122</name>
  </trkpt>
  <trkpt lat="48.25767" lon="11.30131">
    <name>TP1123</name>
  </trkpt>
  <trkpt lat="48.25783" lon="11.3011">
    <name>TP1124</name>
  </trkpt>
  <trkpt lat="48.25805" lon="11.30084">
    <name>TP1125</name>
  </trkpt>
  <trkpt lat="48.25812" lon="11.30076">
    <name>TP1126</name>
  </trkpt>
  <trkpt lat="48.25821" lon="11.30065">
    <name>TP1127</name>
  </trkpt>
  <trkpt lat="48.25862" lon="11.30017">
    <name>TP1128</name>
  </trkpt>
  <trkpt lat="48.25881" lon="11.29996">
    <name>TP1129</name>
  </trkpt>
  <trkpt lat="48.25897" lon="11.29978">
    <name>TP1130</name>
  </trkpt>
  <trkpt lat="48.25913" lon="11.2996">
    <name>TP1131</name>
  </trkpt>
  <trkpt lat="48.25925" lon="11.29948">
    <name>TP1132</name>
  </trkpt>
  <trkpt lat="48.2594" lon="11.29932">
    <name>TP1133</name>
  </trkpt>
  <trkpt lat="48.25952" lon="11.29919">
    <name>TP1134</name>
  </trkpt>
  <trkpt lat="48.25982" lon="11.29888">
    <name>TP1135</name>
  </trkpt>
  <trkpt lat="48.26005" lon="11.29863">
    <name>TP1136</name>
  </trkpt>
  <trkpt lat="48.26012" lon="11.29857">
    <name>TP1137</name>
  </trkpt>
  <trkpt lat="48.26017" lon="11.2985">
    <name>TP1138</name>
  </trkpt>
  <trkpt lat="48.26022" lon="11.29845">
    <name>TP1139</name>
  </trkpt>
  <trkpt lat="48.26032" lon="11.29836">
    <name>TP1140</name>
  </trkpt>
  <trkpt lat="48.26037" lon="11.2983">
    <name>TP1141</name>
  </trkpt>
  <trkpt lat="48.26068" lon="11.29797">
    <name>TP1142</name>
  </trkpt>
  <trkpt lat="48.26095" lon="11.29769">
    <name>TP1143</name>
  </trkpt>
  <trkpt lat="48.26096" lon="11.29768">
    <name>TP1144</name>
  </trkpt>
  <trkpt lat="48.26107" lon="11.29757">
    <name>TP1145</name>
  </trkpt>
  <trkpt lat="48.26126" lon="11.29737">
    <name>TP1146</name>
  </trkpt>
  <trkpt lat="48.26132" lon="11.2973">
    <name>TP1147</name>
  </trkpt>
  <trkpt lat="48.26141" lon="11.29722">
    <name>TP1148</name>
  </trkpt>
  <trkpt lat="48.26155" lon="11.29706">
    <name>TP1149</name>
  </trkpt>
  <trkpt lat="48.26161" lon="11.297">
    <name>TP1150</name>
  </trkpt>
  <trkpt lat="48.26171" lon="11.29689">
    <name>TP1151</name>
  </trkpt>
  <trkpt lat="48.26199" lon="11.2966">
    <name>TP1152</name>
  </trkpt>
  <trkpt lat="48.26221" lon="11.29637">
    <name>TP1153</name>
  </trkpt>
  <trkpt lat="48.26229" lon="11.29629">
    <name>TP1154</name>
  </trkpt>
  <trkpt lat="48.26243" lon="11.29614">
    <name>TP1155</name>
  </trkpt>
  <trkpt lat="48.26272" lon="11.29584">
    <name>TP1156</name>
  </trkpt>
  <trkpt lat="48.26285" lon="11.2957">
    <name>TP1157</name>
  </trkpt>
  <trkpt lat="48.26286" lon="11.29569">
    <name>TP1158</name>
  </trkpt>
  <trkpt lat="48.26294" lon="11.2956">
    <name>TP1159</name>
  </trkpt>
  <trkpt lat="48.26322" lon="11.29531">
    <name>TP1160</name>
  </trkpt>
  <trkpt lat="48.26324" lon="11.29529">
    <name>TP1161</name>
  </trkpt>
  <trkpt lat="48.26358" lon="11.29493">
    <name>TP1162</name>
  </trkpt>
  <trkpt lat="48.2638" lon="11.29471">
    <name>TP1163</name>
  </trkpt>
  <trkpt lat="48.26406" lon="11.29443">
    <name>TP1164</name>
  </trkpt>
  <trkpt lat="48.26427" lon="11.29421">
    <name>TP1165</name>
  </trkpt>
  <trkpt lat="48.26435" lon="11.29412">
    <name>TP1166</name>
  </trkpt>
  <trkpt lat="48.26446" lon="11.29402">
    <name>TP1167</name>
  </trkpt>
  <trkpt lat="48.2645" lon="11.29397">
    <name>TP1168</name>
  </trkpt>
  <trkpt lat="48.26513" lon="11.29331">
    <name>TP1169</name>
  </trkpt>
  <trkpt lat="48.26526" lon="11.29317">
    <name>TP1170</name>
  </trkpt>
  <trkpt lat="48.26531" lon="11.29312">
    <name>TP1171</name>
  </trkpt>
  <trkpt lat="48.26553" lon="11.29289">
    <name>TP1172</name>
  </trkpt>
  <trkpt lat="48.26576" lon="11.29265">
    <name>TP1173</name>
  </trkpt>
  <trkpt lat="48.26644" lon="11.29194">
    <name>TP1174</name>
  </trkpt>
  <trkpt lat="48.26659" lon="11.29178">
    <name>TP1175</name>
  </trkpt>
  <trkpt lat="48.26664" lon="11.29173">
    <name>TP1176</name>
  </trkpt>
  <trkpt lat="48.26671" lon="11.29165">
    <name>TP1177</name>
  </trkpt>
  <trkpt lat="48.26672" lon="11.29165">
    <name>TP1178</name>
  </trkpt>
  <trkpt lat="48.26673" lon="11.29163">
    <name>TP1179</name>
  </trkpt>
  <trkpt lat="48.26806" lon="11.29024">
    <name>TP1180</name>
  </trkpt>
  <trkpt lat="48.2688" lon="11.28947">
    <name>TP1181</name>
  </trkpt>
  <trkpt lat="48.26892" lon="11.28933">
    <name>TP1182</name>
  </trkpt>
  <trkpt lat="48.26893" lon="11.28933">
    <name>TP1183</name>
  </trkpt>
  <trkpt lat="48.26895" lon="11.28931">
    <name>TP1184</name>
  </trkpt>
  <trkpt lat="48.26896" lon="11.2893">
    <name>TP1185</name>
  </trkpt>
  <trkpt lat="48.26909" lon="11.28916">
    <name>TP1186</name>
  </trkpt>
  <trkpt lat="48.26954" lon="11.28869">
    <name>TP1187</name>
  </trkpt>
  <trkpt lat="48.26968" lon="11.28854">
    <name>TP1188</name>
  </trkpt>
  <trkpt lat="48.27036" lon="11.28783">
    <name>TP1189</name>
  </trkpt>
  <trkpt lat="48.27042" lon="11.28776">
    <name>TP1190</name>
  </trkpt>
  <trkpt lat="48.2705" lon="11.28768">
    <name>TP1191</name>
  </trkpt>
  <trkpt lat="48.27062" lon="11.28756">
    <name>TP1192</name>
  </trkpt>
  <trkpt lat="48.27074" lon="11.28743">
    <name>TP1193</name>
  </trkpt>
  <trkpt lat="48.27079" lon="11.28737">
    <name>TP1194</name>
  </trkpt>
  <trkpt lat="48.27085" lon="11.28731">
    <name>TP1195</name>
  </trkpt>
  <trkpt lat="48.271" lon="11.28716">
    <name>TP1196</name>
  </trkpt>
  <trkpt lat="48.27189" lon="11.28622">
    <name>TP1197</name>
  </trkpt>
  <trkpt lat="48.27195" lon="11.28616">
    <name>TP1198</name>
  </trkpt>
  <trkpt lat="48.27212" lon="11.28599">
    <name>TP1199</name>
  </trkpt>
  <trkpt lat="48.27241" lon="11.28567">
    <name>TP1200</name>
  </trkpt>
  <trkpt lat="48.27261" lon="11.28544">
    <name>TP1201</name>
  </trkpt>
  <trkpt lat="48.27264" lon="11.2854">
    <name>TP1202</name>
  </trkpt>
  <trkpt lat="48.27266" lon="11.28539">
    <name>TP1203</name>
  </trkpt>
  <trkpt lat="48.27288" lon="11.28512">
    <name>TP1204</name>
  </trkpt>
  <trkpt lat="48.2732" lon="11.28473">
    <name>TP1205</name>
  </trkpt>
  <trkpt lat="48.27325" lon="11.28467">
    <name>TP1206</name>
  </trkpt>
  <trkpt lat="48.27331" lon="11.28459">
    <name>TP1207</name>
  </trkpt>
  <trkpt lat="48.27356" lon="11.28427">
    <name>TP1208</name>
  </trkpt>
  <trkpt lat="48.27368" lon="11.28411">
    <name>TP1209</name>
  </trkpt>
  <trkpt lat="48.2738" lon="11.28396">
    <name>TP1210</name>
  </trkpt>
  <trkpt lat="48.27385" lon="11.28388">
    <name>TP1211</name>
  </trkpt>
  <trkpt lat="48.27392" lon="11.28378">
    <name>TP1212</name>
  </trkpt>
  <trkpt lat="48.27409" lon="11.28355">
    <name>TP1213</name>
  </trkpt>
  <trkpt lat="48.27415" lon="11.28346">
    <name>TP1214</name>
  </trkpt>
  <trkpt lat="48.27432" lon="11.28322">
    <name>TP1215</name>
  </trkpt>
  <trkpt lat="48.27437" lon="11.28313">
    <name>TP1216</name>
  </trkpt>
  <trkpt lat="48.27446" lon="11.283">
    <name>TP1217</name>
  </trkpt>
  <trkpt lat="48.27456" lon="11.28284">
    <name>TP1218</name>
  </trkpt>
  <trkpt lat="48.2748" lon="11.28246">
    <name>TP1219</name>
  </trkpt>
  <trkpt lat="48.27493" lon="11.28225">
    <name>TP1220</name>
  </trkpt>
  <trkpt lat="48.27494" lon="11.28225">
    <name>TP1221</name>
  </trkpt>
  <trkpt lat="48.27506" lon="11.28205">
    <name>TP1222</name>
  </trkpt>
  <trkpt lat="48.27518" lon="11.28185">
    <name>TP1223</name>
  </trkpt>
  <trkpt lat="48.2753" lon="11.28165">
    <name>TP1224</name>
  </trkpt>
  <trkpt lat="48.27537" lon="11.28152">
    <name>TP1225</name>
  </trkpt>
  <trkpt lat="48.27541" lon="11.28145">
    <name>TP1226</name>
  </trkpt>
  <trkpt lat="48.27556" lon="11.28118">
    <name>TP1227</name>
  </trkpt>
  <trkpt lat="48.27564" lon="11.28103">
    <name>TP1228</name>
  </trkpt>
  <trkpt lat="48.27568" lon="11.28095">
    <name>TP1229</name>
  </trkpt>
  <trkpt lat="48.27576" lon="11.28081">
    <name>TP1230</name>
  </trkpt>
  <trkpt lat="48.27587" lon="11.2806">
    <name>TP1231</name>
  </trkpt>
  <trkpt lat="48.27597" lon="11.2804">
    <name>TP1232</name>
  </trkpt>
  <trkpt lat="48.27607" lon="11.2802">
    <name>TP1233</name>
  </trkpt>
  <trkpt lat="48.27639" lon="11.27956">
    <name>TP1234</name>
  </trkpt>
  <trkpt lat="48.27654" lon="11.27923">
    <name>TP1235</name>
  </trkpt>
  <trkpt lat="48.27677" lon="11.27875">
    <name>TP1236</name>
  </trkpt>
  <trkpt lat="48.27701" lon="11.27823">
    <name>TP1237</name>
  </trkpt>
  <trkpt lat="48.27712" lon="11.27799">
    <name>TP1238</name>
  </trkpt>
  <trkpt lat="48.27719" lon="11.27786">
    <name>TP1239</name>
  </trkpt>
  <trkpt lat="48.27723" lon="11.27775">
    <name>TP1240</name>
  </trkpt>
  <trkpt lat="48.27739" lon="11.27741">
    <name>TP1241</name>
  </trkpt>
  <trkpt lat="48.27791" lon="11.27631">
    <name>TP1242</name>
  </trkpt>
  <trkpt lat="48.27833" lon="11.27542">
    <name>TP1243</name>
  </trkpt>
  <trkpt lat="48.2786" lon="11.27484">
    <name>TP1244</name>
  </trkpt>
  <trkpt lat="48.27871" lon="11.27461">
    <name>TP1245</name>
  </trkpt>
  <trkpt lat="48.27884" lon="11.27432">
    <name>TP1246</name>
  </trkpt>
  <trkpt lat="48.27895" lon="11.2741">
    <name>TP1247</name>
  </trkpt>
  <trkpt lat="48.27905" lon="11.27387">
    <name>TP1248</name>
  </trkpt>
  <trkpt lat="48.27915" lon="11.27365">
    <name>TP1249</name>
  </trkpt>
  <trkpt lat="48.27926" lon="11.27343">
    <name>TP1250</name>
  </trkpt>
  <trkpt lat="48.27936" lon="11.27321">
    <name>TP1251</name>
  </trkpt>
  <trkpt lat="48.27943" lon="11.27307">
    <name>TP1252</name>
  </trkpt>
  <trkpt lat="48.27947" lon="11.27299">
    <name>TP1253</name>
  </trkpt>
  <trkpt lat="48.27953" lon="11.27285">
    <name>TP1254</name>
  </trkpt>
  <trkpt lat="48.27957" lon="11.27277">
    <name>TP1255</name>
  </trkpt>
  <trkpt lat="48.27961" lon="11.27268">
    <name>TP1256</name>
  </trkpt>
  <trkpt lat="48.27967" lon="11.27255">
    <name>TP1257</name>
  </trkpt>
  <trkpt lat="48.28013" lon="11.27158">
    <name>TP1258</name>
  </trkpt>
  <trkpt lat="48.28055" lon="11.27067">
    <name>TP1259</name>
  </trkpt>
  <trkpt lat="48.28074" lon="11.27026">
    <name>TP1260</name>
  </trkpt>
  <trkpt lat="48.28094" lon="11.26984">
    <name>TP1261</name>
  </trkpt>
  <trkpt lat="48.2814" lon="11.26886">
    <name>TP1262</name>
  </trkpt>
  <trkpt lat="48.28162" lon="11.2684">
    <name>TP1263</name>
  </trkpt>
  <trkpt lat="48.28175" lon="11.26812">
    <name>TP1264</name>
  </trkpt>
  <trkpt lat="48.28176" lon="11.26809">
    <name>TP1265</name>
  </trkpt>
  <trkpt lat="48.2819" lon="11.26779">
    <name>TP1266</name>
  </trkpt>
  <trkpt lat="48.28197" lon="11.26766">
    <name>TP1267</name>
  </trkpt>
  <trkpt lat="48.28204" lon="11.26751">
    <name>TP1268</name>
  </trkpt>
  <trkpt lat="48.28217" lon="11.26723">
    <name>TP1269</name>
  </trkpt>
  <trkpt lat="48.28251" lon="11.2665">
    <name>TP1270</name>
  </trkpt>
  <trkpt lat="48.2827" lon="11.26609">
    <name>TP1271</name>
  </trkpt>
  <trkpt lat="48.28286" lon="11.26575">
    <name>TP1272</name>
  </trkpt>
  <trkpt lat="48.28311" lon="11.2652">
    <name>TP1273</name>
  </trkpt>
  <trkpt lat="48.28342" lon="11.26455">
    <name>TP1274</name>
  </trkpt>
  <trkpt lat="48.28349" lon="11.2644">
    <name>TP1275</name>
  </trkpt>
  <trkpt lat="48.28354" lon="11.26427">
    <name>TP1276</name>
  </trkpt>
  <trkpt lat="48.28396" lon="11.26338">
    <name>TP1277</name>
  </trkpt>
  <trkpt lat="48.28424" lon="11.26278">
    <name>TP1278</name>
  </trkpt>
  <trkpt lat="48.28426" lon="11.26273">
    <name>TP1279</name>
  </trkpt>
  <trkpt lat="48.28457" lon="11.26206">
    <name>TP1280</name>
  </trkpt>
  <trkpt lat="48.28458" lon="11.26205">
    <name>TP1281</name>
  </trkpt>
  <trkpt lat="48.28465" lon="11.26189">
    <name>TP1282</name>
  </trkpt>
  <trkpt lat="48.28478" lon="11.26161">
    <name>TP1283</name>
  </trkpt>
  <trkpt lat="48.2849" lon="11.26136">
    <name>TP1284</name>
  </trkpt>
  <trkpt lat="48.28499" lon="11.26116">
    <name>TP1285</name>
  </trkpt>
  <trkpt lat="48.28503" lon="11.26108">
    <name>TP1286</name>
  </trkpt>
  <trkpt lat="48.28509" lon="11.26093">
    <name>TP1287</name>
  </trkpt>
  <trkpt lat="48.28519" lon="11.26071">
    <name>TP1288</name>
  </trkpt>
  <trkpt lat="48.28539" lon="11.26027">
    <name>TP1289</name>
  </trkpt>
  <trkpt lat="48.28543" lon="11.26018">
    <name>TP1290</name>
  </trkpt>
  <trkpt lat="48.2856" lon="11.25981">
    <name>TP1291</name>
  </trkpt>
  <trkpt lat="48.28565" lon="11.25971">
    <name>TP1292</name>
  </trkpt>
  <trkpt lat="48.2857" lon="11.2596">
    <name>TP1293</name>
  </trkpt>
  <trkpt lat="48.2857" lon="11.25959">
    <name>TP1294</name>
  </trkpt>
  <trkpt lat="48.28574" lon="11.25951">
    <name>TP1295</name>
  </trkpt>
  <trkpt lat="48.28574" lon="11.2595">
    <name>TP1296</name>
  </trkpt>
  <trkpt lat="48.2858" lon="11.25937">
    <name>TP1297</name>
  </trkpt>
  <trkpt lat="48.28583" lon="11.25929">
    <name>TP1298</name>
  </trkpt>
  <trkpt lat="48.28597" lon="11.25899">
    <name>TP1299</name>
  </trkpt>
  <trkpt lat="48.2861" lon="11.2587">
    <name>TP1300</name>
  </trkpt>
  <trkpt lat="48.28623" lon="11.25839">
    <name>TP1301</name>
  </trkpt>
  <trkpt lat="48.28629" lon="11.25828">
    <name>TP1302</name>
  </trkpt>
  <trkpt lat="48.28637" lon="11.25809">
    <name>TP1303</name>
  </trkpt>
  <trkpt lat="48.2867" lon="11.25732">
    <name>TP1304</name>
  </trkpt>
  <trkpt lat="48.28683" lon="11.25701">
    <name>TP1305</name>
  </trkpt>
  <trkpt lat="48.28699" lon="11.25663">
    <name>TP1306</name>
  </trkpt>
  <trkpt lat="48.2871" lon="11.25638">
    <name>TP1307</name>
  </trkpt>
  <trkpt lat="48.28717" lon="11.2562">
    <name>TP1308</name>
  </trkpt>
  <trkpt lat="48.28725" lon="11.25603">
    <name>TP1309</name>
  </trkpt>
  <trkpt lat="48.28726" lon="11.256">
    <name>TP1310</name>
  </trkpt>
  <trkpt lat="48.28734" lon="11.2558">
    <name>TP1311</name>
  </trkpt>
  <trkpt lat="48.28751" lon="11.25539">
    <name>TP1312</name>
  </trkpt>
  <trkpt lat="48.28767" lon="11.25498">
    <name>TP1313</name>
  </trkpt>
  <trkpt lat="48.28783" lon="11.25457">
    <name>TP1314</name>
  </trkpt>
  <trkpt lat="48.28799" lon="11.25415">
    <name>TP1315</name>
  </trkpt>
  <trkpt lat="48.28818" lon="11.25363">
    <name>TP1316</name>
  </trkpt>
  <trkpt lat="48.28824" lon="11.25349">
    <name>TP1317</name>
  </trkpt>
  <trkpt lat="48.28829" lon="11.25336">
    <name>TP1318</name>
  </trkpt>
  <trkpt lat="48.28836" lon="11.25317">
    <name>TP1319</name>
  </trkpt>
  <trkpt lat="48.28838" lon="11.25312">
    <name>TP1320</name>
  </trkpt>
  <trkpt lat="48.28853" lon="11.25271">
    <name>TP1321</name>
  </trkpt>
  <trkpt lat="48.28861" lon="11.25249">
    <name>TP1322</name>
  </trkpt>
  <trkpt lat="48.28873" lon="11.25216">
    <name>TP1323</name>
  </trkpt>
  <trkpt lat="48.28889" lon="11.25171">
    <name>TP1324</name>
  </trkpt>
  <trkpt lat="48.28894" lon="11.25157">
    <name>TP1325</name>
  </trkpt>
  <trkpt lat="48.28898" lon="11.25146">
    <name>TP1326</name>
  </trkpt>
  <trkpt lat="48.289" lon="11.2514">
    <name>TP1327</name>
  </trkpt>
  <trkpt lat="48.28904" lon="11.25127">
    <name>TP1328</name>
  </trkpt>
  <trkpt lat="48.2892" lon="11.25081">
    <name>TP1329</name>
  </trkpt>
  <trkpt lat="48.28931" lon="11.25049">
    <name>TP1330</name>
  </trkpt>
  <trkpt lat="48.2895" lon="11.24994">
    <name>TP1331</name>
  </trkpt>
  <trkpt lat="48.28954" lon="11.24982">
    <name>TP1332</name>
  </trkpt>
  <trkpt lat="48.28969" lon="11.24936">
    <name>TP1333</name>
  </trkpt>
  <trkpt lat="48.28984" lon="11.2489">
    <name>TP1334</name>
  </trkpt>
  <trkpt lat="48.28994" lon="11.24856">
    <name>TP1335</name>
  </trkpt>
  <trkpt lat="48.28995" lon="11.24854">
    <name>TP1336</name>
  </trkpt>
  <trkpt lat="48.29001" lon="11.24837">
    <name>TP1337</name>
  </trkpt>
  <trkpt lat="48.29016" lon="11.24787">
    <name>TP1338</name>
  </trkpt>
  <trkpt lat="48.29025" lon="11.24758">
    <name>TP1339</name>
  </trkpt>
  <trkpt lat="48.29032" lon="11.24737">
    <name>TP1340</name>
  </trkpt>
  <trkpt lat="48.29037" lon="11.2472">
    <name>TP1341</name>
  </trkpt>
  <trkpt lat="48.29044" lon="11.24698">
    <name>TP1342</name>
  </trkpt>
  <trkpt lat="48.29052" lon="11.24671">
    <name>TP1343</name>
  </trkpt>
  <trkpt lat="48.29056" lon="11.24657">
    <name>TP1344</name>
  </trkpt>
  <trkpt lat="48.29069" lon="11.24614">
    <name>TP1345</name>
  </trkpt>
  <trkpt lat="48.29083" lon="11.24567">
    <name>TP1346</name>
  </trkpt>
  <trkpt lat="48.29093" lon="11.24533">
    <name>TP1347</name>
  </trkpt>
  <trkpt lat="48.29108" lon="11.24483">
    <name>TP1348</name>
  </trkpt>
  <trkpt lat="48.29116" lon="11.24458">
    <name>TP1349</name>
  </trkpt>
  <trkpt lat="48.29122" lon="11.24437">
    <name>TP1350</name>
  </trkpt>
  <trkpt lat="48.29127" lon="11.24421">
    <name>TP1351</name>
  </trkpt>
  <trkpt lat="48.2913" lon="11.2441">
    <name>TP1352</name>
  </trkpt>
  <trkpt lat="48.29148" lon="11.24347">
    <name>TP1353</name>
  </trkpt>
  <trkpt lat="48.29159" lon="11.2431">
    <name>TP1354</name>
  </trkpt>
  <trkpt lat="48.29169" lon="11.24278">
    <name>TP1355</name>
  </trkpt>
  <trkpt lat="48.29172" lon="11.24268">
    <name>TP1356</name>
  </trkpt>
  <trkpt lat="48.2918" lon="11.2424">
    <name>TP1357</name>
  </trkpt>
  <trkpt lat="48.29191" lon="11.24202">
    <name>TP1358</name>
  </trkpt>
  <trkpt lat="48.29193" lon="11.24194">
    <name>TP1359</name>
  </trkpt>
  <trkpt lat="48.292" lon="11.24171">
    <name>TP1360</name>
  </trkpt>
  <trkpt lat="48.29206" lon="11.2415">
    <name>TP1361</name>
  </trkpt>
  <trkpt lat="48.29215" lon="11.24122">
    <name>TP1362</name>
  </trkpt>
  <trkpt lat="48.29247" lon="11.24016">
    <name>TP1363</name>
  </trkpt>
  <trkpt lat="48.29259" lon="11.23974">
    <name>TP1364</name>
  </trkpt>
  <trkpt lat="48.29281" lon="11.23901">
    <name>TP1365</name>
  </trkpt>
  <trkpt lat="48.293" lon="11.23837">
    <name>TP1366</name>
  </trkpt>
  <trkpt lat="48.29313" lon="11.23794">
    <name>TP1367</name>
  </trkpt>
  <trkpt lat="48.29326" lon="11.23752">
    <name>TP1368</name>
  </trkpt>
  <trkpt lat="48.29333" lon="11.23728">
    <name>TP1369</name>
  </trkpt>
  <trkpt lat="48.29341" lon="11.23702">
    <name>TP1370</name>
  </trkpt>
  <trkpt lat="48.2936" lon="11.23636">
    <name>TP1371</name>
  </trkpt>
  <trkpt lat="48.29382" lon="11.23563">
    <name>TP1372</name>
  </trkpt>
  <trkpt lat="48.29397" lon="11.23511">
    <name>TP1373</name>
  </trkpt>
  <trkpt lat="48.294" lon="11.235">
    <name>TP1374</name>
  </trkpt>
  <trkpt lat="48.29405" lon="11.23483">
    <name>TP1375</name>
  </trkpt>
  <trkpt lat="48.29409" lon="11.23468">
    <name>TP1376</name>
  </trkpt>
  <trkpt lat="48.29413" lon="11.23452">
    <name>TP1377</name>
  </trkpt>
  <trkpt lat="48.29448" lon="11.23335">
    <name>TP1378</name>
  </trkpt>
  <trkpt lat="48.29452" lon="11.23323">
    <name>TP1379</name>
  </trkpt>
  <trkpt lat="48.29456" lon="11.2331">
    <name>TP1380</name>
  </trkpt>
  <trkpt lat="48.29466" lon="11.23275">
    <name>TP1381</name>
  </trkpt>
  <trkpt lat="48.29481" lon="11.23224">
    <name>TP1382</name>
  </trkpt>
  <trkpt lat="48.29483" lon="11.23216">
    <name>TP1383</name>
  </trkpt>
  <trkpt lat="48.29496" lon="11.23175">
    <name>TP1384</name>
  </trkpt>
  <trkpt lat="48.29503" lon="11.2315">
    <name>TP1385</name>
  </trkpt>
  <trkpt lat="48.29504" lon="11.23147">
    <name>TP1386</name>
  </trkpt>
  <trkpt lat="48.29511" lon="11.23126">
    <name>TP1387</name>
  </trkpt>
  <trkpt lat="48.29519" lon="11.23101">
    <name>TP1388</name>
  </trkpt>
  <trkpt lat="48.29519" lon="11.23099">
    <name>TP1389</name>
  </trkpt>
  <trkpt lat="48.29526" lon="11.23076">
    <name>TP1390</name>
  </trkpt>
  <trkpt lat="48.29532" lon="11.23058">
    <name>TP1391</name>
  </trkpt>
  <trkpt lat="48.29547" lon="11.23011">
    <name>TP1392</name>
  </trkpt>
  <trkpt lat="48.29557" lon="11.2298">
    <name>TP1393</name>
  </trkpt>
  <trkpt lat="48.29567" lon="11.22948">
    <name>TP1394</name>
  </trkpt>
  <trkpt lat="48.29579" lon="11.22912">
    <name>TP1395</name>
  </trkpt>
  <trkpt lat="48.2959" lon="11.22879">
    <name>TP1396</name>
  </trkpt>
  <trkpt lat="48.29597" lon="11.22859">
    <name>TP1397</name>
  </trkpt>
  <trkpt lat="48.29604" lon="11.22839">
    <name>TP1398</name>
  </trkpt>
  <trkpt lat="48.29619" lon="11.22794">
    <name>TP1399</name>
  </trkpt>
  <trkpt lat="48.29638" lon="11.22743">
    <name>TP1400</name>
  </trkpt>
  <trkpt lat="48.29639" lon="11.2274">
    <name>TP1401</name>
  </trkpt>
  <trkpt lat="48.29644" lon="11.22727">
    <name>TP1402</name>
  </trkpt>
  <trkpt lat="48.29654" lon="11.227">
    <name>TP1403</name>
  </trkpt>
  <trkpt lat="48.29671" lon="11.22655">
    <name>TP1404</name>
  </trkpt>
  <trkpt lat="48.29696" lon="11.22589">
    <name>TP1405</name>
  </trkpt>
  <trkpt lat="48.29703" lon="11.22572">
    <name>TP1406</name>
  </trkpt>
  <trkpt lat="48.29718" lon="11.22534">
    <name>TP1407</name>
  </trkpt>
  <trkpt lat="48.29724" lon="11.22518">
    <name>TP1408</name>
  </trkpt>
  <trkpt lat="48.29731" lon="11.22502">
    <name>TP1409</name>
  </trkpt>
  <trkpt lat="48.29744" lon="11.22469">
    <name>TP1410</name>
  </trkpt>
  <trkpt lat="48.29756" lon="11.22443">
    <name>TP1411</name>
  </trkpt>
  <trkpt lat="48.29768" lon="11.22413">
    <name>TP1412</name>
  </trkpt>
  <trkpt lat="48.29775" lon="11.22397">
    <name>TP1413</name>
  </trkpt>
  <trkpt lat="48.29782" lon="11.22382">
    <name>TP1414</name>
  </trkpt>
  <trkpt lat="48.29792" lon="11.22359">
    <name>TP1415</name>
  </trkpt>
  <trkpt lat="48.29795" lon="11.22352">
    <name>TP1416</name>
  </trkpt>
  <trkpt lat="48.29802" lon="11.22336">
    <name>TP1417</name>
  </trkpt>
  <trkpt lat="48.29805" lon="11.2233">
    <name>TP1418</name>
  </trkpt>
  <trkpt lat="48.29819" lon="11.22299">
    <name>TP1419</name>
  </trkpt>
  <trkpt lat="48.2984" lon="11.22253">
    <name>TP1420</name>
  </trkpt>
  <trkpt lat="48.29867" lon="11.22197">
    <name>TP1421</name>
  </trkpt>
  <trkpt lat="48.29899" lon="11.22132">
    <name>TP1422</name>
  </trkpt>
  <trkpt lat="48.29923" lon="11.22083">
    <name>TP1423</name>
  </trkpt>
  <trkpt lat="48.29935" lon="11.2206">
    <name>TP1424</name>
  </trkpt>
  <trkpt lat="48.29954" lon="11.22024">
    <name>TP1425</name>
  </trkpt>
  <trkpt lat="48.2999" lon="11.21956">
    <name>TP1426</name>
  </trkpt>
  <trkpt lat="48.3001" lon="11.21919">
    <name>TP1427</name>
  </trkpt>
  <trkpt lat="48.30033" lon="11.21878">
    <name>TP1428</name>
  </trkpt>
  <trkpt lat="48.30036" lon="11.21873">
    <name>TP1429</name>
  </trkpt>
  <trkpt lat="48.30048" lon="11.21853">
    <name>TP1430</name>
  </trkpt>
  <trkpt lat="48.30059" lon="11.21832">
    <name>TP1431</name>
  </trkpt>
  <trkpt lat="48.3006" lon="11.21831">
    <name>TP1432</name>
  </trkpt>
  <trkpt lat="48.30073" lon="11.21809">
    <name>TP1433</name>
  </trkpt>
  <trkpt lat="48.30085" lon="11.21789">
    <name>TP1434</name>
  </trkpt>
  <trkpt lat="48.30098" lon="11.21767">
    <name>TP1435</name>
  </trkpt>
  <trkpt lat="48.30102" lon="11.2176">
    <name>TP1436</name>
  </trkpt>
  <trkpt lat="48.30115" lon="11.21739">
    <name>TP1437</name>
  </trkpt>
  <trkpt lat="48.30127" lon="11.2172">
    <name>TP1438</name>
  </trkpt>
  <trkpt lat="48.30141" lon="11.21697">
    <name>TP1439</name>
  </trkpt>
  <trkpt lat="48.30171" lon="11.2165">
    <name>TP1440</name>
  </trkpt>
  <trkpt lat="48.30178" lon="11.21639">
    <name>TP1441</name>
  </trkpt>
  <trkpt lat="48.3019" lon="11.21619">
    <name>TP1442</name>
  </trkpt>
  <trkpt lat="48.30191" lon="11.21618">
    <name>TP1443</name>
  </trkpt>
  <trkpt lat="48.30201" lon="11.21603">
    <name>TP1444</name>
  </trkpt>
  <trkpt lat="48.30203" lon="11.216">
    <name>TP1445</name>
  </trkpt>
  <trkpt lat="48.30246" lon="11.21534">
    <name>TP1446</name>
  </trkpt>
  <trkpt lat="48.30274" lon="11.21492">
    <name>TP1447</name>
  </trkpt>
  <trkpt lat="48.30305" lon="11.21446">
    <name>TP1448</name>
  </trkpt>
  <trkpt lat="48.30317" lon="11.21428">
    <name>TP1449</name>
  </trkpt>
  <trkpt lat="48.30333" lon="11.21405">
    <name>TP1450</name>
  </trkpt>
  <trkpt lat="48.3037" lon="11.21351">
    <name>TP1451</name>
  </trkpt>
  <trkpt lat="48.30382" lon="11.21334">
    <name>TP1452</name>
  </trkpt>
  <trkpt lat="48.30407" lon="11.21296">
    <name>TP1453</name>
  </trkpt>
  <trkpt lat="48.30425" lon="11.21271">
    <name>TP1454</name>
  </trkpt>
  <trkpt lat="48.30433" lon="11.21258">
    <name>TP1455</name>
  </trkpt>
  <trkpt lat="48.30434" lon="11.21257">
    <name>TP1456</name>
  </trkpt>
  <trkpt lat="48.30446" lon="11.21239">
    <name>TP1457</name>
  </trkpt>
  <trkpt lat="48.30447" lon="11.21239">
    <name>TP1458</name>
  </trkpt>
  <trkpt lat="48.30466" lon="11.2121">
    <name>TP1459</name>
  </trkpt>
  <trkpt lat="48.30485" lon="11.21183">
    <name>TP1460</name>
  </trkpt>
  <trkpt lat="48.30513" lon="11.21141">
    <name>TP1461</name>
  </trkpt>
  <trkpt lat="48.30527" lon="11.21122">
    <name>TP1462</name>
  </trkpt>
  <trkpt lat="48.30549" lon="11.2109">
    <name>TP1463</name>
  </trkpt>
  <trkpt lat="48.30562" lon="11.2107">
    <name>TP1464</name>
  </trkpt>
  <trkpt lat="48.30564" lon="11.21067">
    <name>TP1465</name>
  </trkpt>
  <trkpt lat="48.30575" lon="11.21051">
    <name>TP1466</name>
  </trkpt>
  <trkpt lat="48.30588" lon="11.21032">
    <name>TP1467</name>
  </trkpt>
  <trkpt lat="48.30624" lon="11.20979">
    <name>TP1468</name>
  </trkpt>
  <trkpt lat="48.30653" lon="11.20938">
    <name>TP1469</name>
  </trkpt>
  <trkpt lat="48.30702" lon="11.20865">
    <name>TP1470</name>
  </trkpt>
  <trkpt lat="48.30707" lon="11.20859">
    <name>TP1471</name>
  </trkpt>
  <trkpt lat="48.30715" lon="11.20846">
    <name>TP1472</name>
  </trkpt>
  <trkpt lat="48.30728" lon="11.20827">
    <name>TP1473</name>
  </trkpt>
  <trkpt lat="48.30767" lon="11.20771">
    <name>TP1474</name>
  </trkpt>
  <trkpt lat="48.30792" lon="11.20733">
    <name>TP1475</name>
  </trkpt>
  <trkpt lat="48.30798" lon="11.20725">
    <name>TP1476</name>
  </trkpt>
  <trkpt lat="48.30801" lon="11.20721">
    <name>TP1477</name>
  </trkpt>
  <trkpt lat="48.30809" lon="11.20709">
    <name>TP1478</name>
  </trkpt>
  <trkpt lat="48.30819" lon="11.20694">
    <name>TP1479</name>
  </trkpt>
  <trkpt lat="48.30832" lon="11.20676">
    <name>TP1480</name>
  </trkpt>
  <trkpt lat="48.30851" lon="11.20648">
    <name>TP1481</name>
  </trkpt>
  <trkpt lat="48.3087" lon="11.2062">
    <name>TP1482</name>
  </trkpt>
  <trkpt lat="48.30885" lon="11.20597">
    <name>TP1483</name>
  </trkpt>
  <trkpt lat="48.30897" lon="11.2058">
    <name>TP1484</name>
  </trkpt>
  <trkpt lat="48.30904" lon="11.2057">
    <name>TP1485</name>
  </trkpt>
  <trkpt lat="48.30926" lon="11.20538">
    <name>TP1486</name>
  </trkpt>
  <trkpt lat="48.30941" lon="11.20515">
    <name>TP1487</name>
  </trkpt>
  <trkpt lat="48.3096" lon="11.20487">
    <name>TP1488</name>
  </trkpt>
  <trkpt lat="48.31078" lon="11.20315">
    <name>TP1489</name>
  </trkpt>
  <trkpt lat="48.31093" lon="11.20295">
    <name>TP1490</name>
  </trkpt>
  <trkpt lat="48.31118" lon="11.20258">
    <name>TP1491</name>
  </trkpt>
  <trkpt lat="48.31125" lon="11.20247">
    <name>TP1492</name>
  </trkpt>
  <trkpt lat="48.31156" lon="11.20202">
    <name>TP1493</name>
  </trkpt>
  <trkpt lat="48.31169" lon="11.20183">
    <name>TP1494</name>
  </trkpt>
  <trkpt lat="48.31189" lon="11.20153">
    <name>TP1495</name>
  </trkpt>
  <trkpt lat="48.31194" lon="11.20145">
    <name>TP1496</name>
  </trkpt>
  <trkpt lat="48.31198" lon="11.20139">
    <name>TP1497</name>
  </trkpt>
  <trkpt lat="48.3123" lon="11.20093">
    <name>TP1498</name>
  </trkpt>
  <trkpt lat="48.31246" lon="11.20069">
    <name>TP1499</name>
  </trkpt>
  <trkpt lat="48.31257" lon="11.20052">
    <name>TP1500</name>
  </trkpt>
  <trkpt lat="48.31258" lon="11.2005">
    <name>TP1501</name>
  </trkpt>
  <trkpt lat="48.31281" lon="11.20016">
    <name>TP1502</name>
  </trkpt>
  <trkpt lat="48.31297" lon="11.19993">
    <name>TP1503</name>
  </trkpt>
  <trkpt lat="48.31308" lon="11.19976">
    <name>TP1504</name>
  </trkpt>
  <trkpt lat="48.31309" lon="11.19974">
    <name>TP1505</name>
  </trkpt>
  <trkpt lat="48.31314" lon="11.19966">
    <name>TP1506</name>
  </trkpt>
  <trkpt lat="48.31321" lon="11.19957">
    <name>TP1507</name>
  </trkpt>
  <trkpt lat="48.31335" lon="11.19935">
    <name>TP1508</name>
  </trkpt>
  <trkpt lat="48.3134" lon="11.19928">
    <name>TP1509</name>
  </trkpt>
  <trkpt lat="48.31345" lon="11.1992">
    <name>TP1510</name>
  </trkpt>
  <trkpt lat="48.3136" lon="11.19897">
    <name>TP1511</name>
  </trkpt>
  <trkpt lat="48.31371" lon="11.1988">
    <name>TP1512</name>
  </trkpt>
  <trkpt lat="48.31383" lon="11.19863">
    <name>TP1513</name>
  </trkpt>
  <trkpt lat="48.31396" lon="11.19842">
    <name>TP1514</name>
  </trkpt>
  <trkpt lat="48.31423" lon="11.198">
    <name>TP1515</name>
  </trkpt>
  <trkpt lat="48.31435" lon="11.1978">
    <name>TP1516</name>
  </trkpt>
  <trkpt lat="48.3145" lon="11.19756">
    <name>TP1517</name>
  </trkpt>
  <trkpt lat="48.31452" lon="11.19752">
    <name>TP1518</name>
  </trkpt>
  <trkpt lat="48.31465" lon="11.19732">
    <name>TP1519</name>
  </trkpt>
  <trkpt lat="48.31472" lon="11.19721">
    <name>TP1520</name>
  </trkpt>
  <trkpt lat="48.31483" lon="11.19704">
    <name>TP1521</name>
  </trkpt>
  <trkpt lat="48.31483" lon="11.19703">
    <name>TP1522</name>
  </trkpt>
  <trkpt lat="48.31506" lon="11.19666">
    <name>TP1523</name>
  </trkpt>
  <trkpt lat="48.31532" lon="11.19622">
    <name>TP1524</name>
  </trkpt>
  <trkpt lat="48.31544" lon="11.19602">
    <name>TP1525</name>
  </trkpt>
  <trkpt lat="48.31545" lon="11.196">
    <name>TP1526</name>
  </trkpt>
  <trkpt lat="48.31556" lon="11.19582">
    <name>TP1527</name>
  </trkpt>
  <trkpt lat="48.31564" lon="11.19568">
    <name>TP1528</name>
  </trkpt>
  <trkpt lat="48.31568" lon="11.19562">
    <name>TP1529</name>
  </trkpt>
  <trkpt lat="48.31569" lon="11.1956">
    <name>TP1530</name>
  </trkpt>
  <trkpt lat="48.3158" lon="11.19542">
    <name>TP1531</name>
  </trkpt>
  <trkpt lat="48.3158" lon="11.1954">
    <name>TP1532</name>
  </trkpt>
  <trkpt lat="48.31591" lon="11.19522">
    <name>TP1533</name>
  </trkpt>
  <trkpt lat="48.31592" lon="11.1952">
    <name>TP1534</name>
  </trkpt>
  <trkpt lat="48.31603" lon="11.19501">
    <name>TP1535</name>
  </trkpt>
  <trkpt lat="48.31633" lon="11.19449">
    <name>TP1536</name>
  </trkpt>
  <trkpt lat="48.3165" lon="11.19418">
    <name>TP1537</name>
  </trkpt>
  <trkpt lat="48.31661" lon="11.19397">
    <name>TP1538</name>
  </trkpt>
  <trkpt lat="48.31673" lon="11.19376">
    <name>TP1539</name>
  </trkpt>
  <trkpt lat="48.31682" lon="11.1936">
    <name>TP1540</name>
  </trkpt>
  <trkpt lat="48.31684" lon="11.19355">
    <name>TP1541</name>
  </trkpt>
  <trkpt lat="48.31695" lon="11.19336">
    <name>TP1542</name>
  </trkpt>
  <trkpt lat="48.31707" lon="11.19313">
    <name>TP1543</name>
  </trkpt>
  <trkpt lat="48.31717" lon="11.19294">
    <name>TP1544</name>
  </trkpt>
  <trkpt lat="48.31729" lon="11.19272">
    <name>TP1545</name>
  </trkpt>
  <trkpt lat="48.31729" lon="11.19271">
    <name>TP1546</name>
  </trkpt>
  <trkpt lat="48.31734" lon="11.19262">
    <name>TP1547</name>
  </trkpt>
  <trkpt lat="48.31743" lon="11.19244">
    <name>TP1548</name>
  </trkpt>
  <trkpt lat="48.31749" lon="11.19233">
    <name>TP1549</name>
  </trkpt>
  <trkpt lat="48.31752" lon="11.19228">
    <name>TP1550</name>
  </trkpt>
  <trkpt lat="48.31765" lon="11.19203">
    <name>TP1551</name>
  </trkpt>
  <trkpt lat="48.31771" lon="11.19192">
    <name>TP1552</name>
  </trkpt>
  <trkpt lat="48.31785" lon="11.19165">
    <name>TP1553</name>
  </trkpt>
  <trkpt lat="48.31796" lon="11.19144">
    <name>TP1554</name>
  </trkpt>
  <trkpt lat="48.31799" lon="11.19138">
    <name>TP1555</name>
  </trkpt>
  <trkpt lat="48.31805" lon="11.19126">
    <name>TP1556</name>
  </trkpt>
  <trkpt lat="48.31813" lon="11.19109">
    <name>TP1557</name>
  </trkpt>
  <trkpt lat="48.31823" lon="11.19089">
    <name>TP1558</name>
  </trkpt>
  <trkpt lat="48.31828" lon="11.19079">
    <name>TP1559</name>
  </trkpt>
  <trkpt lat="48.31834" lon="11.19066">
    <name>TP1560</name>
  </trkpt>
  <trkpt lat="48.3184" lon="11.19055">
    <name>TP1561</name>
  </trkpt>
  <trkpt lat="48.31849" lon="11.19037">
    <name>TP1562</name>
  </trkpt>
  <trkpt lat="48.3185" lon="11.19034">
    <name>TP1563</name>
  </trkpt>
  <trkpt lat="48.31859" lon="11.19015">
    <name>TP1564</name>
  </trkpt>
  <trkpt lat="48.31869" lon="11.18995">
    <name>TP1565</name>
  </trkpt>
  <trkpt lat="48.31891" lon="11.18949">
    <name>TP1566</name>
  </trkpt>
  <trkpt lat="48.31901" lon="11.18927">
    <name>TP1567</name>
  </trkpt>
  <trkpt lat="48.31913" lon="11.18903">
    <name>TP1568</name>
  </trkpt>
  <trkpt lat="48.31918" lon="11.18893">
    <name>TP1569</name>
  </trkpt>
  <trkpt lat="48.31922" lon="11.18884">
    <name>TP1570</name>
  </trkpt>
  <trkpt lat="48.31935" lon="11.18856">
    <name>TP1571</name>
  </trkpt>
  <trkpt lat="48.31943" lon="11.18839">
    <name>TP1572</name>
  </trkpt>
  <trkpt lat="48.31961" lon="11.188">
    <name>TP1573</name>
  </trkpt>
  <trkpt lat="48.31971" lon="11.1878">
    <name>TP1574</name>
  </trkpt>
  <trkpt lat="48.31974" lon="11.18773">
    <name>TP1575</name>
  </trkpt>
  <trkpt lat="48.31983" lon="11.18753">
    <name>TP1576</name>
  </trkpt>
  <trkpt lat="48.31995" lon="11.18728">
    <name>TP1577</name>
  </trkpt>
  <trkpt lat="48.32004" lon="11.18709">
    <name>TP1578</name>
  </trkpt>
  <trkpt lat="48.32022" lon="11.18671">
    <name>TP1579</name>
  </trkpt>
  <trkpt lat="48.3203" lon="11.18653">
    <name>TP1580</name>
  </trkpt>
  <trkpt lat="48.32036" lon="11.18641">
    <name>TP1581</name>
  </trkpt>
  <trkpt lat="48.32047" lon="11.18615">
    <name>TP1582</name>
  </trkpt>
  <trkpt lat="48.32048" lon="11.18614">
    <name>TP1583</name>
  </trkpt>
  <trkpt lat="48.3207" lon="11.18566">
    <name>TP1584</name>
  </trkpt>
  <trkpt lat="48.32074" lon="11.18557">
    <name>TP1585</name>
  </trkpt>
  <trkpt lat="48.32098" lon="11.18504">
    <name>TP1586</name>
  </trkpt>
  <trkpt lat="48.32107" lon="11.18486">
    <name>TP1587</name>
  </trkpt>
  <trkpt lat="48.32119" lon="11.1846">
    <name>TP1588</name>
  </trkpt>
  <trkpt lat="48.32127" lon="11.18441">
    <name>TP1589</name>
  </trkpt>
  <trkpt lat="48.32138" lon="11.18419">
    <name>TP1590</name>
  </trkpt>
  <trkpt lat="48.32144" lon="11.18405">
    <name>TP1591</name>
  </trkpt>
  <trkpt lat="48.32179" lon="11.1833">
    <name>TP1592</name>
  </trkpt>
  <trkpt lat="48.32209" lon="11.18265">
    <name>TP1593</name>
  </trkpt>
  <trkpt lat="48.3222" lon="11.18241">
    <name>TP1594</name>
  </trkpt>
  <trkpt lat="48.3223" lon="11.18219">
    <name>TP1595</name>
  </trkpt>
  <trkpt lat="48.3224" lon="11.18197">
    <name>TP1596</name>
  </trkpt>
  <trkpt lat="48.3224" lon="11.18196">
    <name>TP1597</name>
  </trkpt>
  <trkpt lat="48.32246" lon="11.18183">
    <name>TP1598</name>
  </trkpt>
  <trkpt lat="48.32271" lon="11.1813">
    <name>TP1599</name>
  </trkpt>
  <trkpt lat="48.32277" lon="11.18116">
    <name>TP1600</name>
  </trkpt>
  <trkpt lat="48.3228" lon="11.18109">
    <name>TP1601</name>
  </trkpt>
  <trkpt lat="48.32281" lon="11.18108">
    <name>TP1602</name>
  </trkpt>
  <trkpt lat="48.32291" lon="11.18087">
    <name>TP1603</name>
  </trkpt>
  <trkpt lat="48.32296" lon="11.18074">
    <name>TP1604</name>
  </trkpt>
  <trkpt lat="48.32301" lon="11.18065">
    <name>TP1605</name>
  </trkpt>
  <trkpt lat="48.32303" lon="11.1806">
    <name>TP1606</name>
  </trkpt>
  <trkpt lat="48.32308" lon="11.1805">
    <name>TP1607</name>
  </trkpt>
  <trkpt lat="48.32317" lon="11.1803">
    <name>TP1608</name>
  </trkpt>
  <trkpt lat="48.32335" lon="11.1799">
    <name>TP1609</name>
  </trkpt>
  <trkpt lat="48.32337" lon="11.17985">
    <name>TP1610</name>
  </trkpt>
  <trkpt lat="48.32354" lon="11.17947">
    <name>TP1611</name>
  </trkpt>
  <trkpt lat="48.32367" lon="11.17918">
    <name>TP1612</name>
  </trkpt>
  <trkpt lat="48.32374" lon="11.17905">
    <name>TP1613</name>
  </trkpt>
  <trkpt lat="48.3239" lon="11.1787">
    <name>TP1614</name>
  </trkpt>
  <trkpt lat="48.32401" lon="11.17845">
    <name>TP1615</name>
  </trkpt>
  <trkpt lat="48.32419" lon="11.17807">
    <name>TP1616</name>
  </trkpt>
  <trkpt lat="48.32429" lon="11.17785">
    <name>TP1617</name>
  </trkpt>
  <trkpt lat="48.32438" lon="11.17765">
    <name>TP1618</name>
  </trkpt>
  <trkpt lat="48.32448" lon="11.17743">
    <name>TP1619</name>
  </trkpt>
  <trkpt lat="48.3245" lon="11.17741">
    <name>TP1620</name>
  </trkpt>
  <trkpt lat="48.3246" lon="11.17718">
    <name>TP1621</name>
  </trkpt>
  <trkpt lat="48.32475" lon="11.17685">
    <name>TP1622</name>
  </trkpt>
  <trkpt lat="48.32484" lon="11.17666">
    <name>TP1623</name>
  </trkpt>
  <trkpt lat="48.32492" lon="11.17649">
    <name>TP1624</name>
  </trkpt>
  <trkpt lat="48.32497" lon="11.17638">
    <name>TP1625</name>
  </trkpt>
  <trkpt lat="48.32505" lon="11.17619">
    <name>TP1626</name>
  </trkpt>
  <trkpt lat="48.32509" lon="11.17611">
    <name>TP1627</name>
  </trkpt>
  <trkpt lat="48.32537" lon="11.17553">
    <name>TP1628</name>
  </trkpt>
  <trkpt lat="48.32537" lon="11.17552">
    <name>TP1629</name>
  </trkpt>
  <trkpt lat="48.32551" lon="11.17523">
    <name>TP1630</name>
  </trkpt>
  <trkpt lat="48.32571" lon="11.17481">
    <name>TP1631</name>
  </trkpt>
  <trkpt lat="48.32583" lon="11.17457">
    <name>TP1632</name>
  </trkpt>
  <trkpt lat="48.32592" lon="11.17439">
    <name>TP1633</name>
  </trkpt>
  <trkpt lat="48.32603" lon="11.17416">
    <name>TP1634</name>
  </trkpt>
  <trkpt lat="48.32615" lon="11.17392">
    <name>TP1635</name>
  </trkpt>
  <trkpt lat="48.32625" lon="11.1737">
    <name>TP1636</name>
  </trkpt>
  <trkpt lat="48.32636" lon="11.17348">
    <name>TP1637</name>
  </trkpt>
  <trkpt lat="48.32657" lon="11.17306">
    <name>TP1638</name>
  </trkpt>
  <trkpt lat="48.32674" lon="11.17274">
    <name>TP1639</name>
  </trkpt>
  <trkpt lat="48.32686" lon="11.1725">
    <name>TP1640</name>
  </trkpt>
  <trkpt lat="48.32702" lon="11.1722">
    <name>TP1641</name>
  </trkpt>
  <trkpt lat="48.32723" lon="11.17179">
    <name>TP1642</name>
  </trkpt>
  <trkpt lat="48.32729" lon="11.17168">
    <name>TP1643</name>
  </trkpt>
  <trkpt lat="48.32737" lon="11.17153">
    <name>TP1644</name>
  </trkpt>
  <trkpt lat="48.32751" lon="11.17126">
    <name>TP1645</name>
  </trkpt>
  <trkpt lat="48.32781" lon="11.17072">
    <name>TP1646</name>
  </trkpt>
  <trkpt lat="48.32786" lon="11.17063">
    <name>TP1647</name>
  </trkpt>
  <trkpt lat="48.32793" lon="11.1705">
    <name>TP1648</name>
  </trkpt>
  <trkpt lat="48.32798" lon="11.17042">
    <name>TP1649</name>
  </trkpt>
  <trkpt lat="48.32823" lon="11.16997">
    <name>TP1650</name>
  </trkpt>
  <trkpt lat="48.32839" lon="11.16968">
    <name>TP1651</name>
  </trkpt>
  <trkpt lat="48.32852" lon="11.16947">
    <name>TP1652</name>
  </trkpt>
  <trkpt lat="48.32867" lon="11.16921">
    <name>TP1653</name>
  </trkpt>
  <trkpt lat="48.32873" lon="11.16912">
    <name>TP1654</name>
  </trkpt>
  <trkpt lat="48.32904" lon="11.16861">
    <name>TP1655</name>
  </trkpt>
  <trkpt lat="48.32916" lon="11.16841">
    <name>TP1656</name>
  </trkpt>
  <trkpt lat="48.32922" lon="11.16831">
    <name>TP1657</name>
  </trkpt>
  <trkpt lat="48.32949" lon="11.16789">
    <name>TP1658</name>
  </trkpt>
  <trkpt lat="48.32965" lon="11.16764">
    <name>TP1659</name>
  </trkpt>
  <trkpt lat="48.32981" lon="11.1674">
    <name>TP1660</name>
  </trkpt>
  <trkpt lat="48.33002" lon="11.1671">
    <name>TP1661</name>
  </trkpt>
  <trkpt lat="48.33018" lon="11.16686">
    <name>TP1662</name>
  </trkpt>
  <trkpt lat="48.33032" lon="11.16665">
    <name>TP1663</name>
  </trkpt>
  <trkpt lat="48.33049" lon="11.16641">
    <name>TP1664</name>
  </trkpt>
  <trkpt lat="48.33068" lon="11.16614">
    <name>TP1665</name>
  </trkpt>
  <trkpt lat="48.3309" lon="11.16584">
    <name>TP1666</name>
  </trkpt>
  <trkpt lat="48.33103" lon="11.16566">
    <name>TP1667</name>
  </trkpt>
  <trkpt lat="48.33127" lon="11.16535">
    <name>TP1668</name>
  </trkpt>
  <trkpt lat="48.3314" lon="11.16518">
    <name>TP1669</name>
  </trkpt>
  <trkpt lat="48.33153" lon="11.16502">
    <name>TP1670</name>
  </trkpt>
  <trkpt lat="48.33167" lon="11.16485">
    <name>TP1671</name>
  </trkpt>
  <trkpt lat="48.33185" lon="11.16463">
    <name>TP1672</name>
  </trkpt>
  <trkpt lat="48.332" lon="11.16446">
    <name>TP1673</name>
  </trkpt>
  <trkpt lat="48.3321" lon="11.16434">
    <name>TP1674</name>
  </trkpt>
  <trkpt lat="48.33224" lon="11.16417">
    <name>TP1675</name>
  </trkpt>
  <trkpt lat="48.33239" lon="11.16401">
    <name>TP1676</name>
  </trkpt>
  <trkpt lat="48.33253" lon="11.16385">
    <name>TP1677</name>
  </trkpt>
  <trkpt lat="48.3326" lon="11.16377">
    <name>TP1678</name>
  </trkpt>
  <trkpt lat="48.33299" lon="11.16336">
    <name>TP1679</name>
  </trkpt>
  <trkpt lat="48.33307" lon="11.16328">
    <name>TP1680</name>
  </trkpt>
  <trkpt lat="48.33319" lon="11.16315">
    <name>TP1681</name>
  </trkpt>
  <trkpt lat="48.33324" lon="11.1631">
    <name>TP1682</name>
  </trkpt>
  <trkpt lat="48.33336" lon="11.16298">
    <name>TP1683</name>
  </trkpt>
  <trkpt lat="48.33364" lon="11.16271">
    <name>TP1684</name>
  </trkpt>
  <trkpt lat="48.33389" lon="11.16247">
    <name>TP1685</name>
  </trkpt>
  <trkpt lat="48.33395" lon="11.16242">
    <name>TP1686</name>
  </trkpt>
  <trkpt lat="48.3341" lon="11.16228">
    <name>TP1687</name>
  </trkpt>
  <trkpt lat="48.3342" lon="11.16218">
    <name>TP1688</name>
  </trkpt>
  <trkpt lat="48.33451" lon="11.1619">
    <name>TP1689</name>
  </trkpt>
  <trkpt lat="48.33456" lon="11.16185">
    <name>TP1690</name>
  </trkpt>
  <trkpt lat="48.33471" lon="11.16171">
    <name>TP1691</name>
  </trkpt>
  <trkpt lat="48.33474" lon="11.16169">
    <name>TP1692</name>
  </trkpt>
  <trkpt lat="48.33475" lon="11.16167">
    <name>TP1693</name>
  </trkpt>
  <trkpt lat="48.33531" lon="11.16116">
    <name>TP1694</name>
  </trkpt>
  <trkpt lat="48.33533" lon="11.16115">
    <name>TP1695</name>
  </trkpt>
  <trkpt lat="48.33535" lon="11.16113">
    <name>TP1696</name>
  </trkpt>
  <trkpt lat="48.33548" lon="11.16101">
    <name>TP1697</name>
  </trkpt>
  <trkpt lat="48.33566" lon="11.16085">
    <name>TP1698</name>
  </trkpt>
  <trkpt lat="48.33572" lon="11.16079">
    <name>TP1699</name>
  </trkpt>
  <trkpt lat="48.33583" lon="11.16069">
    <name>TP1700</name>
  </trkpt>
  <trkpt lat="48.33599" lon="11.16054">
    <name>TP1701</name>
  </trkpt>
  <trkpt lat="48.33614" lon="11.1604">
    <name>TP1702</name>
  </trkpt>
  <trkpt lat="48.33627" lon="11.16028">
    <name>TP1703</name>
  </trkpt>
  <trkpt lat="48.33642" lon="11.16013">
    <name>TP1704</name>
  </trkpt>
  <trkpt lat="48.33644" lon="11.16011">
    <name>TP1705</name>
  </trkpt>
  <trkpt lat="48.33646" lon="11.1601">
    <name>TP1706</name>
  </trkpt>
  <trkpt lat="48.33659" lon="11.15997">
    <name>TP1707</name>
  </trkpt>
  <trkpt lat="48.33672" lon="11.15984">
    <name>TP1708</name>
  </trkpt>
  <trkpt lat="48.33674" lon="11.15982">
    <name>TP1709</name>
  </trkpt>
  <trkpt lat="48.33686" lon="11.1597">
    <name>TP1710</name>
  </trkpt>
  <trkpt lat="48.33702" lon="11.15954">
    <name>TP1711</name>
  </trkpt>
  <trkpt lat="48.33704" lon="11.15952">
    <name>TP1712</name>
  </trkpt>
  <trkpt lat="48.33713" lon="11.15943">
    <name>TP1713</name>
  </trkpt>
  <trkpt lat="48.33717" lon="11.15939">
    <name>TP1714</name>
  </trkpt>
  <trkpt lat="48.33719" lon="11.15937">
    <name>TP1715</name>
  </trkpt>
  <trkpt lat="48.33732" lon="11.15924">
    <name>TP1716</name>
  </trkpt>
  <trkpt lat="48.33734" lon="11.15922">
    <name>TP1717</name>
  </trkpt>
  <trkpt lat="48.33749" lon="11.15906">
    <name>TP1718</name>
  </trkpt>
  <trkpt lat="48.33767" lon="11.15887">
    <name>TP1719</name>
  </trkpt>
  <trkpt lat="48.33786" lon="11.15866">
    <name>TP1720</name>
  </trkpt>
  <trkpt lat="48.33805" lon="11.15845">
    <name>TP1721</name>
  </trkpt>
  <trkpt lat="48.3383" lon="11.15815">
    <name>TP1722</name>
  </trkpt>
  <trkpt lat="48.3384" lon="11.15803">
    <name>TP1723</name>
  </trkpt>
  <trkpt lat="48.33855" lon="11.15786">
    <name>TP1724</name>
  </trkpt>
  <trkpt lat="48.33876" lon="11.15759">
    <name>TP1725</name>
  </trkpt>
  <trkpt lat="48.33877" lon="11.15758">
    <name>TP1726</name>
  </trkpt>
  <trkpt lat="48.33882" lon="11.15751">
    <name>TP1727</name>
  </trkpt>
  <trkpt lat="48.33893" lon="11.15737">
    <name>TP1728</name>
  </trkpt>
  <trkpt lat="48.33906" lon="11.1572">
    <name>TP1729</name>
  </trkpt>
  <trkpt lat="48.33917" lon="11.15705">
    <name>TP1730</name>
  </trkpt>
  <trkpt lat="48.33941" lon="11.15672">
    <name>TP1731</name>
  </trkpt>
  <trkpt lat="48.33961" lon="11.15645">
    <name>TP1732</name>
  </trkpt>
  <trkpt lat="48.33983" lon="11.15613">
    <name>TP1733</name>
  </trkpt>
  <trkpt lat="48.33993" lon="11.15598">
    <name>TP1734</name>
  </trkpt>
  <trkpt lat="48.34032" lon="11.15537">
    <name>TP1735</name>
  </trkpt>
  <trkpt lat="48.3406" lon="11.1549">
    <name>TP1736</name>
  </trkpt>
  <trkpt lat="48.34065" lon="11.15483">
    <name>TP1737</name>
  </trkpt>
  <trkpt lat="48.34097" lon="11.15428">
    <name>TP1738</name>
  </trkpt>
  <trkpt lat="48.34119" lon="11.15387">
    <name>TP1739</name>
  </trkpt>
  <trkpt lat="48.34129" lon="11.15366">
    <name>TP1740</name>
  </trkpt>
  <trkpt lat="48.34151" lon="11.15325">
    <name>TP1741</name>
  </trkpt>
  <trkpt lat="48.34178" lon="11.15271">
    <name>TP1742</name>
  </trkpt>
  <trkpt lat="48.34205" lon="11.15213">
    <name>TP1743</name>
  </trkpt>
  <trkpt lat="48.34214" lon="11.15194">
    <name>TP1744</name>
  </trkpt>
  <trkpt lat="48.34223" lon="11.15177">
    <name>TP1745</name>
  </trkpt>
  <trkpt lat="48.34225" lon="11.15172">
    <name>TP1746</name>
  </trkpt>
  <trkpt lat="48.34234" lon="11.15154">
    <name>TP1747</name>
  </trkpt>
  <trkpt lat="48.34261" lon="11.15095">
    <name>TP1748</name>
  </trkpt>
  <trkpt lat="48.34279" lon="11.15056">
    <name>TP1749</name>
  </trkpt>
  <trkpt lat="48.3429" lon="11.15034">
    <name>TP1750</name>
  </trkpt>
  <trkpt lat="48.34361" lon="11.14881">
    <name>TP1751</name>
  </trkpt>
  <trkpt lat="48.34384" lon="11.14832">
    <name>TP1752</name>
  </trkpt>
  <trkpt lat="48.34405" lon="11.14786">
    <name>TP1753</name>
  </trkpt>
  <trkpt lat="48.34412" lon="11.14771">
    <name>TP1754</name>
  </trkpt>
  <trkpt lat="48.34417" lon="11.14761">
    <name>TP1755</name>
  </trkpt>
  <trkpt lat="48.34457" lon="11.14675">
    <name>TP1756</name>
  </trkpt>
  <trkpt lat="48.34465" lon="11.14657">
    <name>TP1757</name>
  </trkpt>
  <trkpt lat="48.34475" lon="11.14635">
    <name>TP1758</name>
  </trkpt>
  <trkpt lat="48.34493" lon="11.14597">
    <name>TP1759</name>
  </trkpt>
  <trkpt lat="48.34515" lon="11.1455">
    <name>TP1760</name>
  </trkpt>
  <trkpt lat="48.34535" lon="11.14507">
    <name>TP1761</name>
  </trkpt>
  <trkpt lat="48.34564" lon="11.14445">
    <name>TP1762</name>
  </trkpt>
  <trkpt lat="48.34617" lon="11.14331">
    <name>TP1763</name>
  </trkpt>
  <trkpt lat="48.34625" lon="11.14314">
    <name>TP1764</name>
  </trkpt>
  <trkpt lat="48.34658" lon="11.14245">
    <name>TP1765</name>
  </trkpt>
  <trkpt lat="48.34679" lon="11.14201">
    <name>TP1766</name>
  </trkpt>
  <trkpt lat="48.34691" lon="11.14174">
    <name>TP1767</name>
  </trkpt>
  <trkpt lat="48.34711" lon="11.14135">
    <name>TP1768</name>
  </trkpt>
  <trkpt lat="48.34717" lon="11.14124">
    <name>TP1769</name>
  </trkpt>
  <trkpt lat="48.34719" lon="11.14119">
    <name>TP1770</name>
  </trkpt>
  <trkpt lat="48.34727" lon="11.14103">
    <name>TP1771</name>
  </trkpt>
  <trkpt lat="48.34738" lon="11.14083">
    <name>TP1772</name>
  </trkpt>
  <trkpt lat="48.34758" lon="11.14048">
    <name>TP1773</name>
  </trkpt>
  <trkpt lat="48.34769" lon="11.14027">
    <name>TP1774</name>
  </trkpt>
  <trkpt lat="48.34774" lon="11.14018">
    <name>TP1775</name>
  </trkpt>
  <trkpt lat="48.34785" lon="11.13999">
    <name>TP1776</name>
  </trkpt>
  <trkpt lat="48.34805" lon="11.13964">
    <name>TP1777</name>
  </trkpt>
  <trkpt lat="48.3482" lon="11.13939">
    <name>TP1778</name>
  </trkpt>
  <trkpt lat="48.34828" lon="11.13925">
    <name>TP1779</name>
  </trkpt>
  <trkpt lat="48.34832" lon="11.13918">
    <name>TP1780</name>
  </trkpt>
  <trkpt lat="48.34853" lon="11.13886">
    <name>TP1781</name>
  </trkpt>
  <trkpt lat="48.34874" lon="11.13853">
    <name>TP1782</name>
  </trkpt>
  <trkpt lat="48.34878" lon="11.13847">
    <name>TP1783</name>
  </trkpt>
  <trkpt lat="48.34889" lon="11.13829">
    <name>TP1784</name>
  </trkpt>
  <trkpt lat="48.34892" lon="11.13825">
    <name>TP1785</name>
  </trkpt>
  <trkpt lat="48.34908" lon="11.13802">
    <name>TP1786</name>
  </trkpt>
  <trkpt lat="48.34911" lon="11.13798">
    <name>TP1787</name>
  </trkpt>
  <trkpt lat="48.34913" lon="11.13794">
    <name>TP1788</name>
  </trkpt>
  <trkpt lat="48.34926" lon="11.13775">
    <name>TP1789</name>
  </trkpt>
  <trkpt lat="48.34957" lon="11.13732">
    <name>TP1790</name>
  </trkpt>
  <trkpt lat="48.34993" lon="11.13684">
    <name>TP1791</name>
  </trkpt>
  <trkpt lat="48.35014" lon="11.13657">
    <name>TP1792</name>
  </trkpt>
  <trkpt lat="48.35031" lon="11.13636">
    <name>TP1793</name>
  </trkpt>
  <trkpt lat="48.35061" lon="11.136">
    <name>TP1794</name>
  </trkpt>
  <trkpt lat="48.35071" lon="11.13588">
    <name>TP1795</name>
  </trkpt>
  <trkpt lat="48.35085" lon="11.13572">
    <name>TP1796</name>
  </trkpt>
  <trkpt lat="48.35108" lon="11.13546">
    <name>TP1797</name>
  </trkpt>
  <trkpt lat="48.35115" lon="11.13538">
    <name>TP1798</name>
  </trkpt>
  <trkpt lat="48.3512" lon="11.13533">
    <name>TP1799</name>
  </trkpt>
  <trkpt lat="48.35126" lon="11.13526">
    <name>TP1800</name>
  </trkpt>
  <trkpt lat="48.35142" lon="11.13509">
    <name>TP1801</name>
  </trkpt>
  <trkpt lat="48.35142" lon="11.13508">
    <name>TP1802</name>
  </trkpt>
  <trkpt lat="48.35149" lon="11.13501">
    <name>TP1803</name>
  </trkpt>
  <trkpt lat="48.35156" lon="11.13493">
    <name>TP1804</name>
  </trkpt>
  <trkpt lat="48.35157" lon="11.13493">
    <name>TP1805</name>
  </trkpt>
  <trkpt lat="48.35186" lon="11.13463">
    <name>TP1806</name>
  </trkpt>
  <trkpt lat="48.35195" lon="11.13454">
    <name>TP1807</name>
  </trkpt>
  <trkpt lat="48.3521" lon="11.1344">
    <name>TP1808</name>
  </trkpt>
  <trkpt lat="48.35216" lon="11.13434">
    <name>TP1809</name>
  </trkpt>
  <trkpt lat="48.35225" lon="11.13425">
    <name>TP1810</name>
  </trkpt>
  <trkpt lat="48.35243" lon="11.13408">
    <name>TP1811</name>
  </trkpt>
  <trkpt lat="48.35271" lon="11.13383">
    <name>TP1812</name>
  </trkpt>
  <trkpt lat="48.35276" lon="11.13379">
    <name>TP1813</name>
  </trkpt>
  <trkpt lat="48.3528" lon="11.13375">
    <name>TP1814</name>
  </trkpt>
  <trkpt lat="48.35287" lon="11.13369">
    <name>TP1815</name>
  </trkpt>
  <trkpt lat="48.35291" lon="11.13365">
    <name>TP1816</name>
  </trkpt>
  <trkpt lat="48.35302" lon="11.13355">
    <name>TP1817</name>
  </trkpt>
  <trkpt lat="48.35307" lon="11.13351">
    <name>TP1818</name>
  </trkpt>
  <trkpt lat="48.35325" lon="11.13335">
    <name>TP1819</name>
  </trkpt>
  <trkpt lat="48.35349" lon="11.13316">
    <name>TP1820</name>
  </trkpt>
  <trkpt lat="48.35354" lon="11.13312">
    <name>TP1821</name>
  </trkpt>
  <trkpt lat="48.35356" lon="11.1331">
    <name>TP1822</name>
  </trkpt>
  <trkpt lat="48.35387" lon="11.13285">
    <name>TP1823</name>
  </trkpt>
  <trkpt lat="48.35404" lon="11.13271">
    <name>TP1824</name>
  </trkpt>
  <trkpt lat="48.35417" lon="11.1326">
    <name>TP1825</name>
  </trkpt>
  <trkpt lat="48.35515" lon="11.13179">
    <name>TP1826</name>
  </trkpt>
  <trkpt lat="48.35552" lon="11.13149">
    <name>TP1827</name>
  </trkpt>
  <trkpt lat="48.35568" lon="11.13136">
    <name>TP1828</name>
  </trkpt>
  <trkpt lat="48.35577" lon="11.13129">
    <name>TP1829</name>
  </trkpt>
  <trkpt lat="48.35584" lon="11.13123">
    <name>TP1830</name>
  </trkpt>
  <trkpt lat="48.35592" lon="11.13116">
    <name>TP1831</name>
  </trkpt>
  <trkpt lat="48.35611" lon="11.13101">
    <name>TP1832</name>
  </trkpt>
  <trkpt lat="48.35628" lon="11.13088">
    <name>TP1833</name>
  </trkpt>
  <trkpt lat="48.35659" lon="11.13062">
    <name>TP1834</name>
  </trkpt>
  <trkpt lat="48.35661" lon="11.13061">
    <name>TP1835</name>
  </trkpt>
  <trkpt lat="48.35685" lon="11.13041">
    <name>TP1836</name>
  </trkpt>
  <trkpt lat="48.35717" lon="11.13014">
    <name>TP1837</name>
  </trkpt>
  <trkpt lat="48.35754" lon="11.12984">
    <name>TP1838</name>
  </trkpt>
  <trkpt lat="48.35769" lon="11.12971">
    <name>TP1839</name>
  </trkpt>
  <trkpt lat="48.3578" lon="11.12961">
    <name>TP1840</name>
  </trkpt>
  <trkpt lat="48.35784" lon="11.12958">
    <name>TP1841</name>
  </trkpt>
  <trkpt lat="48.35825" lon="11.12923">
    <name>TP1842</name>
  </trkpt>
  <trkpt lat="48.35853" lon="11.12898">
    <name>TP1843</name>
  </trkpt>
  <trkpt lat="48.35894" lon="11.12861">
    <name>TP1844</name>
  </trkpt>
  <trkpt lat="48.3592" lon="11.12836">
    <name>TP1845</name>
  </trkpt>
  <trkpt lat="48.3595" lon="11.12808">
    <name>TP1846</name>
  </trkpt>
  <trkpt lat="48.35958" lon="11.128">
    <name>TP1847</name>
  </trkpt>
  <trkpt lat="48.35961" lon="11.12796">
    <name>TP1848</name>
  </trkpt>
  <trkpt lat="48.35972" lon="11.12784">
    <name>TP1849</name>
  </trkpt>
  <trkpt lat="48.35987" lon="11.12769">
    <name>TP1850</name>
  </trkpt>
  <trkpt lat="48.35999" lon="11.12756">
    <name>TP1851</name>
  </trkpt>
  <trkpt lat="48.36002" lon="11.12753">
    <name>TP1852</name>
  </trkpt>
  <trkpt lat="48.36011" lon="11.12743">
    <name>TP1853</name>
  </trkpt>
  <trkpt lat="48.36016" lon="11.12737">
    <name>TP1854</name>
  </trkpt>
  <trkpt lat="48.36022" lon="11.1273">
    <name>TP1855</name>
  </trkpt>
  <trkpt lat="48.36031" lon="11.12721">
    <name>TP1856</name>
  </trkpt>
  <trkpt lat="48.36037" lon="11.12714">
    <name>TP1857</name>
  </trkpt>
  <trkpt lat="48.36046" lon="11.12704">
    <name>TP1858</name>
  </trkpt>
  <trkpt lat="48.3606" lon="11.12688">
    <name>TP1859</name>
  </trkpt>
  <trkpt lat="48.3607" lon="11.12677">
    <name>TP1860</name>
  </trkpt>
  <trkpt lat="48.36076" lon="11.1267">
    <name>TP1861</name>
  </trkpt>
  <trkpt lat="48.36087" lon="11.12657">
    <name>TP1862</name>
  </trkpt>
  <trkpt lat="48.36092" lon="11.12651">
    <name>TP1863</name>
  </trkpt>
  <trkpt lat="48.36128" lon="11.12605">
    <name>TP1864</name>
  </trkpt>
  <trkpt lat="48.36136" lon="11.12596">
    <name>TP1865</name>
  </trkpt>
  <trkpt lat="48.36171" lon="11.1255">
    <name>TP1866</name>
  </trkpt>
  <trkpt lat="48.36173" lon="11.12547">
    <name>TP1867</name>
  </trkpt>
  <trkpt lat="48.3619" lon="11.12524">
    <name>TP1868</name>
  </trkpt>
  <trkpt lat="48.36191" lon="11.12523">
    <name>TP1869</name>
  </trkpt>
  <trkpt lat="48.36219" lon="11.12481">
    <name>TP1870</name>
  </trkpt>
  <trkpt lat="48.36234" lon="11.12459">
    <name>TP1871</name>
  </trkpt>
  <trkpt lat="48.36256" lon="11.12426">
    <name>TP1872</name>
  </trkpt>
  <trkpt lat="48.36258" lon="11.12423">
    <name>TP1873</name>
  </trkpt>
  <trkpt lat="48.36268" lon="11.12408">
    <name>TP1874</name>
  </trkpt>
  <trkpt lat="48.36279" lon="11.1239">
    <name>TP1875</name>
  </trkpt>
  <trkpt lat="48.36285" lon="11.1238">
    <name>TP1876</name>
  </trkpt>
  <trkpt lat="48.36289" lon="11.12375">
    <name>TP1877</name>
  </trkpt>
  <trkpt lat="48.36299" lon="11.12359">
    <name>TP1878</name>
  </trkpt>
  <trkpt lat="48.36302" lon="11.12354">
    <name>TP1879</name>
  </trkpt>
  <trkpt lat="48.36321" lon="11.12322">
    <name>TP1880</name>
  </trkpt>
  <trkpt lat="48.36331" lon="11.12305">
    <name>TP1881</name>
  </trkpt>
  <trkpt lat="48.36343" lon="11.12285">
    <name>TP1882</name>
  </trkpt>
  <trkpt lat="48.36347" lon="11.12277">
    <name>TP1883</name>
  </trkpt>
  <trkpt lat="48.36366" lon="11.12242">
    <name>TP1884</name>
  </trkpt>
  <trkpt lat="48.36374" lon="11.12227">
    <name>TP1885</name>
  </trkpt>
  <trkpt lat="48.36386" lon="11.12205">
    <name>TP1886</name>
  </trkpt>
  <trkpt lat="48.36394" lon="11.12191">
    <name>TP1887</name>
  </trkpt>
  <trkpt lat="48.36405" lon="11.1217">
    <name>TP1888</name>
  </trkpt>
  <trkpt lat="48.36406" lon="11.12167">
    <name>TP1889</name>
  </trkpt>
  <trkpt lat="48.36416" lon="11.12149">
    <name>TP1890</name>
  </trkpt>
  <trkpt lat="48.36426" lon="11.12128">
    <name>TP1891</name>
  </trkpt>
  <trkpt lat="48.36438" lon="11.12103">
    <name>TP1892</name>
  </trkpt>
  <trkpt lat="48.36458" lon="11.12061">
    <name>TP1893</name>
  </trkpt>
  <trkpt lat="48.36471" lon="11.12032">
    <name>TP1894</name>
  </trkpt>
  <trkpt lat="48.3649" lon="11.11986">
    <name>TP1895</name>
  </trkpt>
  <trkpt lat="48.36508" lon="11.11945">
    <name>TP1896</name>
  </trkpt>
  <trkpt lat="48.36513" lon="11.11932">
    <name>TP1897</name>
  </trkpt>
  <trkpt lat="48.36517" lon="11.11924">
    <name>TP1898</name>
  </trkpt>
  <trkpt lat="48.36525" lon="11.11905">
    <name>TP1899</name>
  </trkpt>
  <trkpt lat="48.36539" lon="11.11872">
    <name>TP1900</name>
  </trkpt>
  <trkpt lat="48.36557" lon="11.11825">
    <name>TP1901</name>
  </trkpt>
  <trkpt lat="48.36558" lon="11.11821">
    <name>TP1902</name>
  </trkpt>
  <trkpt lat="48.36566" lon="11.11801">
    <name>TP1903</name>
  </trkpt>
  <trkpt lat="48.36572" lon="11.11784">
    <name>TP1904</name>
  </trkpt>
  <trkpt lat="48.36578" lon="11.11767">
    <name>TP1905</name>
  </trkpt>
  <trkpt lat="48.3658" lon="11.11763">
    <name>TP1906</name>
  </trkpt>
  <trkpt lat="48.36587" lon="11.11742">
    <name>TP1907</name>
  </trkpt>
  <trkpt lat="48.36598" lon="11.11712">
    <name>TP1908</name>
  </trkpt>
  <trkpt lat="48.36612" lon="11.1167">
    <name>TP1909</name>
  </trkpt>
  <trkpt lat="48.36618" lon="11.11652">
    <name>TP1910</name>
  </trkpt>
  <trkpt lat="48.36619" lon="11.11647">
    <name>TP1911</name>
  </trkpt>
  <trkpt lat="48.36647" lon="11.11553">
    <name>TP1912</name>
  </trkpt>
  <trkpt lat="48.36658" lon="11.11514">
    <name>TP1913</name>
  </trkpt>
  <trkpt lat="48.36662" lon="11.11497">
    <name>TP1914</name>
  </trkpt>
  <trkpt lat="48.3667" lon="11.11464">
    <name>TP1915</name>
  </trkpt>
  <trkpt lat="48.36688" lon="11.11393">
    <name>TP1916</name>
  </trkpt>
  <trkpt lat="48.367" lon="11.11346">
    <name>TP1917</name>
  </trkpt>
  <trkpt lat="48.36713" lon="11.11295">
    <name>TP1918</name>
  </trkpt>
  <trkpt lat="48.36749" lon="11.11148">
    <name>TP1919</name>
  </trkpt>
  <trkpt lat="48.36773" lon="11.11046">
    <name>TP1920</name>
  </trkpt>
  <trkpt lat="48.36779" lon="11.11021">
    <name>TP1921</name>
  </trkpt>
  <trkpt lat="48.36781" lon="11.1101">
    <name>TP1922</name>
  </trkpt>
  <trkpt lat="48.36785" lon="11.10995">
    <name>TP1923</name>
  </trkpt>
  <trkpt lat="48.36791" lon="11.1097">
    <name>TP1924</name>
  </trkpt>
  <trkpt lat="48.36798" lon="11.10942">
    <name>TP1925</name>
  </trkpt>
  <trkpt lat="48.36816" lon="11.10873">
    <name>TP1926</name>
  </trkpt>
  <trkpt lat="48.36822" lon="11.10852">
    <name>TP1927</name>
  </trkpt>
  <trkpt lat="48.36828" lon="11.10831">
    <name>TP1928</name>
  </trkpt>
  <trkpt lat="48.36834" lon="11.10812">
    <name>TP1929</name>
  </trkpt>
  <trkpt lat="48.36841" lon="11.10788">
    <name>TP1930</name>
  </trkpt>
  <trkpt lat="48.36849" lon="11.10763">
    <name>TP1931</name>
  </trkpt>
  <trkpt lat="48.36856" lon="11.10739">
    <name>TP1932</name>
  </trkpt>
  <trkpt lat="48.36913" lon="11.1057">
    <name>TP1933</name>
  </trkpt>
  <trkpt lat="48.36922" lon="11.10542">
    <name>TP1934</name>
  </trkpt>
  <trkpt lat="48.3693" lon="11.10521">
    <name>TP1935</name>
  </trkpt>
  <trkpt lat="48.36945" lon="11.10482">
    <name>TP1936</name>
  </trkpt>
  <trkpt lat="48.36973" lon="11.10415">
    <name>TP1937</name>
  </trkpt>
  <trkpt lat="48.37012" lon="11.1033">
    <name>TP1938</name>
  </trkpt>
  <trkpt lat="48.37022" lon="11.10309">
    <name>TP1939</name>
  </trkpt>
  <trkpt lat="48.3705" lon="11.10253">
    <name>TP1940</name>
  </trkpt>
  <trkpt lat="48.37057" lon="11.10239">
    <name>TP1941</name>
  </trkpt>
  <trkpt lat="48.37064" lon="11.10225">
    <name>TP1942</name>
  </trkpt>
  <trkpt lat="48.37093" lon="11.1017">
    <name>TP1943</name>
  </trkpt>
  <trkpt lat="48.3712" lon="11.10121">
    <name>TP1944</name>
  </trkpt>
  <trkpt lat="48.37127" lon="11.10109">
    <name>TP1945</name>
  </trkpt>
  <trkpt lat="48.37161" lon="11.10051">
    <name>TP1946</name>
  </trkpt>
  <trkpt lat="48.37185" lon="11.10012">
    <name>TP1947</name>
  </trkpt>
  <trkpt lat="48.37205" lon="11.0998">
    <name>TP1948</name>
  </trkpt>
  <trkpt lat="48.37213" lon="11.09968">
    <name>TP1949</name>
  </trkpt>
  <trkpt lat="48.37265" lon="11.09885">
    <name>TP1950</name>
  </trkpt>
  <trkpt lat="48.37338" lon="11.09768">
    <name>TP1951</name>
  </trkpt>
  <trkpt lat="48.37373" lon="11.09714">
    <name>TP1952</name>
  </trkpt>
  <trkpt lat="48.37391" lon="11.09685">
    <name>TP1953</name>
  </trkpt>
  <trkpt lat="48.37449" lon="11.09594">
    <name>TP1954</name>
  </trkpt>
  <trkpt lat="48.37453" lon="11.09587">
    <name>TP1955</name>
  </trkpt>
  <trkpt lat="48.37485" lon="11.09536">
    <name>TP1956</name>
  </trkpt>
  <trkpt lat="48.37527" lon="11.09471">
    <name>TP1957</name>
  </trkpt>
  <trkpt lat="48.37538" lon="11.09453">
    <name>TP1958</name>
  </trkpt>
  <trkpt lat="48.37552" lon="11.09431">
    <name>TP1959</name>
  </trkpt>
  <trkpt lat="48.37618" lon="11.09325">
    <name>TP1960</name>
  </trkpt>
  <trkpt lat="48.37677" lon="11.0923">
    <name>TP1961</name>
  </trkpt>
  <trkpt lat="48.37679" lon="11.09229">
    <name>TP1962</name>
  </trkpt>
  <trkpt lat="48.37687" lon="11.09215">
    <name>TP1963</name>
  </trkpt>
  <trkpt lat="48.37704" lon="11.0919">
    <name>TP1964</name>
  </trkpt>
  <trkpt lat="48.37738" lon="11.09134">
    <name>TP1965</name>
  </trkpt>
  <trkpt lat="48.37745" lon="11.09122">
    <name>TP1966</name>
  </trkpt>
  <trkpt lat="48.37753" lon="11.0911">
    <name>TP1967</name>
  </trkpt>
  <trkpt lat="48.37764" lon="11.09093">
    <name>TP1968</name>
  </trkpt>
  <trkpt lat="48.37777" lon="11.09073">
    <name>TP1969</name>
  </trkpt>
  <trkpt lat="48.37787" lon="11.09058">
    <name>TP1970</name>
  </trkpt>
  <trkpt lat="48.378" lon="11.09038">
    <name>TP1971</name>
  </trkpt>
  <trkpt lat="48.37817" lon="11.09012">
    <name>TP1972</name>
  </trkpt>
  <trkpt lat="48.37828" lon="11.08994">
    <name>TP1973</name>
  </trkpt>
  <trkpt lat="48.37846" lon="11.08966">
    <name>TP1974</name>
  </trkpt>
  <trkpt lat="48.37853" lon="11.08958">
    <name>TP1975</name>
  </trkpt>
  <trkpt lat="48.37854" lon="11.08956">
    <name>TP1976</name>
  </trkpt>
  <trkpt lat="48.37876" lon="11.08921">
    <name>TP1977</name>
  </trkpt>
  <trkpt lat="48.37886" lon="11.08905">
    <name>TP1978</name>
  </trkpt>
  <trkpt lat="48.37939" lon="11.08824">
    <name>TP1979</name>
  </trkpt>
  <trkpt lat="48.37944" lon="11.08815">
    <name>TP1980</name>
  </trkpt>
  <trkpt lat="48.37956" lon="11.08795">
    <name>TP1981</name>
  </trkpt>
  <trkpt lat="48.37968" lon="11.08777">
    <name>TP1982</name>
  </trkpt>
  <trkpt lat="48.37976" lon="11.08765">
    <name>TP1983</name>
  </trkpt>
  <trkpt lat="48.37979" lon="11.08762">
    <name>TP1984</name>
  </trkpt>
  <trkpt lat="48.37989" lon="11.08746">
    <name>TP1985</name>
  </trkpt>
  <trkpt lat="48.37991" lon="11.08744">
    <name>TP1986</name>
  </trkpt>
  <trkpt lat="48.38008" lon="11.08717">
    <name>TP1987</name>
  </trkpt>
  <trkpt lat="48.38024" lon="11.08691">
    <name>TP1988</name>
  </trkpt>
  <trkpt lat="48.38042" lon="11.08663">
    <name>TP1989</name>
  </trkpt>
  <trkpt lat="48.38047" lon="11.08654">
    <name>TP1990</name>
  </trkpt>
  <trkpt lat="48.38063" lon="11.08629">
    <name>TP1991</name>
  </trkpt>
  <trkpt lat="48.38064" lon="11.08628">
    <name>TP1992</name>
  </trkpt>
  <trkpt lat="48.38076" lon="11.0861">
    <name>TP1993</name>
  </trkpt>
  <trkpt lat="48.38088" lon="11.08592">
    <name>TP1994</name>
  </trkpt>
  <trkpt lat="48.38089" lon="11.0859">
    <name>TP1995</name>
  </trkpt>
  <trkpt lat="48.38095" lon="11.08581">
    <name>TP1996</name>
  </trkpt>
  <trkpt lat="48.38102" lon="11.08572">
    <name>TP1997</name>
  </trkpt>
  <trkpt lat="48.38122" lon="11.08543">
    <name>TP1998</name>
  </trkpt>
  <trkpt lat="48.38157" lon="11.08491">
    <name>TP1999</name>
  </trkpt>
  <trkpt lat="48.38169" lon="11.08474">
    <name>TP2000</name>
  </trkpt>
  <trkpt lat="48.38187" lon="11.08447">
    <name>TP2001</name>
  </trkpt>
  <trkpt lat="48.38194" lon="11.08438">
    <name>TP2002</name>
  </trkpt>
  <trkpt lat="48.38219" lon="11.08401">
    <name>TP2003</name>
  </trkpt>
  <trkpt lat="48.38243" lon="11.08365">
    <name>TP2004</name>
  </trkpt>
  <trkpt lat="48.38264" lon="11.08335">
    <name>TP2005</name>
  </trkpt>
  <trkpt lat="48.3828" lon="11.08311">
    <name>TP2006</name>
  </trkpt>
  <trkpt lat="48.38291" lon="11.08295">
    <name>TP2007</name>
  </trkpt>
  <trkpt lat="48.38304" lon="11.08276">
    <name>TP2008</name>
  </trkpt>
  <trkpt lat="48.38316" lon="11.08259">
    <name>TP2009</name>
  </trkpt>
  <trkpt lat="48.38317" lon="11.08257">
    <name>TP2010</name>
  </trkpt>
  <trkpt lat="48.38327" lon="11.08243">
    <name>TP2011</name>
  </trkpt>
  <trkpt lat="48.38356" lon="11.08199">
    <name>TP2012</name>
  </trkpt>
  <trkpt lat="48.38374" lon="11.08172">
    <name>TP2013</name>
  </trkpt>
  <trkpt lat="48.38397" lon="11.08138">
    <name>TP2014</name>
  </trkpt>
  <trkpt lat="48.38403" lon="11.08129">
    <name>TP2015</name>
  </trkpt>
  <trkpt lat="48.38413" lon="11.08114">
    <name>TP2016</name>
  </trkpt>
  <trkpt lat="48.38448" lon="11.08062">
    <name>TP2017</name>
  </trkpt>
  <trkpt lat="48.38467" lon="11.08034">
    <name>TP2018</name>
  </trkpt>
  <trkpt lat="48.38476" lon="11.08019">
    <name>TP2019</name>
  </trkpt>
  <trkpt lat="48.38478" lon="11.08015">
    <name>TP2020</name>
  </trkpt>
  <trkpt lat="48.38502" lon="11.0798">
    <name>TP2021</name>
  </trkpt>
  <trkpt lat="48.38516" lon="11.07959">
    <name>TP2022</name>
  </trkpt>
  <trkpt lat="48.38517" lon="11.07958">
    <name>TP2023</name>
  </trkpt>
  <trkpt lat="48.38531" lon="11.07937">
    <name>TP2024</name>
  </trkpt>
  <trkpt lat="48.38543" lon="11.07919">
    <name>TP2025</name>
  </trkpt>
  <trkpt lat="48.38555" lon="11.07901">
    <name>TP2026</name>
  </trkpt>
  <trkpt lat="48.38563" lon="11.07889">
    <name>TP2027</name>
  </trkpt>
  <trkpt lat="48.38573" lon="11.07876">
    <name>TP2028</name>
  </trkpt>
  <trkpt lat="48.38583" lon="11.0786">
    <name>TP2029</name>
  </trkpt>
  <trkpt lat="48.38604" lon="11.07829">
    <name>TP2030</name>
  </trkpt>
  <trkpt lat="48.38611" lon="11.07819">
    <name>TP2031</name>
  </trkpt>
  <trkpt lat="48.38621" lon="11.07803">
    <name>TP2032</name>
  </trkpt>
  <trkpt lat="48.38635" lon="11.07783">
    <name>TP2033</name>
  </trkpt>
  <trkpt lat="48.38665" lon="11.07739">
    <name>TP2034</name>
  </trkpt>
  <trkpt lat="48.38671" lon="11.07731">
    <name>TP2035</name>
  </trkpt>
  <trkpt lat="48.38695" lon="11.07695">
    <name>TP2036</name>
  </trkpt>
  <trkpt lat="48.3871" lon="11.07675">
    <name>TP2037</name>
  </trkpt>
  <trkpt lat="48.38733" lon="11.07641">
    <name>TP2038</name>
  </trkpt>
  <trkpt lat="48.38736" lon="11.07637">
    <name>TP2039</name>
  </trkpt>
  <trkpt lat="48.3874" lon="11.07631">
    <name>TP2040</name>
  </trkpt>
  <trkpt lat="48.38758" lon="11.07604">
    <name>TP2041</name>
  </trkpt>
  <trkpt lat="48.38768" lon="11.0759">
    <name>TP2042</name>
  </trkpt>
  <trkpt lat="48.38785" lon="11.07565">
    <name>TP2043</name>
  </trkpt>
  <trkpt lat="48.38798" lon="11.07546">
    <name>TP2044</name>
  </trkpt>
  <trkpt lat="48.38806" lon="11.07536">
    <name>TP2045</name>
  </trkpt>
  <trkpt lat="48.38817" lon="11.07519">
    <name>TP2046</name>
  </trkpt>
  <trkpt lat="48.38828" lon="11.07502">
    <name>TP2047</name>
  </trkpt>
  <trkpt lat="48.3885" lon="11.07469">
    <name>TP2048</name>
  </trkpt>
  <trkpt lat="48.38858" lon="11.07457">
    <name>TP2049</name>
  </trkpt>
  <trkpt lat="48.38871" lon="11.07437">
    <name>TP2050</name>
  </trkpt>
  <trkpt lat="48.38886" lon="11.07415">
    <name>TP2051</name>
  </trkpt>
  <trkpt lat="48.38899" lon="11.07396">
    <name>TP2052</name>
  </trkpt>
  <trkpt lat="48.38911" lon="11.07377">
    <name>TP2053</name>
  </trkpt>
  <trkpt lat="48.38922" lon="11.07361">
    <name>TP2054</name>
  </trkpt>
  <trkpt lat="48.38935" lon="11.07343">
    <name>TP2055</name>
  </trkpt>
  <trkpt lat="48.3895" lon="11.07321">
    <name>TP2056</name>
  </trkpt>
  <trkpt lat="48.38959" lon="11.07308">
    <name>TP2057</name>
  </trkpt>
  <trkpt lat="48.38984" lon="11.07271">
    <name>TP2058</name>
  </trkpt>
  <trkpt lat="48.39014" lon="11.07227">
    <name>TP2059</name>
  </trkpt>
  <trkpt lat="48.39031" lon="11.07201">
    <name>TP2060</name>
  </trkpt>
  <trkpt lat="48.3904" lon="11.07188">
    <name>TP2061</name>
  </trkpt>
  <trkpt lat="48.39052" lon="11.07169">
    <name>TP2062</name>
  </trkpt>
  <trkpt lat="48.39065" lon="11.0715">
    <name>TP2063</name>
  </trkpt>
  <trkpt lat="48.39071" lon="11.0714">
    <name>TP2064</name>
  </trkpt>
  <trkpt lat="48.39084" lon="11.07121">
    <name>TP2065</name>
  </trkpt>
  <trkpt lat="48.39097" lon="11.07101">
    <name>TP2066</name>
  </trkpt>
  <trkpt lat="48.3912" lon="11.07065">
    <name>TP2067</name>
  </trkpt>
  <trkpt lat="48.39128" lon="11.07051">
    <name>TP2068</name>
  </trkpt>
  <trkpt lat="48.39129" lon="11.07049">
    <name>TP2069</name>
  </trkpt>
  <trkpt lat="48.39133" lon="11.07042">
    <name>TP2070</name>
  </trkpt>
  <trkpt lat="48.39145" lon="11.07022">
    <name>TP2071</name>
  </trkpt>
  <trkpt lat="48.39166" lon="11.06988">
    <name>TP2072</name>
  </trkpt>
  <trkpt lat="48.39172" lon="11.06977">
    <name>TP2073</name>
  </trkpt>
  <trkpt lat="48.39191" lon="11.06945">
    <name>TP2074</name>
  </trkpt>
  <trkpt lat="48.39205" lon="11.06921">
    <name>TP2075</name>
  </trkpt>
  <trkpt lat="48.39228" lon="11.0688">
    <name>TP2076</name>
  </trkpt>
  <trkpt lat="48.39245" lon="11.06851">
    <name>TP2077</name>
  </trkpt>
  <trkpt lat="48.39248" lon="11.06845">
    <name>TP2078</name>
  </trkpt>
  <trkpt lat="48.39272" lon="11.068">
    <name>TP2079</name>
  </trkpt>
  <trkpt lat="48.3928" lon="11.06785">
    <name>TP2080</name>
  </trkpt>
  <trkpt lat="48.39288" lon="11.06769">
    <name>TP2081</name>
  </trkpt>
  <trkpt lat="48.3929" lon="11.06766">
    <name>TP2082</name>
  </trkpt>
  <trkpt lat="48.39303" lon="11.06739">
    <name>TP2083</name>
  </trkpt>
  <trkpt lat="48.39311" lon="11.06723">
    <name>TP2084</name>
  </trkpt>
  <trkpt lat="48.39324" lon="11.06696">
    <name>TP2085</name>
  </trkpt>
  <trkpt lat="48.39333" lon="11.06679">
    <name>TP2086</name>
  </trkpt>
  <trkpt lat="48.39334" lon="11.06676">
    <name>TP2087</name>
  </trkpt>
  <trkpt lat="48.39349" lon="11.06645">
    <name>TP2088</name>
  </trkpt>
  <trkpt lat="48.39357" lon="11.06628">
    <name>TP2089</name>
  </trkpt>
  <trkpt lat="48.39362" lon="11.06617">
    <name>TP2090</name>
  </trkpt>
  <trkpt lat="48.39368" lon="11.06602">
    <name>TP2091</name>
  </trkpt>
  <trkpt lat="48.3939" lon="11.06552">
    <name>TP2092</name>
  </trkpt>
  <trkpt lat="48.39411" lon="11.06502">
    <name>TP2093</name>
  </trkpt>
  <trkpt lat="48.39415" lon="11.06492">
    <name>TP2094</name>
  </trkpt>
  <trkpt lat="48.39417" lon="11.06486">
    <name>TP2095</name>
  </trkpt>
  <trkpt lat="48.39432" lon="11.06448">
    <name>TP2096</name>
  </trkpt>
  <trkpt lat="48.39444" lon="11.06415">
    <name>TP2097</name>
  </trkpt>
  <trkpt lat="48.39452" lon="11.06392">
    <name>TP2098</name>
  </trkpt>
  <trkpt lat="48.39469" lon="11.06345">
    <name>TP2099</name>
  </trkpt>
  <trkpt lat="48.39471" lon="11.06338">
    <name>TP2100</name>
  </trkpt>
  <trkpt lat="48.39473" lon="11.06331">
    <name>TP2101</name>
  </trkpt>
  <trkpt lat="48.39492" lon="11.06274">
    <name>TP2102</name>
  </trkpt>
  <trkpt lat="48.39501" lon="11.06246">
    <name>TP2103</name>
  </trkpt>
  <trkpt lat="48.39505" lon="11.06234">
    <name>TP2104</name>
  </trkpt>
  <trkpt lat="48.39516" lon="11.06196">
    <name>TP2105</name>
  </trkpt>
  <trkpt lat="48.3952" lon="11.06184">
    <name>TP2106</name>
  </trkpt>
  <trkpt lat="48.39523" lon="11.06171">
    <name>TP2107</name>
  </trkpt>
  <trkpt lat="48.39524" lon="11.06169">
    <name>TP2108</name>
  </trkpt>
  <trkpt lat="48.3954" lon="11.06112">
    <name>TP2109</name>
  </trkpt>
  <trkpt lat="48.3954" lon="11.06109">
    <name>TP2110</name>
  </trkpt>
  <trkpt lat="48.39548" lon="11.06079">
    <name>TP2111</name>
  </trkpt>
  <trkpt lat="48.3956" lon="11.06034">
    <name>TP2112</name>
  </trkpt>
  <trkpt lat="48.39568" lon="11.05999">
    <name>TP2113</name>
  </trkpt>
  <trkpt lat="48.39577" lon="11.0596">
    <name>TP2114</name>
  </trkpt>
  <trkpt lat="48.39587" lon="11.05912">
    <name>TP2115</name>
  </trkpt>
  <trkpt lat="48.39595" lon="11.05875">
    <name>TP2116</name>
  </trkpt>
  <trkpt lat="48.39598" lon="11.05858">
    <name>TP2117</name>
  </trkpt>
  <trkpt lat="48.39607" lon="11.05811">
    <name>TP2118</name>
  </trkpt>
  <trkpt lat="48.39611" lon="11.05785">
    <name>TP2119</name>
  </trkpt>
  <trkpt lat="48.39624" lon="11.05703">
    <name>TP2120</name>
  </trkpt>
  <trkpt lat="48.39625" lon="11.05695">
    <name>TP2121</name>
  </trkpt>
  <trkpt lat="48.39628" lon="11.0568">
    <name>TP2122</name>
  </trkpt>
  <trkpt lat="48.39629" lon="11.05669">
    <name>TP2123</name>
  </trkpt>
  <trkpt lat="48.39631" lon="11.05657">
    <name>TP2124</name>
  </trkpt>
  <trkpt lat="48.39633" lon="11.05644">
    <name>TP2125</name>
  </trkpt>
  <trkpt lat="48.39637" lon="11.05618">
    <name>TP2126</name>
  </trkpt>
  <trkpt lat="48.3964" lon="11.05593">
    <name>TP2127</name>
  </trkpt>
  <trkpt lat="48.39642" lon="11.05576">
    <name>TP2128</name>
  </trkpt>
  <trkpt lat="48.39644" lon="11.05551">
    <name>TP2129</name>
  </trkpt>
  <trkpt lat="48.39646" lon="11.05536">
    <name>TP2130</name>
  </trkpt>
  <trkpt lat="48.39646" lon="11.05535">
    <name>TP2131</name>
  </trkpt>
  <trkpt lat="48.3965" lon="11.05495">
    <name>TP2132</name>
  </trkpt>
  <trkpt lat="48.39655" lon="11.05444">
    <name>TP2133</name>
  </trkpt>
  <trkpt lat="48.3966" lon="11.05382">
    <name>TP2134</name>
  </trkpt>
  <trkpt lat="48.39661" lon="11.05362">
    <name>TP2135</name>
  </trkpt>
  <trkpt lat="48.39663" lon="11.05331">
    <name>TP2136</name>
  </trkpt>
  <trkpt lat="48.39663" lon="11.0532">
    <name>TP2137</name>
  </trkpt>
  <trkpt lat="48.39666" lon="11.05275">
    <name>TP2138</name>
  </trkpt>
  <trkpt lat="48.39668" lon="11.05221">
    <name>TP2139</name>
  </trkpt>
  <trkpt lat="48.39668" lon="11.05193">
    <name>TP2140</name>
  </trkpt>
  <trkpt lat="48.39669" lon="11.05169">
    <name>TP2141</name>
  </trkpt>
  <trkpt lat="48.39669" lon="11.05151">
    <name>TP2142</name>
  </trkpt>
  <trkpt lat="48.39669" lon="11.05142">
    <name>TP2143</name>
  </trkpt>
  <trkpt lat="48.39669" lon="11.05131">
    <name>TP2144</name>
  </trkpt>
  <trkpt lat="48.3967" lon="11.05116">
    <name>TP2145</name>
  </trkpt>
  <trkpt lat="48.3967" lon="11.05115">
    <name>TP2146</name>
  </trkpt>
  <trkpt lat="48.3967" lon="11.05112">
    <name>TP2147</name>
  </trkpt>
  <trkpt lat="48.3967" lon="11.05083">
    <name>TP2148</name>
  </trkpt>
  <trkpt lat="48.3967" lon="11.05043">
    <name>TP2149</name>
  </trkpt>
  <trkpt lat="48.39669" lon="11.04994">
    <name>TP2150</name>
  </trkpt>
  <trkpt lat="48.39668" lon="11.04952">
    <name>TP2151</name>
  </trkpt>
  <trkpt lat="48.39663" lon="11.04849">
    <name>TP2152</name>
  </trkpt>
  <trkpt lat="48.39662" lon="11.04813">
    <name>TP2153</name>
  </trkpt>
  <trkpt lat="48.3966" lon="11.04774">
    <name>TP2154</name>
  </trkpt>
  <trkpt lat="48.39659" lon="11.04754">
    <name>TP2155</name>
  </trkpt>
  <trkpt lat="48.39658" lon="11.04725">
    <name>TP2156</name>
  </trkpt>
  <trkpt lat="48.39653" lon="11.0461">
    <name>TP2157</name>
  </trkpt>
  <trkpt lat="48.39651" lon="11.04582">
    <name>TP2158</name>
  </trkpt>
  <trkpt lat="48.39649" lon="11.04536">
    <name>TP2159</name>
  </trkpt>
  <trkpt lat="48.39648" lon="11.04525">
    <name>TP2160</name>
  </trkpt>
  <trkpt lat="48.39643" lon="11.04406">
    <name>TP2161</name>
  </trkpt>
  <trkpt lat="48.39637" lon="11.04289">
    <name>TP2162</name>
  </trkpt>
  <trkpt lat="48.39635" lon="11.04223">
    <name>TP2163</name>
  </trkpt>
  <trkpt lat="48.39633" lon="11.04187">
    <name>TP2164</name>
  </trkpt>
  <trkpt lat="48.39627" lon="11.04051">
    <name>TP2165</name>
  </trkpt>
  <trkpt lat="48.39627" lon="11.04049">
    <name>TP2166</name>
  </trkpt>
  <trkpt lat="48.39624" lon="11.03975">
    <name>TP2167</name>
  </trkpt>
  <trkpt lat="48.39623" lon="11.03961">
    <name>TP2168</name>
  </trkpt>
  <trkpt lat="48.39622" lon="11.03932">
    <name>TP2169</name>
  </trkpt>
  <trkpt lat="48.39621" lon="11.03912">
    <name>TP2170</name>
  </trkpt>
  <trkpt lat="48.39619" lon="11.03875">
    <name>TP2171</name>
  </trkpt>
  <trkpt lat="48.39619" lon="11.03872">
    <name>TP2172</name>
  </trkpt>
  <trkpt lat="48.39616" lon="11.03802">
    <name>TP2173</name>
  </trkpt>
  <trkpt lat="48.39616" lon="11.03799">
    <name>TP2174</name>
  </trkpt>
  <trkpt lat="48.39614" lon="11.03761">
    <name>TP2175</name>
  </trkpt>
  <trkpt lat="48.39611" lon="11.03703">
    <name>TP2176</name>
  </trkpt>
  <trkpt lat="48.3961" lon="11.03674">
    <name>TP2177</name>
  </trkpt>
  <trkpt lat="48.39609" lon="11.03641">
    <name>TP2178</name>
  </trkpt>
  <trkpt lat="48.39608" lon="11.03614">
    <name>TP2179</name>
  </trkpt>
  <trkpt lat="48.39606" lon="11.0357">
    <name>TP2180</name>
  </trkpt>
  <trkpt lat="48.39605" lon="11.03529">
    <name>TP2181</name>
  </trkpt>
  <trkpt lat="48.39605" lon="11.03476">
    <name>TP2182</name>
  </trkpt>
  <trkpt lat="48.39605" lon="11.03475">
    <name>TP2183</name>
  </trkpt>
  <trkpt lat="48.39604" lon="11.03414">
    <name>TP2184</name>
  </trkpt>
  <trkpt lat="48.39605" lon="11.03395">
    <name>TP2185</name>
  </trkpt>
  <trkpt lat="48.39606" lon="11.03364">
    <name>TP2186</name>
  </trkpt>
  <trkpt lat="48.39607" lon="11.03312">
    <name>TP2187</name>
  </trkpt>
  <trkpt lat="48.3961" lon="11.03267">
    <name>TP2188</name>
  </trkpt>
  <trkpt lat="48.39612" lon="11.03248">
    <name>TP2189</name>
  </trkpt>
  <trkpt lat="48.39613" lon="11.03224">
    <name>TP2190</name>
  </trkpt>
  <trkpt lat="48.39624" lon="11.03049">
    <name>TP2191</name>
  </trkpt>
  <trkpt lat="48.39634" lon="11.02965">
    <name>TP2192</name>
  </trkpt>
  <trkpt lat="48.39649" lon="11.02862">
    <name>TP2193</name>
  </trkpt>
  <trkpt lat="48.39653" lon="11.02833">
    <name>TP2194</name>
  </trkpt>
  <trkpt lat="48.39654" lon="11.02827">
    <name>TP2195</name>
  </trkpt>
  <trkpt lat="48.39658" lon="11.028">
    <name>TP2196</name>
  </trkpt>
  <trkpt lat="48.39664" lon="11.02767">
    <name>TP2197</name>
  </trkpt>
  <trkpt lat="48.3967" lon="11.02731">
    <name>TP2198</name>
  </trkpt>
  <trkpt lat="48.39673" lon="11.02718">
    <name>TP2199</name>
  </trkpt>
  <trkpt lat="48.39676" lon="11.02703">
    <name>TP2200</name>
  </trkpt>
  <trkpt lat="48.39686" lon="11.02651">
    <name>TP2201</name>
  </trkpt>
  <trkpt lat="48.39692" lon="11.02623">
    <name>TP2202</name>
  </trkpt>
  <trkpt lat="48.39701" lon="11.02581">
    <name>TP2203</name>
  </trkpt>
  <trkpt lat="48.39707" lon="11.02556">
    <name>TP2204</name>
  </trkpt>
  <trkpt lat="48.39713" lon="11.02531">
    <name>TP2205</name>
  </trkpt>
  <trkpt lat="48.39718" lon="11.02511">
    <name>TP2206</name>
  </trkpt>
  <trkpt lat="48.39724" lon="11.02487">
    <name>TP2207</name>
  </trkpt>
  <trkpt lat="48.3973" lon="11.02466">
    <name>TP2208</name>
  </trkpt>
  <trkpt lat="48.39734" lon="11.02451">
    <name>TP2209</name>
  </trkpt>
  <trkpt lat="48.39743" lon="11.02418">
    <name>TP2210</name>
  </trkpt>
  <trkpt lat="48.39758" lon="11.02364">
    <name>TP2211</name>
  </trkpt>
  <trkpt lat="48.3977" lon="11.02321">
    <name>TP2212</name>
  </trkpt>
  <trkpt lat="48.39778" lon="11.02293">
    <name>TP2213</name>
  </trkpt>
  <trkpt lat="48.39784" lon="11.02272">
    <name>TP2214</name>
  </trkpt>
  <trkpt lat="48.39792" lon="11.02243">
    <name>TP2215</name>
  </trkpt>
  <trkpt lat="48.39808" lon="11.02189">
    <name>TP2216</name>
  </trkpt>
  <trkpt lat="48.39811" lon="11.0218">
    <name>TP2217</name>
  </trkpt>
  <trkpt lat="48.39813" lon="11.02172">
    <name>TP2218</name>
  </trkpt>
  <trkpt lat="48.39834" lon="11.02098">
    <name>TP2219</name>
  </trkpt>
  <trkpt lat="48.39861" lon="11.02005">
    <name>TP2220</name>
  </trkpt>
  <trkpt lat="48.39865" lon="11.01987">
    <name>TP2221</name>
  </trkpt>
  <trkpt lat="48.39892" lon="11.01882">
    <name>TP2222</name>
  </trkpt>
  <trkpt lat="48.39902" lon="11.01839">
    <name>TP2223</name>
  </trkpt>
  <trkpt lat="48.39908" lon="11.0181">
    <name>TP2224</name>
  </trkpt>
  <trkpt lat="48.39927" lon="11.01719">
    <name>TP2225</name>
  </trkpt>
  <trkpt lat="48.39944" lon="11.0162">
    <name>TP2226</name>
  </trkpt>
  <trkpt lat="48.39951" lon="11.01572">
    <name>TP2227</name>
  </trkpt>
  <trkpt lat="48.39955" lon="11.01549">
    <name>TP2228</name>
  </trkpt>
  <trkpt lat="48.39955" lon="11.01546">
    <name>TP2229</name>
  </trkpt>
  <trkpt lat="48.39959" lon="11.01519">
    <name>TP2230</name>
  </trkpt>
  <trkpt lat="48.39961" lon="11.01501">
    <name>TP2231</name>
  </trkpt>
  <trkpt lat="48.39969" lon="11.0144">
    <name>TP2232</name>
  </trkpt>
  <trkpt lat="48.39976" lon="11.01372">
    <name>TP2233</name>
  </trkpt>
  <trkpt lat="48.3998" lon="11.0133">
    <name>TP2234</name>
  </trkpt>
  <trkpt lat="48.3999" lon="11.01188">
    <name>TP2235</name>
  </trkpt>
  <trkpt lat="48.40005" lon="11.00981">
    <name>TP2236</name>
  </trkpt>
  <trkpt lat="48.40014" lon="11.00844">
    <name>TP2237</name>
  </trkpt>
  <trkpt lat="48.40034" lon="11.0055">
    <name>TP2238</name>
  </trkpt>
  <trkpt lat="48.40036" lon="11.00523">
    <name>TP2239</name>
  </trkpt>
  <trkpt lat="48.40043" lon="11.00415">
    <name>TP2240</name>
  </trkpt>
  <trkpt lat="48.40051" lon="11.00289">
    <name>TP2241</name>
  </trkpt>
  <trkpt lat="48.40052" lon="11.00282">
    <name>TP2242</name>
  </trkpt>
  <trkpt lat="48.40053" lon="11.00274">
    <name>TP2243</name>
  </trkpt>
  <trkpt lat="48.40059" lon="11.00186">
    <name>TP2244</name>
  </trkpt>
  <trkpt lat="48.40068" lon="11.00048">
    <name>TP2245</name>
  </trkpt>
  <trkpt lat="48.40069" lon="11.0003">
    <name>TP2246</name>
  </trkpt>
  <trkpt lat="48.4007" lon="11.00013">
    <name>TP2247</name>
  </trkpt>
  <trkpt lat="48.40078" lon="10.99893">
    <name>TP2248</name>
  </trkpt>
  <trkpt lat="48.4008" lon="10.99866">
    <name>TP2249</name>
  </trkpt>
  <trkpt lat="48.40088" lon="10.99758">
    <name>TP2250</name>
  </trkpt>
  <trkpt lat="48.40091" lon="10.99705">
    <name>TP2251</name>
  </trkpt>
  <trkpt lat="48.40093" lon="10.99678">
    <name>TP2252</name>
  </trkpt>
  <trkpt lat="48.40094" lon="10.99658">
    <name>TP2253</name>
  </trkpt>
  <trkpt lat="48.40096" lon="10.99636">
    <name>TP2254</name>
  </trkpt>
  <trkpt lat="48.40101" lon="10.99555">
    <name>TP2255</name>
  </trkpt>
  <trkpt lat="48.40103" lon="10.99531">
    <name>TP2256</name>
  </trkpt>
  <trkpt lat="48.40103" lon="10.99528">
    <name>TP2257</name>
  </trkpt>
  <trkpt lat="48.40105" lon="10.99501">
    <name>TP2258</name>
  </trkpt>
  <trkpt lat="48.4011" lon="10.9942">
    <name>TP2259</name>
  </trkpt>
  <trkpt lat="48.40116" lon="10.99334">
    <name>TP2260</name>
  </trkpt>
  <trkpt lat="48.40117" lon="10.99275">
    <name>TP2261</name>
  </trkpt>
  <trkpt lat="48.40117" lon="10.99274">
    <name>TP2262</name>
  </trkpt>
  <trkpt lat="48.4013" lon="10.99127">
    <name>TP2263</name>
  </trkpt>
  <trkpt lat="48.40138" lon="10.99017">
    <name>TP2264</name>
  </trkpt>
  <trkpt lat="48.40143" lon="10.98936">
    <name>TP2265</name>
  </trkpt>
  <trkpt lat="48.40145" lon="10.98909">
    <name>TP2266</name>
  </trkpt>
  <trkpt lat="48.40151" lon="10.98815">
    <name>TP2267</name>
  </trkpt>
  <trkpt lat="48.40157" lon="10.9872">
    <name>TP2268</name>
  </trkpt>
  <trkpt lat="48.40158" lon="10.98707">
    <name>TP2269</name>
  </trkpt>
  <trkpt lat="48.40161" lon="10.98667">
    <name>TP2270</name>
  </trkpt>
  <trkpt lat="48.40164" lon="10.98626">
    <name>TP2271</name>
  </trkpt>
  <trkpt lat="48.40167" lon="10.98585">
    <name>TP2272</name>
  </trkpt>
  <trkpt lat="48.40167" lon="10.98571">
    <name>TP2273</name>
  </trkpt>
  <trkpt lat="48.40168" lon="10.98558">
    <name>TP2274</name>
  </trkpt>
  <trkpt lat="48.40169" lon="10.9855">
    <name>TP2275</name>
  </trkpt>
  <trkpt lat="48.40171" lon="10.98505">
    <name>TP2276</name>
  </trkpt>
  <trkpt lat="48.40171" lon="10.98504">
    <name>TP2277</name>
  </trkpt>
  <trkpt lat="48.40172" lon="10.98477">
    <name>TP2278</name>
  </trkpt>
  <trkpt lat="48.40173" lon="10.98447">
    <name>TP2279</name>
  </trkpt>
  <trkpt lat="48.40173" lon="10.98438">
    <name>TP2280</name>
  </trkpt>
  <trkpt lat="48.40174" lon="10.98432">
    <name>TP2281</name>
  </trkpt>
  <trkpt lat="48.40175" lon="10.98396">
    <name>TP2282</name>
  </trkpt>
  <trkpt lat="48.40175" lon="10.98392">
    <name>TP2283</name>
  </trkpt>
  <trkpt lat="48.40176" lon="10.98355">
    <name>TP2284</name>
  </trkpt>
  <trkpt lat="48.40177" lon="10.98282">
    <name>TP2285</name>
  </trkpt>
  <trkpt lat="48.40177" lon="10.98268">
    <name>TP2286</name>
  </trkpt>
  <trkpt lat="48.40177" lon="10.98266">
    <name>TP2287</name>
  </trkpt>
  <trkpt lat="48.40177" lon="10.98207">
    <name>TP2288</name>
  </trkpt>
  <trkpt lat="48.40176" lon="10.98133">
    <name>TP2289</name>
  </trkpt>
  <trkpt lat="48.40176" lon="10.9811">
    <name>TP2290</name>
  </trkpt>
  <trkpt lat="48.40175" lon="10.98076">
    <name>TP2291</name>
  </trkpt>
  <trkpt lat="48.40174" lon="10.98045">
    <name>TP2292</name>
  </trkpt>
  <trkpt lat="48.40172" lon="10.97964">
    <name>TP2293</name>
  </trkpt>
  <trkpt lat="48.40172" lon="10.97937">
    <name>TP2294</name>
  </trkpt>
  <trkpt lat="48.40172" lon="10.97921">
    <name>TP2295</name>
  </trkpt>
  <trkpt lat="48.40172" lon="10.97904">
    <name>TP2296</name>
  </trkpt>
  <trkpt lat="48.40171" lon="10.97877">
    <name>TP2297</name>
  </trkpt>
  <trkpt lat="48.40169" lon="10.97768">
    <name>TP2298</name>
  </trkpt>
  <trkpt lat="48.40168" lon="10.97724">
    <name>TP2299</name>
  </trkpt>
  <trkpt lat="48.40166" lon="10.9765">
    <name>TP2300</name>
  </trkpt>
  <trkpt lat="48.40164" lon="10.97562">
    <name>TP2301</name>
  </trkpt>
  <trkpt lat="48.40163" lon="10.9747">
    <name>TP2302</name>
  </trkpt>
  <trkpt lat="48.40162" lon="10.97395">
    <name>TP2303</name>
  </trkpt>
  <trkpt lat="48.40162" lon="10.9737">
    <name>TP2304</name>
  </trkpt>
  <trkpt lat="48.40163" lon="10.9731">
    <name>TP2305</name>
  </trkpt>
  <trkpt lat="48.40166" lon="10.97215">
    <name>TP2306</name>
  </trkpt>
  <trkpt lat="48.40169" lon="10.97146">
    <name>TP2307</name>
  </trkpt>
  <trkpt lat="48.40171" lon="10.97117">
    <name>TP2308</name>
  </trkpt>
  <trkpt lat="48.40172" lon="10.971">
    <name>TP2309</name>
  </trkpt>
  <trkpt lat="48.40173" lon="10.97081">
    <name>TP2310</name>
  </trkpt>
  <trkpt lat="48.40175" lon="10.97054">
    <name>TP2311</name>
  </trkpt>
  <trkpt lat="48.40179" lon="10.97001">
    <name>TP2312</name>
  </trkpt>
  <trkpt lat="48.40186" lon="10.96937">
    <name>TP2313</name>
  </trkpt>
  <trkpt lat="48.40187" lon="10.96925">
    <name>TP2314</name>
  </trkpt>
  <trkpt lat="48.4019" lon="10.96893">
    <name>TP2315</name>
  </trkpt>
  <trkpt lat="48.40196" lon="10.96844">
    <name>TP2316</name>
  </trkpt>
  <trkpt lat="48.40203" lon="10.96796">
    <name>TP2317</name>
  </trkpt>
  <trkpt lat="48.40204" lon="10.96786">
    <name>TP2318</name>
  </trkpt>
  <trkpt lat="48.40204" lon="10.96785">
    <name>TP2319</name>
  </trkpt>
  <trkpt lat="48.40207" lon="10.96766">
    <name>TP2320</name>
  </trkpt>
  <trkpt lat="48.40208" lon="10.96758">
    <name>TP2321</name>
  </trkpt>
  <trkpt lat="48.40218" lon="10.96697">
    <name>TP2322</name>
  </trkpt>
  <trkpt lat="48.40225" lon="10.96653">
    <name>TP2323</name>
  </trkpt>
  <trkpt lat="48.40226" lon="10.96646">
    <name>TP2324</name>
  </trkpt>
  <trkpt lat="48.40228" lon="10.9664">
    <name>TP2325</name>
  </trkpt>
  <trkpt lat="48.40232" lon="10.96614">
    <name>TP2326</name>
  </trkpt>
  <trkpt lat="48.40242" lon="10.9655">
    <name>TP2327</name>
  </trkpt>
  <trkpt lat="48.40252" lon="10.96493">
    <name>TP2328</name>
  </trkpt>
  <trkpt lat="48.40264" lon="10.96418">
    <name>TP2329</name>
  </trkpt>
  <trkpt lat="48.40289" lon="10.96265">
    <name>TP2330</name>
  </trkpt>
  <trkpt lat="48.40291" lon="10.96255">
    <name>TP2331</name>
  </trkpt>
  <trkpt lat="48.40317" lon="10.96096">
    <name>TP2332</name>
  </trkpt>
  <trkpt lat="48.40326" lon="10.96043">
    <name>TP2333</name>
  </trkpt>
  <trkpt lat="48.40354" lon="10.95873">
    <name>TP2334</name>
  </trkpt>
  <trkpt lat="48.40365" lon="10.95807">
    <name>TP2335</name>
  </trkpt>
  <trkpt lat="48.40376" lon="10.95744">
    <name>TP2336</name>
  </trkpt>
  <trkpt lat="48.40385" lon="10.95686">
    <name>TP2337</name>
  </trkpt>
  <trkpt lat="48.40415" lon="10.95508">
    <name>TP2338</name>
  </trkpt>
  <trkpt lat="48.40421" lon="10.95473">
    <name>TP2339</name>
  </trkpt>
  <trkpt lat="48.4044" lon="10.95353">
    <name>TP2340</name>
  </trkpt>
  <trkpt lat="48.40445" lon="10.95326">
    <name>TP2341</name>
  </trkpt>
  <trkpt lat="48.40454" lon="10.95276">
    <name>TP2342</name>
  </trkpt>
  <trkpt lat="48.4047" lon="10.95179">
    <name>TP2343</name>
  </trkpt>
  <trkpt lat="48.40482" lon="10.95111">
    <name>TP2344</name>
  </trkpt>
  <trkpt lat="48.4049" lon="10.9506">
    <name>TP2345</name>
  </trkpt>
  <trkpt lat="48.40501" lon="10.94994">
    <name>TP2346</name>
  </trkpt>
  <trkpt lat="48.40504" lon="10.94978">
    <name>TP2347</name>
  </trkpt>
  <trkpt lat="48.40506" lon="10.94965">
    <name>TP2348</name>
  </trkpt>
  <trkpt lat="48.40515" lon="10.94906">
    <name>TP2349</name>
  </trkpt>
  <trkpt lat="48.40524" lon="10.94852">
    <name>TP2350</name>
  </trkpt>
  <trkpt lat="48.40531" lon="10.94813">
    <name>TP2351</name>
  </trkpt>
  <trkpt lat="48.40533" lon="10.94796">
    <name>TP2352</name>
  </trkpt>
  <trkpt lat="48.40535" lon="10.94784">
    <name>TP2353</name>
  </trkpt>
  <trkpt lat="48.40537" lon="10.94774">
    <name>TP2354</name>
  </trkpt>
  <trkpt lat="48.40545" lon="10.94726">
    <name>TP2355</name>
  </trkpt>
  <trkpt lat="48.40545" lon="10.94721">
    <name>TP2356</name>
  </trkpt>
  <trkpt lat="48.40551" lon="10.94688">
    <name>TP2357</name>
  </trkpt>
  <trkpt lat="48.4056" lon="10.94632">
    <name>TP2358</name>
  </trkpt>
  <trkpt lat="48.40564" lon="10.94609">
    <name>TP2359</name>
  </trkpt>
  <trkpt lat="48.40567" lon="10.9459">
    <name>TP2360</name>
  </trkpt>
  <trkpt lat="48.40573" lon="10.94548">
    <name>TP2361</name>
  </trkpt>
  <trkpt lat="48.40576" lon="10.94532">
    <name>TP2362</name>
  </trkpt>
  <trkpt lat="48.40587" lon="10.94469">
    <name>TP2363</name>
  </trkpt>
  <trkpt lat="48.40594" lon="10.94427">
    <name>TP2364</name>
  </trkpt>
  <trkpt lat="48.40603" lon="10.94374">
    <name>TP2365</name>
  </trkpt>
  <trkpt lat="48.40606" lon="10.94353">
    <name>TP2366</name>
  </trkpt>
  <trkpt lat="48.40607" lon="10.94348">
    <name>TP2367</name>
  </trkpt>
  <trkpt lat="48.40615" lon="10.943">
    <name>TP2368</name>
  </trkpt>
  <trkpt lat="48.40619" lon="10.94278">
    <name>TP2369</name>
  </trkpt>
  <trkpt lat="48.40621" lon="10.94265">
    <name>TP2370</name>
  </trkpt>
  <trkpt lat="48.40622" lon="10.94258">
    <name>TP2371</name>
  </trkpt>
  <trkpt lat="48.40632" lon="10.94197">
    <name>TP2372</name>
  </trkpt>
  <trkpt lat="48.4064" lon="10.9415">
    <name>TP2373</name>
  </trkpt>
  <trkpt lat="48.40652" lon="10.94078">
    <name>TP2374</name>
  </trkpt>
  <trkpt lat="48.40659" lon="10.94035">
    <name>TP2375</name>
  </trkpt>
  <trkpt lat="48.40667" lon="10.93985">
    <name>TP2376</name>
  </trkpt>
  <trkpt lat="48.40676" lon="10.93935">
    <name>TP2377</name>
  </trkpt>
  <trkpt lat="48.40685" lon="10.93882">
    <name>TP2378</name>
  </trkpt>
  <trkpt lat="48.40688" lon="10.93866">
    <name>TP2379</name>
  </trkpt>
  <trkpt lat="48.40693" lon="10.93838">
    <name>TP2380</name>
  </trkpt>
  <trkpt lat="48.407" lon="10.93792">
    <name>TP2381</name>
  </trkpt>
  <trkpt lat="48.40706" lon="10.93758">
    <name>TP2382</name>
  </trkpt>
  <trkpt lat="48.40719" lon="10.93683">
    <name>TP2383</name>
  </trkpt>
  <trkpt lat="48.40721" lon="10.93667">
    <name>TP2384</name>
  </trkpt>
  <trkpt lat="48.40748" lon="10.93507">
    <name>TP2385</name>
  </trkpt>
  <trkpt lat="48.40749" lon="10.935">
    <name>TP2386</name>
  </trkpt>
  <trkpt lat="48.40753" lon="10.93476">
    <name>TP2387</name>
  </trkpt>
  <trkpt lat="48.4076" lon="10.93436">
    <name>TP2388</name>
  </trkpt>
  <trkpt lat="48.40776" lon="10.93334">
    <name>TP2389</name>
  </trkpt>
  <trkpt lat="48.4081" lon="10.93128">
    <name>TP2390</name>
  </trkpt>
  <trkpt lat="48.40814" lon="10.93101">
    <name>TP2391</name>
  </trkpt>
  <trkpt lat="48.4083" lon="10.93005">
    <name>TP2392</name>
  </trkpt>
  <trkpt lat="48.40849" lon="10.92887">
    <name>TP2393</name>
  </trkpt>
  <trkpt lat="48.4088" lon="10.92702">
    <name>TP2394</name>
  </trkpt>
  <trkpt lat="48.40893" lon="10.9262">
    <name>TP2395</name>
  </trkpt>
  <trkpt lat="48.40898" lon="10.92588">
    <name>TP2396</name>
  </trkpt>
  <trkpt lat="48.409" lon="10.92576">
    <name>TP2397</name>
  </trkpt>
  <trkpt lat="48.40905" lon="10.92548">
    <name>TP2398</name>
  </trkpt>
  <trkpt lat="48.40911" lon="10.92515">
    <name>TP2399</name>
  </trkpt>
  <trkpt lat="48.40918" lon="10.92472">
    <name>TP2400</name>
  </trkpt>
  <trkpt lat="48.40929" lon="10.92404">
    <name>TP2401</name>
  </trkpt>
  <trkpt lat="48.40935" lon="10.92373">
    <name>TP2402</name>
  </trkpt>
  <trkpt lat="48.40938" lon="10.92354">
    <name>TP2403</name>
  </trkpt>
  <trkpt lat="48.40941" lon="10.92335">
    <name>TP2404</name>
  </trkpt>
  <trkpt lat="48.40961" lon="10.92217">
    <name>TP2405</name>
  </trkpt>
  <trkpt lat="48.40963" lon="10.92202">
    <name>TP2406</name>
  </trkpt>
  <trkpt lat="48.40965" lon="10.92192">
    <name>TP2407</name>
  </trkpt>
  <trkpt lat="48.40965" lon="10.92189">
    <name>TP2408</name>
  </trkpt>
  <trkpt lat="48.40968" lon="10.92171">
    <name>TP2409</name>
  </trkpt>
  <trkpt lat="48.40975" lon="10.92128">
    <name>TP2410</name>
  </trkpt>
  <trkpt lat="48.40977" lon="10.92116">
    <name>TP2411</name>
  </trkpt>
  <trkpt lat="48.4098" lon="10.921">
    <name>TP2412</name>
  </trkpt>
  <trkpt lat="48.40985" lon="10.92069">
    <name>TP2413</name>
  </trkpt>
  <trkpt lat="48.40987" lon="10.92058">
    <name>TP2414</name>
  </trkpt>
  <trkpt lat="48.40989" lon="10.92048">
    <name>TP2415</name>
  </trkpt>
  <trkpt lat="48.40992" lon="10.92027">
    <name>TP2416</name>
  </trkpt>
  <trkpt lat="48.40993" lon="10.92021">
    <name>TP2417</name>
  </trkpt>
  <trkpt lat="48.40995" lon="10.92006">
    <name>TP2418</name>
  </trkpt>
  <trkpt lat="48.41001" lon="10.91969">
    <name>TP2419</name>
  </trkpt>
  <trkpt lat="48.41015" lon="10.9189">
    <name>TP2420</name>
  </trkpt>
  <trkpt lat="48.41023" lon="10.91838">
    <name>TP2421</name>
  </trkpt>
  <trkpt lat="48.41031" lon="10.91795">
    <name>TP2422</name>
  </trkpt>
  <trkpt lat="48.41032" lon="10.91785">
    <name>TP2423</name>
  </trkpt>
  <trkpt lat="48.41037" lon="10.91759">
    <name>TP2424</name>
  </trkpt>
  <trkpt lat="48.41043" lon="10.91718">
    <name>TP2425</name>
  </trkpt>
  <trkpt lat="48.41047" lon="10.91697">
    <name>TP2426</name>
  </trkpt>
  <trkpt lat="48.41056" lon="10.91644">
    <name>TP2427</name>
  </trkpt>
  <trkpt lat="48.41063" lon="10.916">
    <name>TP2428</name>
  </trkpt>
  <trkpt lat="48.41067" lon="10.91578">
    <name>TP2429</name>
  </trkpt>
  <trkpt lat="48.41072" lon="10.91547">
    <name>TP2430</name>
  </trkpt>
  <trkpt lat="48.41076" lon="10.9152">
    <name>TP2431</name>
  </trkpt>
  <trkpt lat="48.41081" lon="10.91494">
    <name>TP2432</name>
  </trkpt>
  <trkpt lat="48.41085" lon="10.91468">
    <name>TP2433</name>
  </trkpt>
  <trkpt lat="48.41094" lon="10.91415">
    <name>TP2434</name>
  </trkpt>
  <trkpt lat="48.41125" lon="10.91224">
    <name>TP2435</name>
  </trkpt>
  <trkpt lat="48.41136" lon="10.91158">
    <name>TP2436</name>
  </trkpt>
  <trkpt lat="48.41161" lon="10.9101">
    <name>TP2437</name>
  </trkpt>
  <trkpt lat="48.41171" lon="10.90947">
    <name>TP2438</name>
  </trkpt>
  <trkpt lat="48.41182" lon="10.90881">
    <name>TP2439</name>
  </trkpt>
  <trkpt lat="48.41191" lon="10.90828">
    <name>TP2440</name>
  </trkpt>
  <trkpt lat="48.41197" lon="10.90789">
    <name>TP2441</name>
  </trkpt>
  <trkpt lat="48.41198" lon="10.90783">
    <name>TP2442</name>
  </trkpt>
  <trkpt lat="48.41199" lon="10.90777">
    <name>TP2443</name>
  </trkpt>
  <trkpt lat="48.41202" lon="10.90762">
    <name>TP2444</name>
  </trkpt>
  <trkpt lat="48.41203" lon="10.90756">
    <name>TP2445</name>
  </trkpt>
  <trkpt lat="48.41203" lon="10.90751">
    <name>TP2446</name>
  </trkpt>
  <trkpt lat="48.41215" lon="10.90677">
    <name>TP2447</name>
  </trkpt>
  <trkpt lat="48.41228" lon="10.906">
    <name>TP2448</name>
  </trkpt>
  <trkpt lat="48.41236" lon="10.90558">
    <name>TP2449</name>
  </trkpt>
  <trkpt lat="48.41261" lon="10.90403">
    <name>TP2450</name>
  </trkpt>
  <trkpt lat="48.41306" lon="10.90131">
    <name>TP2451</name>
  </trkpt>
  <trkpt lat="48.41319" lon="10.90048">
    <name>TP2452</name>
  </trkpt>
  <trkpt lat="48.41332" lon="10.89956">
    <name>TP2453</name>
  </trkpt>
  <trkpt lat="48.4135" lon="10.89828">
    <name>TP2454</name>
  </trkpt>
  <trkpt lat="48.41359" lon="10.89755">
    <name>TP2455</name>
  </trkpt>
  <trkpt lat="48.4136" lon="10.89743">
    <name>TP2456</name>
  </trkpt>
  <trkpt lat="48.41365" lon="10.89702">
    <name>TP2457</name>
  </trkpt>
  <trkpt lat="48.41369" lon="10.89666">
    <name>TP2458</name>
  </trkpt>
  <trkpt lat="48.41371" lon="10.89646">
    <name>TP2459</name>
  </trkpt>
  <trkpt lat="48.41377" lon="10.89593">
    <name>TP2460</name>
  </trkpt>
  <trkpt lat="48.41377" lon="10.89592">
    <name>TP2461</name>
  </trkpt>
  <trkpt lat="48.41379" lon="10.89576">
    <name>TP2462</name>
  </trkpt>
  <trkpt lat="48.4138" lon="10.89564">
    <name>TP2463</name>
  </trkpt>
  <trkpt lat="48.41385" lon="10.89512">
    <name>TP2464</name>
  </trkpt>
  <trkpt lat="48.41388" lon="10.89486">
    <name>TP2465</name>
  </trkpt>
  <trkpt lat="48.41392" lon="10.8944">
    <name>TP2466</name>
  </trkpt>
  <trkpt lat="48.41393" lon="10.89434">
    <name>TP2467</name>
  </trkpt>
  <trkpt lat="48.41396" lon="10.89404">
    <name>TP2468</name>
  </trkpt>
  <trkpt lat="48.41397" lon="10.89386">
    <name>TP2469</name>
  </trkpt>
  <trkpt lat="48.41399" lon="10.89359">
    <name>TP2470</name>
  </trkpt>
  <trkpt lat="48.41403" lon="10.89314">
    <name>TP2471</name>
  </trkpt>
  <trkpt lat="48.41404" lon="10.89305">
    <name>TP2472</name>
  </trkpt>
  <trkpt lat="48.41412" lon="10.89197">
    <name>TP2473</name>
  </trkpt>
  <trkpt lat="48.41415" lon="10.8915">
    <name>TP2474</name>
  </trkpt>
  <trkpt lat="48.41419" lon="10.8909">
    <name>TP2475</name>
  </trkpt>
  <trkpt lat="48.41421" lon="10.8906">
    <name>TP2476</name>
  </trkpt>
  <trkpt lat="48.41424" lon="10.89002">
    <name>TP2477</name>
  </trkpt>
  <trkpt lat="48.41426" lon="10.8897">
    <name>TP2478</name>
  </trkpt>
  <trkpt lat="48.41427" lon="10.88937">
    <name>TP2479</name>
  </trkpt>
  <trkpt lat="48.41428" lon="10.8891">
    <name>TP2480</name>
  </trkpt>
  <trkpt lat="48.4143" lon="10.88862">
    <name>TP2481</name>
  </trkpt>
  <trkpt lat="48.41432" lon="10.88824">
    <name>TP2482</name>
  </trkpt>
  <trkpt lat="48.41433" lon="10.88786">
    <name>TP2483</name>
  </trkpt>
  <trkpt lat="48.41434" lon="10.88764">
    <name>TP2484</name>
  </trkpt>
  <trkpt lat="48.41435" lon="10.88733">
    <name>TP2485</name>
  </trkpt>
  <trkpt lat="48.41435" lon="10.88701">
    <name>TP2486</name>
  </trkpt>
  <trkpt lat="48.41436" lon="10.88683">
    <name>TP2487</name>
  </trkpt>
  <trkpt lat="48.41436" lon="10.8865">
    <name>TP2488</name>
  </trkpt>
  <trkpt lat="48.41436" lon="10.88645">
    <name>TP2489</name>
  </trkpt>
  <trkpt lat="48.41438" lon="10.88562">
    <name>TP2490</name>
  </trkpt>
  <trkpt lat="48.41439" lon="10.88536">
    <name>TP2491</name>
  </trkpt>
  <trkpt lat="48.41439" lon="10.88509">
    <name>TP2492</name>
  </trkpt>
  <trkpt lat="48.41442" lon="10.88395">
    <name>TP2493</name>
  </trkpt>
  <trkpt lat="48.41443" lon="10.88336">
    <name>TP2494</name>
  </trkpt>
  <trkpt lat="48.41446" lon="10.8824">
    <name>TP2495</name>
  </trkpt>
  <trkpt lat="48.41446" lon="10.88231">
    <name>TP2496</name>
  </trkpt>
  <trkpt lat="48.41447" lon="10.88161">
    <name>TP2497</name>
  </trkpt>
  <trkpt lat="48.41448" lon="10.88135">
    <name>TP2498</name>
  </trkpt>
  <trkpt lat="48.41448" lon="10.88116">
    <name>TP2499</name>
  </trkpt>
  <trkpt lat="48.41448" lon="10.88106">
    <name>TP2500</name>
  </trkpt>
  <trkpt lat="48.4145" lon="10.88068">
    <name>TP2501</name>
  </trkpt>
  <trkpt lat="48.41451" lon="10.87981">
    <name>TP2502</name>
  </trkpt>
  <trkpt lat="48.41453" lon="10.87917">
    <name>TP2503</name>
  </trkpt>
  <trkpt lat="48.41453" lon="10.87898">
    <name>TP2504</name>
  </trkpt>
  <trkpt lat="48.41454" lon="10.8788">
    <name>TP2505</name>
  </trkpt>
  <trkpt lat="48.41455" lon="10.87851">
    <name>TP2506</name>
  </trkpt>
  <trkpt lat="48.41456" lon="10.87769">
    <name>TP2507</name>
  </trkpt>
  <trkpt lat="48.41458" lon="10.87712">
    <name>TP2508</name>
  </trkpt>
  <trkpt lat="48.41459" lon="10.8766">
    <name>TP2509</name>
  </trkpt>
  <trkpt lat="48.41459" lon="10.87636">
    <name>TP2510</name>
  </trkpt>
  <trkpt lat="48.4146" lon="10.87609">
    <name>TP2511</name>
  </trkpt>
  <trkpt lat="48.41461" lon="10.87594">
    <name>TP2512</name>
  </trkpt>
  <trkpt lat="48.41461" lon="10.8758">
    <name>TP2513</name>
  </trkpt>
  <trkpt lat="48.41462" lon="10.87553">
    <name>TP2514</name>
  </trkpt>
  <trkpt lat="48.41462" lon="10.87546">
    <name>TP2515</name>
  </trkpt>
  <trkpt lat="48.41464" lon="10.87473">
    <name>TP2516</name>
  </trkpt>
  <trkpt lat="48.41466" lon="10.87377">
    <name>TP2517</name>
  </trkpt>
  <trkpt lat="48.41467" lon="10.87348">
    <name>TP2518</name>
  </trkpt>
  <trkpt lat="48.41467" lon="10.87339">
    <name>TP2519</name>
  </trkpt>
  <trkpt lat="48.41467" lon="10.87338">
    <name>TP2520</name>
  </trkpt>
  <trkpt lat="48.41468" lon="10.87284">
    <name>TP2521</name>
  </trkpt>
  <trkpt lat="48.4147" lon="10.872">
    <name>TP2522</name>
  </trkpt>
  <trkpt lat="48.41471" lon="10.87172">
    <name>TP2523</name>
  </trkpt>
  <trkpt lat="48.41471" lon="10.87165">
    <name>TP2524</name>
  </trkpt>
  <trkpt lat="48.41472" lon="10.87144">
    <name>TP2525</name>
  </trkpt>
  <trkpt lat="48.41472" lon="10.87115">
    <name>TP2526</name>
  </trkpt>
  <trkpt lat="48.41473" lon="10.87074">
    <name>TP2527</name>
  </trkpt>
  <trkpt lat="48.41475" lon="10.86995">
    <name>TP2528</name>
  </trkpt>
  <trkpt lat="48.41475" lon="10.86994">
    <name>TP2529</name>
  </trkpt>
  <trkpt lat="48.41476" lon="10.86934">
    <name>TP2530</name>
  </trkpt>
  <trkpt lat="48.41479" lon="10.86836">
    <name>TP2531</name>
  </trkpt>
  <trkpt lat="48.4148" lon="10.86823">
    <name>TP2532</name>
  </trkpt>
  <trkpt lat="48.41484" lon="10.8672">
    <name>TP2533</name>
  </trkpt>
  <trkpt lat="48.41487" lon="10.86663">
    <name>TP2534</name>
  </trkpt>
  <trkpt lat="48.41493" lon="10.86582">
    <name>TP2535</name>
  </trkpt>
  <trkpt lat="48.41493" lon="10.86572">
    <name>TP2536</name>
  </trkpt>
  <trkpt lat="48.41494" lon="10.86557">
    <name>TP2537</name>
  </trkpt>
  <trkpt lat="48.41496" lon="10.86539">
    <name>TP2538</name>
  </trkpt>
  <trkpt lat="48.41497" lon="10.86523">
    <name>TP2539</name>
  </trkpt>
  <trkpt lat="48.41498" lon="10.86515">
    <name>TP2540</name>
  </trkpt>
  <trkpt lat="48.415" lon="10.86491">
    <name>TP2541</name>
  </trkpt>
  <trkpt lat="48.415" lon="10.86486">
    <name>TP2542</name>
  </trkpt>
  <trkpt lat="48.41502" lon="10.86466">
    <name>TP2543</name>
  </trkpt>
  <trkpt lat="48.41503" lon="10.86449">
    <name>TP2544</name>
  </trkpt>
  <trkpt lat="48.41507" lon="10.86405">
    <name>TP2545</name>
  </trkpt>
  <trkpt lat="48.41514" lon="10.86324">
    <name>TP2546</name>
  </trkpt>
  <trkpt lat="48.41516" lon="10.86297">
    <name>TP2547</name>
  </trkpt>
  <trkpt lat="48.41518" lon="10.8627">
    <name>TP2548</name>
  </trkpt>
  <trkpt lat="48.41525" lon="10.86189">
    <name>TP2549</name>
  </trkpt>
  <trkpt lat="48.41529" lon="10.86142">
    <name>TP2550</name>
  </trkpt>
  <trkpt lat="48.41531" lon="10.86109">
    <name>TP2551</name>
  </trkpt>
  <trkpt lat="48.41535" lon="10.86062">
    <name>TP2552</name>
  </trkpt>
  <trkpt lat="48.41538" lon="10.86034">
    <name>TP2553</name>
  </trkpt>
  <trkpt lat="48.4154" lon="10.86007">
    <name>TP2554</name>
  </trkpt>
  <trkpt lat="48.4154" lon="10.86002">
    <name>TP2555</name>
  </trkpt>
  <trkpt lat="48.41542" lon="10.8598">
    <name>TP2556</name>
  </trkpt>
  <trkpt lat="48.4155" lon="10.85884">
    <name>TP2557</name>
  </trkpt>
  <trkpt lat="48.41554" lon="10.8583">
    <name>TP2558</name>
  </trkpt>
  <trkpt lat="48.4156" lon="10.85763">
    <name>TP2559</name>
  </trkpt>
  <trkpt lat="48.41562" lon="10.85728">
    <name>TP2560</name>
  </trkpt>
  <trkpt lat="48.41565" lon="10.85693">
    <name>TP2561</name>
  </trkpt>
  <trkpt lat="48.41574" lon="10.8559">
    <name>TP2562</name>
  </trkpt>
  <trkpt lat="48.41583" lon="10.85477">
    <name>TP2563</name>
  </trkpt>
  <trkpt lat="48.41586" lon="10.85438">
    <name>TP2564</name>
  </trkpt>
  <trkpt lat="48.41596" lon="10.85311">
    <name>TP2565</name>
  </trkpt>
  <trkpt lat="48.41601" lon="10.85257">
    <name>TP2566</name>
  </trkpt>
  <trkpt lat="48.4161" lon="10.85155">
    <name>TP2567</name>
  </trkpt>
  <trkpt lat="48.41627" lon="10.84947">
    <name>TP2568</name>
  </trkpt>
  <trkpt lat="48.4163" lon="10.84911">
    <name>TP2569</name>
  </trkpt>
  <trkpt lat="48.41639" lon="10.84802">
    <name>TP2570</name>
  </trkpt>
  <trkpt lat="48.41641" lon="10.84775">
    <name>TP2571</name>
  </trkpt>
  <trkpt lat="48.41648" lon="10.84698">
    <name>TP2572</name>
  </trkpt>
  <trkpt lat="48.41648" lon="10.84691">
    <name>TP2573</name>
  </trkpt>
  <trkpt lat="48.41649" lon="10.84684">
    <name>TP2574</name>
  </trkpt>
  <trkpt lat="48.41653" lon="10.84637">
    <name>TP2575</name>
  </trkpt>
  <trkpt lat="48.41657" lon="10.84587">
    <name>TP2576</name>
  </trkpt>
  <trkpt lat="48.41663" lon="10.84509">
    <name>TP2577</name>
  </trkpt>
  <trkpt lat="48.41666" lon="10.84473">
    <name>TP2578</name>
  </trkpt>
  <trkpt lat="48.41669" lon="10.84437">
    <name>TP2579</name>
  </trkpt>
  <trkpt lat="48.41671" lon="10.84416">
    <name>TP2580</name>
  </trkpt>
  <trkpt lat="48.41683" lon="10.84276">
    <name>TP2581</name>
  </trkpt>
  <trkpt lat="48.41688" lon="10.8421">
    <name>TP2582</name>
  </trkpt>
  <trkpt lat="48.4169" lon="10.84197">
    <name>TP2583</name>
  </trkpt>
  <trkpt lat="48.41692" lon="10.84165">
    <name>TP2584</name>
  </trkpt>
  <trkpt lat="48.41696" lon="10.84124">
    <name>TP2585</name>
  </trkpt>
  <trkpt lat="48.417" lon="10.84082">
    <name>TP2586</name>
  </trkpt>
  <trkpt lat="48.41705" lon="10.84011">
    <name>TP2587</name>
  </trkpt>
  <trkpt lat="48.41707" lon="10.83992">
    <name>TP2588</name>
  </trkpt>
  <trkpt lat="48.41709" lon="10.83959">
    <name>TP2589</name>
  </trkpt>
  <trkpt lat="48.41719" lon="10.83849">
    <name>TP2590</name>
  </trkpt>
  <trkpt lat="48.41721" lon="10.83823">
    <name>TP2591</name>
  </trkpt>
  <trkpt lat="48.41722" lon="10.83812">
    <name>TP2592</name>
  </trkpt>
  <trkpt lat="48.41725" lon="10.83777">
    <name>TP2593</name>
  </trkpt>
  <trkpt lat="48.41727" lon="10.83742">
    <name>TP2594</name>
  </trkpt>
  <trkpt lat="48.41729" lon="10.83715">
    <name>TP2595</name>
  </trkpt>
  <trkpt lat="48.41732" lon="10.83679">
    <name>TP2596</name>
  </trkpt>
  <trkpt lat="48.41735" lon="10.8365">
    <name>TP2597</name>
  </trkpt>
  <trkpt lat="48.41739" lon="10.83595">
    <name>TP2598</name>
  </trkpt>
  <trkpt lat="48.41742" lon="10.83568">
    <name>TP2599</name>
  </trkpt>
  <trkpt lat="48.41745" lon="10.83525">
    <name>TP2600</name>
  </trkpt>
  <trkpt lat="48.41748" lon="10.8349">
    <name>TP2601</name>
  </trkpt>
  <trkpt lat="48.41754" lon="10.83423">
    <name>TP2602</name>
  </trkpt>
  <trkpt lat="48.41755" lon="10.8341">
    <name>TP2603</name>
  </trkpt>
  <trkpt lat="48.41759" lon="10.83356">
    <name>TP2604</name>
  </trkpt>
  <trkpt lat="48.4177" lon="10.83232">
    <name>TP2605</name>
  </trkpt>
  <trkpt lat="48.4177" lon="10.83224">
    <name>TP2606</name>
  </trkpt>
  <trkpt lat="48.41779" lon="10.83118">
    <name>TP2607</name>
  </trkpt>
  <trkpt lat="48.41781" lon="10.83098">
    <name>TP2608</name>
  </trkpt>
  <trkpt lat="48.41789" lon="10.8301">
    <name>TP2609</name>
  </trkpt>
  <trkpt lat="48.41795" lon="10.8293">
    <name>TP2610</name>
  </trkpt>
  <trkpt lat="48.41798" lon="10.82903">
    <name>TP2611</name>
  </trkpt>
  <trkpt lat="48.41802" lon="10.82857">
    <name>TP2612</name>
  </trkpt>
  <trkpt lat="48.41807" lon="10.82793">
    <name>TP2613</name>
  </trkpt>
  <trkpt lat="48.4181" lon="10.82757">
    <name>TP2614</name>
  </trkpt>
  <trkpt lat="48.41817" lon="10.82671">
    <name>TP2615</name>
  </trkpt>
  <trkpt lat="48.41821" lon="10.82623">
    <name>TP2616</name>
  </trkpt>
  <trkpt lat="48.41823" lon="10.82605">
    <name>TP2617</name>
  </trkpt>
  <trkpt lat="48.41828" lon="10.82543">
    <name>TP2618</name>
  </trkpt>
  <trkpt lat="48.4183" lon="10.82516">
    <name>TP2619</name>
  </trkpt>
  <trkpt lat="48.41832" lon="10.82491">
    <name>TP2620</name>
  </trkpt>
  <trkpt lat="48.41837" lon="10.82444">
    <name>TP2621</name>
  </trkpt>
  <trkpt lat="48.41841" lon="10.82395">
    <name>TP2622</name>
  </trkpt>
  <trkpt lat="48.41844" lon="10.82363">
    <name>TP2623</name>
  </trkpt>
  <trkpt lat="48.41847" lon="10.82336">
    <name>TP2624</name>
  </trkpt>
  <trkpt lat="48.41848" lon="10.82329">
    <name>TP2625</name>
  </trkpt>
  <trkpt lat="48.41854" lon="10.82267">
    <name>TP2626</name>
  </trkpt>
  <trkpt lat="48.41866" lon="10.82155">
    <name>TP2627</name>
  </trkpt>
  <trkpt lat="48.41867" lon="10.82138">
    <name>TP2628</name>
  </trkpt>
  <trkpt lat="48.41875" lon="10.82063">
    <name>TP2629</name>
  </trkpt>
  <trkpt lat="48.4188" lon="10.82009">
    <name>TP2630</name>
  </trkpt>
  <trkpt lat="48.41882" lon="10.81991">
    <name>TP2631</name>
  </trkpt>
  <trkpt lat="48.41884" lon="10.81976">
    <name>TP2632</name>
  </trkpt>
  <trkpt lat="48.41885" lon="10.81959">
    <name>TP2633</name>
  </trkpt>
  <trkpt lat="48.41891" lon="10.81904">
    <name>TP2634</name>
  </trkpt>
  <trkpt lat="48.41897" lon="10.81838">
    <name>TP2635</name>
  </trkpt>
  <trkpt lat="48.41901" lon="10.81797">
    <name>TP2636</name>
  </trkpt>
  <trkpt lat="48.41901" lon="10.81796">
    <name>TP2637</name>
  </trkpt>
  <trkpt lat="48.41904" lon="10.8177">
    <name>TP2638</name>
  </trkpt>
  <trkpt lat="48.41906" lon="10.81747">
    <name>TP2639</name>
  </trkpt>
  <trkpt lat="48.41907" lon="10.81736">
    <name>TP2640</name>
  </trkpt>
  <trkpt lat="48.41919" lon="10.81606">
    <name>TP2641</name>
  </trkpt>
  <trkpt lat="48.41922" lon="10.81583">
    <name>TP2642</name>
  </trkpt>
  <trkpt lat="48.41923" lon="10.81577">
    <name>TP2643</name>
  </trkpt>
  <trkpt lat="48.41925" lon="10.81553">
    <name>TP2644</name>
  </trkpt>
  <trkpt lat="48.41927" lon="10.81522">
    <name>TP2645</name>
  </trkpt>
  <trkpt lat="48.41929" lon="10.81502">
    <name>TP2646</name>
  </trkpt>
  <trkpt lat="48.41937" lon="10.81412">
    <name>TP2647</name>
  </trkpt>
  <trkpt lat="48.41939" lon="10.81385">
    <name>TP2648</name>
  </trkpt>
  <trkpt lat="48.41946" lon="10.81309">
    <name>TP2649</name>
  </trkpt>
  <trkpt lat="48.41949" lon="10.81275">
    <name>TP2650</name>
  </trkpt>
  <trkpt lat="48.41951" lon="10.81251">
    <name>TP2651</name>
  </trkpt>
  <trkpt lat="48.41953" lon="10.81224">
    <name>TP2652</name>
  </trkpt>
  <trkpt lat="48.41953" lon="10.81216">
    <name>TP2653</name>
  </trkpt>
  <trkpt lat="48.41957" lon="10.81166">
    <name>TP2654</name>
  </trkpt>
  <trkpt lat="48.41961" lon="10.81116">
    <name>TP2655</name>
  </trkpt>
  <trkpt lat="48.41962" lon="10.81114">
    <name>TP2656</name>
  </trkpt>
  <trkpt lat="48.41964" lon="10.81089">
    <name>TP2657</name>
  </trkpt>
  <trkpt lat="48.41968" lon="10.81044">
    <name>TP2658</name>
  </trkpt>
  <trkpt lat="48.41972" lon="10.80982">
    <name>TP2659</name>
  </trkpt>
  <trkpt lat="48.41974" lon="10.80955">
    <name>TP2660</name>
  </trkpt>
  <trkpt lat="48.41976" lon="10.80936">
    <name>TP2661</name>
  </trkpt>
  <trkpt lat="48.4198" lon="10.80875">
    <name>TP2662</name>
  </trkpt>
  <trkpt lat="48.41984" lon="10.80821">
    <name>TP2663</name>
  </trkpt>
  <trkpt lat="48.4199" lon="10.80739">
    <name>TP2664</name>
  </trkpt>
  <trkpt lat="48.4199" lon="10.80737">
    <name>TP2665</name>
  </trkpt>
  <trkpt lat="48.41991" lon="10.80712">
    <name>TP2666</name>
  </trkpt>
  <trkpt lat="48.41993" lon="10.80681">
    <name>TP2667</name>
  </trkpt>
  <trkpt lat="48.41998" lon="10.80589">
    <name>TP2668</name>
  </trkpt>
  <trkpt lat="48.42002" lon="10.80508">
    <name>TP2669</name>
  </trkpt>
  <trkpt lat="48.42005" lon="10.80442">
    <name>TP2670</name>
  </trkpt>
  <trkpt lat="48.42005" lon="10.80438">
    <name>TP2671</name>
  </trkpt>
  <trkpt lat="48.42007" lon="10.80388">
    <name>TP2672</name>
  </trkpt>
  <trkpt lat="48.42008" lon="10.80361">
    <name>TP2673</name>
  </trkpt>
  <trkpt lat="48.42008" lon="10.80344">
    <name>TP2674</name>
  </trkpt>
  <trkpt lat="48.42009" lon="10.80334">
    <name>TP2675</name>
  </trkpt>
  <trkpt lat="48.4201" lon="10.80279">
    <name>TP2676</name>
  </trkpt>
  <trkpt lat="48.42011" lon="10.80267">
    <name>TP2677</name>
  </trkpt>
  <trkpt lat="48.42011" lon="10.80246">
    <name>TP2678</name>
  </trkpt>
  <trkpt lat="48.42011" lon="10.8024">
    <name>TP2679</name>
  </trkpt>
  <trkpt lat="48.42012" lon="10.80222">
    <name>TP2680</name>
  </trkpt>
  <trkpt lat="48.42012" lon="10.80212">
    <name>TP2681</name>
  </trkpt>
  <trkpt lat="48.42012" lon="10.80208">
    <name>TP2682</name>
  </trkpt>
  <trkpt lat="48.42013" lon="10.80172">
    <name>TP2683</name>
  </trkpt>
  <trkpt lat="48.42013" lon="10.80145">
    <name>TP2684</name>
  </trkpt>
  <trkpt lat="48.42014" lon="10.8012">
    <name>TP2685</name>
  </trkpt>
  <trkpt lat="48.42014" lon="10.80118">
    <name>TP2686</name>
  </trkpt>
  <trkpt lat="48.42015" lon="10.80064">
    <name>TP2687</name>
  </trkpt>
  <trkpt lat="48.42016" lon="10.80045">
    <name>TP2688</name>
  </trkpt>
  <trkpt lat="48.42017" lon="10.79983">
    <name>TP2689</name>
  </trkpt>
  <trkpt lat="48.42017" lon="10.79956">
    <name>TP2690</name>
  </trkpt>
  <trkpt lat="48.42017" lon="10.79955">
    <name>TP2691</name>
  </trkpt>
  <trkpt lat="48.42017" lon="10.79928">
    <name>TP2692</name>
  </trkpt>
  <trkpt lat="48.42017" lon="10.79923">
    <name>TP2693</name>
  </trkpt>
  <trkpt lat="48.42018" lon="10.79873">
    <name>TP2694</name>
  </trkpt>
  <trkpt lat="48.42017" lon="10.7982">
    <name>TP2695</name>
  </trkpt>
  <trkpt lat="48.42017" lon="10.79771">
    <name>TP2696</name>
  </trkpt>
  <trkpt lat="48.42017" lon="10.797">
    <name>TP2697</name>
  </trkpt>
  <trkpt lat="48.42016" lon="10.79632">
    <name>TP2698</name>
  </trkpt>
  <trkpt lat="48.42015" lon="10.79517">
    <name>TP2699</name>
  </trkpt>
  <trkpt lat="48.42014" lon="10.7949">
    <name>TP2700</name>
  </trkpt>
  <trkpt lat="48.42013" lon="10.79405">
    <name>TP2701</name>
  </trkpt>
  <trkpt lat="48.42012" lon="10.793">
    <name>TP2702</name>
  </trkpt>
  <trkpt lat="48.4201" lon="10.79135">
    <name>TP2703</name>
  </trkpt>
  <trkpt lat="48.4201" lon="10.79097">
    <name>TP2704</name>
  </trkpt>
  <trkpt lat="48.42008" lon="10.78951">
    <name>TP2705</name>
  </trkpt>
  <trkpt lat="48.42005" lon="10.78756">
    <name>TP2706</name>
  </trkpt>
  <trkpt lat="48.42003" lon="10.78696">
    <name>TP2707</name>
  </trkpt>
  <trkpt lat="48.42003" lon="10.78679">
    <name>TP2708</name>
  </trkpt>
  <trkpt lat="48.42003" lon="10.78676">
    <name>TP2709</name>
  </trkpt>
  <trkpt lat="48.42002" lon="10.78657">
    <name>TP2710</name>
  </trkpt>
  <trkpt lat="48.42001" lon="10.78617">
    <name>TP2711</name>
  </trkpt>
  <trkpt lat="48.42001" lon="10.78603">
    <name>TP2712</name>
  </trkpt>
  <trkpt lat="48.41999" lon="10.78548">
    <name>TP2713</name>
  </trkpt>
  <trkpt lat="48.41999" lon="10.78544">
    <name>TP2714</name>
  </trkpt>
  <trkpt lat="48.41998" lon="10.78514">
    <name>TP2715</name>
  </trkpt>
  <trkpt lat="48.41995" lon="10.78447">
    <name>TP2716</name>
  </trkpt>
  <trkpt lat="48.41993" lon="10.78401">
    <name>TP2717</name>
  </trkpt>
  <trkpt lat="48.4199" lon="10.78343">
    <name>TP2718</name>
  </trkpt>
  <trkpt lat="48.41988" lon="10.78316">
    <name>TP2719</name>
  </trkpt>
  <trkpt lat="48.4198" lon="10.78188">
    <name>TP2720</name>
  </trkpt>
  <trkpt lat="48.4198" lon="10.78183">
    <name>TP2721</name>
  </trkpt>
  <trkpt lat="48.41971" lon="10.7806">
    <name>TP2722</name>
  </trkpt>
  <trkpt lat="48.41965" lon="10.77988">
    <name>TP2723</name>
  </trkpt>
  <trkpt lat="48.4196" lon="10.77938">
    <name>TP2724</name>
  </trkpt>
  <trkpt lat="48.41956" lon="10.7789">
    <name>TP2725</name>
  </trkpt>
  <trkpt lat="48.41948" lon="10.77818">
    <name>TP2726</name>
  </trkpt>
  <trkpt lat="48.41943" lon="10.7777">
    <name>TP2727</name>
  </trkpt>
  <trkpt lat="48.41941" lon="10.7775">
    <name>TP2728</name>
  </trkpt>
  <trkpt lat="48.41938" lon="10.77721">
    <name>TP2729</name>
  </trkpt>
  <trkpt lat="48.41933" lon="10.77674">
    <name>TP2730</name>
  </trkpt>
  <trkpt lat="48.41927" lon="10.77626">
    <name>TP2731</name>
  </trkpt>
  <trkpt lat="48.4192" lon="10.77571">
    <name>TP2732</name>
  </trkpt>
  <trkpt lat="48.41917" lon="10.77552">
    <name>TP2733</name>
  </trkpt>
  <trkpt lat="48.41911" lon="10.77502">
    <name>TP2734</name>
  </trkpt>
  <trkpt lat="48.419" lon="10.77412">
    <name>TP2735</name>
  </trkpt>
  <trkpt lat="48.41896" lon="10.77385">
    <name>TP2736</name>
  </trkpt>
  <trkpt lat="48.41887" lon="10.77305">
    <name>TP2737</name>
  </trkpt>
  <trkpt lat="48.41887" lon="10.77304">
    <name>TP2738</name>
  </trkpt>
  <trkpt lat="48.41881" lon="10.77252">
    <name>TP2739</name>
  </trkpt>
  <trkpt lat="48.41878" lon="10.77224">
    <name>TP2740</name>
  </trkpt>
  <trkpt lat="48.41874" lon="10.77189">
    <name>TP2741</name>
  </trkpt>
  <trkpt lat="48.41874" lon="10.77184">
    <name>TP2742</name>
  </trkpt>
  <trkpt lat="48.41871" lon="10.77159">
    <name>TP2743</name>
  </trkpt>
  <trkpt lat="48.41871" lon="10.77157">
    <name>TP2744</name>
  </trkpt>
  <trkpt lat="48.41868" lon="10.7713">
    <name>TP2745</name>
  </trkpt>
  <trkpt lat="48.41867" lon="10.77124">
    <name>TP2746</name>
  </trkpt>
  <trkpt lat="48.41867" lon="10.77119">
    <name>TP2747</name>
  </trkpt>
  <trkpt lat="48.41864" lon="10.77098">
    <name>TP2748</name>
  </trkpt>
  <trkpt lat="48.41864" lon="10.77093">
    <name>TP2749</name>
  </trkpt>
  <trkpt lat="48.41862" lon="10.77071">
    <name>TP2750</name>
  </trkpt>
  <trkpt lat="48.41857" lon="10.77024">
    <name>TP2751</name>
  </trkpt>
  <trkpt lat="48.41854" lon="10.76988">
    <name>TP2752</name>
  </trkpt>
  <trkpt lat="48.41851" lon="10.76964">
    <name>TP2753</name>
  </trkpt>
  <trkpt lat="48.41849" lon="10.76937">
    <name>TP2754</name>
  </trkpt>
  <trkpt lat="48.41843" lon="10.76873">
    <name>TP2755</name>
  </trkpt>
  <trkpt lat="48.41842" lon="10.76856">
    <name>TP2756</name>
  </trkpt>
  <trkpt lat="48.41838" lon="10.76806">
    <name>TP2757</name>
  </trkpt>
  <trkpt lat="48.41832" lon="10.7673">
    <name>TP2758</name>
  </trkpt>
  <trkpt lat="48.41831" lon="10.76711">
    <name>TP2759</name>
  </trkpt>
  <trkpt lat="48.41827" lon="10.76653">
    <name>TP2760</name>
  </trkpt>
  <trkpt lat="48.41819" lon="10.7653">
    <name>TP2761</name>
  </trkpt>
  <trkpt lat="48.41816" lon="10.76487">
    <name>TP2762</name>
  </trkpt>
  <trkpt lat="48.41814" lon="10.76441">
    <name>TP2763</name>
  </trkpt>
  <trkpt lat="48.41811" lon="10.76387">
    <name>TP2764</name>
  </trkpt>
  <trkpt lat="48.4181" lon="10.76372">
    <name>TP2765</name>
  </trkpt>
  <trkpt lat="48.41809" lon="10.7636">
    <name>TP2766</name>
  </trkpt>
  <trkpt lat="48.41806" lon="10.76292">
    <name>TP2767</name>
  </trkpt>
  <trkpt lat="48.41802" lon="10.76184">
    <name>TP2768</name>
  </trkpt>
  <trkpt lat="48.41796" lon="10.76028">
    <name>TP2769</name>
  </trkpt>
  <trkpt lat="48.41794" lon="10.75986">
    <name>TP2770</name>
  </trkpt>
  <trkpt lat="48.41794" lon="10.75962">
    <name>TP2771</name>
  </trkpt>
  <trkpt lat="48.41793" lon="10.75953">
    <name>TP2772</name>
  </trkpt>
  <trkpt lat="48.4179" lon="10.75863">
    <name>TP2773</name>
  </trkpt>
  <trkpt lat="48.41784" lon="10.75722">
    <name>TP2774</name>
  </trkpt>
  <trkpt lat="48.41783" lon="10.75691">
    <name>TP2775</name>
  </trkpt>
  <trkpt lat="48.41781" lon="10.75648">
    <name>TP2776</name>
  </trkpt>
  <trkpt lat="48.4178" lon="10.7561">
    <name>TP2777</name>
  </trkpt>
  <trkpt lat="48.41779" lon="10.75599">
    <name>TP2778</name>
  </trkpt>
  <trkpt lat="48.41776" lon="10.75521">
    <name>TP2779</name>
  </trkpt>
  <trkpt lat="48.41774" lon="10.75477">
    <name>TP2780</name>
  </trkpt>
  <trkpt lat="48.41773" lon="10.75452">
    <name>TP2781</name>
  </trkpt>
  <trkpt lat="48.41772" lon="10.75427">
    <name>TP2782</name>
  </trkpt>
  <trkpt lat="48.41771" lon="10.75407">
    <name>TP2783</name>
  </trkpt>
  <trkpt lat="48.4177" lon="10.7537">
    <name>TP2784</name>
  </trkpt>
  <trkpt lat="48.41767" lon="10.75285">
    <name>TP2785</name>
  </trkpt>
  <trkpt lat="48.41766" lon="10.75262">
    <name>TP2786</name>
  </trkpt>
  <trkpt lat="48.41764" lon="10.75212">
    <name>TP2787</name>
  </trkpt>
  <trkpt lat="48.41759" lon="10.75099">
    <name>TP2788</name>
  </trkpt>
  <trkpt lat="48.41758" lon="10.75072">
    <name>TP2789</name>
  </trkpt>
  <trkpt lat="48.41756" lon="10.75005">
    <name>TP2790</name>
  </trkpt>
  <trkpt lat="48.41756" lon="10.75004">
    <name>TP2791</name>
  </trkpt>
  <trkpt lat="48.41753" lon="10.74937">
    <name>TP2792</name>
  </trkpt>
  <trkpt lat="48.41752" lon="10.7491">
    <name>TP2793</name>
  </trkpt>
  <trkpt lat="48.41749" lon="10.74845">
    <name>TP2794</name>
  </trkpt>
  <trkpt lat="48.41748" lon="10.74803">
    <name>TP2795</name>
  </trkpt>
  <trkpt lat="48.41745" lon="10.74734">
    <name>TP2796</name>
  </trkpt>
  <trkpt lat="48.41743" lon="10.74692">
    <name>TP2797</name>
  </trkpt>
  <trkpt lat="48.41739" lon="10.74577">
    <name>TP2798</name>
  </trkpt>
  <trkpt lat="48.41736" lon="10.74504">
    <name>TP2799</name>
  </trkpt>
  <trkpt lat="48.41735" lon="10.74488">
    <name>TP2800</name>
  </trkpt>
  <trkpt lat="48.41733" lon="10.7444">
    <name>TP2801</name>
  </trkpt>
  <trkpt lat="48.41727" lon="10.74288">
    <name>TP2802</name>
  </trkpt>
  <trkpt lat="48.41726" lon="10.74264">
    <name>TP2803</name>
  </trkpt>
  <trkpt lat="48.41726" lon="10.74245">
    <name>TP2804</name>
  </trkpt>
  <trkpt lat="48.41725" lon="10.74217">
    <name>TP2805</name>
  </trkpt>
  <trkpt lat="48.41722" lon="10.74166">
    <name>TP2806</name>
  </trkpt>
  <trkpt lat="48.41722" lon="10.74153">
    <name>TP2807</name>
  </trkpt>
  <trkpt lat="48.41719" lon="10.74072">
    <name>TP2808</name>
  </trkpt>
  <trkpt lat="48.41718" lon="10.74066">
    <name>TP2809</name>
  </trkpt>
  <trkpt lat="48.41718" lon="10.74057">
    <name>TP2810</name>
  </trkpt>
  <trkpt lat="48.41718" lon="10.7404">
    <name>TP2811</name>
  </trkpt>
  <trkpt lat="48.41716" lon="10.74013">
    <name>TP2812</name>
  </trkpt>
  <trkpt lat="48.41716" lon="10.73986">
    <name>TP2813</name>
  </trkpt>
  <trkpt lat="48.41715" lon="10.73963">
    <name>TP2814</name>
  </trkpt>
  <trkpt lat="48.41714" lon="10.73955">
    <name>TP2815</name>
  </trkpt>
  <trkpt lat="48.41714" lon="10.73936">
    <name>TP2816</name>
  </trkpt>
  <trkpt lat="48.41713" lon="10.73909">
    <name>TP2817</name>
  </trkpt>
  <trkpt lat="48.41711" lon="10.73882">
    <name>TP2818</name>
  </trkpt>
  <trkpt lat="48.4171" lon="10.73838">
    <name>TP2819</name>
  </trkpt>
  <trkpt lat="48.41709" lon="10.7382">
    <name>TP2820</name>
  </trkpt>
  <trkpt lat="48.41708" lon="10.73799">
    <name>TP2821</name>
  </trkpt>
  <trkpt lat="48.41707" lon="10.73762">
    <name>TP2822</name>
  </trkpt>
  <trkpt lat="48.41706" lon="10.73743">
    <name>TP2823</name>
  </trkpt>
  <trkpt lat="48.41706" lon="10.73739">
    <name>TP2824</name>
  </trkpt>
  <trkpt lat="48.41704" lon="10.73696">
    <name>TP2825</name>
  </trkpt>
  <trkpt lat="48.41703" lon="10.73666">
    <name>TP2826</name>
  </trkpt>
  <trkpt lat="48.41702" lon="10.73624">
    <name>TP2827</name>
  </trkpt>
  <trkpt lat="48.417" lon="10.73592">
    <name>TP2828</name>
  </trkpt>
  <trkpt lat="48.41698" lon="10.73526">
    <name>TP2829</name>
  </trkpt>
  <trkpt lat="48.41697" lon="10.73503">
    <name>TP2830</name>
  </trkpt>
  <trkpt lat="48.41696" lon="10.73495">
    <name>TP2831</name>
  </trkpt>
  <trkpt lat="48.41696" lon="10.73479">
    <name>TP2832</name>
  </trkpt>
  <trkpt lat="48.41695" lon="10.73468">
    <name>TP2833</name>
  </trkpt>
  <trkpt lat="48.41695" lon="10.73458">
    <name>TP2834</name>
  </trkpt>
  <trkpt lat="48.4169" lon="10.73341">
    <name>TP2835</name>
  </trkpt>
  <trkpt lat="48.4169" lon="10.73335">
    <name>TP2836</name>
  </trkpt>
  <trkpt lat="48.41687" lon="10.73233">
    <name>TP2837</name>
  </trkpt>
  <trkpt lat="48.41686" lon="10.73206">
    <name>TP2838</name>
  </trkpt>
  <trkpt lat="48.41685" lon="10.7317">
    <name>TP2839</name>
  </trkpt>
  <trkpt lat="48.41685" lon="10.73152">
    <name>TP2840</name>
  </trkpt>
  <trkpt lat="48.41684" lon="10.73138">
    <name>TP2841</name>
  </trkpt>
  <trkpt lat="48.41684" lon="10.73097">
    <name>TP2842</name>
  </trkpt>
  <trkpt lat="48.41683" lon="10.7307">
    <name>TP2843</name>
  </trkpt>
  <trkpt lat="48.41683" lon="10.73043">
    <name>TP2844</name>
  </trkpt>
  <trkpt lat="48.41682" lon="10.72938">
    <name>TP2845</name>
  </trkpt>
  <trkpt lat="48.41682" lon="10.72881">
    <name>TP2846</name>
  </trkpt>
  <trkpt lat="48.41682" lon="10.72854">
    <name>TP2847</name>
  </trkpt>
  <trkpt lat="48.41683" lon="10.72799">
    <name>TP2848</name>
  </trkpt>
  <trkpt lat="48.41683" lon="10.72788">
    <name>TP2849</name>
  </trkpt>
  <trkpt lat="48.41683" lon="10.72768">
    <name>TP2850</name>
  </trkpt>
  <trkpt lat="48.41686" lon="10.72595">
    <name>TP2851</name>
  </trkpt>
  <trkpt lat="48.41687" lon="10.72574">
    <name>TP2852</name>
  </trkpt>
  <trkpt lat="48.41688" lon="10.72551">
    <name>TP2853</name>
  </trkpt>
  <trkpt lat="48.41689" lon="10.72529">
    <name>TP2854</name>
  </trkpt>
  <trkpt lat="48.41691" lon="10.72484">
    <name>TP2855</name>
  </trkpt>
  <trkpt lat="48.41694" lon="10.72406">
    <name>TP2856</name>
  </trkpt>
  <trkpt lat="48.41696" lon="10.72354">
    <name>TP2857</name>
  </trkpt>
  <trkpt lat="48.41697" lon="10.72333">
    <name>TP2858</name>
  </trkpt>
  <trkpt lat="48.41699" lon="10.72305">
    <name>TP2859</name>
  </trkpt>
  <trkpt lat="48.417" lon="10.72264">
    <name>TP2860</name>
  </trkpt>
  <trkpt lat="48.41704" lon="10.72198">
    <name>TP2861</name>
  </trkpt>
  <trkpt lat="48.41705" lon="10.72182">
    <name>TP2862</name>
  </trkpt>
  <trkpt lat="48.41707" lon="10.72153">
    <name>TP2863</name>
  </trkpt>
  <trkpt lat="48.41709" lon="10.72131">
    <name>TP2864</name>
  </trkpt>
  <trkpt lat="48.41712" lon="10.72085">
    <name>TP2865</name>
  </trkpt>
  <trkpt lat="48.41716" lon="10.72027">
    <name>TP2866</name>
  </trkpt>
  <trkpt lat="48.41719" lon="10.71974">
    <name>TP2867</name>
  </trkpt>
  <trkpt lat="48.41723" lon="10.71925">
    <name>TP2868</name>
  </trkpt>
  <trkpt lat="48.41727" lon="10.71876">
    <name>TP2869</name>
  </trkpt>
  <trkpt lat="48.41734" lon="10.71775">
    <name>TP2870</name>
  </trkpt>
  <trkpt lat="48.41738" lon="10.71723">
    <name>TP2871</name>
  </trkpt>
  <trkpt lat="48.41742" lon="10.71669">
    <name>TP2872</name>
  </trkpt>
  <trkpt lat="48.41743" lon="10.71648">
    <name>TP2873</name>
  </trkpt>
  <trkpt lat="48.41744" lon="10.71642">
    <name>TP2874</name>
  </trkpt>
  <trkpt lat="48.41746" lon="10.71615">
    <name>TP2875</name>
  </trkpt>
  <trkpt lat="48.41748" lon="10.71588">
    <name>TP2876</name>
  </trkpt>
  <trkpt lat="48.41749" lon="10.71571">
    <name>TP2877</name>
  </trkpt>
  <trkpt lat="48.41751" lon="10.71544">
    <name>TP2878</name>
  </trkpt>
  <trkpt lat="48.41753" lon="10.71517">
    <name>TP2879</name>
  </trkpt>
  <trkpt lat="48.41754" lon="10.71498">
    <name>TP2880</name>
  </trkpt>
  <trkpt lat="48.41757" lon="10.71459">
    <name>TP2881</name>
  </trkpt>
  <trkpt lat="48.41765" lon="10.71352">
    <name>TP2882</name>
  </trkpt>
  <trkpt lat="48.41766" lon="10.71332">
    <name>TP2883</name>
  </trkpt>
  <trkpt lat="48.41771" lon="10.71267">
    <name>TP2884</name>
  </trkpt>
  <trkpt lat="48.41772" lon="10.71245">
    <name>TP2885</name>
  </trkpt>
  <trkpt lat="48.41784" lon="10.71083">
    <name>TP2886</name>
  </trkpt>
  <trkpt lat="48.41788" lon="10.71029">
    <name>TP2887</name>
  </trkpt>
  <trkpt lat="48.41789" lon="10.71002">
    <name>TP2888</name>
  </trkpt>
  <trkpt lat="48.41803" lon="10.70814">
    <name>TP2889</name>
  </trkpt>
  <trkpt lat="48.41805" lon="10.70787">
    <name>TP2890</name>
  </trkpt>
  <trkpt lat="48.41811" lon="10.70706">
    <name>TP2891</name>
  </trkpt>
  <trkpt lat="48.41816" lon="10.70625">
    <name>TP2892</name>
  </trkpt>
  <trkpt lat="48.4182" lon="10.70571">
    <name>TP2893</name>
  </trkpt>
  <trkpt lat="48.41822" lon="10.70544">
    <name>TP2894</name>
  </trkpt>
  <trkpt lat="48.41824" lon="10.70517">
    <name>TP2895</name>
  </trkpt>
  <trkpt lat="48.41826" lon="10.7049">
    <name>TP2896</name>
  </trkpt>
  <trkpt lat="48.41831" lon="10.70428">
    <name>TP2897</name>
  </trkpt>
  <trkpt lat="48.41834" lon="10.70382">
    <name>TP2898</name>
  </trkpt>
  <trkpt lat="48.41836" lon="10.70359">
    <name>TP2899</name>
  </trkpt>
  <trkpt lat="48.41836" lon="10.70357">
    <name>TP2900</name>
  </trkpt>
  <trkpt lat="48.41837" lon="10.70332">
    <name>TP2901</name>
  </trkpt>
  <trkpt lat="48.41839" lon="10.70303">
    <name>TP2902</name>
  </trkpt>
  <trkpt lat="48.41844" lon="10.70238">
    <name>TP2903</name>
  </trkpt>
  <trkpt lat="48.41845" lon="10.70218">
    <name>TP2904</name>
  </trkpt>
  <trkpt lat="48.41853" lon="10.70114">
    <name>TP2905</name>
  </trkpt>
  <trkpt lat="48.41854" lon="10.70104">
    <name>TP2906</name>
  </trkpt>
  <trkpt lat="48.41854" lon="10.70096">
    <name>TP2907</name>
  </trkpt>
  <trkpt lat="48.41865" lon="10.69953">
    <name>TP2908</name>
  </trkpt>
  <trkpt lat="48.41869" lon="10.69899">
    <name>TP2909</name>
  </trkpt>
  <trkpt lat="48.41871" lon="10.69861">
    <name>TP2910</name>
  </trkpt>
  <trkpt lat="48.41872" lon="10.69845">
    <name>TP2911</name>
  </trkpt>
  <trkpt lat="48.41873" lon="10.69834">
    <name>TP2912</name>
  </trkpt>
  <trkpt lat="48.41874" lon="10.69818">
    <name>TP2913</name>
  </trkpt>
  <trkpt lat="48.41875" lon="10.69807">
    <name>TP2914</name>
  </trkpt>
  <trkpt lat="48.41878" lon="10.69764">
    <name>TP2915</name>
  </trkpt>
  <trkpt lat="48.41879" lon="10.69743">
    <name>TP2916</name>
  </trkpt>
  <trkpt lat="48.41885" lon="10.69656">
    <name>TP2917</name>
  </trkpt>
  <trkpt lat="48.41888" lon="10.69619">
    <name>TP2918</name>
  </trkpt>
  <trkpt lat="48.41889" lon="10.69602">
    <name>TP2919</name>
  </trkpt>
  <trkpt lat="48.4189" lon="10.69592">
    <name>TP2920</name>
  </trkpt>
  <trkpt lat="48.41893" lon="10.69548">
    <name>TP2921</name>
  </trkpt>
  <trkpt lat="48.41894" lon="10.69533">
    <name>TP2922</name>
  </trkpt>
  <trkpt lat="48.41904" lon="10.69393">
    <name>TP2923</name>
  </trkpt>
  <trkpt lat="48.41906" lon="10.69376">
    <name>TP2924</name>
  </trkpt>
  <trkpt lat="48.41907" lon="10.6936">
    <name>TP2925</name>
  </trkpt>
  <trkpt lat="48.41908" lon="10.69349">
    <name>TP2926</name>
  </trkpt>
  <trkpt lat="48.41909" lon="10.69333">
    <name>TP2927</name>
  </trkpt>
  <trkpt lat="48.4191" lon="10.69322">
    <name>TP2928</name>
  </trkpt>
  <trkpt lat="48.41911" lon="10.69306">
    <name>TP2929</name>
  </trkpt>
  <trkpt lat="48.41912" lon="10.69295">
    <name>TP2930</name>
  </trkpt>
  <trkpt lat="48.41913" lon="10.69278">
    <name>TP2931</name>
  </trkpt>
  <trkpt lat="48.41914" lon="10.69268">
    <name>TP2932</name>
  </trkpt>
  <trkpt lat="48.41915" lon="10.69252">
    <name>TP2933</name>
  </trkpt>
  <trkpt lat="48.41916" lon="10.69241">
    <name>TP2934</name>
  </trkpt>
  <trkpt lat="48.41919" lon="10.69215">
    <name>TP2935</name>
  </trkpt>
  <trkpt lat="48.4192" lon="10.69199">
    <name>TP2936</name>
  </trkpt>
  <trkpt lat="48.41921" lon="10.69188">
    <name>TP2937</name>
  </trkpt>
  <trkpt lat="48.41922" lon="10.69178">
    <name>TP2938</name>
  </trkpt>
  <trkpt lat="48.41922" lon="10.69172">
    <name>TP2939</name>
  </trkpt>
  <trkpt lat="48.41927" lon="10.69118">
    <name>TP2940</name>
  </trkpt>
  <trkpt lat="48.41928" lon="10.69107">
    <name>TP2941</name>
  </trkpt>
  <trkpt lat="48.41932" lon="10.69063">
    <name>TP2942</name>
  </trkpt>
  <trkpt lat="48.4194" lon="10.68984">
    <name>TP2943</name>
  </trkpt>
  <trkpt lat="48.41942" lon="10.68973">
    <name>TP2944</name>
  </trkpt>
  <trkpt lat="48.41949" lon="10.68906">
    <name>TP2945</name>
  </trkpt>
  <trkpt lat="48.4195" lon="10.68902">
    <name>TP2946</name>
  </trkpt>
  <trkpt lat="48.41955" lon="10.68855">
    <name>TP2947</name>
  </trkpt>
  <trkpt lat="48.41957" lon="10.68834">
    <name>TP2948</name>
  </trkpt>
  <trkpt lat="48.41962" lon="10.68795">
    <name>TP2949</name>
  </trkpt>
  <trkpt lat="48.41966" lon="10.68764">
    <name>TP2950</name>
  </trkpt>
  <trkpt lat="48.4197" lon="10.68727">
    <name>TP2951</name>
  </trkpt>
  <trkpt lat="48.41975" lon="10.68688">
    <name>TP2952</name>
  </trkpt>
  <trkpt lat="48.41975" lon="10.68687">
    <name>TP2953</name>
  </trkpt>
  <trkpt lat="48.41984" lon="10.68616">
    <name>TP2954</name>
  </trkpt>
  <trkpt lat="48.41986" lon="10.68594">
    <name>TP2955</name>
  </trkpt>
  <trkpt lat="48.41988" lon="10.68581">
    <name>TP2956</name>
  </trkpt>
  <trkpt lat="48.4199" lon="10.68559">
    <name>TP2957</name>
  </trkpt>
  <trkpt lat="48.41995" lon="10.68509">
    <name>TP2958</name>
  </trkpt>
  <trkpt lat="48.42" lon="10.68457">
    <name>TP2959</name>
  </trkpt>
  <trkpt lat="48.42001" lon="10.68433">
    <name>TP2960</name>
  </trkpt>
  <trkpt lat="48.42004" lon="10.68396">
    <name>TP2961</name>
  </trkpt>
  <trkpt lat="48.42006" lon="10.68363">
    <name>TP2962</name>
  </trkpt>
  <trkpt lat="48.42007" lon="10.68323">
    <name>TP2963</name>
  </trkpt>
  <trkpt lat="48.42009" lon="10.68251">
    <name>TP2964</name>
  </trkpt>
  <trkpt lat="48.42009" lon="10.68228">
    <name>TP2965</name>
  </trkpt>
  <trkpt lat="48.42009" lon="10.68197">
    <name>TP2966</name>
  </trkpt>
  <trkpt lat="48.42009" lon="10.68181">
    <name>TP2967</name>
  </trkpt>
  <trkpt lat="48.42009" lon="10.68141">
    <name>TP2968</name>
  </trkpt>
  <trkpt lat="48.42009" lon="10.6812">
    <name>TP2969</name>
  </trkpt>
  <trkpt lat="48.42006" lon="10.68055">
    <name>TP2970</name>
  </trkpt>
  <trkpt lat="48.42006" lon="10.6804">
    <name>TP2971</name>
  </trkpt>
  <trkpt lat="48.42004" lon="10.68014">
    <name>TP2972</name>
  </trkpt>
  <trkpt lat="48.42003" lon="10.67989">
    <name>TP2973</name>
  </trkpt>
  <trkpt lat="48.42003" lon="10.67986">
    <name>TP2974</name>
  </trkpt>
  <trkpt lat="48.42001" lon="10.67959">
    <name>TP2975</name>
  </trkpt>
  <trkpt lat="48.41999" lon="10.67932">
    <name>TP2976</name>
  </trkpt>
  <trkpt lat="48.41998" lon="10.67926">
    <name>TP2977</name>
  </trkpt>
  <trkpt lat="48.41998" lon="10.67916">
    <name>TP2978</name>
  </trkpt>
  <trkpt lat="48.41995" lon="10.67889">
    <name>TP2979</name>
  </trkpt>
  <trkpt lat="48.41992" lon="10.67862">
    <name>TP2980</name>
  </trkpt>
  <trkpt lat="48.4199" lon="10.67839">
    <name>TP2981</name>
  </trkpt>
  <trkpt lat="48.4199" lon="10.67836">
    <name>TP2982</name>
  </trkpt>
  <trkpt lat="48.41988" lon="10.6782">
    <name>TP2983</name>
  </trkpt>
  <trkpt lat="48.41987" lon="10.67809">
    <name>TP2984</name>
  </trkpt>
  <trkpt lat="48.41984" lon="10.67791">
    <name>TP2985</name>
  </trkpt>
  <trkpt lat="48.41982" lon="10.67775">
    <name>TP2986</name>
  </trkpt>
  <trkpt lat="48.41975" lon="10.67726">
    <name>TP2987</name>
  </trkpt>
  <trkpt lat="48.41968" lon="10.67677">
    <name>TP2988</name>
  </trkpt>
  <trkpt lat="48.41965" lon="10.67658">
    <name>TP2989</name>
  </trkpt>
  <trkpt lat="48.41956" lon="10.67609">
    <name>TP2990</name>
  </trkpt>
  <trkpt lat="48.41955" lon="10.67602">
    <name>TP2991</name>
  </trkpt>
  <trkpt lat="48.41945" lon="10.67553">
    <name>TP2992</name>
  </trkpt>
  <trkpt lat="48.41944" lon="10.67552">
    <name>TP2993</name>
  </trkpt>
  <trkpt lat="48.4193" lon="10.6749">
    <name>TP2994</name>
  </trkpt>
  <trkpt lat="48.41929" lon="10.67486">
    <name>TP2995</name>
  </trkpt>
  <trkpt lat="48.4192" lon="10.67448">
    <name>TP2996</name>
  </trkpt>
  <trkpt lat="48.41911" lon="10.67412">
    <name>TP2997</name>
  </trkpt>
  <trkpt lat="48.41899" lon="10.6737">
    <name>TP2998</name>
  </trkpt>
  <trkpt lat="48.41897" lon="10.67365">
    <name>TP2999</name>
  </trkpt>
  <trkpt lat="48.41886" lon="10.67325">
    <name>TP3000</name>
  </trkpt>
  <trkpt lat="48.41883" lon="10.67315">
    <name>TP3001</name>
  </trkpt>
  <trkpt lat="48.41872" lon="10.67282">
    <name>TP3002</name>
  </trkpt>
  <trkpt lat="48.41854" lon="10.67227">
    <name>TP3003</name>
  </trkpt>
  <trkpt lat="48.41851" lon="10.67218">
    <name>TP3004</name>
  </trkpt>
  <trkpt lat="48.41836" lon="10.67173">
    <name>TP3005</name>
  </trkpt>
  <trkpt lat="48.41835" lon="10.67172">
    <name>TP3006</name>
  </trkpt>
  <trkpt lat="48.41809" lon="10.67101">
    <name>TP3007</name>
  </trkpt>
  <trkpt lat="48.41808" lon="10.67099">
    <name>TP3008</name>
  </trkpt>
  <trkpt lat="48.41799" lon="10.67076">
    <name>TP3009</name>
  </trkpt>
  <trkpt lat="48.41782" lon="10.67035">
    <name>TP3010</name>
  </trkpt>
  <trkpt lat="48.41778" lon="10.67025">
    <name>TP3011</name>
  </trkpt>
  <trkpt lat="48.41767" lon="10.67001">
    <name>TP3012</name>
  </trkpt>
  <trkpt lat="48.4176" lon="10.66985">
    <name>TP3013</name>
  </trkpt>
  <trkpt lat="48.41757" lon="10.66979">
    <name>TP3014</name>
  </trkpt>
  <trkpt lat="48.41734" lon="10.66927">
    <name>TP3015</name>
  </trkpt>
  <trkpt lat="48.41729" lon="10.66917">
    <name>TP3016</name>
  </trkpt>
  <trkpt lat="48.4171" lon="10.66877">
    <name>TP3017</name>
  </trkpt>
  <trkpt lat="48.41699" lon="10.66854">
    <name>TP3018</name>
  </trkpt>
  <trkpt lat="48.4169" lon="10.66834">
    <name>TP3019</name>
  </trkpt>
  <trkpt lat="48.4168" lon="10.66814">
    <name>TP3020</name>
  </trkpt>
  <trkpt lat="48.41664" lon="10.6678">
    <name>TP3021</name>
  </trkpt>
  <trkpt lat="48.41648" lon="10.66749">
    <name>TP3022</name>
  </trkpt>
  <trkpt lat="48.41642" lon="10.66736">
    <name>TP3023</name>
  </trkpt>
  <trkpt lat="48.41628" lon="10.66709">
    <name>TP3024</name>
  </trkpt>
  <trkpt lat="48.41627" lon="10.66706">
    <name>TP3025</name>
  </trkpt>
  <trkpt lat="48.41619" lon="10.6669">
    <name>TP3026</name>
  </trkpt>
  <trkpt lat="48.41609" lon="10.66669">
    <name>TP3027</name>
  </trkpt>
  <trkpt lat="48.41598" lon="10.66647">
    <name>TP3028</name>
  </trkpt>
  <trkpt lat="48.41587" lon="10.66625">
    <name>TP3029</name>
  </trkpt>
  <trkpt lat="48.41576" lon="10.666">
    <name>TP3030</name>
  </trkpt>
  <trkpt lat="48.41568" lon="10.66583">
    <name>TP3031</name>
  </trkpt>
  <trkpt lat="48.41565" lon="10.66578">
    <name>TP3032</name>
  </trkpt>
  <trkpt lat="48.41558" lon="10.66562">
    <name>TP3033</name>
  </trkpt>
  <trkpt lat="48.41555" lon="10.66556">
    <name>TP3034</name>
  </trkpt>
  <trkpt lat="48.41549" lon="10.66543">
    <name>TP3035</name>
  </trkpt>
  <trkpt lat="48.41545" lon="10.66534">
    <name>TP3036</name>
  </trkpt>
  <trkpt lat="48.4154" lon="10.66523">
    <name>TP3037</name>
  </trkpt>
  <trkpt lat="48.41535" lon="10.66511">
    <name>TP3038</name>
  </trkpt>
  <trkpt lat="48.41532" lon="10.66504">
    <name>TP3039</name>
  </trkpt>
  <trkpt lat="48.41522" lon="10.66482">
    <name>TP3040</name>
  </trkpt>
  <trkpt lat="48.41517" lon="10.66471">
    <name>TP3041</name>
  </trkpt>
  <trkpt lat="48.41511" lon="10.66458">
    <name>TP3042</name>
  </trkpt>
  <trkpt lat="48.41505" lon="10.66443">
    <name>TP3043</name>
  </trkpt>
  <trkpt lat="48.41484" lon="10.66391">
    <name>TP3044</name>
  </trkpt>
  <trkpt lat="48.4147" lon="10.66356">
    <name>TP3045</name>
  </trkpt>
  <trkpt lat="48.41461" lon="10.66332">
    <name>TP3046</name>
  </trkpt>
  <trkpt lat="48.41444" lon="10.66287">
    <name>TP3047</name>
  </trkpt>
  <trkpt lat="48.41429" lon="10.66245">
    <name>TP3048</name>
  </trkpt>
  <trkpt lat="48.41409" lon="10.66184">
    <name>TP3049</name>
  </trkpt>
  <trkpt lat="48.41392" lon="10.66129">
    <name>TP3050</name>
  </trkpt>
  <trkpt lat="48.41373" lon="10.66066">
    <name>TP3051</name>
  </trkpt>
  <trkpt lat="48.41366" lon="10.66043">
    <name>TP3052</name>
  </trkpt>
  <trkpt lat="48.41354" lon="10.65996">
    <name>TP3053</name>
  </trkpt>
  <trkpt lat="48.41341" lon="10.65947">
    <name>TP3054</name>
  </trkpt>
  <trkpt lat="48.41335" lon="10.65924">
    <name>TP3055</name>
  </trkpt>
  <trkpt lat="48.41335" lon="10.65923">
    <name>TP3056</name>
  </trkpt>
  <trkpt lat="48.41332" lon="10.65909">
    <name>TP3057</name>
  </trkpt>
  <trkpt lat="48.41329" lon="10.65898">
    <name>TP3058</name>
  </trkpt>
  <trkpt lat="48.4132" lon="10.6586">
    <name>TP3059</name>
  </trkpt>
  <trkpt lat="48.41317" lon="10.65846">
    <name>TP3060</name>
  </trkpt>
  <trkpt lat="48.41311" lon="10.65817">
    <name>TP3061</name>
  </trkpt>
  <trkpt lat="48.41307" lon="10.65795">
    <name>TP3062</name>
  </trkpt>
  <trkpt lat="48.41305" lon="10.65788">
    <name>TP3063</name>
  </trkpt>
  <trkpt lat="48.41302" lon="10.65769">
    <name>TP3064</name>
  </trkpt>
  <trkpt lat="48.41301" lon="10.65769">
    <name>TP3065</name>
  </trkpt>
  <trkpt lat="48.41301" lon="10.65766">
    <name>TP3066</name>
  </trkpt>
  <trkpt lat="48.41296" lon="10.65743">
    <name>TP3067</name>
  </trkpt>
  <trkpt lat="48.41294" lon="10.65731">
    <name>TP3068</name>
  </trkpt>
  <trkpt lat="48.41286" lon="10.65688">
    <name>TP3069</name>
  </trkpt>
  <trkpt lat="48.41279" lon="10.65645">
    <name>TP3070</name>
  </trkpt>
  <trkpt lat="48.41278" lon="10.65638">
    <name>TP3071</name>
  </trkpt>
  <trkpt lat="48.41274" lon="10.65615">
    <name>TP3072</name>
  </trkpt>
  <trkpt lat="48.41274" lon="10.65612">
    <name>TP3073</name>
  </trkpt>
  <trkpt lat="48.41269" lon="10.65586">
    <name>TP3074</name>
  </trkpt>
  <trkpt lat="48.41269" lon="10.65585">
    <name>TP3075</name>
  </trkpt>
  <trkpt lat="48.41269" lon="10.65581">
    <name>TP3076</name>
  </trkpt>
  <trkpt lat="48.41266" lon="10.65565">
    <name>TP3077</name>
  </trkpt>
  <trkpt lat="48.41263" lon="10.65533">
    <name>TP3078</name>
  </trkpt>
  <trkpt lat="48.4126" lon="10.65511">
    <name>TP3079</name>
  </trkpt>
  <trkpt lat="48.41252" lon="10.65463">
    <name>TP3080</name>
  </trkpt>
  <trkpt lat="48.41249" lon="10.65441">
    <name>TP3081</name>
  </trkpt>
  <trkpt lat="48.41242" lon="10.65392">
    <name>TP3082</name>
  </trkpt>
  <trkpt lat="48.41232" lon="10.65327">
    <name>TP3083</name>
  </trkpt>
  <trkpt lat="48.4123" lon="10.65309">
    <name>TP3084</name>
  </trkpt>
  <trkpt lat="48.41221" lon="10.65251">
    <name>TP3085</name>
  </trkpt>
  <trkpt lat="48.41207" lon="10.65158">
    <name>TP3086</name>
  </trkpt>
  <trkpt lat="48.41204" lon="10.65138">
    <name>TP3087</name>
  </trkpt>
  <trkpt lat="48.412" lon="10.6511">
    <name>TP3088</name>
  </trkpt>
  <trkpt lat="48.41199" lon="10.65103">
    <name>TP3089</name>
  </trkpt>
  <trkpt lat="48.41193" lon="10.65057">
    <name>TP3090</name>
  </trkpt>
  <trkpt lat="48.41182" lon="10.64985">
    <name>TP3091</name>
  </trkpt>
  <trkpt lat="48.41171" lon="10.64916">
    <name>TP3092</name>
  </trkpt>
  <trkpt lat="48.41164" lon="10.64867">
    <name>TP3093</name>
  </trkpt>
  <trkpt lat="48.41149" lon="10.64773">
    <name>TP3094</name>
  </trkpt>
  <trkpt lat="48.41143" lon="10.64727">
    <name>TP3095</name>
  </trkpt>
  <trkpt lat="48.41134" lon="10.64671">
    <name>TP3096</name>
  </trkpt>
  <trkpt lat="48.41127" lon="10.64624">
    <name>TP3097</name>
  </trkpt>
  <trkpt lat="48.41126" lon="10.64615">
    <name>TP3098</name>
  </trkpt>
  <trkpt lat="48.41124" lon="10.64603">
    <name>TP3099</name>
  </trkpt>
  <trkpt lat="48.41121" lon="10.64583">
    <name>TP3100</name>
  </trkpt>
  <trkpt lat="48.41114" lon="10.64536">
    <name>TP3101</name>
  </trkpt>
  <trkpt lat="48.41108" lon="10.64496">
    <name>TP3102</name>
  </trkpt>
  <trkpt lat="48.41105" lon="10.6447">
    <name>TP3103</name>
  </trkpt>
  <trkpt lat="48.41097" lon="10.64417">
    <name>TP3104</name>
  </trkpt>
  <trkpt lat="48.41097" lon="10.64415">
    <name>TP3105</name>
  </trkpt>
  <trkpt lat="48.41094" lon="10.64398">
    <name>TP3106</name>
  </trkpt>
  <trkpt lat="48.41091" lon="10.64379">
    <name>TP3107</name>
  </trkpt>
  <trkpt lat="48.41087" lon="10.64352">
    <name>TP3108</name>
  </trkpt>
  <trkpt lat="48.41084" lon="10.64326">
    <name>TP3109</name>
  </trkpt>
  <trkpt lat="48.41079" lon="10.64297">
    <name>TP3110</name>
  </trkpt>
  <trkpt lat="48.41079" lon="10.64293">
    <name>TP3111</name>
  </trkpt>
  <trkpt lat="48.41075" lon="10.64271">
    <name>TP3112</name>
  </trkpt>
  <trkpt lat="48.41068" lon="10.64218">
    <name>TP3113</name>
  </trkpt>
  <trkpt lat="48.41059" lon="10.64158">
    <name>TP3114</name>
  </trkpt>
  <trkpt lat="48.4105" lon="10.64099">
    <name>TP3115</name>
  </trkpt>
  <trkpt lat="48.41043" lon="10.6405">
    <name>TP3116</name>
  </trkpt>
  <trkpt lat="48.41022" lon="10.63909">
    <name>TP3117</name>
  </trkpt>
  <trkpt lat="48.41009" lon="10.63818">
    <name>TP3118</name>
  </trkpt>
  <trkpt lat="48.41005" lon="10.63789">
    <name>TP3119</name>
  </trkpt>
  <trkpt lat="48.40998" lon="10.63733">
    <name>TP3120</name>
  </trkpt>
  <trkpt lat="48.40993" lon="10.63696">
    <name>TP3121</name>
  </trkpt>
  <trkpt lat="48.40988" lon="10.63655">
    <name>TP3122</name>
  </trkpt>
  <trkpt lat="48.40983" lon="10.63601">
    <name>TP3123</name>
  </trkpt>
  <trkpt lat="48.40981" lon="10.63581">
    <name>TP3124</name>
  </trkpt>
  <trkpt lat="48.40979" lon="10.63561">
    <name>TP3125</name>
  </trkpt>
  <trkpt lat="48.40978" lon="10.63546">
    <name>TP3126</name>
  </trkpt>
  <trkpt lat="48.40976" lon="10.63518">
    <name>TP3127</name>
  </trkpt>
  <trkpt lat="48.40974" lon="10.63492">
    <name>TP3128</name>
  </trkpt>
  <trkpt lat="48.40973" lon="10.63484">
    <name>TP3129</name>
  </trkpt>
  <trkpt lat="48.40972" lon="10.63465">
    <name>TP3130</name>
  </trkpt>
  <trkpt lat="48.40972" lon="10.6346">
    <name>TP3131</name>
  </trkpt>
  <trkpt lat="48.4097" lon="10.63438">
    <name>TP3132</name>
  </trkpt>
  <trkpt lat="48.40969" lon="10.63412">
    <name>TP3133</name>
  </trkpt>
  <trkpt lat="48.40967" lon="10.63359">
    <name>TP3134</name>
  </trkpt>
  <trkpt lat="48.40966" lon="10.6333">
    <name>TP3135</name>
  </trkpt>
  <trkpt lat="48.40965" lon="10.63311">
    <name>TP3136</name>
  </trkpt>
  <trkpt lat="48.40965" lon="10.63283">
    <name>TP3137</name>
  </trkpt>
  <trkpt lat="48.40964" lon="10.63254">
    <name>TP3138</name>
  </trkpt>
  <trkpt lat="48.40964" lon="10.63217">
    <name>TP3139</name>
  </trkpt>
  <trkpt lat="48.40964" lon="10.63173">
    <name>TP3140</name>
  </trkpt>
  <trkpt lat="48.40964" lon="10.63132">
    <name>TP3141</name>
  </trkpt>
  <trkpt lat="48.40965" lon="10.63113">
    <name>TP3142</name>
  </trkpt>
  <trkpt lat="48.40966" lon="10.63092">
    <name>TP3143</name>
  </trkpt>
  <trkpt lat="48.40966" lon="10.63075">
    <name>TP3144</name>
  </trkpt>
  <trkpt lat="48.40968" lon="10.63032">
    <name>TP3145</name>
  </trkpt>
  <trkpt lat="48.40969" lon="10.63011">
    <name>TP3146</name>
  </trkpt>
  <trkpt lat="48.40972" lon="10.62957">
    <name>TP3147</name>
  </trkpt>
  <trkpt lat="48.40975" lon="10.62913">
    <name>TP3148</name>
  </trkpt>
  <trkpt lat="48.40978" lon="10.62866">
    <name>TP3149</name>
  </trkpt>
  <trkpt lat="48.4098" lon="10.62849">
    <name>TP3150</name>
  </trkpt>
  <trkpt lat="48.40983" lon="10.62814">
    <name>TP3151</name>
  </trkpt>
  <trkpt lat="48.40987" lon="10.62772">
    <name>TP3152</name>
  </trkpt>
  <trkpt lat="48.40989" lon="10.62754">
    <name>TP3153</name>
  </trkpt>
  <trkpt lat="48.40994" lon="10.62711">
    <name>TP3154</name>
  </trkpt>
  <trkpt lat="48.41" lon="10.62659">
    <name>TP3155</name>
  </trkpt>
  <trkpt lat="48.41005" lon="10.62625">
    <name>TP3156</name>
  </trkpt>
  <trkpt lat="48.41019" lon="10.62509">
    <name>TP3157</name>
  </trkpt>
  <trkpt lat="48.41026" lon="10.62453">
    <name>TP3158</name>
  </trkpt>
  <trkpt lat="48.41029" lon="10.62419">
    <name>TP3159</name>
  </trkpt>
  <trkpt lat="48.41034" lon="10.62376">
    <name>TP3160</name>
  </trkpt>
  <trkpt lat="48.41038" lon="10.62336">
    <name>TP3161</name>
  </trkpt>
  <trkpt lat="48.41043" lon="10.62281">
    <name>TP3162</name>
  </trkpt>
  <trkpt lat="48.41047" lon="10.62231">
    <name>TP3163</name>
  </trkpt>
  <trkpt lat="48.41049" lon="10.62193">
    <name>TP3164</name>
  </trkpt>
  <trkpt lat="48.4105" lon="10.62174">
    <name>TP3165</name>
  </trkpt>
  <trkpt lat="48.4105" lon="10.62173">
    <name>TP3166</name>
  </trkpt>
  <trkpt lat="48.41051" lon="10.62147">
    <name>TP3167</name>
  </trkpt>
  <trkpt lat="48.41052" lon="10.62122">
    <name>TP3168</name>
  </trkpt>
  <trkpt lat="48.41053" lon="10.62095">
    <name>TP3169</name>
  </trkpt>
  <trkpt lat="48.41054" lon="10.62047">
    <name>TP3170</name>
  </trkpt>
  <trkpt lat="48.41055" lon="10.62013">
    <name>TP3171</name>
  </trkpt>
  <trkpt lat="48.41055" lon="10.62012">
    <name>TP3172</name>
  </trkpt>
  <trkpt lat="48.41055" lon="10.61985">
    <name>TP3173</name>
  </trkpt>
  <trkpt lat="48.41055" lon="10.61984">
    <name>TP3174</name>
  </trkpt>
  <trkpt lat="48.41055" lon="10.6193">
    <name>TP3175</name>
  </trkpt>
  <trkpt lat="48.41054" lon="10.61874">
    <name>TP3176</name>
  </trkpt>
  <trkpt lat="48.41053" lon="10.6185">
    <name>TP3177</name>
  </trkpt>
  <trkpt lat="48.41052" lon="10.618">
    <name>TP3178</name>
  </trkpt>
  <trkpt lat="48.4105" lon="10.61778">
    <name>TP3179</name>
  </trkpt>
  <trkpt lat="48.41046" lon="10.61716">
    <name>TP3180</name>
  </trkpt>
  <trkpt lat="48.41045" lon="10.61691">
    <name>TP3181</name>
  </trkpt>
  <trkpt lat="48.41044" lon="10.61675">
    <name>TP3182</name>
  </trkpt>
  <trkpt lat="48.41042" lon="10.6166">
    <name>TP3183</name>
  </trkpt>
  <trkpt lat="48.41036" lon="10.61587">
    <name>TP3184</name>
  </trkpt>
  <trkpt lat="48.41035" lon="10.61569">
    <name>TP3185</name>
  </trkpt>
  <trkpt lat="48.41033" lon="10.61554">
    <name>TP3186</name>
  </trkpt>
  <trkpt lat="48.41033" lon="10.61551">
    <name>TP3187</name>
  </trkpt>
  <trkpt lat="48.41031" lon="10.61525">
    <name>TP3188</name>
  </trkpt>
  <trkpt lat="48.41031" lon="10.61524">
    <name>TP3189</name>
  </trkpt>
  <trkpt lat="48.41028" lon="10.61497">
    <name>TP3190</name>
  </trkpt>
  <trkpt lat="48.41022" lon="10.61444">
    <name>TP3191</name>
  </trkpt>
  <trkpt lat="48.41019" lon="10.61417">
    <name>TP3192</name>
  </trkpt>
  <trkpt lat="48.41017" lon="10.6139">
    <name>TP3193</name>
  </trkpt>
  <trkpt lat="48.41015" lon="10.61372">
    <name>TP3194</name>
  </trkpt>
  <trkpt lat="48.41014" lon="10.61363">
    <name>TP3195</name>
  </trkpt>
  <trkpt lat="48.41011" lon="10.61336">
    <name>TP3196</name>
  </trkpt>
  <trkpt lat="48.41009" lon="10.6131">
    <name>TP3197</name>
  </trkpt>
  <trkpt lat="48.41005" lon="10.61259">
    <name>TP3198</name>
  </trkpt>
  <trkpt lat="48.41002" lon="10.61223">
    <name>TP3199</name>
  </trkpt>
  <trkpt lat="48.41" lon="10.612">
    <name>TP3200</name>
  </trkpt>
  <trkpt lat="48.40998" lon="10.61166">
    <name>TP3201</name>
  </trkpt>
  <trkpt lat="48.40995" lon="10.61116">
    <name>TP3202</name>
  </trkpt>
  <trkpt lat="48.40994" lon="10.61102">
    <name>TP3203</name>
  </trkpt>
  <trkpt lat="48.40992" lon="10.61051">
    <name>TP3204</name>
  </trkpt>
  <trkpt lat="48.40991" lon="10.61024">
    <name>TP3205</name>
  </trkpt>
  <trkpt lat="48.4099" lon="10.60969">
    <name>TP3206</name>
  </trkpt>
  <trkpt lat="48.40989" lon="10.60944">
    <name>TP3207</name>
  </trkpt>
  <trkpt lat="48.40989" lon="10.60878">
    <name>TP3208</name>
  </trkpt>
  <trkpt lat="48.40989" lon="10.60866">
    <name>TP3209</name>
  </trkpt>
  <trkpt lat="48.4099" lon="10.60786">
    <name>TP3210</name>
  </trkpt>
  <trkpt lat="48.4099" lon="10.60771">
    <name>TP3211</name>
  </trkpt>
  <trkpt lat="48.40992" lon="10.60685">
    <name>TP3212</name>
  </trkpt>
  <trkpt lat="48.40996" lon="10.60486">
    <name>TP3213</name>
  </trkpt>
  <trkpt lat="48.40996" lon="10.6045">
    <name>TP3214</name>
  </trkpt>
  <trkpt lat="48.40997" lon="10.60431">
    <name>TP3215</name>
  </trkpt>
  <trkpt lat="48.40997" lon="10.60423">
    <name>TP3216</name>
  </trkpt>
  <trkpt lat="48.40997" lon="10.60414">
    <name>TP3217</name>
  </trkpt>
  <trkpt lat="48.40997" lon="10.60378">
    <name>TP3218</name>
  </trkpt>
  <trkpt lat="48.40998" lon="10.60369">
    <name>TP3219</name>
  </trkpt>
  <trkpt lat="48.40998" lon="10.60354">
    <name>TP3220</name>
  </trkpt>
  <trkpt lat="48.40998" lon="10.60348">
    <name>TP3221</name>
  </trkpt>
  <trkpt lat="48.40998" lon="10.60334">
    <name>TP3222</name>
  </trkpt>
  <trkpt lat="48.40998" lon="10.60327">
    <name>TP3223</name>
  </trkpt>
  <trkpt lat="48.40998" lon="10.60301">
    <name>TP3224</name>
  </trkpt>
  <trkpt lat="48.40998" lon="10.60276">
    <name>TP3225</name>
  </trkpt>
  <trkpt lat="48.40998" lon="10.60225">
    <name>TP3226</name>
  </trkpt>
  <trkpt lat="48.40998" lon="10.60224">
    <name>TP3227</name>
  </trkpt>
  <trkpt lat="48.40998" lon="10.60205">
    <name>TP3228</name>
  </trkpt>
  <trkpt lat="48.40998" lon="10.60178">
    <name>TP3229</name>
  </trkpt>
  <trkpt lat="48.40999" lon="10.60118">
    <name>TP3230</name>
  </trkpt>
  <trkpt lat="48.41002" lon="10.59956">
    <name>TP3231</name>
  </trkpt>
  <trkpt lat="48.41002" lon="10.59929">
    <name>TP3232</name>
  </trkpt>
  <trkpt lat="48.41003" lon="10.59911">
    <name>TP3233</name>
  </trkpt>
  <trkpt lat="48.41004" lon="10.59805">
    <name>TP3234</name>
  </trkpt>
  <trkpt lat="48.41004" lon="10.59792">
    <name>TP3235</name>
  </trkpt>
  <trkpt lat="48.41005" lon="10.59763">
    <name>TP3236</name>
  </trkpt>
  <trkpt lat="48.41006" lon="10.59744">
    <name>TP3237</name>
  </trkpt>
  <trkpt lat="48.41006" lon="10.59715">
    <name>TP3238</name>
  </trkpt>
  <trkpt lat="48.41007" lon="10.59659">
    <name>TP3239</name>
  </trkpt>
  <trkpt lat="48.41007" lon="10.59617">
    <name>TP3240</name>
  </trkpt>
  <trkpt lat="48.41007" lon="10.59577">
    <name>TP3241</name>
  </trkpt>
  <trkpt lat="48.41006" lon="10.5951">
    <name>TP3242</name>
  </trkpt>
  <trkpt lat="48.41006" lon="10.59486">
    <name>TP3243</name>
  </trkpt>
  <trkpt lat="48.41005" lon="10.5945">
    <name>TP3244</name>
  </trkpt>
  <trkpt lat="48.41005" lon="10.59447">
    <name>TP3245</name>
  </trkpt>
  <trkpt lat="48.41003" lon="10.59399">
    <name>TP3246</name>
  </trkpt>
  <trkpt lat="48.41002" lon="10.59363">
    <name>TP3247</name>
  </trkpt>
  <trkpt lat="48.41001" lon="10.59347">
    <name>TP3248</name>
  </trkpt>
  <trkpt lat="48.41" lon="10.59315">
    <name>TP3249</name>
  </trkpt>
  <trkpt lat="48.40998" lon="10.59293">
    <name>TP3250</name>
  </trkpt>
  <trkpt lat="48.40997" lon="10.59261">
    <name>TP3251</name>
  </trkpt>
  <trkpt lat="48.40993" lon="10.59212">
    <name>TP3252</name>
  </trkpt>
  <trkpt lat="48.40991" lon="10.59179">
    <name>TP3253</name>
  </trkpt>
  <trkpt lat="48.40989" lon="10.59146">
    <name>TP3254</name>
  </trkpt>
  <trkpt lat="48.40988" lon="10.5913">
    <name>TP3255</name>
  </trkpt>
  <trkpt lat="48.40985" lon="10.59102">
    <name>TP3256</name>
  </trkpt>
  <trkpt lat="48.40984" lon="10.59091">
    <name>TP3257</name>
  </trkpt>
  <trkpt lat="48.40982" lon="10.59065">
    <name>TP3258</name>
  </trkpt>
  <trkpt lat="48.40979" lon="10.59034">
    <name>TP3259</name>
  </trkpt>
  <trkpt lat="48.40974" lon="10.58987">
    <name>TP3260</name>
  </trkpt>
  <trkpt lat="48.40971" lon="10.58954">
    <name>TP3261</name>
  </trkpt>
  <trkpt lat="48.4097" lon="10.58943">
    <name>TP3262</name>
  </trkpt>
  <trkpt lat="48.40963" lon="10.58871">
    <name>TP3263</name>
  </trkpt>
  <trkpt lat="48.40961" lon="10.58846">
    <name>TP3264</name>
  </trkpt>
  <trkpt lat="48.40955" lon="10.58793">
    <name>TP3265</name>
  </trkpt>
  <trkpt lat="48.40954" lon="10.58781">
    <name>TP3266</name>
  </trkpt>
  <trkpt lat="48.40949" lon="10.58724">
    <name>TP3267</name>
  </trkpt>
  <trkpt lat="48.40945" lon="10.58686">
    <name>TP3268</name>
  </trkpt>
  <trkpt lat="48.40942" lon="10.58658">
    <name>TP3269</name>
  </trkpt>
  <trkpt lat="48.40934" lon="10.58575">
    <name>TP3270</name>
  </trkpt>
  <trkpt lat="48.40926" lon="10.5851">
    <name>TP3271</name>
  </trkpt>
  <trkpt lat="48.40921" lon="10.58472">
    <name>TP3272</name>
  </trkpt>
  <trkpt lat="48.40918" lon="10.58445">
    <name>TP3273</name>
  </trkpt>
  <trkpt lat="48.40915" lon="10.58418">
    <name>TP3274</name>
  </trkpt>
  <trkpt lat="48.40911" lon="10.58392">
    <name>TP3275</name>
  </trkpt>
  <trkpt lat="48.40908" lon="10.58366">
    <name>TP3276</name>
  </trkpt>
  <trkpt lat="48.40907" lon="10.58363">
    <name>TP3277</name>
  </trkpt>
  <trkpt lat="48.40899" lon="10.58313">
    <name>TP3278</name>
  </trkpt>
  <trkpt lat="48.40896" lon="10.5829">
    <name>TP3279</name>
  </trkpt>
  <trkpt lat="48.40887" lon="10.58242">
    <name>TP3280</name>
  </trkpt>
  <trkpt lat="48.40876" lon="10.58173">
    <name>TP3281</name>
  </trkpt>
  <trkpt lat="48.40859" lon="10.58089">
    <name>TP3282</name>
  </trkpt>
  <trkpt lat="48.40856" lon="10.5807">
    <name>TP3283</name>
  </trkpt>
  <trkpt lat="48.40841" lon="10.57997">
    <name>TP3284</name>
  </trkpt>
  <trkpt lat="48.40837" lon="10.57978">
    <name>TP3285</name>
  </trkpt>
  <trkpt lat="48.40823" lon="10.57918">
    <name>TP3286</name>
  </trkpt>
  <trkpt lat="48.40817" lon="10.57894">
    <name>TP3287</name>
  </trkpt>
  <trkpt lat="48.40811" lon="10.57865">
    <name>TP3288</name>
  </trkpt>
  <trkpt lat="48.40802" lon="10.5783">
    <name>TP3289</name>
  </trkpt>
  <trkpt lat="48.40788" lon="10.57774">
    <name>TP3290</name>
  </trkpt>
  <trkpt lat="48.40782" lon="10.57751">
    <name>TP3291</name>
  </trkpt>
  <trkpt lat="48.40777" lon="10.5773">
    <name>TP3292</name>
  </trkpt>
  <trkpt lat="48.40762" lon="10.57673">
    <name>TP3293</name>
  </trkpt>
  <trkpt lat="48.40756" lon="10.57648">
    <name>TP3294</name>
  </trkpt>
  <trkpt lat="48.4075" lon="10.57624">
    <name>TP3295</name>
  </trkpt>
  <trkpt lat="48.40745" lon="10.57604">
    <name>TP3296</name>
  </trkpt>
  <trkpt lat="48.40743" lon="10.57594">
    <name>TP3297</name>
  </trkpt>
  <trkpt lat="48.40739" lon="10.57578">
    <name>TP3298</name>
  </trkpt>
  <trkpt lat="48.40732" lon="10.57547">
    <name>TP3299</name>
  </trkpt>
  <trkpt lat="48.40727" lon="10.57528">
    <name>TP3300</name>
  </trkpt>
  <trkpt lat="48.40726" lon="10.57522">
    <name>TP3301</name>
  </trkpt>
  <trkpt lat="48.4072" lon="10.57496">
    <name>TP3302</name>
  </trkpt>
  <trkpt lat="48.40714" lon="10.5747">
    <name>TP3303</name>
  </trkpt>
  <trkpt lat="48.40711" lon="10.57457">
    <name>TP3304</name>
  </trkpt>
  <trkpt lat="48.40707" lon="10.57438">
    <name>TP3305</name>
  </trkpt>
  <trkpt lat="48.40707" lon="10.57435">
    <name>TP3306</name>
  </trkpt>
  <trkpt lat="48.40699" lon="10.57396">
    <name>TP3307</name>
  </trkpt>
  <trkpt lat="48.40694" lon="10.5737">
    <name>TP3308</name>
  </trkpt>
  <trkpt lat="48.40692" lon="10.5736">
    <name>TP3309</name>
  </trkpt>
  <trkpt lat="48.40683" lon="10.57315">
    <name>TP3310</name>
  </trkpt>
  <trkpt lat="48.40668" lon="10.5723">
    <name>TP3311</name>
  </trkpt>
  <trkpt lat="48.40654" lon="10.5714">
    <name>TP3312</name>
  </trkpt>
  <trkpt lat="48.4065" lon="10.57112">
    <name>TP3313</name>
  </trkpt>
  <trkpt lat="48.40635" lon="10.57002">
    <name>TP3314</name>
  </trkpt>
  <trkpt lat="48.40628" lon="10.56958">
    <name>TP3315</name>
  </trkpt>
  <trkpt lat="48.4062" lon="10.56898">
    <name>TP3316</name>
  </trkpt>
  <trkpt lat="48.40618" lon="10.56886">
    <name>TP3317</name>
  </trkpt>
  <trkpt lat="48.4061" lon="10.56835">
    <name>TP3318</name>
  </trkpt>
  <trkpt lat="48.40602" lon="10.56781">
    <name>TP3319</name>
  </trkpt>
  <trkpt lat="48.40596" lon="10.56739">
    <name>TP3320</name>
  </trkpt>
  <trkpt lat="48.40595" lon="10.56737">
    <name>TP3321</name>
  </trkpt>
  <trkpt lat="48.40581" lon="10.56658">
    <name>TP3322</name>
  </trkpt>
  <trkpt lat="48.40571" lon="10.56603">
    <name>TP3323</name>
  </trkpt>
  <trkpt lat="48.40565" lon="10.56577">
    <name>TP3324</name>
  </trkpt>
  <trkpt lat="48.40562" lon="10.56561">
    <name>TP3325</name>
  </trkpt>
  <trkpt lat="48.40546" lon="10.56489">
    <name>TP3326</name>
  </trkpt>
  <trkpt lat="48.40532" lon="10.56432">
    <name>TP3327</name>
  </trkpt>
  <trkpt lat="48.40524" lon="10.56404">
    <name>TP3328</name>
  </trkpt>
  <trkpt lat="48.40522" lon="10.56397">
    <name>TP3329</name>
  </trkpt>
  <trkpt lat="48.40507" lon="10.56341">
    <name>TP3330</name>
  </trkpt>
  <trkpt lat="48.40486" lon="10.56271">
    <name>TP3331</name>
  </trkpt>
  <trkpt lat="48.40478" lon="10.56247">
    <name>TP3332</name>
  </trkpt>
  <trkpt lat="48.40472" lon="10.56232">
    <name>TP3333</name>
  </trkpt>
  <trkpt lat="48.40458" lon="10.56186">
    <name>TP3334</name>
  </trkpt>
  <trkpt lat="48.40433" lon="10.56116">
    <name>TP3335</name>
  </trkpt>
  <trkpt lat="48.40411" lon="10.56059">
    <name>TP3336</name>
  </trkpt>
  <trkpt lat="48.40386" lon="10.55999">
    <name>TP3337</name>
  </trkpt>
  <trkpt lat="48.40355" lon="10.55929">
    <name>TP3338</name>
  </trkpt>
  <trkpt lat="48.4033" lon="10.55875">
    <name>TP3339</name>
  </trkpt>
  <trkpt lat="48.40324" lon="10.55864">
    <name>TP3340</name>
  </trkpt>
  <trkpt lat="48.40314" lon="10.55842">
    <name>TP3341</name>
  </trkpt>
  <trkpt lat="48.40311" lon="10.55837">
    <name>TP3342</name>
  </trkpt>
  <trkpt lat="48.40303" lon="10.5582">
    <name>TP3343</name>
  </trkpt>
  <trkpt lat="48.40297" lon="10.55808">
    <name>TP3344</name>
  </trkpt>
  <trkpt lat="48.40285" lon="10.55783">
    <name>TP3345</name>
  </trkpt>
  <trkpt lat="48.40273" lon="10.5576">
    <name>TP3346</name>
  </trkpt>
  <trkpt lat="48.40264" lon="10.55739">
    <name>TP3347</name>
  </trkpt>
  <trkpt lat="48.40249" lon="10.55708">
    <name>TP3348</name>
  </trkpt>
  <trkpt lat="48.40233" lon="10.55672">
    <name>TP3349</name>
  </trkpt>
  <trkpt lat="48.40224" lon="10.55653">
    <name>TP3350</name>
  </trkpt>
  <trkpt lat="48.40218" lon="10.55641">
    <name>TP3351</name>
  </trkpt>
  <trkpt lat="48.40214" lon="10.55631">
    <name>TP3352</name>
  </trkpt>
  <trkpt lat="48.40214" lon="10.55629">
    <name>TP3353</name>
  </trkpt>
  <trkpt lat="48.40203" lon="10.55604">
    <name>TP3354</name>
  </trkpt>
  <trkpt lat="48.40186" lon="10.55561">
    <name>TP3355</name>
  </trkpt>
  <trkpt lat="48.40184" lon="10.55558">
    <name>TP3356</name>
  </trkpt>
  <trkpt lat="48.40175" lon="10.55535">
    <name>TP3357</name>
  </trkpt>
  <trkpt lat="48.4016" lon="10.55493">
    <name>TP3358</name>
  </trkpt>
  <trkpt lat="48.40151" lon="10.55467">
    <name>TP3359</name>
  </trkpt>
  <trkpt lat="48.4015" lon="10.55463">
    <name>TP3360</name>
  </trkpt>
  <trkpt lat="48.4014" lon="10.55436">
    <name>TP3361</name>
  </trkpt>
  <trkpt lat="48.40127" lon="10.55396">
    <name>TP3362</name>
  </trkpt>
  <trkpt lat="48.40105" lon="10.55322">
    <name>TP3363</name>
  </trkpt>
  <trkpt lat="48.40105" lon="10.5532">
    <name>TP3364</name>
  </trkpt>
  <trkpt lat="48.40098" lon="10.55295">
    <name>TP3365</name>
  </trkpt>
  <trkpt lat="48.40097" lon="10.55294">
    <name>TP3366</name>
  </trkpt>
  <trkpt lat="48.40093" lon="10.55276">
    <name>TP3367</name>
  </trkpt>
  <trkpt lat="48.40082" lon="10.55233">
    <name>TP3368</name>
  </trkpt>
  <trkpt lat="48.40072" lon="10.5519">
    <name>TP3369</name>
  </trkpt>
  <trkpt lat="48.40064" lon="10.55152">
    <name>TP3370</name>
  </trkpt>
  <trkpt lat="48.40063" lon="10.55148">
    <name>TP3371</name>
  </trkpt>
  <trkpt lat="48.40062" lon="10.55147">
    <name>TP3372</name>
  </trkpt>
  <trkpt lat="48.40054" lon="10.55107">
    <name>TP3373</name>
  </trkpt>
  <trkpt lat="48.40048" lon="10.55074">
    <name>TP3374</name>
  </trkpt>
  <trkpt lat="48.40041" lon="10.55036">
    <name>TP3375</name>
  </trkpt>
  <trkpt lat="48.40033" lon="10.54985">
    <name>TP3376</name>
  </trkpt>
  <trkpt lat="48.4003" lon="10.54964">
    <name>TP3377</name>
  </trkpt>
  <trkpt lat="48.40023" lon="10.54922">
    <name>TP3378</name>
  </trkpt>
  <trkpt lat="48.4002" lon="10.54892">
    <name>TP3379</name>
  </trkpt>
  <trkpt lat="48.40015" lon="10.54852">
    <name>TP3380</name>
  </trkpt>
  <trkpt lat="48.40011" lon="10.54806">
    <name>TP3381</name>
  </trkpt>
  <trkpt lat="48.4001" lon="10.54793">
    <name>TP3382</name>
  </trkpt>
  <trkpt lat="48.40009" lon="10.54779">
    <name>TP3383</name>
  </trkpt>
  <trkpt lat="48.40008" lon="10.54766">
    <name>TP3384</name>
  </trkpt>
  <trkpt lat="48.40005" lon="10.54715">
    <name>TP3385</name>
  </trkpt>
  <trkpt lat="48.40004" lon="10.54698">
    <name>TP3386</name>
  </trkpt>
  <trkpt lat="48.40003" lon="10.54671">
    <name>TP3387</name>
  </trkpt>
  <trkpt lat="48.40002" lon="10.54662">
    <name>TP3388</name>
  </trkpt>
  <trkpt lat="48.40001" lon="10.54644">
    <name>TP3389</name>
  </trkpt>
  <trkpt lat="48.40001" lon="10.54626">
    <name>TP3390</name>
  </trkpt>
  <trkpt lat="48.4" lon="10.54599">
    <name>TP3391</name>
  </trkpt>
  <trkpt lat="48.39999" lon="10.54543">
    <name>TP3392</name>
  </trkpt>
  <trkpt lat="48.39999" lon="10.54517">
    <name>TP3393</name>
  </trkpt>
  <trkpt lat="48.4" lon="10.54477">
    <name>TP3394</name>
  </trkpt>
  <trkpt lat="48.40001" lon="10.54442">
    <name>TP3395</name>
  </trkpt>
  <trkpt lat="48.40002" lon="10.54411">
    <name>TP3396</name>
  </trkpt>
  <trkpt lat="48.40003" lon="10.54387">
    <name>TP3397</name>
  </trkpt>
  <trkpt lat="48.40006" lon="10.54331">
    <name>TP3398</name>
  </trkpt>
  <trkpt lat="48.40007" lon="10.54319">
    <name>TP3399</name>
  </trkpt>
  <trkpt lat="48.40009" lon="10.54296">
    <name>TP3400</name>
  </trkpt>
  <trkpt lat="48.40014" lon="10.5424">
    <name>TP3401</name>
  </trkpt>
  <trkpt lat="48.40018" lon="10.542">
    <name>TP3402</name>
  </trkpt>
  <trkpt lat="48.40021" lon="10.54177">
    <name>TP3403</name>
  </trkpt>
  <trkpt lat="48.40027" lon="10.54132">
    <name>TP3404</name>
  </trkpt>
  <trkpt lat="48.4003" lon="10.54112">
    <name>TP3405</name>
  </trkpt>
  <trkpt lat="48.40031" lon="10.54106">
    <name>TP3406</name>
  </trkpt>
  <trkpt lat="48.40033" lon="10.54091">
    <name>TP3407</name>
  </trkpt>
  <trkpt lat="48.40034" lon="10.54079">
    <name>TP3408</name>
  </trkpt>
  <trkpt lat="48.40036" lon="10.54069">
    <name>TP3409</name>
  </trkpt>
  <trkpt lat="48.40037" lon="10.54057">
    <name>TP3410</name>
  </trkpt>
  <trkpt lat="48.40039" lon="10.54044">
    <name>TP3411</name>
  </trkpt>
  <trkpt lat="48.40044" lon="10.54018">
    <name>TP3412</name>
  </trkpt>
  <trkpt lat="48.40044" lon="10.54016">
    <name>TP3413</name>
  </trkpt>
  <trkpt lat="48.40048" lon="10.53995">
    <name>TP3414</name>
  </trkpt>
  <trkpt lat="48.40055" lon="10.53959">
    <name>TP3415</name>
  </trkpt>
  <trkpt lat="48.40056" lon="10.53954">
    <name>TP3416</name>
  </trkpt>
  <trkpt lat="48.40059" lon="10.53939">
    <name>TP3417</name>
  </trkpt>
  <trkpt lat="48.40061" lon="10.53932">
    <name>TP3418</name>
  </trkpt>
  <trkpt lat="48.4007" lon="10.53888">
    <name>TP3419</name>
  </trkpt>
  <trkpt lat="48.40084" lon="10.53827">
    <name>TP3420</name>
  </trkpt>
  <trkpt lat="48.40097" lon="10.53775">
    <name>TP3421</name>
  </trkpt>
  <trkpt lat="48.40098" lon="10.53771">
    <name>TP3422</name>
  </trkpt>
  <trkpt lat="48.40113" lon="10.53714">
    <name>TP3423</name>
  </trkpt>
  <trkpt lat="48.4013" lon="10.53654">
    <name>TP3424</name>
  </trkpt>
  <trkpt lat="48.40152" lon="10.53575">
    <name>TP3425</name>
  </trkpt>
  <trkpt lat="48.40159" lon="10.53552">
    <name>TP3426</name>
  </trkpt>
  <trkpt lat="48.40193" lon="10.53432">
    <name>TP3427</name>
  </trkpt>
  <trkpt lat="48.40224" lon="10.53326">
    <name>TP3428</name>
  </trkpt>
  <trkpt lat="48.40229" lon="10.53307">
    <name>TP3429</name>
  </trkpt>
  <trkpt lat="48.40256" lon="10.53213">
    <name>TP3430</name>
  </trkpt>
  <trkpt lat="48.40259" lon="10.53202">
    <name>TP3431</name>
  </trkpt>
  <trkpt lat="48.40269" lon="10.53168">
    <name>TP3432</name>
  </trkpt>
  <trkpt lat="48.40271" lon="10.53163">
    <name>TP3433</name>
  </trkpt>
  <trkpt lat="48.40276" lon="10.53144">
    <name>TP3434</name>
  </trkpt>
  <trkpt lat="48.40281" lon="10.53128">
    <name>TP3435</name>
  </trkpt>
  <trkpt lat="48.40314" lon="10.53014">
    <name>TP3436</name>
  </trkpt>
  <trkpt lat="48.40315" lon="10.53009">
    <name>TP3437</name>
  </trkpt>
  <trkpt lat="48.40317" lon="10.53003">
    <name>TP3438</name>
  </trkpt>
  <trkpt lat="48.40343" lon="10.52913">
    <name>TP3439</name>
  </trkpt>
  <trkpt lat="48.404" lon="10.52716">
    <name>TP3440</name>
  </trkpt>
  <trkpt lat="48.40417" lon="10.52655">
    <name>TP3441</name>
  </trkpt>
  <trkpt lat="48.40445" lon="10.5256">
    <name>TP3442</name>
  </trkpt>
  <trkpt lat="48.40449" lon="10.52544">
    <name>TP3443</name>
  </trkpt>
  <trkpt lat="48.40454" lon="10.52529">
    <name>TP3444</name>
  </trkpt>
  <trkpt lat="48.40465" lon="10.5249">
    <name>TP3445</name>
  </trkpt>
  <trkpt lat="48.4047" lon="10.52472">
    <name>TP3446</name>
  </trkpt>
  <trkpt lat="48.4049" lon="10.52397">
    <name>TP3447</name>
  </trkpt>
  <trkpt lat="48.40509" lon="10.52329">
    <name>TP3448</name>
  </trkpt>
  <trkpt lat="48.40509" lon="10.52326">
    <name>TP3449</name>
  </trkpt>
  <trkpt lat="48.40511" lon="10.52318">
    <name>TP3450</name>
  </trkpt>
  <trkpt lat="48.40521" lon="10.52278">
    <name>TP3451</name>
  </trkpt>
  <trkpt lat="48.40525" lon="10.52264">
    <name>TP3452</name>
  </trkpt>
  <trkpt lat="48.40534" lon="10.52227">
    <name>TP3453</name>
  </trkpt>
  <trkpt lat="48.4054" lon="10.52202">
    <name>TP3454</name>
  </trkpt>
  <trkpt lat="48.40546" lon="10.52178">
    <name>TP3455</name>
  </trkpt>
  <trkpt lat="48.40555" lon="10.52146">
    <name>TP3456</name>
  </trkpt>
  <trkpt lat="48.40566" lon="10.52102">
    <name>TP3457</name>
  </trkpt>
  <trkpt lat="48.40573" lon="10.52069">
    <name>TP3458</name>
  </trkpt>
  <trkpt lat="48.40575" lon="10.52062">
    <name>TP3459</name>
  </trkpt>
  <trkpt lat="48.40579" lon="10.52046">
    <name>TP3460</name>
  </trkpt>
  <trkpt lat="48.40589" lon="10.52">
    <name>TP3461</name>
  </trkpt>
  <trkpt lat="48.40596" lon="10.51969">
    <name>TP3462</name>
  </trkpt>
  <trkpt lat="48.40616" lon="10.51882">
    <name>TP3463</name>
  </trkpt>
  <trkpt lat="48.40621" lon="10.51862">
    <name>TP3464</name>
  </trkpt>
  <trkpt lat="48.4063" lon="10.51824">
    <name>TP3465</name>
  </trkpt>
  <trkpt lat="48.40659" lon="10.51697">
    <name>TP3466</name>
  </trkpt>
  <trkpt lat="48.40677" lon="10.5162">
    <name>TP3467</name>
  </trkpt>
  <trkpt lat="48.40681" lon="10.51602">
    <name>TP3468</name>
  </trkpt>
  <trkpt lat="48.40685" lon="10.51585">
    <name>TP3469</name>
  </trkpt>
  <trkpt lat="48.40694" lon="10.51546">
    <name>TP3470</name>
  </trkpt>
  <trkpt lat="48.40699" lon="10.51521">
    <name>TP3471</name>
  </trkpt>
  <trkpt lat="48.40729" lon="10.51389">
    <name>TP3472</name>
  </trkpt>
  <trkpt lat="48.40761" lon="10.51235">
    <name>TP3473</name>
  </trkpt>
  <trkpt lat="48.40766" lon="10.51209">
    <name>TP3474</name>
  </trkpt>
  <trkpt lat="48.40771" lon="10.51184">
    <name>TP3475</name>
  </trkpt>
  <trkpt lat="48.40777" lon="10.51153">
    <name>TP3476</name>
  </trkpt>
  <trkpt lat="48.40789" lon="10.51085">
    <name>TP3477</name>
  </trkpt>
  <trkpt lat="48.40797" lon="10.51037">
    <name>TP3478</name>
  </trkpt>
  <trkpt lat="48.40798" lon="10.51032">
    <name>TP3479</name>
  </trkpt>
  <trkpt lat="48.40809" lon="10.50974">
    <name>TP3480</name>
  </trkpt>
  <trkpt lat="48.40812" lon="10.50959">
    <name>TP3481</name>
  </trkpt>
  <trkpt lat="48.40823" lon="10.50888">
    <name>TP3482</name>
  </trkpt>
  <trkpt lat="48.40826" lon="10.50872">
    <name>TP3483</name>
  </trkpt>
  <trkpt lat="48.40837" lon="10.508">
    <name>TP3484</name>
  </trkpt>
  <trkpt lat="48.40846" lon="10.50743">
    <name>TP3485</name>
  </trkpt>
  <trkpt lat="48.40848" lon="10.50727">
    <name>TP3486</name>
  </trkpt>
  <trkpt lat="48.40852" lon="10.50701">
    <name>TP3487</name>
  </trkpt>
  <trkpt lat="48.40863" lon="10.50626">
    <name>TP3488</name>
  </trkpt>
  <trkpt lat="48.40871" lon="10.50568">
    <name>TP3489</name>
  </trkpt>
  <trkpt lat="48.40876" lon="10.50527">
    <name>TP3490</name>
  </trkpt>
  <trkpt lat="48.40884" lon="10.50468">
    <name>TP3491</name>
  </trkpt>
  <trkpt lat="48.40888" lon="10.50435">
    <name>TP3492</name>
  </trkpt>
  <trkpt lat="48.40896" lon="10.50368">
    <name>TP3493</name>
  </trkpt>
  <trkpt lat="48.40899" lon="10.50342">
    <name>TP3494</name>
  </trkpt>
  <trkpt lat="48.40899" lon="10.50337">
    <name>TP3495</name>
  </trkpt>
  <trkpt lat="48.40903" lon="10.50306">
    <name>TP3496</name>
  </trkpt>
  <trkpt lat="48.40908" lon="10.50257">
    <name>TP3497</name>
  </trkpt>
  <trkpt lat="48.40909" lon="10.50246">
    <name>TP3498</name>
  </trkpt>
  <trkpt lat="48.40915" lon="10.50194">
    <name>TP3499</name>
  </trkpt>
  <trkpt lat="48.40946" lon="10.4991">
    <name>TP3500</name>
  </trkpt>
  <trkpt lat="48.40949" lon="10.49876">
    <name>TP3501</name>
  </trkpt>
  <trkpt lat="48.40951" lon="10.49862">
    <name>TP3502</name>
  </trkpt>
  <trkpt lat="48.40978" lon="10.49608">
    <name>TP3503</name>
  </trkpt>
  <trkpt lat="48.40998" lon="10.49421">
    <name>TP3504</name>
  </trkpt>
  <trkpt lat="48.41001" lon="10.49395">
    <name>TP3505</name>
  </trkpt>
  <trkpt lat="48.41016" lon="10.49261">
    <name>TP3506</name>
  </trkpt>
  <trkpt lat="48.41022" lon="10.49207">
    <name>TP3507</name>
  </trkpt>
  <trkpt lat="48.41032" lon="10.49109">
    <name>TP3508</name>
  </trkpt>
  <trkpt lat="48.41033" lon="10.49101">
    <name>TP3509</name>
  </trkpt>
  <trkpt lat="48.41036" lon="10.49074">
    <name>TP3510</name>
  </trkpt>
  <trkpt lat="48.41042" lon="10.4902">
    <name>TP3511</name>
  </trkpt>
  <trkpt lat="48.41043" lon="10.49013">
    <name>TP3512</name>
  </trkpt>
  <trkpt lat="48.41058" lon="10.48869">
    <name>TP3513</name>
  </trkpt>
  <trkpt lat="48.4107" lon="10.48758">
    <name>TP3514</name>
  </trkpt>
  <trkpt lat="48.41071" lon="10.48753">
    <name>TP3515</name>
  </trkpt>
  <trkpt lat="48.41072" lon="10.48743">
    <name>TP3516</name>
  </trkpt>
  <trkpt lat="48.41074" lon="10.48726">
    <name>TP3517</name>
  </trkpt>
  <trkpt lat="48.41074" lon="10.48722">
    <name>TP3518</name>
  </trkpt>
  <trkpt lat="48.41075" lon="10.48712">
    <name>TP3519</name>
  </trkpt>
  <trkpt lat="48.41076" lon="10.48699">
    <name>TP3520</name>
  </trkpt>
  <trkpt lat="48.41082" lon="10.48646">
    <name>TP3521</name>
  </trkpt>
  <trkpt lat="48.41088" lon="10.48592">
    <name>TP3522</name>
  </trkpt>
  <trkpt lat="48.41094" lon="10.48539">
    <name>TP3523</name>
  </trkpt>
  <trkpt lat="48.41099" lon="10.48493">
    <name>TP3524</name>
  </trkpt>
  <trkpt lat="48.41111" lon="10.48378">
    <name>TP3525</name>
  </trkpt>
  <trkpt lat="48.41114" lon="10.48352">
    <name>TP3526</name>
  </trkpt>
  <trkpt lat="48.41118" lon="10.48316">
    <name>TP3527</name>
  </trkpt>
  <trkpt lat="48.41131" lon="10.48191">
    <name>TP3528</name>
  </trkpt>
  <trkpt lat="48.41134" lon="10.48164">
    <name>TP3529</name>
  </trkpt>
  <trkpt lat="48.41138" lon="10.48132">
    <name>TP3530</name>
  </trkpt>
  <trkpt lat="48.41144" lon="10.48078">
    <name>TP3531</name>
  </trkpt>
  <trkpt lat="48.41152" lon="10.48004">
    <name>TP3532</name>
  </trkpt>
  <trkpt lat="48.41152" lon="10.48003">
    <name>TP3533</name>
  </trkpt>
  <trkpt lat="48.4117" lon="10.47843">
    <name>TP3534</name>
  </trkpt>
  <trkpt lat="48.41173" lon="10.47812">
    <name>TP3535</name>
  </trkpt>
  <trkpt lat="48.41175" lon="10.47795">
    <name>TP3536</name>
  </trkpt>
  <trkpt lat="48.41178" lon="10.47768">
    <name>TP3537</name>
  </trkpt>
  <trkpt lat="48.4118" lon="10.4775">
    <name>TP3538</name>
  </trkpt>
  <trkpt lat="48.41186" lon="10.47706">
    <name>TP3539</name>
  </trkpt>
  <trkpt lat="48.4119" lon="10.47667">
    <name>TP3540</name>
  </trkpt>
  <trkpt lat="48.41196" lon="10.47614">
    <name>TP3541</name>
  </trkpt>
  <trkpt lat="48.41199" lon="10.47595">
    <name>TP3542</name>
  </trkpt>
  <trkpt lat="48.412" lon="10.47587">
    <name>TP3543</name>
  </trkpt>
  <trkpt lat="48.41206" lon="10.47533">
    <name>TP3544</name>
  </trkpt>
  <trkpt lat="48.41213" lon="10.47474">
    <name>TP3545</name>
  </trkpt>
  <trkpt lat="48.41222" lon="10.47394">
    <name>TP3546</name>
  </trkpt>
  <trkpt lat="48.41231" lon="10.47311">
    <name>TP3547</name>
  </trkpt>
  <trkpt lat="48.41242" lon="10.47214">
    <name>TP3548</name>
  </trkpt>
  <trkpt lat="48.41244" lon="10.47197">
    <name>TP3549</name>
  </trkpt>
  <trkpt lat="48.41245" lon="10.47187">
    <name>TP3550</name>
  </trkpt>
  <trkpt lat="48.41253" lon="10.47104">
    <name>TP3551</name>
  </trkpt>
  <trkpt lat="48.41256" lon="10.47078">
    <name>TP3552</name>
  </trkpt>
  <trkpt lat="48.41265" lon="10.46994">
    <name>TP3553</name>
  </trkpt>
  <trkpt lat="48.4127" lon="10.46948">
    <name>TP3554</name>
  </trkpt>
  <trkpt lat="48.41271" lon="10.46945">
    <name>TP3555</name>
  </trkpt>
  <trkpt lat="48.41281" lon="10.46851">
    <name>TP3556</name>
  </trkpt>
  <trkpt lat="48.41291" lon="10.46756">
    <name>TP3557</name>
  </trkpt>
  <trkpt lat="48.41299" lon="10.46685">
    <name>TP3558</name>
  </trkpt>
  <trkpt lat="48.41304" lon="10.46636">
    <name>TP3559</name>
  </trkpt>
  <trkpt lat="48.41306" lon="10.46612">
    <name>TP3560</name>
  </trkpt>
  <trkpt lat="48.41308" lon="10.46597">
    <name>TP3561</name>
  </trkpt>
  <trkpt lat="48.41309" lon="10.46588">
    <name>TP3562</name>
  </trkpt>
  <trkpt lat="48.41318" lon="10.46491">
    <name>TP3563</name>
  </trkpt>
  <trkpt lat="48.41324" lon="10.46419">
    <name>TP3564</name>
  </trkpt>
  <trkpt lat="48.41328" lon="10.46368">
    <name>TP3565</name>
  </trkpt>
  <trkpt lat="48.41331" lon="10.46325">
    <name>TP3566</name>
  </trkpt>
  <trkpt lat="48.41333" lon="10.46298">
    <name>TP3567</name>
  </trkpt>
  <trkpt lat="48.41337" lon="10.46225">
    <name>TP3568</name>
  </trkpt>
  <trkpt lat="48.41339" lon="10.46186">
    <name>TP3569</name>
  </trkpt>
  <trkpt lat="48.41341" lon="10.4615">
    <name>TP3570</name>
  </trkpt>
  <trkpt lat="48.41342" lon="10.46115">
    <name>TP3571</name>
  </trkpt>
  <trkpt lat="48.41343" lon="10.4608">
    <name>TP3572</name>
  </trkpt>
  <trkpt lat="48.41344" lon="10.45991">
    <name>TP3573</name>
  </trkpt>
  <trkpt lat="48.41345" lon="10.45918">
    <name>TP3574</name>
  </trkpt>
  <trkpt lat="48.41345" lon="10.45915">
    <name>TP3575</name>
  </trkpt>
  <trkpt lat="48.41345" lon="10.45891">
    <name>TP3576</name>
  </trkpt>
  <trkpt lat="48.41344" lon="10.45835">
    <name>TP3577</name>
  </trkpt>
  <trkpt lat="48.41343" lon="10.4578">
    <name>TP3578</name>
  </trkpt>
  <trkpt lat="48.41343" lon="10.45755">
    <name>TP3579</name>
  </trkpt>
  <trkpt lat="48.41343" lon="10.45754">
    <name>TP3580</name>
  </trkpt>
  <trkpt lat="48.4134" lon="10.45675">
    <name>TP3581</name>
  </trkpt>
  <trkpt lat="48.41339" lon="10.45644">
    <name>TP3582</name>
  </trkpt>
  <trkpt lat="48.41337" lon="10.45593">
    <name>TP3583</name>
  </trkpt>
  <trkpt lat="48.41336" lon="10.45591">
    <name>TP3584</name>
  </trkpt>
  <trkpt lat="48.41336" lon="10.4559">
    <name>TP3585</name>
  </trkpt>
  <trkpt lat="48.41335" lon="10.45566">
    <name>TP3586</name>
  </trkpt>
  <trkpt lat="48.41335" lon="10.45563">
    <name>TP3587</name>
  </trkpt>
  <trkpt lat="48.41334" lon="10.45544">
    <name>TP3588</name>
  </trkpt>
  <trkpt lat="48.41326" lon="10.45404">
    <name>TP3589</name>
  </trkpt>
  <trkpt lat="48.41325" lon="10.45376">
    <name>TP3590</name>
  </trkpt>
  <trkpt lat="48.41322" lon="10.45337">
    <name>TP3591</name>
  </trkpt>
  <trkpt lat="48.41321" lon="10.45313">
    <name>TP3592</name>
  </trkpt>
  <trkpt lat="48.41318" lon="10.45264">
    <name>TP3593</name>
  </trkpt>
  <trkpt lat="48.41316" lon="10.45215">
    <name>TP3594</name>
  </trkpt>
  <trkpt lat="48.41315" lon="10.45194">
    <name>TP3595</name>
  </trkpt>
  <trkpt lat="48.41312" lon="10.45137">
    <name>TP3596</name>
  </trkpt>
  <trkpt lat="48.41308" lon="10.45036">
    <name>TP3597</name>
  </trkpt>
  <trkpt lat="48.41308" lon="10.45032">
    <name>TP3598</name>
  </trkpt>
  <trkpt lat="48.41304" lon="10.44944">
    <name>TP3599</name>
  </trkpt>
  <trkpt lat="48.41303" lon="10.449">
    <name>TP3600</name>
  </trkpt>
  <trkpt lat="48.41301" lon="10.44802">
    <name>TP3601</name>
  </trkpt>
  <trkpt lat="48.41299" lon="10.44715">
    <name>TP3602</name>
  </trkpt>
  <trkpt lat="48.41298" lon="10.44688">
    <name>TP3603</name>
  </trkpt>
  <trkpt lat="48.41298" lon="10.44677">
    <name>TP3604</name>
  </trkpt>
  <trkpt lat="48.41298" lon="10.44649">
    <name>TP3605</name>
  </trkpt>
  <trkpt lat="48.41298" lon="10.44634">
    <name>TP3606</name>
  </trkpt>
  <trkpt lat="48.41296" lon="10.44507">
    <name>TP3607</name>
  </trkpt>
  <trkpt lat="48.41294" lon="10.44413">
    <name>TP3608</name>
  </trkpt>
  <trkpt lat="48.41294" lon="10.44396">
    <name>TP3609</name>
  </trkpt>
  <trkpt lat="48.41294" lon="10.44379">
    <name>TP3610</name>
  </trkpt>
  <trkpt lat="48.41293" lon="10.44335">
    <name>TP3611</name>
  </trkpt>
  <trkpt lat="48.41293" lon="10.44323">
    <name>TP3612</name>
  </trkpt>
  <trkpt lat="48.41293" lon="10.44321">
    <name>TP3613</name>
  </trkpt>
  <trkpt lat="48.41293" lon="10.44314">
    <name>TP3614</name>
  </trkpt>
  <trkpt lat="48.41293" lon="10.4431">
    <name>TP3615</name>
  </trkpt>
  <trkpt lat="48.41292" lon="10.4429">
    <name>TP3616</name>
  </trkpt>
  <trkpt lat="48.41292" lon="10.44269">
    <name>TP3617</name>
  </trkpt>
  <trkpt lat="48.41292" lon="10.44265">
    <name>TP3618</name>
  </trkpt>
  <trkpt lat="48.41291" lon="10.4424">
    <name>TP3619</name>
  </trkpt>
  <trkpt lat="48.41291" lon="10.44221">
    <name>TP3620</name>
  </trkpt>
  <trkpt lat="48.41291" lon="10.44204">
    <name>TP3621</name>
  </trkpt>
  <trkpt lat="48.41291" lon="10.44188">
    <name>TP3622</name>
  </trkpt>
  <trkpt lat="48.41291" lon="10.44167">
    <name>TP3623</name>
  </trkpt>
  <trkpt lat="48.4129" lon="10.4414">
    <name>TP3624</name>
  </trkpt>
  <trkpt lat="48.41289" lon="10.44078">
    <name>TP3625</name>
  </trkpt>
  <trkpt lat="48.41289" lon="10.44059">
    <name>TP3626</name>
  </trkpt>
  <trkpt lat="48.41289" lon="10.44058">
    <name>TP3627</name>
  </trkpt>
  <trkpt lat="48.41289" lon="10.44032">
    <name>TP3628</name>
  </trkpt>
  <trkpt lat="48.41288" lon="10.44025">
    <name>TP3629</name>
  </trkpt>
  <trkpt lat="48.41288" lon="10.44005">
    <name>TP3630</name>
  </trkpt>
  <trkpt lat="48.41288" lon="10.43978">
    <name>TP3631</name>
  </trkpt>
  <trkpt lat="48.41287" lon="10.43951">
    <name>TP3632</name>
  </trkpt>
  <trkpt lat="48.41286" lon="10.43884">
    <name>TP3633</name>
  </trkpt>
  <trkpt lat="48.41286" lon="10.4387">
    <name>TP3634</name>
  </trkpt>
  <trkpt lat="48.41284" lon="10.43788">
    <name>TP3635</name>
  </trkpt>
  <trkpt lat="48.41284" lon="10.43763">
    <name>TP3636</name>
  </trkpt>
  <trkpt lat="48.41284" lon="10.43754">
    <name>TP3637</name>
  </trkpt>
  <trkpt lat="48.41283" lon="10.43719">
    <name>TP3638</name>
  </trkpt>
  <trkpt lat="48.41283" lon="10.43676">
    <name>TP3639</name>
  </trkpt>
  <trkpt lat="48.41282" lon="10.43595">
    <name>TP3640</name>
  </trkpt>
  <trkpt lat="48.41281" lon="10.43568">
    <name>TP3641</name>
  </trkpt>
  <trkpt lat="48.41281" lon="10.43545">
    <name>TP3642</name>
  </trkpt>
  <trkpt lat="48.41281" lon="10.43541">
    <name>TP3643</name>
  </trkpt>
  <trkpt lat="48.4128" lon="10.43493">
    <name>TP3644</name>
  </trkpt>
  <trkpt lat="48.4128" lon="10.43481">
    <name>TP3645</name>
  </trkpt>
  <trkpt lat="48.4128" lon="10.43479">
    <name>TP3646</name>
  </trkpt>
  <trkpt lat="48.4128" lon="10.43474">
    <name>TP3647</name>
  </trkpt>
  <trkpt lat="48.4128" lon="10.43463">
    <name>TP3648</name>
  </trkpt>
  <trkpt lat="48.41279" lon="10.43426">
    <name>TP3649</name>
  </trkpt>
  <trkpt lat="48.41278" lon="10.43362">
    <name>TP3650</name>
  </trkpt>
  <trkpt lat="48.41276" lon="10.43268">
    <name>TP3651</name>
  </trkpt>
  <trkpt lat="48.41275" lon="10.43214">
    <name>TP3652</name>
  </trkpt>
  <trkpt lat="48.41275" lon="10.4316">
    <name>TP3653</name>
  </trkpt>
  <trkpt lat="48.41273" lon="10.43078">
    <name>TP3654</name>
  </trkpt>
  <trkpt lat="48.41273" lon="10.43051">
    <name>TP3655</name>
  </trkpt>
  <trkpt lat="48.41272" lon="10.43024">
    <name>TP3656</name>
  </trkpt>
  <trkpt lat="48.41272" lon="10.43005">
    <name>TP3657</name>
  </trkpt>
  <trkpt lat="48.41272" lon="10.42997">
    <name>TP3658</name>
  </trkpt>
  <trkpt lat="48.41272" lon="10.42976">
    <name>TP3659</name>
  </trkpt>
  <trkpt lat="48.41271" lon="10.42932">
    <name>TP3660</name>
  </trkpt>
  <trkpt lat="48.4127" lon="10.42882">
    <name>TP3661</name>
  </trkpt>
  <trkpt lat="48.4127" lon="10.42877">
    <name>TP3662</name>
  </trkpt>
  <trkpt lat="48.4127" lon="10.42855">
    <name>TP3663</name>
  </trkpt>
  <trkpt lat="48.41269" lon="10.42827">
    <name>TP3664</name>
  </trkpt>
  <trkpt lat="48.41269" lon="10.42802">
    <name>TP3665</name>
  </trkpt>
  <trkpt lat="48.41269" lon="10.42796">
    <name>TP3666</name>
  </trkpt>
  <trkpt lat="48.41268" lon="10.42748">
    <name>TP3667</name>
  </trkpt>
  <trkpt lat="48.41267" lon="10.42672">
    <name>TP3668</name>
  </trkpt>
  <trkpt lat="48.41267" lon="10.42661">
    <name>TP3669</name>
  </trkpt>
  <trkpt lat="48.41265" lon="10.42581">
    <name>TP3670</name>
  </trkpt>
  <trkpt lat="48.41264" lon="10.42508">
    <name>TP3671</name>
  </trkpt>
  <trkpt lat="48.41264" lon="10.42479">
    <name>TP3672</name>
  </trkpt>
  <trkpt lat="48.41263" lon="10.42421">
    <name>TP3673</name>
  </trkpt>
  <trkpt lat="48.41261" lon="10.42306">
    <name>TP3674</name>
  </trkpt>
  <trkpt lat="48.41259" lon="10.42187">
    <name>TP3675</name>
  </trkpt>
  <trkpt lat="48.41258" lon="10.42137">
    <name>TP3676</name>
  </trkpt>
  <trkpt lat="48.41258" lon="10.42089">
    <name>TP3677</name>
  </trkpt>
  <trkpt lat="48.41258" lon="10.42079">
    <name>TP3678</name>
  </trkpt>
  <trkpt lat="48.41257" lon="10.42065">
    <name>TP3679</name>
  </trkpt>
  <trkpt lat="48.41257" lon="10.42024">
    <name>TP3680</name>
  </trkpt>
  <trkpt lat="48.41256" lon="10.41992">
    <name>TP3681</name>
  </trkpt>
  <trkpt lat="48.41256" lon="10.41978">
    <name>TP3682</name>
  </trkpt>
  <trkpt lat="48.41257" lon="10.4196">
    <name>TP3683</name>
  </trkpt>
  <trkpt lat="48.41257" lon="10.41916">
    <name>TP3684</name>
  </trkpt>
  <trkpt lat="48.41257" lon="10.41886">
    <name>TP3685</name>
  </trkpt>
  <trkpt lat="48.41257" lon="10.41827">
    <name>TP3686</name>
  </trkpt>
  <trkpt lat="48.41259" lon="10.41775">
    <name>TP3687</name>
  </trkpt>
  <trkpt lat="48.4126" lon="10.41748">
    <name>TP3688</name>
  </trkpt>
  <trkpt lat="48.4126" lon="10.41742">
    <name>TP3689</name>
  </trkpt>
  <trkpt lat="48.41261" lon="10.4172">
    <name>TP3690</name>
  </trkpt>
  <trkpt lat="48.41263" lon="10.41675">
    <name>TP3691</name>
  </trkpt>
  <trkpt lat="48.41266" lon="10.41616">
    <name>TP3692</name>
  </trkpt>
  <trkpt lat="48.41269" lon="10.4158">
    <name>TP3693</name>
  </trkpt>
  <trkpt lat="48.41271" lon="10.41553">
    <name>TP3694</name>
  </trkpt>
  <trkpt lat="48.41274" lon="10.41523">
    <name>TP3695</name>
  </trkpt>
  <trkpt lat="48.41276" lon="10.41503">
    <name>TP3696</name>
  </trkpt>
  <trkpt lat="48.41279" lon="10.41469">
    <name>TP3697</name>
  </trkpt>
  <trkpt lat="48.41283" lon="10.41439">
    <name>TP3698</name>
  </trkpt>
  <trkpt lat="48.41285" lon="10.41417">
    <name>TP3699</name>
  </trkpt>
  <trkpt lat="48.4129" lon="10.4138">
    <name>TP3700</name>
  </trkpt>
  <trkpt lat="48.41295" lon="10.41345">
    <name>TP3701</name>
  </trkpt>
  <trkpt lat="48.41298" lon="10.41318">
    <name>TP3702</name>
  </trkpt>
  <trkpt lat="48.413" lon="10.41308">
    <name>TP3703</name>
  </trkpt>
  <trkpt lat="48.41302" lon="10.41292">
    <name>TP3704</name>
  </trkpt>
  <trkpt lat="48.41306" lon="10.41269">
    <name>TP3705</name>
  </trkpt>
  <trkpt lat="48.41311" lon="10.41237">
    <name>TP3706</name>
  </trkpt>
  <trkpt lat="48.4132" lon="10.41191">
    <name>TP3707</name>
  </trkpt>
  <trkpt lat="48.41325" lon="10.41165">
    <name>TP3708</name>
  </trkpt>
  <trkpt lat="48.41328" lon="10.41151">
    <name>TP3709</name>
  </trkpt>
  <trkpt lat="48.4133" lon="10.41139">
    <name>TP3710</name>
  </trkpt>
  <trkpt lat="48.41335" lon="10.41113">
    <name>TP3711</name>
  </trkpt>
  <trkpt lat="48.41346" lon="10.41063">
    <name>TP3712</name>
  </trkpt>
  <trkpt lat="48.41346" lon="10.41062">
    <name>TP3713</name>
  </trkpt>
  <trkpt lat="48.41359" lon="10.41005">
    <name>TP3714</name>
  </trkpt>
  <trkpt lat="48.41364" lon="10.40985">
    <name>TP3715</name>
  </trkpt>
  <trkpt lat="48.41371" lon="10.40961">
    <name>TP3716</name>
  </trkpt>
  <trkpt lat="48.41378" lon="10.40935">
    <name>TP3717</name>
  </trkpt>
  <trkpt lat="48.41389" lon="10.40892">
    <name>TP3718</name>
  </trkpt>
  <trkpt lat="48.41391" lon="10.40885">
    <name>TP3719</name>
  </trkpt>
  <trkpt lat="48.41406" lon="10.40835">
    <name>TP3720</name>
  </trkpt>
  <trkpt lat="48.41413" lon="10.4081">
    <name>TP3721</name>
  </trkpt>
  <trkpt lat="48.41421" lon="10.40786">
    <name>TP3722</name>
  </trkpt>
  <trkpt lat="48.41428" lon="10.40762">
    <name>TP3723</name>
  </trkpt>
  <trkpt lat="48.41434" lon="10.40745">
    <name>TP3724</name>
  </trkpt>
  <trkpt lat="48.41443" lon="10.40719">
    <name>TP3725</name>
  </trkpt>
  <trkpt lat="48.41449" lon="10.40699">
    <name>TP3726</name>
  </trkpt>
  <trkpt lat="48.41458" lon="10.40675">
    <name>TP3727</name>
  </trkpt>
  <trkpt lat="48.41461" lon="10.40666">
    <name>TP3728</name>
  </trkpt>
  <trkpt lat="48.41465" lon="10.40655">
    <name>TP3729</name>
  </trkpt>
  <trkpt lat="48.41473" lon="10.40632">
    <name>TP3730</name>
  </trkpt>
  <trkpt lat="48.41482" lon="10.40609">
    <name>TP3731</name>
  </trkpt>
  <trkpt lat="48.41495" lon="10.40576">
    <name>TP3732</name>
  </trkpt>
  <trkpt lat="48.41507" lon="10.40546">
    <name>TP3733</name>
  </trkpt>
  <trkpt lat="48.41515" lon="10.40526">
    <name>TP3734</name>
  </trkpt>
  <trkpt lat="48.41523" lon="10.40506">
    <name>TP3735</name>
  </trkpt>
  <trkpt lat="48.41533" lon="10.40484">
    <name>TP3736</name>
  </trkpt>
  <trkpt lat="48.41542" lon="10.40464">
    <name>TP3737</name>
  </trkpt>
  <trkpt lat="48.41558" lon="10.40428">
    <name>TP3738</name>
  </trkpt>
  <trkpt lat="48.41565" lon="10.40412">
    <name>TP3739</name>
  </trkpt>
  <trkpt lat="48.41575" lon="10.4039">
    <name>TP3740</name>
  </trkpt>
  <trkpt lat="48.41576" lon="10.40389">
    <name>TP3741</name>
  </trkpt>
  <trkpt lat="48.41586" lon="10.40368">
    <name>TP3742</name>
  </trkpt>
  <trkpt lat="48.41596" lon="10.40349">
    <name>TP3743</name>
  </trkpt>
  <trkpt lat="48.41597" lon="10.40347">
    <name>TP3744</name>
  </trkpt>
  <trkpt lat="48.41608" lon="10.40325">
    <name>TP3745</name>
  </trkpt>
  <trkpt lat="48.41617" lon="10.40306">
    <name>TP3746</name>
  </trkpt>
  <trkpt lat="48.41627" lon="10.40287">
    <name>TP3747</name>
  </trkpt>
  <trkpt lat="48.41637" lon="10.40267">
    <name>TP3748</name>
  </trkpt>
  <trkpt lat="48.4164" lon="10.40261">
    <name>TP3749</name>
  </trkpt>
  <trkpt lat="48.41657" lon="10.40229">
    <name>TP3750</name>
  </trkpt>
  <trkpt lat="48.41668" lon="10.40208">
    <name>TP3751</name>
  </trkpt>
  <trkpt lat="48.41678" lon="10.40189">
    <name>TP3752</name>
  </trkpt>
  <trkpt lat="48.41694" lon="10.4016">
    <name>TP3753</name>
  </trkpt>
  <trkpt lat="48.417" lon="10.40149">
    <name>TP3754</name>
  </trkpt>
  <trkpt lat="48.41727" lon="10.40096">
    <name>TP3755</name>
  </trkpt>
  <trkpt lat="48.41746" lon="10.40061">
    <name>TP3756</name>
  </trkpt>
  <trkpt lat="48.41759" lon="10.40037">
    <name>TP3757</name>
  </trkpt>
  <trkpt lat="48.41767" lon="10.40022">
    <name>TP3758</name>
  </trkpt>
  <trkpt lat="48.4177" lon="10.40016">
    <name>TP3759</name>
  </trkpt>
  <trkpt lat="48.41807" lon="10.39946">
    <name>TP3760</name>
  </trkpt>
  <trkpt lat="48.41815" lon="10.39931">
    <name>TP3761</name>
  </trkpt>
  <trkpt lat="48.41826" lon="10.3991">
    <name>TP3762</name>
  </trkpt>
  <trkpt lat="48.4183" lon="10.39903">
    <name>TP3763</name>
  </trkpt>
  <trkpt lat="48.41848" lon="10.39869">
    <name>TP3764</name>
  </trkpt>
  <trkpt lat="48.41849" lon="10.39867">
    <name>TP3765</name>
  </trkpt>
  <trkpt lat="48.41888" lon="10.39793">
    <name>TP3766</name>
  </trkpt>
  <trkpt lat="48.41908" lon="10.39756">
    <name>TP3767</name>
  </trkpt>
  <trkpt lat="48.41916" lon="10.3974">
    <name>TP3768</name>
  </trkpt>
  <trkpt lat="48.41929" lon="10.39716">
    <name>TP3769</name>
  </trkpt>
  <trkpt lat="48.41949" lon="10.39679">
    <name>TP3770</name>
  </trkpt>
  <trkpt lat="48.41992" lon="10.396">
    <name>TP3771</name>
  </trkpt>
  <trkpt lat="48.42" lon="10.39583">
    <name>TP3772</name>
  </trkpt>
  <trkpt lat="48.42017" lon="10.39551">
    <name>TP3773</name>
  </trkpt>
  <trkpt lat="48.42017" lon="10.3955">
    <name>TP3774</name>
  </trkpt>
  <trkpt lat="48.42031" lon="10.39525">
    <name>TP3775</name>
  </trkpt>
  <trkpt lat="48.4204" lon="10.39508">
    <name>TP3776</name>
  </trkpt>
  <trkpt lat="48.42062" lon="10.39465">
    <name>TP3777</name>
  </trkpt>
  <trkpt lat="48.42069" lon="10.39453">
    <name>TP3778</name>
  </trkpt>
  <trkpt lat="48.42076" lon="10.3944">
    <name>TP3779</name>
  </trkpt>
  <trkpt lat="48.42094" lon="10.39406">
    <name>TP3780</name>
  </trkpt>
  <trkpt lat="48.42112" lon="10.39371">
    <name>TP3781</name>
  </trkpt>
  <trkpt lat="48.42116" lon="10.39363">
    <name>TP3782</name>
  </trkpt>
  <trkpt lat="48.42155" lon="10.39288">
    <name>TP3783</name>
  </trkpt>
  <trkpt lat="48.42191" lon="10.39217">
    <name>TP3784</name>
  </trkpt>
  <trkpt lat="48.42204" lon="10.39192">
    <name>TP3785</name>
  </trkpt>
  <trkpt lat="48.42211" lon="10.39178">
    <name>TP3786</name>
  </trkpt>
  <trkpt lat="48.42215" lon="10.3917">
    <name>TP3787</name>
  </trkpt>
  <trkpt lat="48.42231" lon="10.39139">
    <name>TP3788</name>
  </trkpt>
  <trkpt lat="48.42237" lon="10.39127">
    <name>TP3789</name>
  </trkpt>
  <trkpt lat="48.42269" lon="10.39062">
    <name>TP3790</name>
  </trkpt>
  <trkpt lat="48.42279" lon="10.3904">
    <name>TP3791</name>
  </trkpt>
  <trkpt lat="48.4229" lon="10.39018">
    <name>TP3792</name>
  </trkpt>
  <trkpt lat="48.423" lon="10.38998">
    <name>TP3793</name>
  </trkpt>
  <trkpt lat="48.42305" lon="10.38988">
    <name>TP3794</name>
  </trkpt>
  <trkpt lat="48.42318" lon="10.38961">
    <name>TP3795</name>
  </trkpt>
  <trkpt lat="48.42326" lon="10.38945">
    <name>TP3796</name>
  </trkpt>
  <trkpt lat="48.42326" lon="10.38944">
    <name>TP3797</name>
  </trkpt>
  <trkpt lat="48.42336" lon="10.38923">
    <name>TP3798</name>
  </trkpt>
  <trkpt lat="48.42337" lon="10.38922">
    <name>TP3799</name>
  </trkpt>
  <trkpt lat="48.42343" lon="10.38909">
    <name>TP3800</name>
  </trkpt>
  <trkpt lat="48.42347" lon="10.38901">
    <name>TP3801</name>
  </trkpt>
  <trkpt lat="48.42357" lon="10.38879">
    <name>TP3802</name>
  </trkpt>
  <trkpt lat="48.42358" lon="10.38878">
    <name>TP3803</name>
  </trkpt>
  <trkpt lat="48.42368" lon="10.38857">
    <name>TP3804</name>
  </trkpt>
  <trkpt lat="48.42368" lon="10.38856">
    <name>TP3805</name>
  </trkpt>
  <trkpt lat="48.42384" lon="10.38822">
    <name>TP3806</name>
  </trkpt>
  <trkpt lat="48.42389" lon="10.38812">
    <name>TP3807</name>
  </trkpt>
  <trkpt lat="48.42396" lon="10.38798">
    <name>TP3808</name>
  </trkpt>
  <trkpt lat="48.42399" lon="10.38791">
    <name>TP3809</name>
  </trkpt>
  <trkpt lat="48.42406" lon="10.38776">
    <name>TP3810</name>
  </trkpt>
  <trkpt lat="48.42415" lon="10.38756">
    <name>TP3811</name>
  </trkpt>
  <trkpt lat="48.4242" lon="10.38746">
    <name>TP3812</name>
  </trkpt>
  <trkpt lat="48.4243" lon="10.38724">
    <name>TP3813</name>
  </trkpt>
  <trkpt lat="48.42434" lon="10.38715">
    <name>TP3814</name>
  </trkpt>
  <trkpt lat="48.4244" lon="10.38702">
    <name>TP3815</name>
  </trkpt>
  <trkpt lat="48.42451" lon="10.3868">
    <name>TP3816</name>
  </trkpt>
  <trkpt lat="48.42452" lon="10.38677">
    <name>TP3817</name>
  </trkpt>
  <trkpt lat="48.42463" lon="10.38653">
    <name>TP3818</name>
  </trkpt>
  <trkpt lat="48.42488" lon="10.38597">
    <name>TP3819</name>
  </trkpt>
  <trkpt lat="48.42491" lon="10.3859">
    <name>TP3820</name>
  </trkpt>
  <trkpt lat="48.42501" lon="10.38568">
    <name>TP3821</name>
  </trkpt>
  <trkpt lat="48.42508" lon="10.38552">
    <name>TP3822</name>
  </trkpt>
  <trkpt lat="48.42527" lon="10.38511">
    <name>TP3823</name>
  </trkpt>
  <trkpt lat="48.42532" lon="10.385">
    <name>TP3824</name>
  </trkpt>
  <trkpt lat="48.42544" lon="10.38473">
    <name>TP3825</name>
  </trkpt>
  <trkpt lat="48.42564" lon="10.38428">
    <name>TP3826</name>
  </trkpt>
  <trkpt lat="48.42572" lon="10.38411">
    <name>TP3827</name>
  </trkpt>
  <trkpt lat="48.42583" lon="10.38388">
    <name>TP3828</name>
  </trkpt>
  <trkpt lat="48.42607" lon="10.38332">
    <name>TP3829</name>
  </trkpt>
  <trkpt lat="48.42616" lon="10.38313">
    <name>TP3830</name>
  </trkpt>
  <trkpt lat="48.42635" lon="10.38272">
    <name>TP3831</name>
  </trkpt>
  <trkpt lat="48.42661" lon="10.38213">
    <name>TP3832</name>
  </trkpt>
  <trkpt lat="48.42671" lon="10.38192">
    <name>TP3833</name>
  </trkpt>
  <trkpt lat="48.42684" lon="10.38163">
    <name>TP3834</name>
  </trkpt>
  <trkpt lat="48.42691" lon="10.38148">
    <name>TP3835</name>
  </trkpt>
  <trkpt lat="48.42717" lon="10.3809">
    <name>TP3836</name>
  </trkpt>
  <trkpt lat="48.42725" lon="10.38072">
    <name>TP3837</name>
  </trkpt>
  <trkpt lat="48.42753" lon="10.38009">
    <name>TP3838</name>
  </trkpt>
  <trkpt lat="48.42764" lon="10.37986">
    <name>TP3839</name>
  </trkpt>
  <trkpt lat="48.42771" lon="10.37971">
    <name>TP3840</name>
  </trkpt>
  <trkpt lat="48.42785" lon="10.37938">
    <name>TP3841</name>
  </trkpt>
  <trkpt lat="48.4279" lon="10.37927">
    <name>TP3842</name>
  </trkpt>
  <trkpt lat="48.42805" lon="10.37893">
    <name>TP3843</name>
  </trkpt>
  <trkpt lat="48.42827" lon="10.37845">
    <name>TP3844</name>
  </trkpt>
  <trkpt lat="48.42835" lon="10.37829">
    <name>TP3845</name>
  </trkpt>
  <trkpt lat="48.42842" lon="10.37813">
    <name>TP3846</name>
  </trkpt>
  <trkpt lat="48.42865" lon="10.37761">
    <name>TP3847</name>
  </trkpt>
  <trkpt lat="48.42872" lon="10.37744">
    <name>TP3848</name>
  </trkpt>
  <trkpt lat="48.42886" lon="10.37711">
    <name>TP3849</name>
  </trkpt>
  <trkpt lat="48.42892" lon="10.37698">
    <name>TP3850</name>
  </trkpt>
  <trkpt lat="48.42901" lon="10.37676">
    <name>TP3851</name>
  </trkpt>
  <trkpt lat="48.42901" lon="10.37675">
    <name>TP3852</name>
  </trkpt>
  <trkpt lat="48.42909" lon="10.37656">
    <name>TP3853</name>
  </trkpt>
  <trkpt lat="48.42926" lon="10.37615">
    <name>TP3854</name>
  </trkpt>
  <trkpt lat="48.4293" lon="10.37606">
    <name>TP3855</name>
  </trkpt>
  <trkpt lat="48.42942" lon="10.37573">
    <name>TP3856</name>
  </trkpt>
  <trkpt lat="48.42948" lon="10.37559">
    <name>TP3857</name>
  </trkpt>
  <trkpt lat="48.42958" lon="10.3753">
    <name>TP3858</name>
  </trkpt>
  <trkpt lat="48.4297" lon="10.37498">
    <name>TP3859</name>
  </trkpt>
  <trkpt lat="48.42974" lon="10.37488">
    <name>TP3860</name>
  </trkpt>
  <trkpt lat="48.42994" lon="10.3743">
    <name>TP3861</name>
  </trkpt>
  <trkpt lat="48.43008" lon="10.37387">
    <name>TP3862</name>
  </trkpt>
  <trkpt lat="48.4301" lon="10.3738">
    <name>TP3863</name>
  </trkpt>
  <trkpt lat="48.43015" lon="10.37365">
    <name>TP3864</name>
  </trkpt>
  <trkpt lat="48.4303" lon="10.37313">
    <name>TP3865</name>
  </trkpt>
  <trkpt lat="48.43036" lon="10.37292">
    <name>TP3866</name>
  </trkpt>
  <trkpt lat="48.43037" lon="10.37288">
    <name>TP3867</name>
  </trkpt>
  <trkpt lat="48.43044" lon="10.37264">
    <name>TP3868</name>
  </trkpt>
  <trkpt lat="48.43049" lon="10.37244">
    <name>TP3869</name>
  </trkpt>
  <trkpt lat="48.43057" lon="10.37217">
    <name>TP3870</name>
  </trkpt>
  <trkpt lat="48.43058" lon="10.37213">
    <name>TP3871</name>
  </trkpt>
  <trkpt lat="48.43064" lon="10.37188">
    <name>TP3872</name>
  </trkpt>
  <trkpt lat="48.4307" lon="10.37166">
    <name>TP3873</name>
  </trkpt>
  <trkpt lat="48.43071" lon="10.37162">
    <name>TP3874</name>
  </trkpt>
  <trkpt lat="48.43083" lon="10.37111">
    <name>TP3875</name>
  </trkpt>
  <trkpt lat="48.43089" lon="10.37086">
    <name>TP3876</name>
  </trkpt>
  <trkpt lat="48.43093" lon="10.37066">
    <name>TP3877</name>
  </trkpt>
  <trkpt lat="48.43095" lon="10.3706">
    <name>TP3878</name>
  </trkpt>
  <trkpt lat="48.43103" lon="10.37022">
    <name>TP3879</name>
  </trkpt>
  <trkpt lat="48.43105" lon="10.37008">
    <name>TP3880</name>
  </trkpt>
  <trkpt lat="48.43112" lon="10.36975">
    <name>TP3881</name>
  </trkpt>
  <trkpt lat="48.4312" lon="10.3693">
    <name>TP3882</name>
  </trkpt>
  <trkpt lat="48.43123" lon="10.36914">
    <name>TP3883</name>
  </trkpt>
  <trkpt lat="48.43126" lon="10.36898">
    <name>TP3884</name>
  </trkpt>
  <trkpt lat="48.43134" lon="10.36848">
    <name>TP3885</name>
  </trkpt>
  <trkpt lat="48.43135" lon="10.36845">
    <name>TP3886</name>
  </trkpt>
  <trkpt lat="48.43143" lon="10.36793">
    <name>TP3887</name>
  </trkpt>
  <trkpt lat="48.43144" lon="10.36787">
    <name>TP3888</name>
  </trkpt>
  <trkpt lat="48.43147" lon="10.36766">
    <name>TP3889</name>
  </trkpt>
  <trkpt lat="48.43154" lon="10.36712">
    <name>TP3890</name>
  </trkpt>
  <trkpt lat="48.43156" lon="10.36689">
    <name>TP3891</name>
  </trkpt>
  <trkpt lat="48.43162" lon="10.36641">
    <name>TP3892</name>
  </trkpt>
  <trkpt lat="48.43165" lon="10.36609">
    <name>TP3893</name>
  </trkpt>
  <trkpt lat="48.43165" lon="10.36606">
    <name>TP3894</name>
  </trkpt>
  <trkpt lat="48.43168" lon="10.36581">
    <name>TP3895</name>
  </trkpt>
  <trkpt lat="48.43168" lon="10.36571">
    <name>TP3896</name>
  </trkpt>
  <trkpt lat="48.43172" lon="10.36521">
    <name>TP3897</name>
  </trkpt>
  <trkpt lat="48.43176" lon="10.36473">
    <name>TP3898</name>
  </trkpt>
  <trkpt lat="48.43179" lon="10.36424">
    <name>TP3899</name>
  </trkpt>
  <trkpt lat="48.43182" lon="10.36366">
    <name>TP3900</name>
  </trkpt>
  <trkpt lat="48.43184" lon="10.36304">
    <name>TP3901</name>
  </trkpt>
  <trkpt lat="48.43187" lon="10.36204">
    <name>TP3902</name>
  </trkpt>
  <trkpt lat="48.43189" lon="10.36133">
    <name>TP3903</name>
  </trkpt>
  <trkpt lat="48.43191" lon="10.36059">
    <name>TP3904</name>
  </trkpt>
  <trkpt lat="48.43193" lon="10.35978">
    <name>TP3905</name>
  </trkpt>
  <trkpt lat="48.43194" lon="10.35968">
    <name>TP3906</name>
  </trkpt>
  <trkpt lat="48.43194" lon="10.35959">
    <name>TP3907</name>
  </trkpt>
  <trkpt lat="48.43194" lon="10.35941">
    <name>TP3908</name>
  </trkpt>
  <trkpt lat="48.43195" lon="10.35936">
    <name>TP3909</name>
  </trkpt>
  <trkpt lat="48.43195" lon="10.35927">
    <name>TP3910</name>
  </trkpt>
  <trkpt lat="48.43195" lon="10.35909">
    <name>TP3911</name>
  </trkpt>
  <trkpt lat="48.43196" lon="10.35887">
    <name>TP3912</name>
  </trkpt>
  <trkpt lat="48.43196" lon="10.35882">
    <name>TP3913</name>
  </trkpt>
  <trkpt lat="48.43197" lon="10.35855">
    <name>TP3914</name>
  </trkpt>
  <trkpt lat="48.43197" lon="10.35838">
    <name>TP3915</name>
  </trkpt>
  <trkpt lat="48.43198" lon="10.35818">
    <name>TP3916</name>
  </trkpt>
  <trkpt lat="48.43198" lon="10.358">
    <name>TP3917</name>
  </trkpt>
  <trkpt lat="48.43199" lon="10.35765">
    <name>TP3918</name>
  </trkpt>
  <trkpt lat="48.432" lon="10.35748">
    <name>TP3919</name>
  </trkpt>
  <trkpt lat="48.432" lon="10.35746">
    <name>TP3920</name>
  </trkpt>
  <trkpt lat="48.43201" lon="10.35709">
    <name>TP3921</name>
  </trkpt>
  <trkpt lat="48.43202" lon="10.35693">
    <name>TP3922</name>
  </trkpt>
  <trkpt lat="48.43204" lon="10.35616">
    <name>TP3923</name>
  </trkpt>
  <trkpt lat="48.43206" lon="10.35572">
    <name>TP3924</name>
  </trkpt>
  <trkpt lat="48.43208" lon="10.35521">
    <name>TP3925</name>
  </trkpt>
  <trkpt lat="48.43209" lon="10.35504">
    <name>TP3926</name>
  </trkpt>
  <trkpt lat="48.43212" lon="10.35427">
    <name>TP3927</name>
  </trkpt>
  <trkpt lat="48.43214" lon="10.35401">
    <name>TP3928</name>
  </trkpt>
  <trkpt lat="48.43217" lon="10.35328">
    <name>TP3929</name>
  </trkpt>
  <trkpt lat="48.4322" lon="10.35274">
    <name>TP3930</name>
  </trkpt>
  <trkpt lat="48.43224" lon="10.35212">
    <name>TP3931</name>
  </trkpt>
  <trkpt lat="48.43224" lon="10.35211">
    <name>TP3932</name>
  </trkpt>
  <trkpt lat="48.43228" lon="10.35149">
    <name>TP3933</name>
  </trkpt>
  <trkpt lat="48.4323" lon="10.3513">
    <name>TP3934</name>
  </trkpt>
  <trkpt lat="48.43233" lon="10.35084">
    <name>TP3935</name>
  </trkpt>
  <trkpt lat="48.43234" lon="10.35077">
    <name>TP3936</name>
  </trkpt>
  <trkpt lat="48.43237" lon="10.35036">
    <name>TP3937</name>
  </trkpt>
  <trkpt lat="48.43241" lon="10.34987">
    <name>TP3938</name>
  </trkpt>
  <trkpt lat="48.43242" lon="10.34969">
    <name>TP3939</name>
  </trkpt>
  <trkpt lat="48.43245" lon="10.34942">
    <name>TP3940</name>
  </trkpt>
  <trkpt lat="48.43247" lon="10.34916">
    <name>TP3941</name>
  </trkpt>
  <trkpt lat="48.43247" lon="10.34915">
    <name>TP3942</name>
  </trkpt>
  <trkpt lat="48.43252" lon="10.34861">
    <name>TP3943</name>
  </trkpt>
  <trkpt lat="48.43254" lon="10.34841">
    <name>TP3944</name>
  </trkpt>
  <trkpt lat="48.43254" lon="10.34835">
    <name>TP3945</name>
  </trkpt>
  <trkpt lat="48.43257" lon="10.34808">
    <name>TP3946</name>
  </trkpt>
  <trkpt lat="48.4326" lon="10.34773">
    <name>TP3947</name>
  </trkpt>
  <trkpt lat="48.43262" lon="10.34755">
    <name>TP3948</name>
  </trkpt>
  <trkpt lat="48.43262" lon="10.34754">
    <name>TP3949</name>
  </trkpt>
  <trkpt lat="48.43265" lon="10.34727">
    <name>TP3950</name>
  </trkpt>
  <trkpt lat="48.43266" lon="10.34718">
    <name>TP3951</name>
  </trkpt>
  <trkpt lat="48.43268" lon="10.34701">
    <name>TP3952</name>
  </trkpt>
  <trkpt lat="48.43271" lon="10.34674">
    <name>TP3953</name>
  </trkpt>
  <trkpt lat="48.43276" lon="10.34624">
    <name>TP3954</name>
  </trkpt>
  <trkpt lat="48.4328" lon="10.34594">
    <name>TP3955</name>
  </trkpt>
  <trkpt lat="48.43283" lon="10.34567">
    <name>TP3956</name>
  </trkpt>
  <trkpt lat="48.43291" lon="10.34503">
    <name>TP3957</name>
  </trkpt>
  <trkpt lat="48.43296" lon="10.3446">
    <name>TP3958</name>
  </trkpt>
  <trkpt lat="48.433" lon="10.34434">
    <name>TP3959</name>
  </trkpt>
  <trkpt lat="48.43303" lon="10.34408">
    <name>TP3960</name>
  </trkpt>
  <trkpt lat="48.43303" lon="10.34407">
    <name>TP3961</name>
  </trkpt>
  <trkpt lat="48.43306" lon="10.34384">
    <name>TP3962</name>
  </trkpt>
  <trkpt lat="48.43307" lon="10.34381">
    <name>TP3963</name>
  </trkpt>
  <trkpt lat="48.43314" lon="10.34328">
    <name>TP3964</name>
  </trkpt>
  <trkpt lat="48.43317" lon="10.34312">
    <name>TP3965</name>
  </trkpt>
  <trkpt lat="48.43318" lon="10.34301">
    <name>TP3966</name>
  </trkpt>
  <trkpt lat="48.43326" lon="10.34249">
    <name>TP3967</name>
  </trkpt>
  <trkpt lat="48.4333" lon="10.34222">
    <name>TP3968</name>
  </trkpt>
  <trkpt lat="48.43334" lon="10.34195">
    <name>TP3969</name>
  </trkpt>
  <trkpt lat="48.43334" lon="10.34192">
    <name>TP3970</name>
  </trkpt>
  <trkpt lat="48.43346" lon="10.34121">
    <name>TP3971</name>
  </trkpt>
  <trkpt lat="48.43352" lon="10.34081">
    <name>TP3972</name>
  </trkpt>
  <trkpt lat="48.43355" lon="10.34064">
    <name>TP3973</name>
  </trkpt>
  <trkpt lat="48.43358" lon="10.34046">
    <name>TP3974</name>
  </trkpt>
  <trkpt lat="48.43361" lon="10.34028">
    <name>TP3975</name>
  </trkpt>
  <trkpt lat="48.43366" lon="10.34002">
    <name>TP3976</name>
  </trkpt>
  <trkpt lat="48.43379" lon="10.33925">
    <name>TP3977</name>
  </trkpt>
  <trkpt lat="48.4338" lon="10.3392">
    <name>TP3978</name>
  </trkpt>
  <trkpt lat="48.43385" lon="10.33894">
    <name>TP3979</name>
  </trkpt>
  <trkpt lat="48.4339" lon="10.33868">
    <name>TP3980</name>
  </trkpt>
  <trkpt lat="48.43391" lon="10.33859">
    <name>TP3981</name>
  </trkpt>
  <trkpt lat="48.43404" lon="10.33789">
    <name>TP3982</name>
  </trkpt>
  <trkpt lat="48.43407" lon="10.33772">
    <name>TP3983</name>
  </trkpt>
  <trkpt lat="48.4341" lon="10.3376">
    <name>TP3984</name>
  </trkpt>
  <trkpt lat="48.43414" lon="10.33737">
    <name>TP3985</name>
  </trkpt>
  <trkpt lat="48.43423" lon="10.33691">
    <name>TP3986</name>
  </trkpt>
  <trkpt lat="48.43433" lon="10.33642">
    <name>TP3987</name>
  </trkpt>
  <trkpt lat="48.43443" lon="10.33597">
    <name>TP3988</name>
  </trkpt>
  <trkpt lat="48.43453" lon="10.3355">
    <name>TP3989</name>
  </trkpt>
  <trkpt lat="48.43463" lon="10.33502">
    <name>TP3990</name>
  </trkpt>
  <trkpt lat="48.43484" lon="10.33409">
    <name>TP3991</name>
  </trkpt>
  <trkpt lat="48.43495" lon="10.33363">
    <name>TP3992</name>
  </trkpt>
  <trkpt lat="48.43507" lon="10.33313">
    <name>TP3993</name>
  </trkpt>
  <trkpt lat="48.43516" lon="10.33274">
    <name>TP3994</name>
  </trkpt>
  <trkpt lat="48.43527" lon="10.3323">
    <name>TP3995</name>
  </trkpt>
  <trkpt lat="48.43529" lon="10.33222">
    <name>TP3996</name>
  </trkpt>
  <trkpt lat="48.43533" lon="10.33204">
    <name>TP3997</name>
  </trkpt>
  <trkpt lat="48.43555" lon="10.33115">
    <name>TP3998</name>
  </trkpt>
  <trkpt lat="48.43577" lon="10.33022">
    <name>TP3999</name>
  </trkpt>
  <trkpt lat="48.43584" lon="10.32992">
    <name>TP4000</name>
  </trkpt>
  <trkpt lat="48.43589" lon="10.32969">
    <name>TP4001</name>
  </trkpt>
  <trkpt lat="48.43594" lon="10.32946">
    <name>TP4002</name>
  </trkpt>
  <trkpt lat="48.43603" lon="10.32907">
    <name>TP4003</name>
  </trkpt>
  <trkpt lat="48.43612" lon="10.32866">
    <name>TP4004</name>
  </trkpt>
  <trkpt lat="48.43617" lon="10.32838">
    <name>TP4005</name>
  </trkpt>
  <trkpt lat="48.43621" lon="10.3282">
    <name>TP4006</name>
  </trkpt>
  <trkpt lat="48.43632" lon="10.32764">
    <name>TP4007</name>
  </trkpt>
  <trkpt lat="48.43636" lon="10.32741">
    <name>TP4008</name>
  </trkpt>
  <trkpt lat="48.43639" lon="10.32725">
    <name>TP4009</name>
  </trkpt>
  <trkpt lat="48.43642" lon="10.32703">
    <name>TP4010</name>
  </trkpt>
  <trkpt lat="48.43645" lon="10.32688">
    <name>TP4011</name>
  </trkpt>
  <trkpt lat="48.4365" lon="10.32657">
    <name>TP4012</name>
  </trkpt>
  <trkpt lat="48.43654" lon="10.32633">
    <name>TP4013</name>
  </trkpt>
  <trkpt lat="48.43658" lon="10.32604">
    <name>TP4014</name>
  </trkpt>
  <trkpt lat="48.43663" lon="10.32569">
    <name>TP4015</name>
  </trkpt>
  <trkpt lat="48.4367" lon="10.32521">
    <name>TP4016</name>
  </trkpt>
  <trkpt lat="48.43676" lon="10.32475">
    <name>TP4017</name>
  </trkpt>
  <trkpt lat="48.43677" lon="10.32467">
    <name>TP4018</name>
  </trkpt>
  <trkpt lat="48.4368" lon="10.32437">
    <name>TP4019</name>
  </trkpt>
  <trkpt lat="48.43682" lon="10.32419">
    <name>TP4020</name>
  </trkpt>
  <trkpt lat="48.43685" lon="10.32394">
    <name>TP4021</name>
  </trkpt>
  <trkpt lat="48.4369" lon="10.32346">
    <name>TP4022</name>
  </trkpt>
  <trkpt lat="48.43694" lon="10.32298">
    <name>TP4023</name>
  </trkpt>
  <trkpt lat="48.43699" lon="10.32234">
    <name>TP4024</name>
  </trkpt>
  <trkpt lat="48.43699" lon="10.32231">
    <name>TP4025</name>
  </trkpt>
  <trkpt lat="48.43701" lon="10.32204">
    <name>TP4026</name>
  </trkpt>
  <trkpt lat="48.43703" lon="10.32185">
    <name>TP4027</name>
  </trkpt>
  <trkpt lat="48.43706" lon="10.32128">
    <name>TP4028</name>
  </trkpt>
  <trkpt lat="48.43708" lon="10.32079">
    <name>TP4029</name>
  </trkpt>
  <trkpt lat="48.43711" lon="10.32015">
    <name>TP4030</name>
  </trkpt>
  <trkpt lat="48.43711" lon="10.31994">
    <name>TP4031</name>
  </trkpt>
  <trkpt lat="48.43712" lon="10.31976">
    <name>TP4032</name>
  </trkpt>
  <trkpt lat="48.43712" lon="10.31957">
    <name>TP4033</name>
  </trkpt>
  <trkpt lat="48.43713" lon="10.31941">
    <name>TP4034</name>
  </trkpt>
  <trkpt lat="48.43713" lon="10.31893">
    <name>TP4035</name>
  </trkpt>
  <trkpt lat="48.43713" lon="10.31836">
    <name>TP4036</name>
  </trkpt>
  <trkpt lat="48.43713" lon="10.318">
    <name>TP4037</name>
  </trkpt>
  <trkpt lat="48.43712" lon="10.31758">
    <name>TP4038</name>
  </trkpt>
  <trkpt lat="48.43711" lon="10.31699">
    <name>TP4039</name>
  </trkpt>
  <trkpt lat="48.43709" lon="10.31671">
    <name>TP4040</name>
  </trkpt>
  <trkpt lat="48.43709" lon="10.31649">
    <name>TP4041</name>
  </trkpt>
  <trkpt lat="48.43706" lon="10.31601">
    <name>TP4042</name>
  </trkpt>
  <trkpt lat="48.43705" lon="10.31577">
    <name>TP4043</name>
  </trkpt>
  <trkpt lat="48.43703" lon="10.31552">
    <name>TP4044</name>
  </trkpt>
  <trkpt lat="48.43701" lon="10.31519">
    <name>TP4045</name>
  </trkpt>
  <trkpt lat="48.43699" lon="10.3148">
    <name>TP4046</name>
  </trkpt>
  <trkpt lat="48.43696" lon="10.31447">
    <name>TP4047</name>
  </trkpt>
  <trkpt lat="48.43694" lon="10.31421">
    <name>TP4048</name>
  </trkpt>
  <trkpt lat="48.43693" lon="10.31412">
    <name>TP4049</name>
  </trkpt>
  <trkpt lat="48.4369" lon="10.31385">
    <name>TP4050</name>
  </trkpt>
  <trkpt lat="48.4369" lon="10.31382">
    <name>TP4051</name>
  </trkpt>
  <trkpt lat="48.43684" lon="10.31325">
    <name>TP4052</name>
  </trkpt>
  <trkpt lat="48.4368" lon="10.31286">
    <name>TP4053</name>
  </trkpt>
  <trkpt lat="48.43677" lon="10.31262">
    <name>TP4054</name>
  </trkpt>
  <trkpt lat="48.43676" lon="10.31252">
    <name>TP4055</name>
  </trkpt>
  <trkpt lat="48.43673" lon="10.31231">
    <name>TP4056</name>
  </trkpt>
  <trkpt lat="48.43672" lon="10.31225">
    <name>TP4057</name>
  </trkpt>
  <trkpt lat="48.43671" lon="10.31216">
    <name>TP4058</name>
  </trkpt>
  <trkpt lat="48.4367" lon="10.31202">
    <name>TP4059</name>
  </trkpt>
  <trkpt lat="48.43668" lon="10.3119">
    <name>TP4060</name>
  </trkpt>
  <trkpt lat="48.43662" lon="10.31145">
    <name>TP4061</name>
  </trkpt>
  <trkpt lat="48.43658" lon="10.31119">
    <name>TP4062</name>
  </trkpt>
  <trkpt lat="48.43656" lon="10.3111">
    <name>TP4063</name>
  </trkpt>
  <trkpt lat="48.43654" lon="10.31095">
    <name>TP4064</name>
  </trkpt>
  <trkpt lat="48.43649" lon="10.31063">
    <name>TP4065</name>
  </trkpt>
  <trkpt lat="48.43645" lon="10.31039">
    <name>TP4066</name>
  </trkpt>
  <trkpt lat="48.43641" lon="10.31015">
    <name>TP4067</name>
  </trkpt>
  <trkpt lat="48.43636" lon="10.30989">
    <name>TP4068</name>
  </trkpt>
  <trkpt lat="48.4363" lon="10.30957">
    <name>TP4069</name>
  </trkpt>
  <trkpt lat="48.43624" lon="10.30921">
    <name>TP4070</name>
  </trkpt>
  <trkpt lat="48.43621" lon="10.30909">
    <name>TP4071</name>
  </trkpt>
  <trkpt lat="48.43619" lon="10.309">
    <name>TP4072</name>
  </trkpt>
  <trkpt lat="48.43616" lon="10.30883">
    <name>TP4073</name>
  </trkpt>
  <trkpt lat="48.43614" lon="10.30875">
    <name>TP4074</name>
  </trkpt>
  <trkpt lat="48.43604" lon="10.30828">
    <name>TP4075</name>
  </trkpt>
  <trkpt lat="48.43597" lon="10.30794">
    <name>TP4076</name>
  </trkpt>
  <trkpt lat="48.43589" lon="10.30759">
    <name>TP4077</name>
  </trkpt>
  <trkpt lat="48.43586" lon="10.30745">
    <name>TP4078</name>
  </trkpt>
  <trkpt lat="48.43582" lon="10.30729">
    <name>TP4079</name>
  </trkpt>
  <trkpt lat="48.43578" lon="10.30714">
    <name>TP4080</name>
  </trkpt>
  <trkpt lat="48.43563" lon="10.30653">
    <name>TP4081</name>
  </trkpt>
  <trkpt lat="48.43558" lon="10.30633">
    <name>TP4082</name>
  </trkpt>
  <trkpt lat="48.43544" lon="10.30577">
    <name>TP4083</name>
  </trkpt>
  <trkpt lat="48.43543" lon="10.30576">
    <name>TP4084</name>
  </trkpt>
  <trkpt lat="48.43541" lon="10.30568">
    <name>TP4085</name>
  </trkpt>
  <trkpt lat="48.43525" lon="10.30508">
    <name>TP4086</name>
  </trkpt>
  <trkpt lat="48.43517" lon="10.30476">
    <name>TP4087</name>
  </trkpt>
  <trkpt lat="48.4351" lon="10.30451">
    <name>TP4088</name>
  </trkpt>
  <trkpt lat="48.43501" lon="10.30418">
    <name>TP4089</name>
  </trkpt>
  <trkpt lat="48.435" lon="10.30413">
    <name>TP4090</name>
  </trkpt>
  <trkpt lat="48.43495" lon="10.30396">
    <name>TP4091</name>
  </trkpt>
  <trkpt lat="48.43484" lon="10.30354">
    <name>TP4092</name>
  </trkpt>
  <trkpt lat="48.43471" lon="10.30308">
    <name>TP4093</name>
  </trkpt>
  <trkpt lat="48.43459" lon="10.30262">
    <name>TP4094</name>
  </trkpt>
  <trkpt lat="48.43458" lon="10.30259">
    <name>TP4095</name>
  </trkpt>
  <trkpt lat="48.43448" lon="10.3022">
    <name>TP4096</name>
  </trkpt>
  <trkpt lat="48.43447" lon="10.30217">
    <name>TP4097</name>
  </trkpt>
  <trkpt lat="48.43435" lon="10.30172">
    <name>TP4098</name>
  </trkpt>
  <trkpt lat="48.43423" lon="10.30127">
    <name>TP4099</name>
  </trkpt>
  <trkpt lat="48.43411" lon="10.30085">
    <name>TP4100</name>
  </trkpt>
  <trkpt lat="48.4341" lon="10.30081">
    <name>TP4101</name>
  </trkpt>
  <trkpt lat="48.43398" lon="10.30036">
    <name>TP4102</name>
  </trkpt>
  <trkpt lat="48.43386" lon="10.29992">
    <name>TP4103</name>
  </trkpt>
  <trkpt lat="48.4338" lon="10.29969">
    <name>TP4104</name>
  </trkpt>
  <trkpt lat="48.43378" lon="10.2996">
    <name>TP4105</name>
  </trkpt>
  <trkpt lat="48.43374" lon="10.29945">
    <name>TP4106</name>
  </trkpt>
  <trkpt lat="48.43373" lon="10.29944">
    <name>TP4107</name>
  </trkpt>
  <trkpt lat="48.43361" lon="10.299">
    <name>TP4108</name>
  </trkpt>
  <trkpt lat="48.43349" lon="10.29855">
    <name>TP4109</name>
  </trkpt>
  <trkpt lat="48.43349" lon="10.29853">
    <name>TP4110</name>
  </trkpt>
  <trkpt lat="48.43331" lon="10.29786">
    <name>TP4111</name>
  </trkpt>
  <trkpt lat="48.4332" lon="10.29744">
    <name>TP4112</name>
  </trkpt>
  <trkpt lat="48.43254" lon="10.29499">
    <name>TP4113</name>
  </trkpt>
  <trkpt lat="48.43249" lon="10.29484">
    <name>TP4114</name>
  </trkpt>
  <trkpt lat="48.43236" lon="10.29434">
    <name>TP4115</name>
  </trkpt>
  <trkpt lat="48.43234" lon="10.29427">
    <name>TP4116</name>
  </trkpt>
  <trkpt lat="48.43227" lon="10.29399">
    <name>TP4117</name>
  </trkpt>
  <trkpt lat="48.43221" lon="10.29377">
    <name>TP4118</name>
  </trkpt>
  <trkpt lat="48.43219" lon="10.29371">
    <name>TP4119</name>
  </trkpt>
  <trkpt lat="48.43208" lon="10.29331">
    <name>TP4120</name>
  </trkpt>
  <trkpt lat="48.43208" lon="10.2933">
    <name>TP4121</name>
  </trkpt>
  <trkpt lat="48.43195" lon="10.2928">
    <name>TP4122</name>
  </trkpt>
  <trkpt lat="48.43178" lon="10.29218">
    <name>TP4123</name>
  </trkpt>
  <trkpt lat="48.43171" lon="10.29192">
    <name>TP4124</name>
  </trkpt>
  <trkpt lat="48.4317" lon="10.29188">
    <name>TP4125</name>
  </trkpt>
  <trkpt lat="48.43155" lon="10.29131">
    <name>TP4126</name>
  </trkpt>
  <trkpt lat="48.43144" lon="10.29087">
    <name>TP4127</name>
  </trkpt>
  <trkpt lat="48.43138" lon="10.29061">
    <name>TP4128</name>
  </trkpt>
  <trkpt lat="48.43133" lon="10.2904">
    <name>TP4129</name>
  </trkpt>
  <trkpt lat="48.43133" lon="10.29038">
    <name>TP4130</name>
  </trkpt>
  <trkpt lat="48.43127" lon="10.29016">
    <name>TP4131</name>
  </trkpt>
  <trkpt lat="48.43122" lon="10.28992">
    <name>TP4132</name>
  </trkpt>
  <trkpt lat="48.43117" lon="10.28969">
    <name>TP4133</name>
  </trkpt>
  <trkpt lat="48.43117" lon="10.28966">
    <name>TP4134</name>
  </trkpt>
  <trkpt lat="48.43112" lon="10.28946">
    <name>TP4135</name>
  </trkpt>
  <trkpt lat="48.43103" lon="10.289">
    <name>TP4136</name>
  </trkpt>
  <trkpt lat="48.43099" lon="10.28877">
    <name>TP4137</name>
  </trkpt>
  <trkpt lat="48.43095" lon="10.28857">
    <name>TP4138</name>
  </trkpt>
  <trkpt lat="48.43092" lon="10.28837">
    <name>TP4139</name>
  </trkpt>
  <trkpt lat="48.43086" lon="10.28804">
    <name>TP4140</name>
  </trkpt>
  <trkpt lat="48.43082" lon="10.28779">
    <name>TP4141</name>
  </trkpt>
  <trkpt lat="48.43079" lon="10.28762">
    <name>TP4142</name>
  </trkpt>
  <trkpt lat="48.43074" lon="10.28732">
    <name>TP4143</name>
  </trkpt>
  <trkpt lat="48.43064" lon="10.28665">
    <name>TP4144</name>
  </trkpt>
  <trkpt lat="48.43063" lon="10.28653">
    <name>TP4145</name>
  </trkpt>
  <trkpt lat="48.4306" lon="10.2863">
    <name>TP4146</name>
  </trkpt>
  <trkpt lat="48.43056" lon="10.28598">
    <name>TP4147</name>
  </trkpt>
  <trkpt lat="48.43055" lon="10.28593">
    <name>TP4148</name>
  </trkpt>
  <trkpt lat="48.4305" lon="10.28543">
    <name>TP4149</name>
  </trkpt>
  <trkpt lat="48.43048" lon="10.28527">
    <name>TP4150</name>
  </trkpt>
  <trkpt lat="48.43047" lon="10.28509">
    <name>TP4151</name>
  </trkpt>
  <trkpt lat="48.43045" lon="10.28491">
    <name>TP4152</name>
  </trkpt>
  <trkpt lat="48.43044" lon="10.28476">
    <name>TP4153</name>
  </trkpt>
  <trkpt lat="48.43042" lon="10.28452">
    <name>TP4154</name>
  </trkpt>
  <trkpt lat="48.4304" lon="10.28436">
    <name>TP4155</name>
  </trkpt>
  <trkpt lat="48.43038" lon="10.2841">
    <name>TP4156</name>
  </trkpt>
  <trkpt lat="48.43037" lon="10.28385">
    <name>TP4157</name>
  </trkpt>
  <trkpt lat="48.43033" lon="10.28332">
    <name>TP4158</name>
  </trkpt>
  <trkpt lat="48.43032" lon="10.283">
    <name>TP4159</name>
  </trkpt>
  <trkpt lat="48.4303" lon="10.2825">
    <name>TP4160</name>
  </trkpt>
  <trkpt lat="48.43026" lon="10.28167">
    <name>TP4161</name>
  </trkpt>
  <trkpt lat="48.43025" lon="10.28119">
    <name>TP4162</name>
  </trkpt>
  <trkpt lat="48.43023" lon="10.28039">
    <name>TP4163</name>
  </trkpt>
  <trkpt lat="48.43022" lon="10.27979">
    <name>TP4164</name>
  </trkpt>
  <trkpt lat="48.43019" lon="10.27891">
    <name>TP4165</name>
  </trkpt>
  <trkpt lat="48.43017" lon="10.27827">
    <name>TP4166</name>
  </trkpt>
  <trkpt lat="48.43017" lon="10.278">
    <name>TP4167</name>
  </trkpt>
  <trkpt lat="48.43016" lon="10.27773">
    <name>TP4168</name>
  </trkpt>
  <trkpt lat="48.43016" lon="10.27772">
    <name>TP4169</name>
  </trkpt>
  <trkpt lat="48.43016" lon="10.2777">
    <name>TP4170</name>
  </trkpt>
  <trkpt lat="48.43015" lon="10.27717">
    <name>TP4171</name>
  </trkpt>
  <trkpt lat="48.43014" lon="10.27691">
    <name>TP4172</name>
  </trkpt>
  <trkpt lat="48.43013" lon="10.27676">
    <name>TP4173</name>
  </trkpt>
  <trkpt lat="48.43013" lon="10.27664">
    <name>TP4174</name>
  </trkpt>
  <trkpt lat="48.43012" lon="10.27638">
    <name>TP4175</name>
  </trkpt>
  <trkpt lat="48.43011" lon="10.27575">
    <name>TP4176</name>
  </trkpt>
  <trkpt lat="48.4301" lon="10.27548">
    <name>TP4177</name>
  </trkpt>
  <trkpt lat="48.43009" lon="10.27496">
    <name>TP4178</name>
  </trkpt>
  <trkpt lat="48.43009" lon="10.27488">
    <name>TP4179</name>
  </trkpt>
  <trkpt lat="48.43008" lon="10.27475">
    <name>TP4180</name>
  </trkpt>
  <trkpt lat="48.43008" lon="10.27458">
    <name>TP4181</name>
  </trkpt>
  <trkpt lat="48.43007" lon="10.27434">
    <name>TP4182</name>
  </trkpt>
  <trkpt lat="48.43006" lon="10.27399">
    <name>TP4183</name>
  </trkpt>
  <trkpt lat="48.43005" lon="10.27362">
    <name>TP4184</name>
  </trkpt>
  <trkpt lat="48.43004" lon="10.27318">
    <name>TP4185</name>
  </trkpt>
  <trkpt lat="48.43003" lon="10.27274">
    <name>TP4186</name>
  </trkpt>
  <trkpt lat="48.43003" lon="10.27266">
    <name>TP4187</name>
  </trkpt>
  <trkpt lat="48.43002" lon="10.27216">
    <name>TP4188</name>
  </trkpt>
  <trkpt lat="48.43002" lon="10.27192">
    <name>TP4189</name>
  </trkpt>
  <trkpt lat="48.43001" lon="10.27168">
    <name>TP4190</name>
  </trkpt>
  <trkpt lat="48.43" lon="10.27144">
    <name>TP4191</name>
  </trkpt>
  <trkpt lat="48.43" lon="10.2712">
    <name>TP4192</name>
  </trkpt>
  <trkpt lat="48.42999" lon="10.27096">
    <name>TP4193</name>
  </trkpt>
  <trkpt lat="48.42999" lon="10.27095">
    <name>TP4194</name>
  </trkpt>
  <trkpt lat="48.42999" lon="10.2708">
    <name>TP4195</name>
  </trkpt>
  <trkpt lat="48.42999" lon="10.27071">
    <name>TP4196</name>
  </trkpt>
  <trkpt lat="48.42998" lon="10.27047">
    <name>TP4197</name>
  </trkpt>
  <trkpt lat="48.42998" lon="10.27023">
    <name>TP4198</name>
  </trkpt>
  <trkpt lat="48.42997" lon="10.26999">
    <name>TP4199</name>
  </trkpt>
  <trkpt lat="48.42997" lon="10.26975">
    <name>TP4200</name>
  </trkpt>
  <trkpt lat="48.42996" lon="10.2695">
    <name>TP4201</name>
  </trkpt>
  <trkpt lat="48.42996" lon="10.26932">
    <name>TP4202</name>
  </trkpt>
  <trkpt lat="48.42995" lon="10.26918">
    <name>TP4203</name>
  </trkpt>
  <trkpt lat="48.42995" lon="10.26905">
    <name>TP4204</name>
  </trkpt>
  <trkpt lat="48.42995" lon="10.26901">
    <name>TP4205</name>
  </trkpt>
  <trkpt lat="48.42995" lon="10.26877">
    <name>TP4206</name>
  </trkpt>
  <trkpt lat="48.42994" lon="10.26853">
    <name>TP4207</name>
  </trkpt>
  <trkpt lat="48.42993" lon="10.26829">
    <name>TP4208</name>
  </trkpt>
  <trkpt lat="48.42993" lon="10.26804">
    <name>TP4209</name>
  </trkpt>
  <trkpt lat="48.42992" lon="10.2678">
    <name>TP4210</name>
  </trkpt>
  <trkpt lat="48.42992" lon="10.2677">
    <name>TP4211</name>
  </trkpt>
  <trkpt lat="48.42991" lon="10.26756">
    <name>TP4212</name>
  </trkpt>
  <trkpt lat="48.42991" lon="10.26755">
    <name>TP4213</name>
  </trkpt>
  <trkpt lat="48.42991" lon="10.26743">
    <name>TP4214</name>
  </trkpt>
  <trkpt lat="48.4299" lon="10.26694">
    <name>TP4215</name>
  </trkpt>
  <trkpt lat="48.42989" lon="10.26659">
    <name>TP4216</name>
  </trkpt>
  <trkpt lat="48.42988" lon="10.2662">
    <name>TP4217</name>
  </trkpt>
  <trkpt lat="48.42987" lon="10.26607">
    <name>TP4218</name>
  </trkpt>
  <trkpt lat="48.42987" lon="10.26593">
    <name>TP4219</name>
  </trkpt>
  <trkpt lat="48.42986" lon="10.2658">
    <name>TP4220</name>
  </trkpt>
  <trkpt lat="48.42984" lon="10.265">
    <name>TP4221</name>
  </trkpt>
  <trkpt lat="48.42982" lon="10.26466">
    <name>TP4222</name>
  </trkpt>
  <trkpt lat="48.42982" lon="10.26457">
    <name>TP4223</name>
  </trkpt>
  <trkpt lat="48.42982" lon="10.26445">
    <name>TP4224</name>
  </trkpt>
  <trkpt lat="48.42981" lon="10.26417">
    <name>TP4225</name>
  </trkpt>
  <trkpt lat="48.4298" lon="10.26393">
    <name>TP4226</name>
  </trkpt>
  <trkpt lat="48.42978" lon="10.26337">
    <name>TP4227</name>
  </trkpt>
  <trkpt lat="48.42978" lon="10.26322">
    <name>TP4228</name>
  </trkpt>
  <trkpt lat="48.42977" lon="10.26312">
    <name>TP4229</name>
  </trkpt>
  <trkpt lat="48.42976" lon="10.26282">
    <name>TP4230</name>
  </trkpt>
  <trkpt lat="48.42976" lon="10.2627">
    <name>TP4231</name>
  </trkpt>
  <trkpt lat="48.42974" lon="10.26223">
    <name>TP4232</name>
  </trkpt>
  <trkpt lat="48.42973" lon="10.26198">
    <name>TP4233</name>
  </trkpt>
  <trkpt lat="48.42972" lon="10.26151">
    <name>TP4234</name>
  </trkpt>
  <trkpt lat="48.4297" lon="10.26079">
    <name>TP4235</name>
  </trkpt>
  <trkpt lat="48.42969" lon="10.26054">
    <name>TP4236</name>
  </trkpt>
  <trkpt lat="48.42968" lon="10.26017">
    <name>TP4237</name>
  </trkpt>
  <trkpt lat="48.42966" lon="10.25954">
    <name>TP4238</name>
  </trkpt>
  <trkpt lat="48.42966" lon="10.25932">
    <name>TP4239</name>
  </trkpt>
  <trkpt lat="48.42965" lon="10.25908">
    <name>TP4240</name>
  </trkpt>
  <trkpt lat="48.42965" lon="10.25889">
    <name>TP4241</name>
  </trkpt>
  <trkpt lat="48.42964" lon="10.25876">
    <name>TP4242</name>
  </trkpt>
  <trkpt lat="48.42964" lon="10.25859">
    <name>TP4243</name>
  </trkpt>
  <trkpt lat="48.42964" lon="10.25849">
    <name>TP4244</name>
  </trkpt>
  <trkpt lat="48.42963" lon="10.25835">
    <name>TP4245</name>
  </trkpt>
  <trkpt lat="48.42962" lon="10.25787">
    <name>TP4246</name>
  </trkpt>
  <trkpt lat="48.42961" lon="10.25762">
    <name>TP4247</name>
  </trkpt>
  <trkpt lat="48.42961" lon="10.25738">
    <name>TP4248</name>
  </trkpt>
  <trkpt lat="48.4296" lon="10.25713">
    <name>TP4249</name>
  </trkpt>
  <trkpt lat="48.42958" lon="10.25665">
    <name>TP4250</name>
  </trkpt>
  <trkpt lat="48.42958" lon="10.25642">
    <name>TP4251</name>
  </trkpt>
  <trkpt lat="48.42957" lon="10.25604">
    <name>TP4252</name>
  </trkpt>
  <trkpt lat="48.42956" lon="10.25578">
    <name>TP4253</name>
  </trkpt>
  <trkpt lat="48.42955" lon="10.25552">
    <name>TP4254</name>
  </trkpt>
  <trkpt lat="48.42955" lon="10.25527">
    <name>TP4255</name>
  </trkpt>
  <trkpt lat="48.42954" lon="10.25497">
    <name>TP4256</name>
  </trkpt>
  <trkpt lat="48.42949" lon="10.25331">
    <name>TP4257</name>
  </trkpt>
  <trkpt lat="48.42948" lon="10.2531">
    <name>TP4258</name>
  </trkpt>
  <trkpt lat="48.42947" lon="10.25269">
    <name>TP4259</name>
  </trkpt>
  <trkpt lat="48.42946" lon="10.25245">
    <name>TP4260</name>
  </trkpt>
  <trkpt lat="48.42946" lon="10.25242">
    <name>TP4261</name>
  </trkpt>
  <trkpt lat="48.42946" lon="10.25223">
    <name>TP4262</name>
  </trkpt>
  <trkpt lat="48.42946" lon="10.25221">
    <name>TP4263</name>
  </trkpt>
  <trkpt lat="48.42945" lon="10.25199">
    <name>TP4264</name>
  </trkpt>
  <trkpt lat="48.42944" lon="10.25172">
    <name>TP4265</name>
  </trkpt>
  <trkpt lat="48.42943" lon="10.2514">
    <name>TP4266</name>
  </trkpt>
  <trkpt lat="48.42943" lon="10.25115">
    <name>TP4267</name>
  </trkpt>
  <trkpt lat="48.42943" lon="10.25107">
    <name>TP4268</name>
  </trkpt>
  <trkpt lat="48.42942" lon="10.25091">
    <name>TP4269</name>
  </trkpt>
  <trkpt lat="48.42941" lon="10.25064">
    <name>TP4270</name>
  </trkpt>
  <trkpt lat="48.42941" lon="10.25036">
    <name>TP4271</name>
  </trkpt>
  <trkpt lat="48.4294" lon="10.2501">
    <name>TP4272</name>
  </trkpt>
  <trkpt lat="48.4294" lon="10.24987">
    <name>TP4273</name>
  </trkpt>
  <trkpt lat="48.42939" lon="10.24962">
    <name>TP4274</name>
  </trkpt>
  <trkpt lat="48.42938" lon="10.24915">
    <name>TP4275</name>
  </trkpt>
  <trkpt lat="48.42937" lon="10.24889">
    <name>TP4276</name>
  </trkpt>
  <trkpt lat="48.42936" lon="10.24842">
    <name>TP4277</name>
  </trkpt>
  <trkpt lat="48.42936" lon="10.24832">
    <name>TP4278</name>
  </trkpt>
  <trkpt lat="48.42936" lon="10.24829">
    <name>TP4279</name>
  </trkpt>
  <trkpt lat="48.42935" lon="10.24805">
    <name>TP4280</name>
  </trkpt>
  <trkpt lat="48.42935" lon="10.24794">
    <name>TP4281</name>
  </trkpt>
  <trkpt lat="48.42934" lon="10.24749">
    <name>TP4282</name>
  </trkpt>
  <trkpt lat="48.42933" lon="10.24716">
    <name>TP4283</name>
  </trkpt>
  <trkpt lat="48.42932" lon="10.24673">
    <name>TP4284</name>
  </trkpt>
  <trkpt lat="48.4293" lon="10.24593">
    <name>TP4285</name>
  </trkpt>
  <trkpt lat="48.42929" lon="10.24559">
    <name>TP4286</name>
  </trkpt>
  <trkpt lat="48.42928" lon="10.24534">
    <name>TP4287</name>
  </trkpt>
  <trkpt lat="48.42928" lon="10.24533">
    <name>TP4288</name>
  </trkpt>
  <trkpt lat="48.42928" lon="10.24507">
    <name>TP4289</name>
  </trkpt>
  <trkpt lat="48.42927" lon="10.245">
    <name>TP4290</name>
  </trkpt>
  <trkpt lat="48.42927" lon="10.24476">
    <name>TP4291</name>
  </trkpt>
  <trkpt lat="48.42925" lon="10.24428">
    <name>TP4292</name>
  </trkpt>
  <trkpt lat="48.42923" lon="10.24344">
    <name>TP4293</name>
  </trkpt>
  <trkpt lat="48.42923" lon="10.24328">
    <name>TP4294</name>
  </trkpt>
  <trkpt lat="48.42922" lon="10.24318">
    <name>TP4295</name>
  </trkpt>
  <trkpt lat="48.42922" lon="10.2429">
    <name>TP4296</name>
  </trkpt>
  <trkpt lat="48.4292" lon="10.24235">
    <name>TP4297</name>
  </trkpt>
  <trkpt lat="48.42915" lon="10.24065">
    <name>TP4298</name>
  </trkpt>
  <trkpt lat="48.42913" lon="10.24014">
    <name>TP4299</name>
  </trkpt>
  <trkpt lat="48.42912" lon="10.23985">
    <name>TP4300</name>
  </trkpt>
  <trkpt lat="48.42912" lon="10.23969">
    <name>TP4301</name>
  </trkpt>
  <trkpt lat="48.4291" lon="10.23912">
    <name>TP4302</name>
  </trkpt>
  <trkpt lat="48.4291" lon="10.23911">
    <name>TP4303</name>
  </trkpt>
  <trkpt lat="48.4291" lon="10.23886">
    <name>TP4304</name>
  </trkpt>
  <trkpt lat="48.42908" lon="10.23816">
    <name>TP4305</name>
  </trkpt>
  <trkpt lat="48.42906" lon="10.23775">
    <name>TP4306</name>
  </trkpt>
  <trkpt lat="48.42905" lon="10.23728">
    <name>TP4307</name>
  </trkpt>
  <trkpt lat="48.42903" lon="10.23655">
    <name>TP4308</name>
  </trkpt>
  <trkpt lat="48.42902" lon="10.23629">
    <name>TP4309</name>
  </trkpt>
  <trkpt lat="48.42902" lon="10.23609">
    <name>TP4310</name>
  </trkpt>
  <trkpt lat="48.42901" lon="10.23583">
    <name>TP4311</name>
  </trkpt>
  <trkpt lat="48.42901" lon="10.23559">
    <name>TP4312</name>
  </trkpt>
  <trkpt lat="48.429" lon="10.23534">
    <name>TP4313</name>
  </trkpt>
  <trkpt lat="48.429" lon="10.2351">
    <name>TP4314</name>
  </trkpt>
  <trkpt lat="48.42899" lon="10.23468">
    <name>TP4315</name>
  </trkpt>
  <trkpt lat="48.429" lon="10.23437">
    <name>TP4316</name>
  </trkpt>
  <trkpt lat="48.429" lon="10.2339">
    <name>TP4317</name>
  </trkpt>
  <trkpt lat="48.42901" lon="10.23364">
    <name>TP4318</name>
  </trkpt>
  <trkpt lat="48.42903" lon="10.23316">
    <name>TP4319</name>
  </trkpt>
  <trkpt lat="48.42903" lon="10.23315">
    <name>TP4320</name>
  </trkpt>
  <trkpt lat="48.42904" lon="10.23291">
    <name>TP4321</name>
  </trkpt>
  <trkpt lat="48.42904" lon="10.23288">
    <name>TP4322</name>
  </trkpt>
  <trkpt lat="48.42906" lon="10.23266">
    <name>TP4323</name>
  </trkpt>
  <trkpt lat="48.42909" lon="10.23218">
    <name>TP4324</name>
  </trkpt>
  <trkpt lat="48.42911" lon="10.23193">
    <name>TP4325</name>
  </trkpt>
  <trkpt lat="48.42914" lon="10.23169">
    <name>TP4326</name>
  </trkpt>
  <trkpt lat="48.42916" lon="10.23145">
    <name>TP4327</name>
  </trkpt>
  <trkpt lat="48.42919" lon="10.23119">
    <name>TP4328</name>
  </trkpt>
  <trkpt lat="48.42922" lon="10.23098">
    <name>TP4329</name>
  </trkpt>
  <trkpt lat="48.42925" lon="10.23073">
    <name>TP4330</name>
  </trkpt>
  <trkpt lat="48.42928" lon="10.23051">
    <name>TP4331</name>
  </trkpt>
  <trkpt lat="48.42929" lon="10.23046">
    <name>TP4332</name>
  </trkpt>
  <trkpt lat="48.42932" lon="10.23023">
    <name>TP4333</name>
  </trkpt>
  <trkpt lat="48.42934" lon="10.23006">
    <name>TP4334</name>
  </trkpt>
  <trkpt lat="48.42943" lon="10.22956">
    <name>TP4335</name>
  </trkpt>
  <trkpt lat="48.42947" lon="10.22934">
    <name>TP4336</name>
  </trkpt>
  <trkpt lat="48.42951" lon="10.2291">
    <name>TP4337</name>
  </trkpt>
  <trkpt lat="48.42956" lon="10.22887">
    <name>TP4338</name>
  </trkpt>
  <trkpt lat="48.4296" lon="10.22864">
    <name>TP4339</name>
  </trkpt>
  <trkpt lat="48.4297" lon="10.22817">
    <name>TP4340</name>
  </trkpt>
  <trkpt lat="48.42975" lon="10.22797">
    <name>TP4341</name>
  </trkpt>
  <trkpt lat="48.42978" lon="10.22787">
    <name>TP4342</name>
  </trkpt>
  <trkpt lat="48.42985" lon="10.22757">
    <name>TP4343</name>
  </trkpt>
  <trkpt lat="48.42987" lon="10.22749">
    <name>TP4344</name>
  </trkpt>
  <trkpt lat="48.42995" lon="10.22717">
    <name>TP4345</name>
  </trkpt>
  <trkpt lat="48.42998" lon="10.22705">
    <name>TP4346</name>
  </trkpt>
  <trkpt lat="48.42999" lon="10.22703">
    <name>TP4347</name>
  </trkpt>
  <trkpt lat="48.43003" lon="10.22688">
    <name>TP4348</name>
  </trkpt>
  <trkpt lat="48.43006" lon="10.22678">
    <name>TP4349</name>
  </trkpt>
  <trkpt lat="48.43011" lon="10.2266">
    <name>TP4350</name>
  </trkpt>
  <trkpt lat="48.43017" lon="10.22637">
    <name>TP4351</name>
  </trkpt>
  <trkpt lat="48.43024" lon="10.22615">
    <name>TP4352</name>
  </trkpt>
  <trkpt lat="48.4303" lon="10.22595">
    <name>TP4353</name>
  </trkpt>
  <trkpt lat="48.43033" lon="10.22584">
    <name>TP4354</name>
  </trkpt>
  <trkpt lat="48.43037" lon="10.22571">
    <name>TP4355</name>
  </trkpt>
  <trkpt lat="48.43044" lon="10.22549">
    <name>TP4356</name>
  </trkpt>
  <trkpt lat="48.43052" lon="10.22527">
    <name>TP4357</name>
  </trkpt>
  <trkpt lat="48.43056" lon="10.22515">
    <name>TP4358</name>
  </trkpt>
  <trkpt lat="48.43062" lon="10.22499">
    <name>TP4359</name>
  </trkpt>
  <trkpt lat="48.43064" lon="10.22491">
    <name>TP4360</name>
  </trkpt>
  <trkpt lat="48.43072" lon="10.22467">
    <name>TP4361</name>
  </trkpt>
  <trkpt lat="48.4308" lon="10.22448">
    <name>TP4362</name>
  </trkpt>
  <trkpt lat="48.43082" lon="10.22442">
    <name>TP4363</name>
  </trkpt>
  <trkpt lat="48.43087" lon="10.22429">
    <name>TP4364</name>
  </trkpt>
  <trkpt lat="48.43089" lon="10.22425">
    <name>TP4365</name>
  </trkpt>
  <trkpt lat="48.43096" lon="10.22406">
    <name>TP4366</name>
  </trkpt>
  <trkpt lat="48.43098" lon="10.22401">
    <name>TP4367</name>
  </trkpt>
  <trkpt lat="48.43099" lon="10.22399">
    <name>TP4368</name>
  </trkpt>
  <trkpt lat="48.43116" lon="10.22358">
    <name>TP4369</name>
  </trkpt>
  <trkpt lat="48.43134" lon="10.22318">
    <name>TP4370</name>
  </trkpt>
  <trkpt lat="48.43143" lon="10.22299">
    <name>TP4371</name>
  </trkpt>
  <trkpt lat="48.43146" lon="10.22293">
    <name>TP4372</name>
  </trkpt>
  <trkpt lat="48.43148" lon="10.22288">
    <name>TP4373</name>
  </trkpt>
  <trkpt lat="48.43152" lon="10.22279">
    <name>TP4374</name>
  </trkpt>
  <trkpt lat="48.43162" lon="10.22259">
    <name>TP4375</name>
  </trkpt>
  <trkpt lat="48.43172" lon="10.2224">
    <name>TP4376</name>
  </trkpt>
  <trkpt lat="48.43182" lon="10.2222">
    <name>TP4377</name>
  </trkpt>
  <trkpt lat="48.43191" lon="10.22202">
    <name>TP4378</name>
  </trkpt>
  <trkpt lat="48.43192" lon="10.22201">
    <name>TP4379</name>
  </trkpt>
  <trkpt lat="48.43202" lon="10.22182">
    <name>TP4380</name>
  </trkpt>
  <trkpt lat="48.43212" lon="10.22164">
    <name>TP4381</name>
  </trkpt>
  <trkpt lat="48.43222" lon="10.22146">
    <name>TP4382</name>
  </trkpt>
  <trkpt lat="48.43233" lon="10.22128">
    <name>TP4383</name>
  </trkpt>
  <trkpt lat="48.43244" lon="10.2211">
    <name>TP4384</name>
  </trkpt>
  <trkpt lat="48.43254" lon="10.22092">
    <name>TP4385</name>
  </trkpt>
  <trkpt lat="48.43265" lon="10.22075">
    <name>TP4386</name>
  </trkpt>
  <trkpt lat="48.43276" lon="10.22058">
    <name>TP4387</name>
  </trkpt>
  <trkpt lat="48.43287" lon="10.22041">
    <name>TP4388</name>
  </trkpt>
  <trkpt lat="48.43298" lon="10.22024">
    <name>TP4389</name>
  </trkpt>
  <trkpt lat="48.4331" lon="10.22007">
    <name>TP4390</name>
  </trkpt>
  <trkpt lat="48.43322" lon="10.21991">
    <name>TP4391</name>
  </trkpt>
  <trkpt lat="48.43333" lon="10.21975">
    <name>TP4392</name>
  </trkpt>
  <trkpt lat="48.43345" lon="10.21959">
    <name>TP4393</name>
  </trkpt>
  <trkpt lat="48.43356" lon="10.21944">
    <name>TP4394</name>
  </trkpt>
  <trkpt lat="48.43371" lon="10.21926">
    <name>TP4395</name>
  </trkpt>
  <trkpt lat="48.43389" lon="10.21903">
    <name>TP4396</name>
  </trkpt>
  <trkpt lat="48.43398" lon="10.21893">
    <name>TP4397</name>
  </trkpt>
  <trkpt lat="48.43408" lon="10.2188">
    <name>TP4398</name>
  </trkpt>
  <trkpt lat="48.43445" lon="10.21839">
    <name>TP4399</name>
  </trkpt>
  <trkpt lat="48.43456" lon="10.21827">
    <name>TP4400</name>
  </trkpt>
  <trkpt lat="48.43472" lon="10.21809">
    <name>TP4401</name>
  </trkpt>
  <trkpt lat="48.43502" lon="10.21779">
    <name>TP4402</name>
  </trkpt>
  <trkpt lat="48.43519" lon="10.21762">
    <name>TP4403</name>
  </trkpt>
  <trkpt lat="48.43541" lon="10.21741">
    <name>TP4404</name>
  </trkpt>
  <trkpt lat="48.43583" lon="10.21701">
    <name>TP4405</name>
  </trkpt>
  <trkpt lat="48.43596" lon="10.21688">
    <name>TP4406</name>
  </trkpt>
  <trkpt lat="48.4361" lon="10.21675">
    <name>TP4407</name>
  </trkpt>
  <trkpt lat="48.43625" lon="10.21661">
    <name>TP4408</name>
  </trkpt>
  <trkpt lat="48.43626" lon="10.2166">
    <name>TP4409</name>
  </trkpt>
  <trkpt lat="48.4364" lon="10.21647">
    <name>TP4410</name>
  </trkpt>
  <trkpt lat="48.43672" lon="10.21617">
    <name>TP4411</name>
  </trkpt>
  <trkpt lat="48.4368" lon="10.21609">
    <name>TP4412</name>
  </trkpt>
  <trkpt lat="48.43686" lon="10.21603">
    <name>TP4413</name>
  </trkpt>
  <trkpt lat="48.43732" lon="10.2156">
    <name>TP4414</name>
  </trkpt>
  <trkpt lat="48.43735" lon="10.21557">
    <name>TP4415</name>
  </trkpt>
  <trkpt lat="48.43789" lon="10.21507">
    <name>TP4416</name>
  </trkpt>
  <trkpt lat="48.43829" lon="10.21469">
    <name>TP4417</name>
  </trkpt>
  <trkpt lat="48.43854" lon="10.21445">
    <name>TP4418</name>
  </trkpt>
  <trkpt lat="48.4391" lon="10.21393">
    <name>TP4419</name>
  </trkpt>
  <trkpt lat="48.43916" lon="10.21387">
    <name>TP4420</name>
  </trkpt>
  <trkpt lat="48.43924" lon="10.2138">
    <name>TP4421</name>
  </trkpt>
  <trkpt lat="48.43961" lon="10.21344">
    <name>TP4422</name>
  </trkpt>
  <trkpt lat="48.43981" lon="10.21326">
    <name>TP4423</name>
  </trkpt>
  <trkpt lat="48.44049" lon="10.21261">
    <name>TP4424</name>
  </trkpt>
  <trkpt lat="48.44059" lon="10.21251">
    <name>TP4425</name>
  </trkpt>
  <trkpt lat="48.44069" lon="10.21242">
    <name>TP4426</name>
  </trkpt>
  <trkpt lat="48.44104" lon="10.21209">
    <name>TP4427</name>
  </trkpt>
  <trkpt lat="48.44112" lon="10.21202">
    <name>TP4428</name>
  </trkpt>
  <trkpt lat="48.44142" lon="10.21175">
    <name>TP4429</name>
  </trkpt>
  <trkpt lat="48.44146" lon="10.2117">
    <name>TP4430</name>
  </trkpt>
  <trkpt lat="48.44179" lon="10.21139">
    <name>TP4431</name>
  </trkpt>
  <trkpt lat="48.44203" lon="10.21116">
    <name>TP4432</name>
  </trkpt>
  <trkpt lat="48.4422" lon="10.211">
    <name>TP4433</name>
  </trkpt>
  <trkpt lat="48.44256" lon="10.21066">
    <name>TP4434</name>
  </trkpt>
  <trkpt lat="48.44296" lon="10.21028">
    <name>TP4435</name>
  </trkpt>
  <trkpt lat="48.44342" lon="10.20985">
    <name>TP4436</name>
  </trkpt>
  <trkpt lat="48.4436" lon="10.20967">
    <name>TP4437</name>
  </trkpt>
  <trkpt lat="48.44366" lon="10.20962">
    <name>TP4438</name>
  </trkpt>
  <trkpt lat="48.44374" lon="10.20955">
    <name>TP4439</name>
  </trkpt>
  <trkpt lat="48.44377" lon="10.20952">
    <name>TP4440</name>
  </trkpt>
  <trkpt lat="48.44388" lon="10.20941">
    <name>TP4441</name>
  </trkpt>
  <trkpt lat="48.44396" lon="10.20934">
    <name>TP4442</name>
  </trkpt>
  <trkpt lat="48.44424" lon="10.20907">
    <name>TP4443</name>
  </trkpt>
  <trkpt lat="48.44441" lon="10.20892">
    <name>TP4444</name>
  </trkpt>
  <trkpt lat="48.44455" lon="10.20878">
    <name>TP4445</name>
  </trkpt>
  <trkpt lat="48.44465" lon="10.2087">
    <name>TP4446</name>
  </trkpt>
  <trkpt lat="48.44483" lon="10.20852">
    <name>TP4447</name>
  </trkpt>
  <trkpt lat="48.44486" lon="10.20849">
    <name>TP4448</name>
  </trkpt>
  <trkpt lat="48.44487" lon="10.20848">
    <name>TP4449</name>
  </trkpt>
  <trkpt lat="48.44498" lon="10.20838">
    <name>TP4450</name>
  </trkpt>
  <trkpt lat="48.4451" lon="10.20826">
    <name>TP4451</name>
  </trkpt>
  <trkpt lat="48.44526" lon="10.20811">
    <name>TP4452</name>
  </trkpt>
  <trkpt lat="48.44537" lon="10.20801">
    <name>TP4453</name>
  </trkpt>
  <trkpt lat="48.44551" lon="10.20788">
    <name>TP4454</name>
  </trkpt>
  <trkpt lat="48.44565" lon="10.20774">
    <name>TP4455</name>
  </trkpt>
  <trkpt lat="48.44579" lon="10.20761">
    <name>TP4456</name>
  </trkpt>
  <trkpt lat="48.44585" lon="10.20755">
    <name>TP4457</name>
  </trkpt>
  <trkpt lat="48.44592" lon="10.20747">
    <name>TP4458</name>
  </trkpt>
  <trkpt lat="48.44603" lon="10.20737">
    <name>TP4459</name>
  </trkpt>
  <trkpt lat="48.44607" lon="10.20733">
    <name>TP4460</name>
  </trkpt>
  <trkpt lat="48.44621" lon="10.20719">
    <name>TP4461</name>
  </trkpt>
  <trkpt lat="48.44635" lon="10.20707">
    <name>TP4462</name>
  </trkpt>
  <trkpt lat="48.44642" lon="10.207">
    <name>TP4463</name>
  </trkpt>
  <trkpt lat="48.44649" lon="10.20694">
    <name>TP4464</name>
  </trkpt>
  <trkpt lat="48.44652" lon="10.20691">
    <name>TP4465</name>
  </trkpt>
  <trkpt lat="48.44663" lon="10.20682">
    <name>TP4466</name>
  </trkpt>
  <trkpt lat="48.44664" lon="10.20681">
    <name>TP4467</name>
  </trkpt>
  <trkpt lat="48.44667" lon="10.20678">
    <name>TP4468</name>
  </trkpt>
  <trkpt lat="48.44671" lon="10.20675">
    <name>TP4469</name>
  </trkpt>
  <trkpt lat="48.44677" lon="10.20669">
    <name>TP4470</name>
  </trkpt>
  <trkpt lat="48.44683" lon="10.20663">
    <name>TP4471</name>
  </trkpt>
  <trkpt lat="48.44698" lon="10.20649">
    <name>TP4472</name>
  </trkpt>
  <trkpt lat="48.44714" lon="10.20634">
    <name>TP4473</name>
  </trkpt>
  <trkpt lat="48.44717" lon="10.20632">
    <name>TP4474</name>
  </trkpt>
  <trkpt lat="48.4474" lon="10.20608">
    <name>TP4475</name>
  </trkpt>
  <trkpt lat="48.44751" lon="10.20598">
    <name>TP4476</name>
  </trkpt>
  <trkpt lat="48.44764" lon="10.20586">
    <name>TP4477</name>
  </trkpt>
  <trkpt lat="48.44768" lon="10.20582">
    <name>TP4478</name>
  </trkpt>
  <trkpt lat="48.44774" lon="10.20576">
    <name>TP4479</name>
  </trkpt>
  <trkpt lat="48.44784" lon="10.20567">
    <name>TP4480</name>
  </trkpt>
  <trkpt lat="48.44785" lon="10.20567">
    <name>TP4481</name>
  </trkpt>
  <trkpt lat="48.4479" lon="10.20562">
    <name>TP4482</name>
  </trkpt>
  <trkpt lat="48.44807" lon="10.20545">
    <name>TP4483</name>
  </trkpt>
  <trkpt lat="48.44812" lon="10.2054">
    <name>TP4484</name>
  </trkpt>
  <trkpt lat="48.44825" lon="10.20528">
    <name>TP4485</name>
  </trkpt>
  <trkpt lat="48.44839" lon="10.20516">
    <name>TP4486</name>
  </trkpt>
  <trkpt lat="48.44843" lon="10.20513">
    <name>TP4487</name>
  </trkpt>
  <trkpt lat="48.44849" lon="10.20506">
    <name>TP4488</name>
  </trkpt>
  <trkpt lat="48.44853" lon="10.20502">
    <name>TP4489</name>
  </trkpt>
  <trkpt lat="48.44859" lon="10.20497">
    <name>TP4490</name>
  </trkpt>
  <trkpt lat="48.44862" lon="10.20494">
    <name>TP4491</name>
  </trkpt>
  <trkpt lat="48.44864" lon="10.20492">
    <name>TP4492</name>
  </trkpt>
  <trkpt lat="48.4487" lon="10.20486">
    <name>TP4493</name>
  </trkpt>
  <trkpt lat="48.44884" lon="10.20473">
    <name>TP4494</name>
  </trkpt>
  <trkpt lat="48.44885" lon="10.20472">
    <name>TP4495</name>
  </trkpt>
  <trkpt lat="48.44901" lon="10.20458">
    <name>TP4496</name>
  </trkpt>
  <trkpt lat="48.44917" lon="10.20443">
    <name>TP4497</name>
  </trkpt>
  <trkpt lat="48.44923" lon="10.20437">
    <name>TP4498</name>
  </trkpt>
  <trkpt lat="48.44932" lon="10.20428">
    <name>TP4499</name>
  </trkpt>
  <trkpt lat="48.44948" lon="10.20413">
    <name>TP4500</name>
  </trkpt>
  <trkpt lat="48.44953" lon="10.20408">
    <name>TP4501</name>
  </trkpt>
  <trkpt lat="48.44962" lon="10.20399">
    <name>TP4502</name>
  </trkpt>
  <trkpt lat="48.44976" lon="10.20385">
    <name>TP4503</name>
  </trkpt>
  <trkpt lat="48.44989" lon="10.20372">
    <name>TP4504</name>
  </trkpt>
  <trkpt lat="48.45003" lon="10.20359">
    <name>TP4505</name>
  </trkpt>
  <trkpt lat="48.45004" lon="10.20358">
    <name>TP4506</name>
  </trkpt>
  <trkpt lat="48.45013" lon="10.20348">
    <name>TP4507</name>
  </trkpt>
  <trkpt lat="48.45016" lon="10.20345">
    <name>TP4508</name>
  </trkpt>
  <trkpt lat="48.45029" lon="10.20331">
    <name>TP4509</name>
  </trkpt>
  <trkpt lat="48.45043" lon="10.20317">
    <name>TP4510</name>
  </trkpt>
  <trkpt lat="48.45056" lon="10.20303">
    <name>TP4511</name>
  </trkpt>
  <trkpt lat="48.45069" lon="10.20289">
    <name>TP4512</name>
  </trkpt>
  <trkpt lat="48.45082" lon="10.20275">
    <name>TP4513</name>
  </trkpt>
  <trkpt lat="48.45095" lon="10.2026">
    <name>TP4514</name>
  </trkpt>
  <trkpt lat="48.45108" lon="10.20245">
    <name>TP4515</name>
  </trkpt>
  <trkpt lat="48.45121" lon="10.2023">
    <name>TP4516</name>
  </trkpt>
  <trkpt lat="48.45128" lon="10.20221">
    <name>TP4517</name>
  </trkpt>
  <trkpt lat="48.45143" lon="10.20204">
    <name>TP4518</name>
  </trkpt>
  <trkpt lat="48.45145" lon="10.20201">
    <name>TP4519</name>
  </trkpt>
  <trkpt lat="48.45157" lon="10.20187">
    <name>TP4520</name>
  </trkpt>
  <trkpt lat="48.45171" lon="10.20169">
    <name>TP4521</name>
  </trkpt>
  <trkpt lat="48.45183" lon="10.20154">
    <name>TP4522</name>
  </trkpt>
  <trkpt lat="48.45186" lon="10.2015">
    <name>TP4523</name>
  </trkpt>
  <trkpt lat="48.45195" lon="10.20138">
    <name>TP4524</name>
  </trkpt>
  <trkpt lat="48.45208" lon="10.20122">
    <name>TP4525</name>
  </trkpt>
  <trkpt lat="48.45211" lon="10.20117">
    <name>TP4526</name>
  </trkpt>
  <trkpt lat="48.4522" lon="10.20106">
    <name>TP4527</name>
  </trkpt>
  <trkpt lat="48.45232" lon="10.20089">
    <name>TP4528</name>
  </trkpt>
  <trkpt lat="48.45243" lon="10.20073">
    <name>TP4529</name>
  </trkpt>
  <trkpt lat="48.45255" lon="10.20056">
    <name>TP4530</name>
  </trkpt>
  <trkpt lat="48.45264" lon="10.20043">
    <name>TP4531</name>
  </trkpt>
  <trkpt lat="48.45266" lon="10.20041">
    <name>TP4532</name>
  </trkpt>
  <trkpt lat="48.45267" lon="10.20039">
    <name>TP4533</name>
  </trkpt>
  <trkpt lat="48.45273" lon="10.20031">
    <name>TP4534</name>
  </trkpt>
  <trkpt lat="48.45279" lon="10.20022">
    <name>TP4535</name>
  </trkpt>
  <trkpt lat="48.4529" lon="10.20006">
    <name>TP4536</name>
  </trkpt>
  <trkpt lat="48.45302" lon="10.19988">
    <name>TP4537</name>
  </trkpt>
  <trkpt lat="48.45313" lon="10.19971">
    <name>TP4538</name>
  </trkpt>
  <trkpt lat="48.45324" lon="10.19953">
    <name>TP4539</name>
  </trkpt>
  <trkpt lat="48.45335" lon="10.19936">
    <name>TP4540</name>
  </trkpt>
  <trkpt lat="48.45346" lon="10.19918">
    <name>TP4541</name>
  </trkpt>
  <trkpt lat="48.45357" lon="10.199">
    <name>TP4542</name>
  </trkpt>
  <trkpt lat="48.45367" lon="10.19882">
    <name>TP4543</name>
  </trkpt>
  <trkpt lat="48.45377" lon="10.19864">
    <name>TP4544</name>
  </trkpt>
  <trkpt lat="48.45378" lon="10.19863">
    <name>TP4545</name>
  </trkpt>
  <trkpt lat="48.45389" lon="10.19845">
    <name>TP4546</name>
  </trkpt>
  <trkpt lat="48.45389" lon="10.19844">
    <name>TP4547</name>
  </trkpt>
  <trkpt lat="48.45399" lon="10.19826">
    <name>TP4548</name>
  </trkpt>
  <trkpt lat="48.45409" lon="10.19808">
    <name>TP4549</name>
  </trkpt>
  <trkpt lat="48.4542" lon="10.19789">
    <name>TP4550</name>
  </trkpt>
  <trkpt lat="48.45429" lon="10.1977">
    <name>TP4551</name>
  </trkpt>
  <trkpt lat="48.4544" lon="10.19751">
    <name>TP4552</name>
  </trkpt>
  <trkpt lat="48.45449" lon="10.19733">
    <name>TP4553</name>
  </trkpt>
  <trkpt lat="48.45457" lon="10.19717">
    <name>TP4554</name>
  </trkpt>
  <trkpt lat="48.4546" lon="10.19712">
    <name>TP4555</name>
  </trkpt>
  <trkpt lat="48.45466" lon="10.19698">
    <name>TP4556</name>
  </trkpt>
  <trkpt lat="48.45468" lon="10.19695">
    <name>TP4557</name>
  </trkpt>
  <trkpt lat="48.45469" lon="10.19694">
    <name>TP4558</name>
  </trkpt>
  <trkpt lat="48.45478" lon="10.19674">
    <name>TP4559</name>
  </trkpt>
  <trkpt lat="48.45479" lon="10.19673">
    <name>TP4560</name>
  </trkpt>
  <trkpt lat="48.45488" lon="10.19654">
    <name>TP4561</name>
  </trkpt>
  <trkpt lat="48.45489" lon="10.19652">
    <name>TP4562</name>
  </trkpt>
  <trkpt lat="48.45497" lon="10.19634">
    <name>TP4563</name>
  </trkpt>
  <trkpt lat="48.45506" lon="10.19614">
    <name>TP4564</name>
  </trkpt>
  <trkpt lat="48.45515" lon="10.19595">
    <name>TP4565</name>
  </trkpt>
  <trkpt lat="48.45524" lon="10.19575">
    <name>TP4566</name>
  </trkpt>
  <trkpt lat="48.45533" lon="10.19554">
    <name>TP4567</name>
  </trkpt>
  <trkpt lat="48.45542" lon="10.19534">
    <name>TP4568</name>
  </trkpt>
  <trkpt lat="48.45548" lon="10.19519">
    <name>TP4569</name>
  </trkpt>
  <trkpt lat="48.45549" lon="10.19517">
    <name>TP4570</name>
  </trkpt>
  <trkpt lat="48.4555" lon="10.19513">
    <name>TP4571</name>
  </trkpt>
  <trkpt lat="48.45559" lon="10.19492">
    <name>TP4572</name>
  </trkpt>
  <trkpt lat="48.45567" lon="10.19472">
    <name>TP4573</name>
  </trkpt>
  <trkpt lat="48.45576" lon="10.19451">
    <name>TP4574</name>
  </trkpt>
  <trkpt lat="48.45584" lon="10.19429">
    <name>TP4575</name>
  </trkpt>
  <trkpt lat="48.45586" lon="10.19424">
    <name>TP4576</name>
  </trkpt>
  <trkpt lat="48.45592" lon="10.19409">
    <name>TP4577</name>
  </trkpt>
  <trkpt lat="48.456" lon="10.19387">
    <name>TP4578</name>
  </trkpt>
  <trkpt lat="48.45607" lon="10.19368">
    <name>TP4579</name>
  </trkpt>
  <trkpt lat="48.45615" lon="10.19344">
    <name>TP4580</name>
  </trkpt>
  <trkpt lat="48.4563" lon="10.19301">
    <name>TP4581</name>
  </trkpt>
  <trkpt lat="48.45636" lon="10.19283">
    <name>TP4582</name>
  </trkpt>
  <trkpt lat="48.45651" lon="10.19237">
    <name>TP4583</name>
  </trkpt>
  <trkpt lat="48.45665" lon="10.19192">
    <name>TP4584</name>
  </trkpt>
  <trkpt lat="48.45678" lon="10.19149">
    <name>TP4585</name>
  </trkpt>
  <trkpt lat="48.45687" lon="10.19117">
    <name>TP4586</name>
  </trkpt>
  <trkpt lat="48.45689" lon="10.19111">
    <name>TP4587</name>
  </trkpt>
  <trkpt lat="48.45697" lon="10.19081">
    <name>TP4588</name>
  </trkpt>
  <trkpt lat="48.45705" lon="10.19051">
    <name>TP4589</name>
  </trkpt>
  <trkpt lat="48.45713" lon="10.19019">
    <name>TP4590</name>
  </trkpt>
  <trkpt lat="48.45717" lon="10.19001">
    <name>TP4591</name>
  </trkpt>
  <trkpt lat="48.45722" lon="10.18984">
    <name>TP4592</name>
  </trkpt>
  <trkpt lat="48.45726" lon="10.18967">
    <name>TP4593</name>
  </trkpt>
  <trkpt lat="48.45734" lon="10.18931">
    <name>TP4594</name>
  </trkpt>
  <trkpt lat="48.45741" lon="10.189">
    <name>TP4595</name>
  </trkpt>
  <trkpt lat="48.45745" lon="10.18879">
    <name>TP4596</name>
  </trkpt>
  <trkpt lat="48.45746" lon="10.18874">
    <name>TP4597</name>
  </trkpt>
  <trkpt lat="48.4575" lon="10.18857">
    <name>TP4598</name>
  </trkpt>
  <trkpt lat="48.45753" lon="10.18839">
    <name>TP4599</name>
  </trkpt>
  <trkpt lat="48.45756" lon="10.18827">
    <name>TP4600</name>
  </trkpt>
  <trkpt lat="48.4576" lon="10.18805">
    <name>TP4601</name>
  </trkpt>
  <trkpt lat="48.45764" lon="10.18783">
    <name>TP4602</name>
  </trkpt>
  <trkpt lat="48.45766" lon="10.18774">
    <name>TP4603</name>
  </trkpt>
  <trkpt lat="48.45768" lon="10.1876">
    <name>TP4604</name>
  </trkpt>
  <trkpt lat="48.45772" lon="10.1874">
    <name>TP4605</name>
  </trkpt>
  <trkpt lat="48.45775" lon="10.18719">
    <name>TP4606</name>
  </trkpt>
  <trkpt lat="48.45779" lon="10.18695">
    <name>TP4607</name>
  </trkpt>
  <trkpt lat="48.45785" lon="10.1866">
    <name>TP4608</name>
  </trkpt>
  <trkpt lat="48.45787" lon="10.18641">
    <name>TP4609</name>
  </trkpt>
  <trkpt lat="48.45791" lon="10.18618">
    <name>TP4610</name>
  </trkpt>
  <trkpt lat="48.45791" lon="10.18616">
    <name>TP4611</name>
  </trkpt>
  <trkpt lat="48.45793" lon="10.18604">
    <name>TP4612</name>
  </trkpt>
  <trkpt lat="48.45795" lon="10.1859">
    <name>TP4613</name>
  </trkpt>
  <trkpt lat="48.45796" lon="10.18584">
    <name>TP4614</name>
  </trkpt>
  <trkpt lat="48.45798" lon="10.18567">
    <name>TP4615</name>
  </trkpt>
  <trkpt lat="48.45799" lon="10.18562">
    <name>TP4616</name>
  </trkpt>
  <trkpt lat="48.45802" lon="10.18534">
    <name>TP4617</name>
  </trkpt>
  <trkpt lat="48.45807" lon="10.18499">
    <name>TP4618</name>
  </trkpt>
  <trkpt lat="48.4581" lon="10.18473">
    <name>TP4619</name>
  </trkpt>
  <trkpt lat="48.45814" lon="10.1844">
    <name>TP4620</name>
  </trkpt>
  <trkpt lat="48.45817" lon="10.18416">
    <name>TP4621</name>
  </trkpt>
  <trkpt lat="48.4582" lon="10.18388">
    <name>TP4622</name>
  </trkpt>
  <trkpt lat="48.45824" lon="10.18356">
    <name>TP4623</name>
  </trkpt>
  <trkpt lat="48.45829" lon="10.18314">
    <name>TP4624</name>
  </trkpt>
  <trkpt lat="48.4583" lon="10.18303">
    <name>TP4625</name>
  </trkpt>
  <trkpt lat="48.45832" lon="10.18282">
    <name>TP4626</name>
  </trkpt>
  <trkpt lat="48.45833" lon="10.18272">
    <name>TP4627</name>
  </trkpt>
  <trkpt lat="48.45836" lon="10.1825">
    <name>TP4628</name>
  </trkpt>
  <trkpt lat="48.45842" lon="10.18187">
    <name>TP4629</name>
  </trkpt>
  <trkpt lat="48.45849" lon="10.1812">
    <name>TP4630</name>
  </trkpt>
  <trkpt lat="48.45852" lon="10.18094">
    <name>TP4631</name>
  </trkpt>
  <trkpt lat="48.45855" lon="10.18067">
    <name>TP4632</name>
  </trkpt>
  <trkpt lat="48.45855" lon="10.18065">
    <name>TP4633</name>
  </trkpt>
  <trkpt lat="48.45857" lon="10.18041">
    <name>TP4634</name>
  </trkpt>
  <trkpt lat="48.45862" lon="10.17992">
    <name>TP4635</name>
  </trkpt>
  <trkpt lat="48.45867" lon="10.17944">
    <name>TP4636</name>
  </trkpt>
  <trkpt lat="48.45868" lon="10.17933">
    <name>TP4637</name>
  </trkpt>
  <trkpt lat="48.45871" lon="10.17906">
    <name>TP4638</name>
  </trkpt>
  <trkpt lat="48.45874" lon="10.1788">
    <name>TP4639</name>
  </trkpt>
  <trkpt lat="48.45875" lon="10.17869">
    <name>TP4640</name>
  </trkpt>
  <trkpt lat="48.45876" lon="10.17853">
    <name>TP4641</name>
  </trkpt>
  <trkpt lat="48.45883" lon="10.17792">
    <name>TP4642</name>
  </trkpt>
  <trkpt lat="48.45885" lon="10.17774">
    <name>TP4643</name>
  </trkpt>
  <trkpt lat="48.45892" lon="10.17708">
    <name>TP4644</name>
  </trkpt>
  <trkpt lat="48.45896" lon="10.17665">
    <name>TP4645</name>
  </trkpt>
  <trkpt lat="48.45897" lon="10.17663">
    <name>TP4646</name>
  </trkpt>
  <trkpt lat="48.45899" lon="10.1764">
    <name>TP4647</name>
  </trkpt>
  <trkpt lat="48.45899" lon="10.17639">
    <name>TP4648</name>
  </trkpt>
  <trkpt lat="48.45902" lon="10.17615">
    <name>TP4649</name>
  </trkpt>
  <trkpt lat="48.45917" lon="10.1747">
    <name>TP4650</name>
  </trkpt>
  <trkpt lat="48.45931" lon="10.17323">
    <name>TP4651</name>
  </trkpt>
  <trkpt lat="48.45932" lon="10.17317">
    <name>TP4652</name>
  </trkpt>
  <trkpt lat="48.45934" lon="10.1729">
    <name>TP4653</name>
  </trkpt>
  <trkpt lat="48.45935" lon="10.17278">
    <name>TP4654</name>
  </trkpt>
  <trkpt lat="48.45938" lon="10.17242">
    <name>TP4655</name>
  </trkpt>
  <trkpt lat="48.45941" lon="10.1722">
    <name>TP4656</name>
  </trkpt>
  <trkpt lat="48.45945" lon="10.17178">
    <name>TP4657</name>
  </trkpt>
  <trkpt lat="48.45949" lon="10.17137">
    <name>TP4658</name>
  </trkpt>
  <trkpt lat="48.45955" lon="10.17077">
    <name>TP4659</name>
  </trkpt>
  <trkpt lat="48.45967" lon="10.16956">
    <name>TP4660</name>
  </trkpt>
  <trkpt lat="48.4598" lon="10.16833">
    <name>TP4661</name>
  </trkpt>
  <trkpt lat="48.45983" lon="10.16801">
    <name>TP4662</name>
  </trkpt>
  <trkpt lat="48.46029" lon="10.16356">
    <name>TP4663</name>
  </trkpt>
  <trkpt lat="48.46034" lon="10.16303">
    <name>TP4664</name>
  </trkpt>
  <trkpt lat="48.46035" lon="10.1629">
    <name>TP4665</name>
  </trkpt>
  <trkpt lat="48.46037" lon="10.16269">
    <name>TP4666</name>
  </trkpt>
  <trkpt lat="48.46043" lon="10.16216">
    <name>TP4667</name>
  </trkpt>
  <trkpt lat="48.46053" lon="10.16109">
    <name>TP4668</name>
  </trkpt>
  <trkpt lat="48.46063" lon="10.16013">
    <name>TP4669</name>
  </trkpt>
  <trkpt lat="48.46074" lon="10.15906">
    <name>TP4670</name>
  </trkpt>
  <trkpt lat="48.46087" lon="10.15781">
    <name>TP4671</name>
  </trkpt>
  <trkpt lat="48.46094" lon="10.15711">
    <name>TP4672</name>
  </trkpt>
  <trkpt lat="48.46104" lon="10.15614">
    <name>TP4673</name>
  </trkpt>
  <trkpt lat="48.46114" lon="10.15506">
    <name>TP4674</name>
  </trkpt>
  <trkpt lat="48.46123" lon="10.15423">
    <name>TP4675</name>
  </trkpt>
  <trkpt lat="48.46125" lon="10.15402">
    <name>TP4676</name>
  </trkpt>
  <trkpt lat="48.46131" lon="10.15349">
    <name>TP4677</name>
  </trkpt>
  <trkpt lat="48.46137" lon="10.15287">
    <name>TP4678</name>
  </trkpt>
  <trkpt lat="48.46139" lon="10.15267">
    <name>TP4679</name>
  </trkpt>
  <trkpt lat="48.46141" lon="10.15244">
    <name>TP4680</name>
  </trkpt>
  <trkpt lat="48.46144" lon="10.15217">
    <name>TP4681</name>
  </trkpt>
  <trkpt lat="48.46148" lon="10.15175">
    <name>TP4682</name>
  </trkpt>
  <trkpt lat="48.46153" lon="10.15135">
    <name>TP4683</name>
  </trkpt>
  <trkpt lat="48.46175" lon="10.14914">
    <name>TP4684</name>
  </trkpt>
  <trkpt lat="48.46182" lon="10.14842">
    <name>TP4685</name>
  </trkpt>
  <trkpt lat="48.46185" lon="10.14814">
    <name>TP4686</name>
  </trkpt>
  <trkpt lat="48.46187" lon="10.14793">
    <name>TP4687</name>
  </trkpt>
  <trkpt lat="48.46192" lon="10.14746">
    <name>TP4688</name>
  </trkpt>
  <trkpt lat="48.46194" lon="10.14724">
    <name>TP4689</name>
  </trkpt>
  <trkpt lat="48.46196" lon="10.14706">
    <name>TP4690</name>
  </trkpt>
  <trkpt lat="48.46199" lon="10.14676">
    <name>TP4691</name>
  </trkpt>
  <trkpt lat="48.46201" lon="10.14655">
    <name>TP4692</name>
  </trkpt>
  <trkpt lat="48.46204" lon="10.14625">
    <name>TP4693</name>
  </trkpt>
  <trkpt lat="48.46208" lon="10.14594">
    <name>TP4694</name>
  </trkpt>
  <trkpt lat="48.4621" lon="10.14568">
    <name>TP4695</name>
  </trkpt>
  <trkpt lat="48.46213" lon="10.14541">
    <name>TP4696</name>
  </trkpt>
  <trkpt lat="48.46214" lon="10.14529">
    <name>TP4697</name>
  </trkpt>
  <trkpt lat="48.46218" lon="10.14487">
    <name>TP4698</name>
  </trkpt>
  <trkpt lat="48.46221" lon="10.14458">
    <name>TP4699</name>
  </trkpt>
  <trkpt lat="48.46224" lon="10.14432">
    <name>TP4700</name>
  </trkpt>
  <trkpt lat="48.46225" lon="10.14418">
    <name>TP4701</name>
  </trkpt>
  <trkpt lat="48.46228" lon="10.14395">
    <name>TP4702</name>
  </trkpt>
  <trkpt lat="48.46234" lon="10.14332">
    <name>TP4703</name>
  </trkpt>
  <trkpt lat="48.46243" lon="10.14247">
    <name>TP4704</name>
  </trkpt>
  <trkpt lat="48.46249" lon="10.14179">
    <name>TP4705</name>
  </trkpt>
  <trkpt lat="48.46252" lon="10.14154">
    <name>TP4706</name>
  </trkpt>
  <trkpt lat="48.46256" lon="10.14107">
    <name>TP4707</name>
  </trkpt>
  <trkpt lat="48.46259" lon="10.1408">
    <name>TP4708</name>
  </trkpt>
  <trkpt lat="48.46262" lon="10.14056">
    <name>TP4709</name>
  </trkpt>
  <trkpt lat="48.46267" lon="10.14001">
    <name>TP4710</name>
  </trkpt>
  <trkpt lat="48.46269" lon="10.13981">
    <name>TP4711</name>
  </trkpt>
  <trkpt lat="48.46271" lon="10.13958">
    <name>TP4712</name>
  </trkpt>
  <trkpt lat="48.46278" lon="10.1389">
    <name>TP4713</name>
  </trkpt>
  <trkpt lat="48.46281" lon="10.13856">
    <name>TP4714</name>
  </trkpt>
  <trkpt lat="48.46285" lon="10.13817">
    <name>TP4715</name>
  </trkpt>
  <trkpt lat="48.46294" lon="10.13731">
    <name>TP4716</name>
  </trkpt>
  <trkpt lat="48.46296" lon="10.13708">
    <name>TP4717</name>
  </trkpt>
  <trkpt lat="48.46301" lon="10.13662">
    <name>TP4718</name>
  </trkpt>
  <trkpt lat="48.46304" lon="10.13624">
    <name>TP4719</name>
  </trkpt>
  <trkpt lat="48.46314" lon="10.13523">
    <name>TP4720</name>
  </trkpt>
  <trkpt lat="48.46321" lon="10.13457">
    <name>TP4721</name>
  </trkpt>
  <trkpt lat="48.46332" lon="10.13362">
    <name>TP4722</name>
  </trkpt>
  <trkpt lat="48.46334" lon="10.13343">
    <name>TP4723</name>
  </trkpt>
  <trkpt lat="48.46336" lon="10.1332">
    <name>TP4724</name>
  </trkpt>
  <trkpt lat="48.4634" lon="10.13281">
    <name>TP4725</name>
  </trkpt>
  <trkpt lat="48.4635" lon="10.13192">
    <name>TP4726</name>
  </trkpt>
  <trkpt lat="48.46355" lon="10.13138">
    <name>TP4727</name>
  </trkpt>
  <trkpt lat="48.46361" lon="10.13084">
    <name>TP4728</name>
  </trkpt>
  <trkpt lat="48.46369" lon="10.13004">
    <name>TP4729</name>
  </trkpt>
  <trkpt lat="48.46372" lon="10.12977">
    <name>TP4730</name>
  </trkpt>
  <trkpt lat="48.46374" lon="10.12951">
    <name>TP4731</name>
  </trkpt>
  <trkpt lat="48.46374" lon="10.12948">
    <name>TP4732</name>
  </trkpt>
  <trkpt lat="48.46376" lon="10.12931">
    <name>TP4733</name>
  </trkpt>
  <trkpt lat="48.46377" lon="10.12924">
    <name>TP4734</name>
  </trkpt>
  <trkpt lat="48.4638" lon="10.12897">
    <name>TP4735</name>
  </trkpt>
  <trkpt lat="48.46385" lon="10.12844">
    <name>TP4736</name>
  </trkpt>
  <trkpt lat="48.46385" lon="10.12842">
    <name>TP4737</name>
  </trkpt>
  <trkpt lat="48.4639" lon="10.12788">
    <name>TP4738</name>
  </trkpt>
  <trkpt lat="48.46399" lon="10.12703">
    <name>TP4739</name>
  </trkpt>
  <trkpt lat="48.46399" lon="10.127">
    <name>TP4740</name>
  </trkpt>
  <trkpt lat="48.46403" lon="10.12663">
    <name>TP4741</name>
  </trkpt>
  <trkpt lat="48.46429" lon="10.12408">
    <name>TP4742</name>
  </trkpt>
  <trkpt lat="48.4643" lon="10.12398">
    <name>TP4743</name>
  </trkpt>
  <trkpt lat="48.46432" lon="10.12378">
    <name>TP4744</name>
  </trkpt>
  <trkpt lat="48.46435" lon="10.12352">
    <name>TP4745</name>
  </trkpt>
  <trkpt lat="48.46438" lon="10.12315">
    <name>TP4746</name>
  </trkpt>
  <trkpt lat="48.4644" lon="10.12295">
    <name>TP4747</name>
  </trkpt>
  <trkpt lat="48.46442" lon="10.12277">
    <name>TP4748</name>
  </trkpt>
  <trkpt lat="48.4645" lon="10.12203">
    <name>TP4749</name>
  </trkpt>
  <trkpt lat="48.4645" lon="10.12197">
    <name>TP4750</name>
  </trkpt>
  <trkpt lat="48.46456" lon="10.12136">
    <name>TP4751</name>
  </trkpt>
  <trkpt lat="48.46473" lon="10.11973">
    <name>TP4752</name>
  </trkpt>
  <trkpt lat="48.46475" lon="10.11952">
    <name>TP4753</name>
  </trkpt>
  <trkpt lat="48.46476" lon="10.11946">
    <name>TP4754</name>
  </trkpt>
  <trkpt lat="48.46481" lon="10.11894">
    <name>TP4755</name>
  </trkpt>
  <trkpt lat="48.46487" lon="10.11839">
    <name>TP4756</name>
  </trkpt>
  <trkpt lat="48.46487" lon="10.11836">
    <name>TP4757</name>
  </trkpt>
  <trkpt lat="48.46492" lon="10.11785">
    <name>TP4758</name>
  </trkpt>
  <trkpt lat="48.46494" lon="10.11763">
    <name>TP4759</name>
  </trkpt>
  <trkpt lat="48.46501" lon="10.11688">
    <name>TP4760</name>
  </trkpt>
  <trkpt lat="48.46504" lon="10.11657">
    <name>TP4761</name>
  </trkpt>
  <trkpt lat="48.46506" lon="10.11637">
    <name>TP4762</name>
  </trkpt>
  <trkpt lat="48.46509" lon="10.11611">
    <name>TP4763</name>
  </trkpt>
  <trkpt lat="48.46509" lon="10.116">
    <name>TP4764</name>
  </trkpt>
  <trkpt lat="48.46512" lon="10.1156">
    <name>TP4765</name>
  </trkpt>
  <trkpt lat="48.46514" lon="10.1153">
    <name>TP4766</name>
  </trkpt>
  <trkpt lat="48.46515" lon="10.11509">
    <name>TP4767</name>
  </trkpt>
  <trkpt lat="48.46517" lon="10.1149">
    <name>TP4768</name>
  </trkpt>
  <trkpt lat="48.46521" lon="10.11415">
    <name>TP4769</name>
  </trkpt>
  <trkpt lat="48.46526" lon="10.11381">
    <name>TP4770</name>
  </trkpt>
  <trkpt lat="48.46525" lon="10.11269">
    <name>TP4771</name>
  </trkpt>
  <trkpt lat="48.46527" lon="10.11193">
    <name>TP4772</name>
  </trkpt>
  <trkpt lat="48.46528" lon="10.11101">
    <name>TP4773</name>
  </trkpt>
  <trkpt lat="48.46528" lon="10.11071">
    <name>TP4774</name>
  </trkpt>
  <trkpt lat="48.46528" lon="10.11045">
    <name>TP4775</name>
  </trkpt>
  <trkpt lat="48.46528" lon="10.11044">
    <name>TP4776</name>
  </trkpt>
  <trkpt lat="48.46528" lon="10.11018">
    <name>TP4777</name>
  </trkpt>
  <trkpt lat="48.46528" lon="10.10991">
    <name>TP4778</name>
  </trkpt>
  <trkpt lat="48.46528" lon="10.10964">
    <name>TP4779</name>
  </trkpt>
  <trkpt lat="48.46526" lon="10.10873">
    <name>TP4780</name>
  </trkpt>
  <trkpt lat="48.46526" lon="10.10868">
    <name>TP4781</name>
  </trkpt>
  <trkpt lat="48.46525" lon="10.10838">
    <name>TP4782</name>
  </trkpt>
  <trkpt lat="48.46524" lon="10.1078">
    <name>TP4783</name>
  </trkpt>
  <trkpt lat="48.46523" lon="10.10759">
    <name>TP4784</name>
  </trkpt>
  <trkpt lat="48.46523" lon="10.10748">
    <name>TP4785</name>
  </trkpt>
  <trkpt lat="48.4652" lon="10.10678">
    <name>TP4786</name>
  </trkpt>
  <trkpt lat="48.4652" lon="10.10676">
    <name>TP4787</name>
  </trkpt>
  <trkpt lat="48.46518" lon="10.10633">
    <name>TP4788</name>
  </trkpt>
  <trkpt lat="48.46517" lon="10.1062">
    <name>TP4789</name>
  </trkpt>
  <trkpt lat="48.46517" lon="10.10611">
    <name>TP4790</name>
  </trkpt>
  <trkpt lat="48.46516" lon="10.10602">
    <name>TP4791</name>
  </trkpt>
  <trkpt lat="48.46515" lon="10.10595">
    <name>TP4792</name>
  </trkpt>
  <trkpt lat="48.46515" lon="10.10583">
    <name>TP4793</name>
  </trkpt>
  <trkpt lat="48.46514" lon="10.10568">
    <name>TP4794</name>
  </trkpt>
  <trkpt lat="48.46512" lon="10.10547">
    <name>TP4795</name>
  </trkpt>
  <trkpt lat="48.4651" lon="10.1052">
    <name>TP4796</name>
  </trkpt>
  <trkpt lat="48.46508" lon="10.10494">
    <name>TP4797</name>
  </trkpt>
  <trkpt lat="48.46506" lon="10.10467">
    <name>TP4798</name>
  </trkpt>
  <trkpt lat="48.46506" lon="10.10456">
    <name>TP4799</name>
  </trkpt>
  <trkpt lat="48.46503" lon="10.10429">
    <name>TP4800</name>
  </trkpt>
  <trkpt lat="48.465" lon="10.10387">
    <name>TP4801</name>
  </trkpt>
  <trkpt lat="48.465" lon="10.10385">
    <name>TP4802</name>
  </trkpt>
  <trkpt lat="48.46494" lon="10.10326">
    <name>TP4803</name>
  </trkpt>
  <trkpt lat="48.46493" lon="10.10315">
    <name>TP4804</name>
  </trkpt>
  <trkpt lat="48.46491" lon="10.10295">
    <name>TP4805</name>
  </trkpt>
  <trkpt lat="48.46483" lon="10.10222">
    <name>TP4806</name>
  </trkpt>
  <trkpt lat="48.46477" lon="10.10171">
    <name>TP4807</name>
  </trkpt>
  <trkpt lat="48.46473" lon="10.10136">
    <name>TP4808</name>
  </trkpt>
  <trkpt lat="48.46469" lon="10.101">
    <name>TP4809</name>
  </trkpt>
  <trkpt lat="48.46464" lon="10.10066">
    <name>TP4810</name>
  </trkpt>
  <trkpt lat="48.46461" lon="10.10044">
    <name>TP4811</name>
  </trkpt>
  <trkpt lat="48.46458" lon="10.10023">
    <name>TP4812</name>
  </trkpt>
  <trkpt lat="48.46453" lon="10.09991">
    <name>TP4813</name>
  </trkpt>
  <trkpt lat="48.46447" lon="10.09947">
    <name>TP4814</name>
  </trkpt>
  <trkpt lat="48.46444" lon="10.0993">
    <name>TP4815</name>
  </trkpt>
  <trkpt lat="48.4644" lon="10.0991">
    <name>TP4816</name>
  </trkpt>
  <trkpt lat="48.46436" lon="10.09887">
    <name>TP4817</name>
  </trkpt>
  <trkpt lat="48.46429" lon="10.09843">
    <name>TP4818</name>
  </trkpt>
  <trkpt lat="48.46414" lon="10.09761">
    <name>TP4819</name>
  </trkpt>
  <trkpt lat="48.4641" lon="10.09737">
    <name>TP4820</name>
  </trkpt>
  <trkpt lat="48.46402" lon="10.09702">
    <name>TP4821</name>
  </trkpt>
  <trkpt lat="48.46391" lon="10.09647">
    <name>TP4822</name>
  </trkpt>
  <trkpt lat="48.46382" lon="10.09604">
    <name>TP4823</name>
  </trkpt>
  <trkpt lat="48.46372" lon="10.09554">
    <name>TP4824</name>
  </trkpt>
  <trkpt lat="48.46365" lon="10.09521">
    <name>TP4825</name>
  </trkpt>
  <trkpt lat="48.46359" lon="10.09495">
    <name>TP4826</name>
  </trkpt>
  <trkpt lat="48.46354" lon="10.09471">
    <name>TP4827</name>
  </trkpt>
  <trkpt lat="48.46345" lon="10.09433">
    <name>TP4828</name>
  </trkpt>
  <trkpt lat="48.46335" lon="10.09391">
    <name>TP4829</name>
  </trkpt>
  <trkpt lat="48.46325" lon="10.09352">
    <name>TP4830</name>
  </trkpt>
  <trkpt lat="48.46312" lon="10.09299">
    <name>TP4831</name>
  </trkpt>
  <trkpt lat="48.46301" lon="10.09256">
    <name>TP4832</name>
  </trkpt>
  <trkpt lat="48.46293" lon="10.09226">
    <name>TP4833</name>
  </trkpt>
  <trkpt lat="48.46288" lon="10.0921">
    <name>TP4834</name>
  </trkpt>
  <trkpt lat="48.46273" lon="10.09156">
    <name>TP4835</name>
  </trkpt>
  <trkpt lat="48.46269" lon="10.09142">
    <name>TP4836</name>
  </trkpt>
  <trkpt lat="48.46254" lon="10.0909">
    <name>TP4837</name>
  </trkpt>
  <trkpt lat="48.46238" lon="10.09039">
    <name>TP4838</name>
  </trkpt>
  <trkpt lat="48.46218" lon="10.08977">
    <name>TP4839</name>
  </trkpt>
  <trkpt lat="48.4621" lon="10.0895">
    <name>TP4840</name>
  </trkpt>
  <trkpt lat="48.46198" lon="10.08914">
    <name>TP4841</name>
  </trkpt>
  <trkpt lat="48.46189" lon="10.08888">
    <name>TP4842</name>
  </trkpt>
  <trkpt lat="48.4617" lon="10.08835">
    <name>TP4843</name>
  </trkpt>
  <trkpt lat="48.46158" lon="10.088">
    <name>TP4844</name>
  </trkpt>
  <trkpt lat="48.46143" lon="10.08756">
    <name>TP4845</name>
  </trkpt>
  <trkpt lat="48.46123" lon="10.08702">
    <name>TP4846</name>
  </trkpt>
  <trkpt lat="48.4611" lon="10.08667">
    <name>TP4847</name>
  </trkpt>
  <trkpt lat="48.4608" lon="10.0859">
    <name>TP4848</name>
  </trkpt>
  <trkpt lat="48.46069" lon="10.08562">
    <name>TP4849</name>
  </trkpt>
  <trkpt lat="48.46061" lon="10.08541">
    <name>TP4850</name>
  </trkpt>
  <trkpt lat="48.46047" lon="10.08507">
    <name>TP4851</name>
  </trkpt>
  <trkpt lat="48.46023" lon="10.08446">
    <name>TP4852</name>
  </trkpt>
  <trkpt lat="48.46013" lon="10.08423">
    <name>TP4853</name>
  </trkpt>
  <trkpt lat="48.46" lon="10.0839">
    <name>TP4854</name>
  </trkpt>
  <trkpt lat="48.45988" lon="10.08362">
    <name>TP4855</name>
  </trkpt>
  <trkpt lat="48.45984" lon="10.08351">
    <name>TP4856</name>
  </trkpt>
  <trkpt lat="48.4598" lon="10.08342">
    <name>TP4857</name>
  </trkpt>
  <trkpt lat="48.45974" lon="10.08327">
    <name>TP4858</name>
  </trkpt>
  <trkpt lat="48.45966" lon="10.08307">
    <name>TP4859</name>
  </trkpt>
  <trkpt lat="48.45938" lon="10.08237">
    <name>TP4860</name>
  </trkpt>
  <trkpt lat="48.45929" lon="10.08214">
    <name>TP4861</name>
  </trkpt>
  <trkpt lat="48.45908" lon="10.08162">
    <name>TP4862</name>
  </trkpt>
  <trkpt lat="48.45897" lon="10.08137">
    <name>TP4863</name>
  </trkpt>
  <trkpt lat="48.45887" lon="10.08112">
    <name>TP4864</name>
  </trkpt>
  <trkpt lat="48.45866" lon="10.0806">
    <name>TP4865</name>
  </trkpt>
  <trkpt lat="48.45859" lon="10.08044">
    <name>TP4866</name>
  </trkpt>
  <trkpt lat="48.45856" lon="10.08037">
    <name>TP4867</name>
  </trkpt>
  <trkpt lat="48.45851" lon="10.08024">
    <name>TP4868</name>
  </trkpt>
  <trkpt lat="48.4584" lon="10.07996">
    <name>TP4869</name>
  </trkpt>
  <trkpt lat="48.45836" lon="10.07988">
    <name>TP4870</name>
  </trkpt>
  <trkpt lat="48.45824" lon="10.0796">
    <name>TP4871</name>
  </trkpt>
  <trkpt lat="48.45822" lon="10.07957">
    <name>TP4872</name>
  </trkpt>
  <trkpt lat="48.45819" lon="10.0795">
    <name>TP4873</name>
  </trkpt>
  <trkpt lat="48.45802" lon="10.07911">
    <name>TP4874</name>
  </trkpt>
  <trkpt lat="48.45769" lon="10.07828">
    <name>TP4875</name>
  </trkpt>
  <trkpt lat="48.45755" lon="10.07791">
    <name>TP4876</name>
  </trkpt>
  <trkpt lat="48.45738" lon="10.07745">
    <name>TP4877</name>
  </trkpt>
  <trkpt lat="48.45718" lon="10.07692">
    <name>TP4878</name>
  </trkpt>
  <trkpt lat="48.45704" lon="10.07651">
    <name>TP4879</name>
  </trkpt>
  <trkpt lat="48.45699" lon="10.07636">
    <name>TP4880</name>
  </trkpt>
  <trkpt lat="48.45674" lon="10.07563">
    <name>TP4881</name>
  </trkpt>
  <trkpt lat="48.45672" lon="10.07555">
    <name>TP4882</name>
  </trkpt>
  <trkpt lat="48.45648" lon="10.07482">
    <name>TP4883</name>
  </trkpt>
  <trkpt lat="48.4564" lon="10.07456">
    <name>TP4884</name>
  </trkpt>
  <trkpt lat="48.45635" lon="10.07441">
    <name>TP4885</name>
  </trkpt>
  <trkpt lat="48.45627" lon="10.07412">
    <name>TP4886</name>
  </trkpt>
  <trkpt lat="48.45621" lon="10.07393">
    <name>TP4887</name>
  </trkpt>
  <trkpt lat="48.45609" lon="10.07348">
    <name>TP4888</name>
  </trkpt>
  <trkpt lat="48.45601" lon="10.0732">
    <name>TP4889</name>
  </trkpt>
  <trkpt lat="48.45594" lon="10.07295">
    <name>TP4890</name>
  </trkpt>
  <trkpt lat="48.45587" lon="10.07268">
    <name>TP4891</name>
  </trkpt>
  <trkpt lat="48.45582" lon="10.07249">
    <name>TP4892</name>
  </trkpt>
  <trkpt lat="48.45582" lon="10.07248">
    <name>TP4893</name>
  </trkpt>
  <trkpt lat="48.4557" lon="10.07197">
    <name>TP4894</name>
  </trkpt>
  <trkpt lat="48.4556" lon="10.0716">
    <name>TP4895</name>
  </trkpt>
  <trkpt lat="48.45554" lon="10.07134">
    <name>TP4896</name>
  </trkpt>
  <trkpt lat="48.45545" lon="10.07095">
    <name>TP4897</name>
  </trkpt>
  <trkpt lat="48.45533" lon="10.07045">
    <name>TP4898</name>
  </trkpt>
  <trkpt lat="48.45528" lon="10.07018">
    <name>TP4899</name>
  </trkpt>
  <trkpt lat="48.45527" lon="10.07018">
    <name>TP4900</name>
  </trkpt>
  <trkpt lat="48.45523" lon="10.06996">
    <name>TP4901</name>
  </trkpt>
  <trkpt lat="48.45509" lon="10.0693">
    <name>TP4902</name>
  </trkpt>
  <trkpt lat="48.45494" lon="10.06847">
    <name>TP4903</name>
  </trkpt>
  <trkpt lat="48.45486" lon="10.06796">
    <name>TP4904</name>
  </trkpt>
  <trkpt lat="48.45481" lon="10.06768">
    <name>TP4905</name>
  </trkpt>
  <trkpt lat="48.45477" lon="10.06742">
    <name>TP4906</name>
  </trkpt>
  <trkpt lat="48.45477" lon="10.06739">
    <name>TP4907</name>
  </trkpt>
  <trkpt lat="48.45472" lon="10.06711">
    <name>TP4908</name>
  </trkpt>
  <trkpt lat="48.45464" lon="10.06661">
    <name>TP4909</name>
  </trkpt>
  <trkpt lat="48.45459" lon="10.06627">
    <name>TP4910</name>
  </trkpt>
  <trkpt lat="48.45453" lon="10.06587">
    <name>TP4911</name>
  </trkpt>
  <trkpt lat="48.45445" lon="10.06534">
    <name>TP4912</name>
  </trkpt>
  <trkpt lat="48.4544" lon="10.06503">
    <name>TP4913</name>
  </trkpt>
  <trkpt lat="48.45435" lon="10.06462">
    <name>TP4914</name>
  </trkpt>
  <trkpt lat="48.45429" lon="10.06423">
    <name>TP4915</name>
  </trkpt>
  <trkpt lat="48.45417" lon="10.06325">
    <name>TP4916</name>
  </trkpt>
  <trkpt lat="48.45416" lon="10.06317">
    <name>TP4917</name>
  </trkpt>
  <trkpt lat="48.45414" lon="10.06305">
    <name>TP4918</name>
  </trkpt>
  <trkpt lat="48.45414" lon="10.06302">
    <name>TP4919</name>
  </trkpt>
  <trkpt lat="48.45413" lon="10.06295">
    <name>TP4920</name>
  </trkpt>
  <trkpt lat="48.45403" lon="10.0621">
    <name>TP4921</name>
  </trkpt>
  <trkpt lat="48.45398" lon="10.06168">
    <name>TP4922</name>
  </trkpt>
  <trkpt lat="48.45397" lon="10.06154">
    <name>TP4923</name>
  </trkpt>
  <trkpt lat="48.45388" lon="10.06076">
    <name>TP4924</name>
  </trkpt>
  <trkpt lat="48.45378" lon="10.05995">
    <name>TP4925</name>
  </trkpt>
  <trkpt lat="48.4537848" lon="10.0599505">
    <name>TP4926</name>
  </trkpt>
  <trkpt lat="48.45379" lon="10.05963">
    <name>TP4927</name>
  </trkpt>
  <trkpt lat="48.45377" lon="10.05939">
    <name>TP4928</name>
  </trkpt>
  <trkpt lat="48.45374" lon="10.05904">
    <name>TP4929</name>
  </trkpt>
  <trkpt lat="48.45368" lon="10.05858">
    <name>TP4930</name>
  </trkpt>
  <trkpt lat="48.45363" lon="10.05809">
    <name>TP4931</name>
  </trkpt>
  <trkpt lat="48.45356" lon="10.05752">
    <name>TP4932</name>
  </trkpt>
  <trkpt lat="48.45353" lon="10.0572">
    <name>TP4933</name>
  </trkpt>
  <trkpt lat="48.45349" lon="10.05688">
    <name>TP4934</name>
  </trkpt>
  <trkpt lat="48.45349" lon="10.0567">
    <name>TP4935</name>
  </trkpt>
  <trkpt lat="48.45348" lon="10.05654">
    <name>TP4936</name>
  </trkpt>
  <trkpt lat="48.4534789" lon="10.0565407">
    <name>TP4937</name>
  </trkpt>
  <trkpt lat="48.45348" lon="10.0563">
    <name>TP4938</name>
  </trkpt>
  <trkpt lat="48.45351" lon="10.05593">
    <name>TP4939</name>
  </trkpt>
  <trkpt lat="48.45352" lon="10.05584">
    <name>TP4940</name>
  </trkpt>
  <trkpt lat="48.45353" lon="10.05555">
    <name>TP4941</name>
  </trkpt>
  <trkpt lat="48.45353" lon="10.05543">
    <name>TP4942</name>
  </trkpt>
  <trkpt lat="48.45354" lon="10.05525">
    <name>TP4943</name>
  </trkpt>
  <trkpt lat="48.45354" lon="10.0551">
    <name>TP4944</name>
  </trkpt>
  <trkpt lat="48.45353" lon="10.05483">
    <name>TP4945</name>
  </trkpt>
  <trkpt lat="48.45353" lon="10.05477">
    <name>TP4946</name>
  </trkpt>
  <trkpt lat="48.45352" lon="10.05472">
    <name>TP4947</name>
  </trkpt>
  <trkpt lat="48.4535216" lon="10.0547206">
    <name>TP4948</name>
  </trkpt>
  <trkpt lat="48.4535216" lon="10.0547206">
    <name>TP4949</name>
  </trkpt>
  <trkpt lat="48.4535216" lon="10.0547206">
    <name>TP4950</name>
  </trkpt>
  </trkseg>
</trk>
</gpx>