<?xml version="1.0" encoding="UTF-8"?>
<gpx creator="https://gpx.studio" version="1.1" xmlns="http://www.topografix.com/GPX/1/1" xmlns:xsi="http://www.w3.org/2001/XMLSchema-instance" xsi:schemaLocation="http://www.topografix.com/GPX/1/1 http://www.topografix.com/GPX/1/1/gpx.xsd http://www.garmin.com/xmlschemas/GpxExtensions/v3 http://www.garmin.com/xmlschemas/GpxExtensionsv3.xsd http://www.garmin.com/xmlschemas/TrackPointExtension/v1 http://www.garmin.com/xmlschemas/TrackPointExtensionv1.xsd http://www.garmin.com/xmlschemas/PowerExtension/v1 http://www.garmin.com/xmlschemas/PowerExtensionv1.xsd http://www.topografix.com/GPX/gpx_style/0/2 http://www.topografix.com/GPX/gpx_style/0/2/gpx_style.xsd" xmlns:gpxtpx="http://www.garmin.com/xmlschemas/TrackPointExtension/v1" xmlns:gpxx="http://www.garmin.com/xmlschemas/GpxExtensions/v3" xmlns:gpxpx="http://www.garmin.com/xmlschemas/PowerExtension/v1" xmlns:gpx_style="http://www.topografix.com/GPX/gpx_style/0/2">
  <metadata>
    <name>New file 1</name>
    <author>
      <name>gpx.studio</name>
      <link href="https://gpx.studio"/>
    </author>
  </metadata>
  <trk>
    <name>New file 1</name>
    <trkseg>
      <trkpt lat="48.452994" lon="10.055683">
        <ele>556.5</ele>
        <extensions>
          <gpxtpx:TrackPointExtension>
            <gpxtpx:Extensions>
              <highway>service</highway>
              <surface>asphalt</surface>
              <oneway>yes</oneway>
            </gpxtpx:Extensions>
          </gpxtpx:TrackPointExtension>
        </extensions>
      </trkpt>
      <trkpt lat="48.453005" lon="10.055773">
        <ele>556.5</ele>
        <extensions>
          <gpxtpx:TrackPointExtension>
            <gpxtpx:Extensions>
              <highway>service</highway>
              <surface>asphalt</surface>
              <oneway>yes</oneway>
            </gpxtpx:Extensions>
          </gpxtpx:TrackPointExtension>
        </extensions>
      </trkpt>
      <trkpt lat="48.453086" lon="10.056209">
        <ele>556.25</ele>
        <extensions>
          <gpxtpx:TrackPointExtension>
            <gpxtpx:Extensions>
              <highway>service</highway>
              <surface>asphalt</surface>
              <oneway>yes</oneway>
            </gpxtpx:Extensions>
          </gpxtpx:TrackPointExtension>
        </extensions>
      </trkpt>
      <trkpt lat="48.453162" lon="10.056543">
        <ele>556.5</ele>
        <extensions>
          <gpxtpx:TrackPointExtension>
            <gpxtpx:Extensions>
              <highway>motorway_link</highway>
              <oneway>yes</oneway>
            </gpxtpx:Extensions>
          </gpxtpx:TrackPointExtension>
        </extensions>
      </trkpt>
      <trkpt lat="48.45325" lon="10.056822">
        <ele>556.75</ele>
        <extensions>
          <gpxtpx:TrackPointExtension>
            <gpxtpx:Extensions>
              <highway>motorway_link</highway>
              <oneway>yes</oneway>
            </gpxtpx:Extensions>
          </gpxtpx:TrackPointExtension>
        </extensions>
      </trkpt>
      <trkpt lat="48.453351" lon="10.057196">
        <ele>556.75</ele>
        <extensions>
          <gpxtpx:TrackPointExtension>
            <gpxtpx:Extensions>
              <highway>motorway</highway>
              <surface>asphalt</surface>
              <maxspeed>unknown</maxspeed>
              <oneway>yes</oneway>
            </gpxtpx:Extensions>
          </gpxtpx:TrackPointExtension>
        </extensions>
      </trkpt>
      <trkpt lat="48.453655" lon="10.059974">
        <ele>558.5</ele>
        <extensions>
          <gpxtpx:TrackPointExtension>
            <gpxtpx:Extensions>
              <highway>motorway</highway>
              <surface>asphalt</surface>
              <maxspeed>unknown</maxspeed>
              <oneway>yes</oneway>
            </gpxtpx:Extensions>
          </gpxtpx:TrackPointExtension>
        </extensions>
      </trkpt>
      <trkpt lat="48.453875" lon="10.061987">
        <ele>564.5</ele>
        <extensions>
          <gpxtpx:TrackPointExtension>
            <gpxtpx:Extensions>
              <highway>motorway</highway>
              <surface>asphalt</surface>
              <maxspeed>unknown</maxspeed>
              <oneway>yes</oneway>
            </gpxtpx:Extensions>
          </gpxtpx:TrackPointExtension>
        </extensions>
      </trkpt>
      <trkpt lat="48.45404" lon="10.063403">
        <ele>562.75</ele>
        <extensions>
          <gpxtpx:TrackPointExtension>
            <gpxtpx:Extensions>
              <highway>motorway</highway>
              <surface>asphalt</surface>
              <maxspeed>unknown</maxspeed>
              <oneway>yes</oneway>
            </gpxtpx:Extensions>
          </gpxtpx:TrackPointExtension>
        </extensions>
      </trkpt>
      <trkpt lat="48.454149" lon="10.064241">
        <ele>563</ele>
        <extensions>
          <gpxtpx:TrackPointExtension>
            <gpxtpx:Extensions>
              <highway>motorway</highway>
              <surface>asphalt</surface>
              <maxspeed>unknown</maxspeed>
              <oneway>yes</oneway>
            </gpxtpx:Extensions>
          </gpxtpx:TrackPointExtension>
        </extensions>
      </trkpt>
      <trkpt lat="48.454262" lon="10.065103">
        <ele>564.5</ele>
        <extensions>
          <gpxtpx:TrackPointExtension>
            <gpxtpx:Extensions>
              <highway>motorway</highway>
              <surface>asphalt</surface>
              <maxspeed>unknown</maxspeed>
              <oneway>yes</oneway>
            </gpxtpx:Extensions>
          </gpxtpx:TrackPointExtension>
        </extensions>
      </trkpt>
      <trkpt lat="48.454588" lon="10.067297">
        <ele>563.25</ele>
        <extensions>
          <gpxtpx:TrackPointExtension>
            <gpxtpx:Extensions>
              <highway>motorway</highway>
              <surface>asphalt</surface>
              <maxspeed>unknown</maxspeed>
              <oneway>yes</oneway>
            </gpxtpx:Extensions>
          </gpxtpx:TrackPointExtension>
        </extensions>
      </trkpt>
      <trkpt lat="48.45483" lon="10.06863">
        <ele>561.75</ele>
        <extensions>
          <gpxtpx:TrackPointExtension>
            <gpxtpx:Extensions>
              <highway>motorway</highway>
              <surface>asphalt</surface>
              <maxspeed>unknown</maxspeed>
              <oneway>yes</oneway>
            </gpxtpx:Extensions>
          </gpxtpx:TrackPointExtension>
        </extensions>
      </trkpt>
      <trkpt lat="48.455088" lon="10.069978">
        <ele>557</ele>
        <extensions>
          <gpxtpx:TrackPointExtension>
            <gpxtpx:Extensions>
              <highway>motorway</highway>
              <surface>asphalt</surface>
              <maxspeed>unknown</maxspeed>
              <oneway>yes</oneway>
            </gpxtpx:Extensions>
          </gpxtpx:TrackPointExtension>
        </extensions>
      </trkpt>
      <trkpt lat="48.45522" lon="10.070628">
        <ele>556.75</ele>
        <extensions>
          <gpxtpx:TrackPointExtension>
            <gpxtpx:Extensions>
              <highway>motorway</highway>
              <surface>asphalt</surface>
              <maxspeed>unknown</maxspeed>
              <oneway>yes</oneway>
            </gpxtpx:Extensions>
          </gpxtpx:TrackPointExtension>
        </extensions>
      </trkpt>
      <trkpt lat="48.455699" lon="10.072608">
        <ele>552.5</ele>
        <extensions>
          <gpxtpx:TrackPointExtension>
            <gpxtpx:Extensions>
              <highway>motorway</highway>
              <surface>asphalt</surface>
              <maxspeed>unknown</maxspeed>
              <oneway>yes</oneway>
            </gpxtpx:Extensions>
          </gpxtpx:TrackPointExtension>
        </extensions>
      </trkpt>
      <trkpt lat="48.455844" lon="10.073145">
        <ele>551.75</ele>
        <extensions>
          <gpxtpx:TrackPointExtension>
            <gpxtpx:Extensions>
              <highway>motorway</highway>
              <surface>asphalt</surface>
              <maxspeed>unknown</maxspeed>
              <oneway>yes</oneway>
            </gpxtpx:Extensions>
          </gpxtpx:TrackPointExtension>
        </extensions>
      </trkpt>
      <trkpt lat="48.456043" lon="10.073876">
        <ele>549.25</ele>
        <extensions>
          <gpxtpx:TrackPointExtension>
            <gpxtpx:Extensions>
              <highway>motorway</highway>
              <surface>asphalt</surface>
              <maxspeed>unknown</maxspeed>
              <oneway>yes</oneway>
            </gpxtpx:Extensions>
          </gpxtpx:TrackPointExtension>
        </extensions>
      </trkpt>
      <trkpt lat="48.456484" lon="10.07531">
        <ele>549</ele>
        <extensions>
          <gpxtpx:TrackPointExtension>
            <gpxtpx:Extensions>
              <highway>motorway</highway>
              <surface>asphalt</surface>
              <maxspeed>unknown</maxspeed>
              <oneway>yes</oneway>
            </gpxtpx:Extensions>
          </gpxtpx:TrackPointExtension>
        </extensions>
      </trkpt>
      <trkpt lat="48.456957" lon="10.076719">
        <ele>549.5</ele>
        <extensions>
          <gpxtpx:TrackPointExtension>
            <gpxtpx:Extensions>
              <highway>motorway</highway>
              <surface>asphalt</surface>
              <maxspeed>unknown</maxspeed>
              <oneway>yes</oneway>
            </gpxtpx:Extensions>
          </gpxtpx:TrackPointExtension>
        </extensions>
      </trkpt>
      <trkpt lat="48.457454" lon="10.07809">
        <ele>546.25</ele>
        <extensions>
          <gpxtpx:TrackPointExtension>
            <gpxtpx:Extensions>
              <highway>motorway</highway>
              <surface>asphalt</surface>
              <maxspeed>unknown</maxspeed>
              <oneway>yes</oneway>
            </gpxtpx:Extensions>
          </gpxtpx:TrackPointExtension>
        </extensions>
      </trkpt>
      <trkpt lat="48.45817" lon="10.079896">
        <ele>542</ele>
        <extensions>
          <gpxtpx:TrackPointExtension>
            <gpxtpx:Extensions>
              <highway>motorway</highway>
              <surface>asphalt</surface>
              <maxspeed>unknown</maxspeed>
              <oneway>yes</oneway>
            </gpxtpx:Extensions>
          </gpxtpx:TrackPointExtension>
        </extensions>
      </trkpt>
      <trkpt lat="48.458475" lon="10.080655">
        <ele>541.25</ele>
        <extensions>
          <gpxtpx:TrackPointExtension>
            <gpxtpx:Extensions>
              <highway>motorway</highway>
              <surface>asphalt</surface>
              <maxspeed>unknown</maxspeed>
              <oneway>yes</oneway>
            </gpxtpx:Extensions>
          </gpxtpx:TrackPointExtension>
        </extensions>
      </trkpt>
      <trkpt lat="48.459049" lon="10.082037">
        <ele>538</ele>
        <extensions>
          <gpxtpx:TrackPointExtension>
            <gpxtpx:Extensions>
              <highway>motorway</highway>
              <surface>asphalt</surface>
              <maxspeed>unknown</maxspeed>
              <oneway>yes</oneway>
            </gpxtpx:Extensions>
          </gpxtpx:TrackPointExtension>
        </extensions>
      </trkpt>
      <trkpt lat="48.459372" lon="10.08277">
        <ele>538</ele>
        <extensions>
          <gpxtpx:TrackPointExtension>
            <gpxtpx:Extensions>
              <highway>motorway</highway>
              <surface>asphalt</surface>
              <maxspeed>unknown</maxspeed>
              <oneway>yes</oneway>
            </gpxtpx:Extensions>
          </gpxtpx:TrackPointExtension>
        </extensions>
      </trkpt>
      <trkpt lat="48.460778" lon="10.08617">
        <ele>528.5</ele>
        <extensions>
          <gpxtpx:TrackPointExtension>
            <gpxtpx:Extensions>
              <highway>motorway</highway>
              <surface>asphalt</surface>
              <maxspeed>unknown</maxspeed>
              <oneway>yes</oneway>
            </gpxtpx:Extensions>
          </gpxtpx:TrackPointExtension>
        </extensions>
      </trkpt>
      <trkpt lat="48.461523" lon="10.088174">
        <ele>522.25</ele>
        <extensions>
          <gpxtpx:TrackPointExtension>
            <gpxtpx:Extensions>
              <highway>motorway</highway>
              <surface>asphalt</surface>
              <maxspeed>unknown</maxspeed>
              <oneway>yes</oneway>
            </gpxtpx:Extensions>
          </gpxtpx:TrackPointExtension>
        </extensions>
      </trkpt>
      <trkpt lat="48.461848" lon="10.089162">
        <ele>520</ele>
        <extensions>
          <gpxtpx:TrackPointExtension>
            <gpxtpx:Extensions>
              <highway>motorway</highway>
              <surface>asphalt</surface>
              <maxspeed>unknown</maxspeed>
              <oneway>yes</oneway>
            </gpxtpx:Extensions>
          </gpxtpx:TrackPointExtension>
        </extensions>
      </trkpt>
      <trkpt lat="48.46216" lon="10.09014">
        <ele>519</ele>
        <extensions>
          <gpxtpx:TrackPointExtension>
            <gpxtpx:Extensions>
              <highway>motorway</highway>
              <surface>asphalt</surface>
              <maxspeed>unknown</maxspeed>
              <oneway>yes</oneway>
            </gpxtpx:Extensions>
          </gpxtpx:TrackPointExtension>
        </extensions>
      </trkpt>
      <trkpt lat="48.462635" lon="10.09175">
        <ele>511.75</ele>
        <extensions>
          <gpxtpx:TrackPointExtension>
            <gpxtpx:Extensions>
              <highway>motorway</highway>
              <surface>asphalt</surface>
              <maxspeed>unknown</maxspeed>
              <oneway>yes</oneway>
            </gpxtpx:Extensions>
          </gpxtpx:TrackPointExtension>
        </extensions>
      </trkpt>
      <trkpt lat="48.463063" lon="10.093327">
        <ele>503.25</ele>
        <extensions>
          <gpxtpx:TrackPointExtension>
            <gpxtpx:Extensions>
              <highway>motorway</highway>
              <surface>asphalt</surface>
              <maxspeed>unknown</maxspeed>
              <oneway>yes</oneway>
            </gpxtpx:Extensions>
          </gpxtpx:TrackPointExtension>
        </extensions>
      </trkpt>
      <trkpt lat="48.463329" lon="10.094457">
        <ele>496.25</ele>
        <extensions>
          <gpxtpx:TrackPointExtension>
            <gpxtpx:Extensions>
              <highway>motorway</highway>
              <surface>asphalt</surface>
              <maxspeed>unknown</maxspeed>
              <oneway>yes</oneway>
            </gpxtpx:Extensions>
          </gpxtpx:TrackPointExtension>
        </extensions>
      </trkpt>
      <trkpt lat="48.463585" lon="10.095556">
        <ele>491.25</ele>
        <extensions>
          <gpxtpx:TrackPointExtension>
            <gpxtpx:Extensions>
              <highway>motorway</highway>
              <surface>asphalt</surface>
              <maxspeed>unknown</maxspeed>
              <oneway>yes</oneway>
            </gpxtpx:Extensions>
          </gpxtpx:TrackPointExtension>
        </extensions>
      </trkpt>
      <trkpt lat="48.463893" lon="10.097075">
        <ele>487.25</ele>
        <extensions>
          <gpxtpx:TrackPointExtension>
            <gpxtpx:Extensions>
              <highway>motorway</highway>
              <surface>asphalt</surface>
              <maxspeed>unknown</maxspeed>
              <oneway>yes</oneway>
            </gpxtpx:Extensions>
          </gpxtpx:TrackPointExtension>
        </extensions>
      </trkpt>
      <trkpt lat="48.4641" lon="10.098168">
        <ele>485.25</ele>
        <extensions>
          <gpxtpx:TrackPointExtension>
            <gpxtpx:Extensions>
              <highway>motorway</highway>
              <surface>asphalt</surface>
              <maxspeed>unknown</maxspeed>
              <oneway>yes</oneway>
            </gpxtpx:Extensions>
          </gpxtpx:TrackPointExtension>
        </extensions>
      </trkpt>
      <trkpt lat="48.464314" lon="10.099442">
        <ele>478</ele>
        <extensions>
          <gpxtpx:TrackPointExtension>
            <gpxtpx:Extensions>
              <highway>motorway</highway>
              <surface>asphalt</surface>
              <maxspeed>unknown</maxspeed>
              <oneway>yes</oneway>
            </gpxtpx:Extensions>
          </gpxtpx:TrackPointExtension>
        </extensions>
      </trkpt>
      <trkpt lat="48.464471" lon="10.100452">
        <ele>474.75</ele>
        <extensions>
          <gpxtpx:TrackPointExtension>
            <gpxtpx:Extensions>
              <highway>motorway</highway>
              <surface>asphalt</surface>
              <maxspeed>unknown</maxspeed>
              <oneway>yes</oneway>
            </gpxtpx:Extensions>
          </gpxtpx:TrackPointExtension>
        </extensions>
      </trkpt>
      <trkpt lat="48.464595" lon="10.101429">
        <ele>473.5</ele>
        <extensions>
          <gpxtpx:TrackPointExtension>
            <gpxtpx:Extensions>
              <highway>motorway</highway>
              <surface>asphalt</surface>
              <maxspeed>unknown</maxspeed>
              <oneway>yes</oneway>
            </gpxtpx:Extensions>
          </gpxtpx:TrackPointExtension>
        </extensions>
      </trkpt>
      <trkpt lat="48.464758" lon="10.102857">
        <ele>470.75</ele>
        <extensions>
          <gpxtpx:TrackPointExtension>
            <gpxtpx:Extensions>
              <highway>motorway</highway>
              <surface>asphalt</surface>
              <maxspeed>unknown</maxspeed>
              <oneway>yes</oneway>
            </gpxtpx:Extensions>
          </gpxtpx:TrackPointExtension>
        </extensions>
      </trkpt>
      <trkpt lat="48.464889" lon="10.104193">
        <ele>469.5</ele>
        <extensions>
          <gpxtpx:TrackPointExtension>
            <gpxtpx:Extensions>
              <highway>motorway</highway>
              <surface>asphalt</surface>
              <maxspeed>unknown</maxspeed>
              <oneway>yes</oneway>
            </gpxtpx:Extensions>
          </gpxtpx:TrackPointExtension>
        </extensions>
      </trkpt>
      <trkpt lat="48.465016" lon="10.105867">
        <ele>467.75</ele>
        <extensions>
          <gpxtpx:TrackPointExtension>
            <gpxtpx:Extensions>
              <highway>motorway</highway>
              <surface>asphalt</surface>
              <maxspeed>unknown</maxspeed>
              <oneway>yes</oneway>
            </gpxtpx:Extensions>
          </gpxtpx:TrackPointExtension>
        </extensions>
      </trkpt>
      <trkpt lat="48.46504" lon="10.106213">
        <ele>467.25</ele>
        <extensions>
          <gpxtpx:TrackPointExtension>
            <gpxtpx:Extensions>
              <highway>motorway</highway>
              <surface>asphalt</surface>
              <maxspeed>unknown</maxspeed>
              <oneway>yes</oneway>
            </gpxtpx:Extensions>
          </gpxtpx:TrackPointExtension>
        </extensions>
      </trkpt>
      <trkpt lat="48.465061" lon="10.106686">
        <ele>466.75</ele>
        <extensions>
          <gpxtpx:TrackPointExtension>
            <gpxtpx:Extensions>
              <highway>motorway</highway>
              <surface>asphalt</surface>
              <maxspeed>unknown</maxspeed>
              <oneway>yes</oneway>
            </gpxtpx:Extensions>
          </gpxtpx:TrackPointExtension>
        </extensions>
      </trkpt>
      <trkpt lat="48.465076" lon="10.107115">
        <ele>466.25</ele>
        <extensions>
          <gpxtpx:TrackPointExtension>
            <gpxtpx:Extensions>
              <highway>motorway</highway>
              <surface>asphalt</surface>
              <maxspeed>unknown</maxspeed>
              <oneway>yes</oneway>
            </gpxtpx:Extensions>
          </gpxtpx:TrackPointExtension>
        </extensions>
      </trkpt>
      <trkpt lat="48.465108" lon="10.108014">
        <ele>465.25</ele>
        <extensions>
          <gpxtpx:TrackPointExtension>
            <gpxtpx:Extensions>
              <highway>motorway</highway>
              <surface>asphalt</surface>
              <maxspeed>unknown</maxspeed>
              <oneway>yes</oneway>
            </gpxtpx:Extensions>
          </gpxtpx:TrackPointExtension>
        </extensions>
      </trkpt>
      <trkpt lat="48.46514" lon="10.109377">
        <ele>466</ele>
        <extensions>
          <gpxtpx:TrackPointExtension>
            <gpxtpx:Extensions>
              <highway>motorway</highway>
              <surface>asphalt</surface>
              <maxspeed>unknown</maxspeed>
              <oneway>yes</oneway>
            </gpxtpx:Extensions>
          </gpxtpx:TrackPointExtension>
        </extensions>
      </trkpt>
      <trkpt lat="48.465143" lon="10.110228">
        <ele>465.5</ele>
        <extensions>
          <gpxtpx:TrackPointExtension>
            <gpxtpx:Extensions>
              <highway>motorway</highway>
              <surface>asphalt</surface>
              <maxspeed>unknown</maxspeed>
              <oneway>yes</oneway>
            </gpxtpx:Extensions>
          </gpxtpx:TrackPointExtension>
        </extensions>
      </trkpt>
      <trkpt lat="48.465143" lon="10.110518">
        <ele>464.75</ele>
        <extensions>
          <gpxtpx:TrackPointExtension>
            <gpxtpx:Extensions>
              <highway>motorway</highway>
              <surface>asphalt</surface>
              <maxspeed>unknown</maxspeed>
              <oneway>yes</oneway>
            </gpxtpx:Extensions>
          </gpxtpx:TrackPointExtension>
        </extensions>
      </trkpt>
      <trkpt lat="48.465141" lon="10.11109">
        <ele>464</ele>
        <extensions>
          <gpxtpx:TrackPointExtension>
            <gpxtpx:Extensions>
              <highway>motorway</highway>
              <surface>asphalt</surface>
              <maxspeed>unknown</maxspeed>
              <oneway>yes</oneway>
            </gpxtpx:Extensions>
          </gpxtpx:TrackPointExtension>
        </extensions>
      </trkpt>
      <trkpt lat="48.465105" lon="10.112418">
        <ele>464.75</ele>
        <extensions>
          <gpxtpx:TrackPointExtension>
            <gpxtpx:Extensions>
              <highway>motorway</highway>
              <surface>asphalt</surface>
              <maxspeed>unknown</maxspeed>
              <oneway>yes</oneway>
            </gpxtpx:Extensions>
          </gpxtpx:TrackPointExtension>
        </extensions>
      </trkpt>
      <trkpt lat="48.46507" lon="10.113442">
        <ele>465.5</ele>
        <extensions>
          <gpxtpx:TrackPointExtension>
            <gpxtpx:Extensions>
              <highway>motorway</highway>
              <surface>asphalt</surface>
              <maxspeed>unknown</maxspeed>
              <oneway>yes</oneway>
            </gpxtpx:Extensions>
          </gpxtpx:TrackPointExtension>
        </extensions>
      </trkpt>
      <trkpt lat="48.464972" lon="10.115137">
        <ele>464.25</ele>
        <extensions>
          <gpxtpx:TrackPointExtension>
            <gpxtpx:Extensions>
              <highway>motorway</highway>
              <surface>asphalt</surface>
              <maxspeed>unknown</maxspeed>
              <oneway>yes</oneway>
            </gpxtpx:Extensions>
          </gpxtpx:TrackPointExtension>
        </extensions>
      </trkpt>
      <trkpt lat="48.46491" lon="10.116035">
        <ele>461.5</ele>
        <extensions>
          <gpxtpx:TrackPointExtension>
            <gpxtpx:Extensions>
              <highway>motorway</highway>
              <surface>asphalt</surface>
              <maxspeed>unknown</maxspeed>
              <oneway>yes</oneway>
            </gpxtpx:Extensions>
          </gpxtpx:TrackPointExtension>
        </extensions>
      </trkpt>
      <trkpt lat="48.464806" lon="10.117327">
        <ele>461</ele>
        <extensions>
          <gpxtpx:TrackPointExtension>
            <gpxtpx:Extensions>
              <highway>motorway</highway>
              <surface>asphalt</surface>
              <maxspeed>unknown</maxspeed>
              <oneway>yes</oneway>
            </gpxtpx:Extensions>
          </gpxtpx:TrackPointExtension>
        </extensions>
      </trkpt>
      <trkpt lat="48.464591" lon="10.119759">
        <ele>458.25</ele>
        <extensions>
          <gpxtpx:TrackPointExtension>
            <gpxtpx:Extensions>
              <highway>motorway</highway>
              <surface>asphalt</surface>
              <maxspeed>unknown</maxspeed>
              <oneway>yes</oneway>
            </gpxtpx:Extensions>
          </gpxtpx:TrackPointExtension>
        </extensions>
      </trkpt>
      <trkpt lat="48.464475" lon="10.120911">
        <ele>456.75</ele>
        <extensions>
          <gpxtpx:TrackPointExtension>
            <gpxtpx:Extensions>
              <highway>motorway</highway>
              <surface>asphalt</surface>
              <maxspeed>unknown</maxspeed>
              <oneway>yes</oneway>
            </gpxtpx:Extensions>
          </gpxtpx:TrackPointExtension>
        </extensions>
      </trkpt>
      <trkpt lat="48.464338" lon="10.122312">
        <ele>456.75</ele>
        <extensions>
          <gpxtpx:TrackPointExtension>
            <gpxtpx:Extensions>
              <highway>motorway</highway>
              <surface>asphalt</surface>
              <maxspeed>unknown</maxspeed>
              <oneway>yes</oneway>
            </gpxtpx:Extensions>
          </gpxtpx:TrackPointExtension>
        </extensions>
      </trkpt>
      <trkpt lat="48.464157" lon="10.124067">
        <ele>455.75</ele>
        <extensions>
          <gpxtpx:TrackPointExtension>
            <gpxtpx:Extensions>
              <highway>motorway</highway>
              <surface>asphalt</surface>
              <maxspeed>unknown</maxspeed>
              <oneway>yes</oneway>
            </gpxtpx:Extensions>
          </gpxtpx:TrackPointExtension>
        </extensions>
      </trkpt>
      <trkpt lat="48.464053" lon="10.125078">
        <ele>455.75</ele>
        <extensions>
          <gpxtpx:TrackPointExtension>
            <gpxtpx:Extensions>
              <highway>motorway</highway>
              <surface>asphalt</surface>
              <maxspeed>unknown</maxspeed>
              <oneway>yes</oneway>
            </gpxtpx:Extensions>
          </gpxtpx:TrackPointExtension>
        </extensions>
      </trkpt>
      <trkpt lat="48.463834" lon="10.127294">
        <ele>454.75</ele>
        <extensions>
          <gpxtpx:TrackPointExtension>
            <gpxtpx:Extensions>
              <highway>motorway</highway>
              <surface>asphalt</surface>
              <maxspeed>unknown</maxspeed>
              <oneway>yes</oneway>
            </gpxtpx:Extensions>
          </gpxtpx:TrackPointExtension>
        </extensions>
      </trkpt>
      <trkpt lat="48.463681" lon="10.128692">
        <ele>455.5</ele>
        <extensions>
          <gpxtpx:TrackPointExtension>
            <gpxtpx:Extensions>
              <highway>motorway</highway>
              <surface>asphalt</surface>
              <maxspeed>unknown</maxspeed>
              <oneway>yes</oneway>
            </gpxtpx:Extensions>
          </gpxtpx:TrackPointExtension>
        </extensions>
      </trkpt>
      <trkpt lat="48.463542" lon="10.129991">
        <ele>457.25</ele>
        <extensions>
          <gpxtpx:TrackPointExtension>
            <gpxtpx:Extensions>
              <highway>motorway</highway>
              <surface>asphalt</surface>
              <maxspeed>unknown</maxspeed>
              <oneway>yes</oneway>
            </gpxtpx:Extensions>
          </gpxtpx:TrackPointExtension>
        </extensions>
      </trkpt>
      <trkpt lat="48.463299" lon="10.132474">
        <ele>454.75</ele>
        <extensions>
          <gpxtpx:TrackPointExtension>
            <gpxtpx:Extensions>
              <highway>motorway</highway>
              <surface>asphalt</surface>
              <maxspeed>unknown</maxspeed>
              <oneway>yes</oneway>
            </gpxtpx:Extensions>
          </gpxtpx:TrackPointExtension>
        </extensions>
      </trkpt>
      <trkpt lat="48.463095" lon="10.134433">
        <ele>454</ele>
        <extensions>
          <gpxtpx:TrackPointExtension>
            <gpxtpx:Extensions>
              <highway>motorway</highway>
              <surface>asphalt</surface>
              <maxspeed>unknown</maxspeed>
              <oneway>yes</oneway>
            </gpxtpx:Extensions>
          </gpxtpx:TrackPointExtension>
        </extensions>
      </trkpt>
      <trkpt lat="48.462781" lon="10.137608">
        <ele>453</ele>
        <extensions>
          <gpxtpx:TrackPointExtension>
            <gpxtpx:Extensions>
              <highway>motorway</highway>
              <surface>asphalt</surface>
              <maxspeed>unknown</maxspeed>
              <oneway>yes</oneway>
            </gpxtpx:Extensions>
          </gpxtpx:TrackPointExtension>
        </extensions>
      </trkpt>
      <trkpt lat="48.462667" lon="10.138661">
        <ele>452.5</ele>
        <extensions>
          <gpxtpx:TrackPointExtension>
            <gpxtpx:Extensions>
              <highway>motorway</highway>
              <surface>asphalt</surface>
              <maxspeed>unknown</maxspeed>
              <oneway>yes</oneway>
            </gpxtpx:Extensions>
          </gpxtpx:TrackPointExtension>
        </extensions>
      </trkpt>
      <trkpt lat="48.462033" lon="10.144768">
        <ele>452.75</ele>
        <extensions>
          <gpxtpx:TrackPointExtension>
            <gpxtpx:Extensions>
              <highway>motorway</highway>
              <surface>asphalt</surface>
              <maxspeed>unknown</maxspeed>
              <oneway>yes</oneway>
            </gpxtpx:Extensions>
          </gpxtpx:TrackPointExtension>
        </extensions>
      </trkpt>
      <trkpt lat="48.461848" lon="10.146658">
        <ele>453.75</ele>
        <extensions>
          <gpxtpx:TrackPointExtension>
            <gpxtpx:Extensions>
              <highway>motorway</highway>
              <surface>asphalt</surface>
              <maxspeed>unknown</maxspeed>
              <oneway>yes</oneway>
            </gpxtpx:Extensions>
          </gpxtpx:TrackPointExtension>
        </extensions>
      </trkpt>
      <trkpt lat="48.461721" lon="10.147859">
        <ele>454.75</ele>
        <extensions>
          <gpxtpx:TrackPointExtension>
            <gpxtpx:Extensions>
              <highway>motorway</highway>
              <surface>asphalt</surface>
              <maxspeed>unknown</maxspeed>
              <oneway>yes</oneway>
            </gpxtpx:Extensions>
          </gpxtpx:TrackPointExtension>
        </extensions>
      </trkpt>
      <trkpt lat="48.460409" lon="10.160717">
        <ele>452</ele>
        <extensions>
          <gpxtpx:TrackPointExtension>
            <gpxtpx:Extensions>
              <highway>motorway</highway>
              <surface>asphalt</surface>
              <maxspeed>unknown</maxspeed>
              <oneway>yes</oneway>
            </gpxtpx:Extensions>
          </gpxtpx:TrackPointExtension>
        </extensions>
      </trkpt>
      <trkpt lat="48.460142" lon="10.163356">
        <ele>452.75</ele>
        <extensions>
          <gpxtpx:TrackPointExtension>
            <gpxtpx:Extensions>
              <highway>motorway</highway>
              <surface>asphalt</surface>
              <maxspeed>unknown</maxspeed>
              <oneway>yes</oneway>
            </gpxtpx:Extensions>
          </gpxtpx:TrackPointExtension>
        </extensions>
      </trkpt>
      <trkpt lat="48.459477" lon="10.17006">
        <ele>451.5</ele>
        <extensions>
          <gpxtpx:TrackPointExtension>
            <gpxtpx:Extensions>
              <highway>motorway</highway>
              <surface>asphalt</surface>
              <maxspeed>unknown</maxspeed>
              <oneway>yes</oneway>
            </gpxtpx:Extensions>
          </gpxtpx:TrackPointExtension>
        </extensions>
      </trkpt>
      <trkpt lat="48.45901" lon="10.174582">
        <ele>451.25</ele>
        <extensions>
          <gpxtpx:TrackPointExtension>
            <gpxtpx:Extensions>
              <highway>motorway</highway>
              <surface>asphalt</surface>
              <maxspeed>unknown</maxspeed>
              <oneway>yes</oneway>
            </gpxtpx:Extensions>
          </gpxtpx:TrackPointExtension>
        </extensions>
      </trkpt>
      <trkpt lat="48.458409" lon="10.180428">
        <ele>451.25</ele>
        <extensions>
          <gpxtpx:TrackPointExtension>
            <gpxtpx:Extensions>
              <highway>motorway</highway>
              <surface>asphalt</surface>
              <maxspeed>unknown</maxspeed>
              <oneway>yes</oneway>
            </gpxtpx:Extensions>
          </gpxtpx:TrackPointExtension>
        </extensions>
      </trkpt>
      <trkpt lat="48.458062" lon="10.183729">
        <ele>449.5</ele>
        <extensions>
          <gpxtpx:TrackPointExtension>
            <gpxtpx:Extensions>
              <highway>motorway</highway>
              <surface>asphalt</surface>
              <maxspeed>unknown</maxspeed>
              <oneway>yes</oneway>
            </gpxtpx:Extensions>
          </gpxtpx:TrackPointExtension>
        </extensions>
      </trkpt>
      <trkpt lat="48.457889" lon="10.185239">
        <ele>449.5</ele>
        <extensions>
          <gpxtpx:TrackPointExtension>
            <gpxtpx:Extensions>
              <highway>motorway</highway>
              <surface>asphalt</surface>
              <maxspeed>unknown</maxspeed>
              <oneway>yes</oneway>
            </gpxtpx:Extensions>
          </gpxtpx:TrackPointExtension>
        </extensions>
      </trkpt>
      <trkpt lat="48.457703" lon="10.186562">
        <ele>449.25</ele>
        <extensions>
          <gpxtpx:TrackPointExtension>
            <gpxtpx:Extensions>
              <highway>motorway</highway>
              <surface>asphalt</surface>
              <maxspeed>unknown</maxspeed>
              <oneway>yes</oneway>
            </gpxtpx:Extensions>
          </gpxtpx:TrackPointExtension>
        </extensions>
      </trkpt>
      <trkpt lat="48.457521" lon="10.18766">
        <ele>449</ele>
        <extensions>
          <gpxtpx:TrackPointExtension>
            <gpxtpx:Extensions>
              <highway>motorway</highway>
              <surface>asphalt</surface>
              <maxspeed>unknown</maxspeed>
              <oneway>yes</oneway>
            </gpxtpx:Extensions>
          </gpxtpx:TrackPointExtension>
        </extensions>
      </trkpt>
      <trkpt lat="48.457315" lon="10.188709">
        <ele>450</ele>
        <extensions>
          <gpxtpx:TrackPointExtension>
            <gpxtpx:Extensions>
              <highway>motorway</highway>
              <surface>asphalt</surface>
              <maxspeed>unknown</maxspeed>
              <oneway>yes</oneway>
            </gpxtpx:Extensions>
          </gpxtpx:TrackPointExtension>
        </extensions>
      </trkpt>
      <trkpt lat="48.457071" lon="10.18976">
        <ele>449</ele>
        <extensions>
          <gpxtpx:TrackPointExtension>
            <gpxtpx:Extensions>
              <highway>motorway</highway>
              <surface>asphalt</surface>
              <maxspeed>unknown</maxspeed>
              <oneway>yes</oneway>
            </gpxtpx:Extensions>
          </gpxtpx:TrackPointExtension>
        </extensions>
      </trkpt>
      <trkpt lat="48.456815" lon="10.190771">
        <ele>448.5</ele>
        <extensions>
          <gpxtpx:TrackPointExtension>
            <gpxtpx:Extensions>
              <highway>motorway</highway>
              <surface>asphalt</surface>
              <maxspeed>unknown</maxspeed>
              <oneway>yes</oneway>
            </gpxtpx:Extensions>
          </gpxtpx:TrackPointExtension>
        </extensions>
      </trkpt>
      <trkpt lat="48.45644" lon="10.192054">
        <ele>449.25</ele>
        <extensions>
          <gpxtpx:TrackPointExtension>
            <gpxtpx:Extensions>
              <highway>motorway</highway>
              <surface>asphalt</surface>
              <maxspeed>unknown</maxspeed>
              <oneway>yes</oneway>
            </gpxtpx:Extensions>
          </gpxtpx:TrackPointExtension>
        </extensions>
      </trkpt>
      <trkpt lat="48.455934" lon="10.193599">
        <ele>450</ele>
        <extensions>
          <gpxtpx:TrackPointExtension>
            <gpxtpx:Extensions>
              <highway>motorway</highway>
              <surface>asphalt</surface>
              <maxspeed>unknown</maxspeed>
              <oneway>yes</oneway>
            </gpxtpx:Extensions>
          </gpxtpx:TrackPointExtension>
        </extensions>
      </trkpt>
      <trkpt lat="48.455402" lon="10.194951">
        <ele>448.5</ele>
        <extensions>
          <gpxtpx:TrackPointExtension>
            <gpxtpx:Extensions>
              <highway>motorway</highway>
              <surface>asphalt</surface>
              <maxspeed>unknown</maxspeed>
              <oneway>yes</oneway>
            </gpxtpx:Extensions>
          </gpxtpx:TrackPointExtension>
        </extensions>
      </trkpt>
      <trkpt lat="48.455002" lon="10.195852">
        <ele>448</ele>
        <extensions>
          <gpxtpx:TrackPointExtension>
            <gpxtpx:Extensions>
              <highway>motorway</highway>
              <surface>asphalt</surface>
              <maxspeed>unknown</maxspeed>
              <oneway>yes</oneway>
            </gpxtpx:Extensions>
          </gpxtpx:TrackPointExtension>
        </extensions>
      </trkpt>
      <trkpt lat="48.454602" lon="10.196718">
        <ele>449.25</ele>
        <extensions>
          <gpxtpx:TrackPointExtension>
            <gpxtpx:Extensions>
              <highway>motorway</highway>
              <surface>asphalt</surface>
              <maxspeed>unknown</maxspeed>
              <oneway>yes</oneway>
            </gpxtpx:Extensions>
          </gpxtpx:TrackPointExtension>
        </extensions>
      </trkpt>
      <trkpt lat="48.454065" lon="10.197772">
        <ele>449.5</ele>
        <extensions>
          <gpxtpx:TrackPointExtension>
            <gpxtpx:Extensions>
              <highway>motorway</highway>
              <surface>asphalt</surface>
              <maxspeed>unknown</maxspeed>
              <oneway>yes</oneway>
            </gpxtpx:Extensions>
          </gpxtpx:TrackPointExtension>
        </extensions>
      </trkpt>
      <trkpt lat="48.453488" lon="10.198786">
        <ele>449.25</ele>
        <extensions>
          <gpxtpx:TrackPointExtension>
            <gpxtpx:Extensions>
              <highway>motorway</highway>
              <surface>asphalt</surface>
              <maxspeed>unknown</maxspeed>
              <oneway>yes</oneway>
            </gpxtpx:Extensions>
          </gpxtpx:TrackPointExtension>
        </extensions>
      </trkpt>
      <trkpt lat="48.452948" lon="10.19965">
        <ele>450.25</ele>
        <extensions>
          <gpxtpx:TrackPointExtension>
            <gpxtpx:Extensions>
              <highway>motorway</highway>
              <surface>asphalt</surface>
              <maxspeed>unknown</maxspeed>
              <oneway>yes</oneway>
            </gpxtpx:Extensions>
          </gpxtpx:TrackPointExtension>
        </extensions>
      </trkpt>
      <trkpt lat="48.452391" lon="10.200482">
        <ele>451.75</ele>
        <extensions>
          <gpxtpx:TrackPointExtension>
            <gpxtpx:Extensions>
              <highway>motorway</highway>
              <surface>asphalt</surface>
              <maxspeed>unknown</maxspeed>
              <oneway>yes</oneway>
            </gpxtpx:Extensions>
          </gpxtpx:TrackPointExtension>
        </extensions>
      </trkpt>
      <trkpt lat="48.451918" lon="10.20113">
        <ele>452</ele>
        <extensions>
          <gpxtpx:TrackPointExtension>
            <gpxtpx:Extensions>
              <highway>motorway</highway>
              <surface>asphalt</surface>
              <maxspeed>unknown</maxspeed>
              <oneway>yes</oneway>
            </gpxtpx:Extensions>
          </gpxtpx:TrackPointExtension>
        </extensions>
      </trkpt>
      <trkpt lat="48.451547" lon="10.201601">
        <ele>452.25</ele>
        <extensions>
          <gpxtpx:TrackPointExtension>
            <gpxtpx:Extensions>
              <highway>motorway</highway>
              <surface>asphalt</surface>
              <maxspeed>unknown</maxspeed>
              <oneway>yes</oneway>
            </gpxtpx:Extensions>
          </gpxtpx:TrackPointExtension>
        </extensions>
      </trkpt>
      <trkpt lat="48.451292" lon="10.201907">
        <ele>453.75</ele>
        <extensions>
          <gpxtpx:TrackPointExtension>
            <gpxtpx:Extensions>
              <highway>motorway</highway>
              <surface>asphalt</surface>
              <maxspeed>unknown</maxspeed>
              <oneway>yes</oneway>
            </gpxtpx:Extensions>
          </gpxtpx:TrackPointExtension>
        </extensions>
      </trkpt>
      <trkpt lat="48.450678" lon="10.202631">
        <ele>454</ele>
        <extensions>
          <gpxtpx:TrackPointExtension>
            <gpxtpx:Extensions>
              <highway>motorway</highway>
              <surface>asphalt</surface>
              <maxspeed>unknown</maxspeed>
              <oneway>yes</oneway>
            </gpxtpx:Extensions>
          </gpxtpx:TrackPointExtension>
        </extensions>
      </trkpt>
      <trkpt lat="48.449819" lon="10.203521">
        <ele>453.75</ele>
        <extensions>
          <gpxtpx:TrackPointExtension>
            <gpxtpx:Extensions>
              <highway>motorway</highway>
              <surface>asphalt</surface>
              <maxspeed>unknown</maxspeed>
              <oneway>yes</oneway>
            </gpxtpx:Extensions>
          </gpxtpx:TrackPointExtension>
        </extensions>
      </trkpt>
      <trkpt lat="48.448673" lon="10.204689">
        <ele>456.5</ele>
        <extensions>
          <gpxtpx:TrackPointExtension>
            <gpxtpx:Extensions>
              <highway>motorway</highway>
              <surface>asphalt</surface>
              <maxspeed>unknown</maxspeed>
              <oneway>yes</oneway>
            </gpxtpx:Extensions>
          </gpxtpx:TrackPointExtension>
        </extensions>
      </trkpt>
      <trkpt lat="48.446813" lon="10.20642">
        <ele>461.25</ele>
        <extensions>
          <gpxtpx:TrackPointExtension>
            <gpxtpx:Extensions>
              <highway>motorway</highway>
              <surface>asphalt</surface>
              <maxspeed>unknown</maxspeed>
              <oneway>yes</oneway>
            </gpxtpx:Extensions>
          </gpxtpx:TrackPointExtension>
        </extensions>
      </trkpt>
      <trkpt lat="48.445969" lon="10.207195">
        <ele>463.5</ele>
        <extensions>
          <gpxtpx:TrackPointExtension>
            <gpxtpx:Extensions>
              <highway>motorway</highway>
              <surface>asphalt</surface>
              <maxspeed>unknown</maxspeed>
              <oneway>yes</oneway>
            </gpxtpx:Extensions>
          </gpxtpx:TrackPointExtension>
        </extensions>
      </trkpt>
      <trkpt lat="48.445767" lon="10.20738">
        <ele>464</ele>
        <extensions>
          <gpxtpx:TrackPointExtension>
            <gpxtpx:Extensions>
              <highway>motorway</highway>
              <surface>asphalt</surface>
              <maxspeed>unknown</maxspeed>
              <oneway>yes</oneway>
            </gpxtpx:Extensions>
          </gpxtpx:TrackPointExtension>
        </extensions>
      </trkpt>
      <trkpt lat="48.4455" lon="10.207631">
        <ele>464</ele>
        <extensions>
          <gpxtpx:TrackPointExtension>
            <gpxtpx:Extensions>
              <highway>motorway</highway>
              <surface>asphalt</surface>
              <maxspeed>unknown</maxspeed>
              <oneway>yes</oneway>
            </gpxtpx:Extensions>
          </gpxtpx:TrackPointExtension>
        </extensions>
      </trkpt>
      <trkpt lat="48.44474" lon="10.208337">
        <ele>468.25</ele>
        <extensions>
          <gpxtpx:TrackPointExtension>
            <gpxtpx:Extensions>
              <highway>motorway</highway>
              <surface>asphalt</surface>
              <maxspeed>unknown</maxspeed>
              <oneway>yes</oneway>
            </gpxtpx:Extensions>
          </gpxtpx:TrackPointExtension>
        </extensions>
      </trkpt>
      <trkpt lat="48.442346" lon="10.210614">
        <ele>469</ele>
        <extensions>
          <gpxtpx:TrackPointExtension>
            <gpxtpx:Extensions>
              <highway>motorway</highway>
              <surface>asphalt</surface>
              <maxspeed>unknown</maxspeed>
              <oneway>yes</oneway>
            </gpxtpx:Extensions>
          </gpxtpx:TrackPointExtension>
        </extensions>
      </trkpt>
      <trkpt lat="48.440597" lon="10.212251">
        <ele>470.25</ele>
        <extensions>
          <gpxtpx:TrackPointExtension>
            <gpxtpx:Extensions>
              <highway>motorway</highway>
              <surface>asphalt</surface>
              <maxspeed>unknown</maxspeed>
              <oneway>yes</oneway>
            </gpxtpx:Extensions>
          </gpxtpx:TrackPointExtension>
        </extensions>
      </trkpt>
      <trkpt lat="48.44042" lon="10.212416">
        <ele>470.75</ele>
        <extensions>
          <gpxtpx:TrackPointExtension>
            <gpxtpx:Extensions>
              <highway>motorway</highway>
              <surface>asphalt</surface>
              <maxspeed>unknown</maxspeed>
              <oneway>yes</oneway>
            </gpxtpx:Extensions>
          </gpxtpx:TrackPointExtension>
        </extensions>
      </trkpt>
      <trkpt lat="48.438778" lon="10.213969">
        <ele>471.75</ele>
        <extensions>
          <gpxtpx:TrackPointExtension>
            <gpxtpx:Extensions>
              <highway>motorway</highway>
              <surface>asphalt</surface>
              <maxspeed>unknown</maxspeed>
              <oneway>yes</oneway>
            </gpxtpx:Extensions>
          </gpxtpx:TrackPointExtension>
        </extensions>
      </trkpt>
      <trkpt lat="48.438439" lon="10.214277">
        <ele>472.25</ele>
        <extensions>
          <gpxtpx:TrackPointExtension>
            <gpxtpx:Extensions>
              <highway>motorway</highway>
              <surface>asphalt</surface>
              <maxspeed>130</maxspeed>
              <oneway>yes</oneway>
            </gpxtpx:Extensions>
          </gpxtpx:TrackPointExtension>
        </extensions>
      </trkpt>
      <trkpt lat="48.437749" lon="10.214927">
        <ele>471.75</ele>
        <extensions>
          <gpxtpx:TrackPointExtension>
            <gpxtpx:Extensions>
              <highway>motorway</highway>
              <surface>asphalt</surface>
              <maxspeed>130</maxspeed>
              <oneway>yes</oneway>
            </gpxtpx:Extensions>
          </gpxtpx:TrackPointExtension>
        </extensions>
      </trkpt>
      <trkpt lat="48.436134" lon="10.216454">
        <ele>471</ele>
        <extensions>
          <gpxtpx:TrackPointExtension>
            <gpxtpx:Extensions>
              <highway>motorway</highway>
              <surface>asphalt</surface>
              <maxspeed>130</maxspeed>
              <oneway>yes</oneway>
            </gpxtpx:Extensions>
          </gpxtpx:TrackPointExtension>
        </extensions>
      </trkpt>
      <trkpt lat="48.435159" lon="10.217399">
        <ele>470</ele>
        <extensions>
          <gpxtpx:TrackPointExtension>
            <gpxtpx:Extensions>
              <highway>motorway</highway>
              <surface>asphalt</surface>
              <maxspeed>130</maxspeed>
              <oneway>yes</oneway>
            </gpxtpx:Extensions>
          </gpxtpx:TrackPointExtension>
        </extensions>
      </trkpt>
      <trkpt lat="48.434639" lon="10.217933">
        <ele>470.25</ele>
        <extensions>
          <gpxtpx:TrackPointExtension>
            <gpxtpx:Extensions>
              <highway>motorway</highway>
              <surface>asphalt</surface>
              <maxspeed>130</maxspeed>
              <oneway>yes</oneway>
            </gpxtpx:Extensions>
          </gpxtpx:TrackPointExtension>
        </extensions>
      </trkpt>
      <trkpt lat="48.434027" lon="10.218584">
        <ele>471.5</ele>
        <extensions>
          <gpxtpx:TrackPointExtension>
            <gpxtpx:Extensions>
              <highway>motorway</highway>
              <surface>asphalt</surface>
              <maxspeed>130</maxspeed>
              <oneway>yes</oneway>
            </gpxtpx:Extensions>
          </gpxtpx:TrackPointExtension>
        </extensions>
      </trkpt>
      <trkpt lat="48.433846" lon="10.218809">
        <ele>472.25</ele>
        <extensions>
          <gpxtpx:TrackPointExtension>
            <gpxtpx:Extensions>
              <highway>motorway</highway>
              <surface>asphalt</surface>
              <maxspeed>130</maxspeed>
              <oneway>yes</oneway>
            </gpxtpx:Extensions>
          </gpxtpx:TrackPointExtension>
        </extensions>
      </trkpt>
      <trkpt lat="48.433679" lon="10.219002">
        <ele>473</ele>
        <extensions>
          <gpxtpx:TrackPointExtension>
            <gpxtpx:Extensions>
              <highway>motorway</highway>
              <surface>asphalt</surface>
              <maxspeed>130</maxspeed>
              <oneway>yes</oneway>
            </gpxtpx:Extensions>
          </gpxtpx:TrackPointExtension>
        </extensions>
      </trkpt>
      <trkpt lat="48.43314" lon="10.219711">
        <ele>474.75</ele>
        <extensions>
          <gpxtpx:TrackPointExtension>
            <gpxtpx:Extensions>
              <highway>motorway</highway>
              <surface>asphalt</surface>
              <maxspeed>130</maxspeed>
              <oneway>yes</oneway>
            </gpxtpx:Extensions>
          </gpxtpx:TrackPointExtension>
        </extensions>
      </trkpt>
      <trkpt lat="48.432592" lon="10.220516">
        <ele>474</ele>
        <extensions>
          <gpxtpx:TrackPointExtension>
            <gpxtpx:Extensions>
              <highway>motorway</highway>
              <surface>asphalt</surface>
              <maxspeed>130</maxspeed>
              <oneway>yes</oneway>
            </gpxtpx:Extensions>
          </gpxtpx:TrackPointExtension>
        </extensions>
      </trkpt>
      <trkpt lat="48.431957" lon="10.221571">
        <ele>474.5</ele>
        <extensions>
          <gpxtpx:TrackPointExtension>
            <gpxtpx:Extensions>
              <highway>motorway</highway>
              <surface>asphalt</surface>
              <maxspeed>130</maxspeed>
              <oneway>yes</oneway>
            </gpxtpx:Extensions>
          </gpxtpx:TrackPointExtension>
        </extensions>
      </trkpt>
      <trkpt lat="48.431447" lon="10.222551">
        <ele>474.5</ele>
        <extensions>
          <gpxtpx:TrackPointExtension>
            <gpxtpx:Extensions>
              <highway>motorway</highway>
              <surface>asphalt</surface>
              <maxspeed>130</maxspeed>
              <oneway>yes</oneway>
            </gpxtpx:Extensions>
          </gpxtpx:TrackPointExtension>
        </extensions>
      </trkpt>
      <trkpt lat="48.430927" lon="10.223689">
        <ele>476.25</ele>
        <extensions>
          <gpxtpx:TrackPointExtension>
            <gpxtpx:Extensions>
              <highway>motorway</highway>
              <surface>asphalt</surface>
              <maxspeed>130</maxspeed>
              <oneway>yes</oneway>
            </gpxtpx:Extensions>
          </gpxtpx:TrackPointExtension>
        </extensions>
      </trkpt>
      <trkpt lat="48.430549" lon="10.224657">
        <ele>476.5</ele>
        <extensions>
          <gpxtpx:TrackPointExtension>
            <gpxtpx:Extensions>
              <highway>motorway</highway>
              <surface>asphalt</surface>
              <maxspeed>130</maxspeed>
              <oneway>yes</oneway>
            </gpxtpx:Extensions>
          </gpxtpx:TrackPointExtension>
        </extensions>
      </trkpt>
      <trkpt lat="48.430179" lon="10.225711">
        <ele>476.75</ele>
        <extensions>
          <gpxtpx:TrackPointExtension>
            <gpxtpx:Extensions>
              <highway>motorway</highway>
              <surface>asphalt</surface>
              <maxspeed>130</maxspeed>
              <oneway>yes</oneway>
            </gpxtpx:Extensions>
          </gpxtpx:TrackPointExtension>
        </extensions>
      </trkpt>
      <trkpt lat="48.429918" lon="10.226567">
        <ele>477.75</ele>
        <extensions>
          <gpxtpx:TrackPointExtension>
            <gpxtpx:Extensions>
              <highway>motorway</highway>
              <surface>asphalt</surface>
              <maxspeed>130</maxspeed>
              <oneway>yes</oneway>
            </gpxtpx:Extensions>
          </gpxtpx:TrackPointExtension>
        </extensions>
      </trkpt>
      <trkpt lat="48.429814" lon="10.226944">
        <ele>478</ele>
        <extensions>
          <gpxtpx:TrackPointExtension>
            <gpxtpx:Extensions>
              <highway>motorway</highway>
              <surface>asphalt</surface>
              <maxspeed>130</maxspeed>
              <oneway>yes</oneway>
            </gpxtpx:Extensions>
          </gpxtpx:TrackPointExtension>
        </extensions>
      </trkpt>
      <trkpt lat="48.429588" lon="10.227849">
        <ele>478.25</ele>
        <extensions>
          <gpxtpx:TrackPointExtension>
            <gpxtpx:Extensions>
              <highway>motorway</highway>
              <surface>asphalt</surface>
              <maxspeed>130</maxspeed>
              <oneway>yes</oneway>
            </gpxtpx:Extensions>
          </gpxtpx:TrackPointExtension>
        </extensions>
      </trkpt>
      <trkpt lat="48.429345" lon="10.228961">
        <ele>478.75</ele>
        <extensions>
          <gpxtpx:TrackPointExtension>
            <gpxtpx:Extensions>
              <highway>motorway</highway>
              <surface>asphalt</surface>
              <maxspeed>130</maxspeed>
              <oneway>yes</oneway>
            </gpxtpx:Extensions>
          </gpxtpx:TrackPointExtension>
        </extensions>
      </trkpt>
      <trkpt lat="48.429174" lon="10.229962">
        <ele>477</ele>
        <extensions>
          <gpxtpx:TrackPointExtension>
            <gpxtpx:Extensions>
              <highway>motorway</highway>
              <surface>asphalt</surface>
              <maxspeed>130</maxspeed>
              <oneway>yes</oneway>
            </gpxtpx:Extensions>
          </gpxtpx:TrackPointExtension>
        </extensions>
      </trkpt>
      <trkpt lat="48.429021" lon="10.231124">
        <ele>480</ele>
        <extensions>
          <gpxtpx:TrackPointExtension>
            <gpxtpx:Extensions>
              <highway>motorway</highway>
              <surface>asphalt</surface>
              <maxspeed>130</maxspeed>
              <oneway>yes</oneway>
            </gpxtpx:Extensions>
          </gpxtpx:TrackPointExtension>
        </extensions>
      </trkpt>
      <trkpt lat="48.428913" lon="10.232215">
        <ele>482.5</ele>
        <extensions>
          <gpxtpx:TrackPointExtension>
            <gpxtpx:Extensions>
              <highway>motorway</highway>
              <surface>asphalt</surface>
              <maxspeed>130</maxspeed>
              <oneway>yes</oneway>
            </gpxtpx:Extensions>
          </gpxtpx:TrackPointExtension>
        </extensions>
      </trkpt>
      <trkpt lat="48.428846" lon="10.233504">
        <ele>485.25</ele>
        <extensions>
          <gpxtpx:TrackPointExtension>
            <gpxtpx:Extensions>
              <highway>motorway</highway>
              <surface>asphalt</surface>
              <maxspeed>130</maxspeed>
              <oneway>yes</oneway>
            </gpxtpx:Extensions>
          </gpxtpx:TrackPointExtension>
        </extensions>
      </trkpt>
      <trkpt lat="48.428832" lon="10.234981">
        <ele>485.5</ele>
        <extensions>
          <gpxtpx:TrackPointExtension>
            <gpxtpx:Extensions>
              <highway>motorway</highway>
              <surface>asphalt</surface>
              <maxspeed>130</maxspeed>
              <oneway>yes</oneway>
            </gpxtpx:Extensions>
          </gpxtpx:TrackPointExtension>
        </extensions>
      </trkpt>
      <trkpt lat="48.429298" lon="10.252089">
        <ele>472</ele>
        <extensions>
          <gpxtpx:TrackPointExtension>
            <gpxtpx:Extensions>
              <highway>motorway</highway>
              <surface>asphalt</surface>
              <maxspeed>130</maxspeed>
              <oneway>yes</oneway>
            </gpxtpx:Extensions>
          </gpxtpx:TrackPointExtension>
        </extensions>
      </trkpt>
      <trkpt lat="48.429317" lon="10.252716">
        <ele>472.25</ele>
        <extensions>
          <gpxtpx:TrackPointExtension>
            <gpxtpx:Extensions>
              <highway>motorway</highway>
              <surface>asphalt</surface>
              <maxspeed>130</maxspeed>
              <oneway>yes</oneway>
            </gpxtpx:Extensions>
          </gpxtpx:TrackPointExtension>
        </extensions>
      </trkpt>
      <trkpt lat="48.429392" lon="10.25558">
        <ele>473.25</ele>
        <extensions>
          <gpxtpx:TrackPointExtension>
            <gpxtpx:Extensions>
              <highway>motorway</highway>
              <surface>asphalt</surface>
              <maxspeed>130</maxspeed>
              <oneway>yes</oneway>
            </gpxtpx:Extensions>
          </gpxtpx:TrackPointExtension>
        </extensions>
      </trkpt>
      <trkpt lat="48.429406" lon="10.256109">
        <ele>473.75</ele>
        <extensions>
          <gpxtpx:TrackPointExtension>
            <gpxtpx:Extensions>
              <highway>motorway</highway>
              <surface>asphalt</surface>
              <maxspeed>130</maxspeed>
              <oneway>yes</oneway>
            </gpxtpx:Extensions>
          </gpxtpx:TrackPointExtension>
        </extensions>
      </trkpt>
      <trkpt lat="48.429606" lon="10.262771">
        <ele>474</ele>
        <extensions>
          <gpxtpx:TrackPointExtension>
            <gpxtpx:Extensions>
              <highway>motorway</highway>
              <surface>asphalt</surface>
              <maxspeed>130</maxspeed>
              <oneway>yes</oneway>
            </gpxtpx:Extensions>
          </gpxtpx:TrackPointExtension>
        </extensions>
      </trkpt>
      <trkpt lat="48.42977" lon="10.268875">
        <ele>471.5</ele>
        <extensions>
          <gpxtpx:TrackPointExtension>
            <gpxtpx:Extensions>
              <highway>motorway</highway>
              <surface>asphalt</surface>
              <maxspeed>130</maxspeed>
              <oneway>yes</oneway>
            </gpxtpx:Extensions>
          </gpxtpx:TrackPointExtension>
        </extensions>
      </trkpt>
      <trkpt lat="48.429876" lon="10.272432">
        <ele>458</ele>
        <extensions>
          <gpxtpx:TrackPointExtension>
            <gpxtpx:Extensions>
              <highway>motorway</highway>
              <surface>asphalt</surface>
              <maxspeed>130</maxspeed>
              <oneway>yes</oneway>
            </gpxtpx:Extensions>
          </gpxtpx:TrackPointExtension>
        </extensions>
      </trkpt>
      <trkpt lat="48.429888" lon="10.273035">
        <ele>455.25</ele>
        <extensions>
          <gpxtpx:TrackPointExtension>
            <gpxtpx:Extensions>
              <highway>motorway</highway>
              <surface>asphalt</surface>
              <maxspeed>130</maxspeed>
              <oneway>yes</oneway>
            </gpxtpx:Extensions>
          </gpxtpx:TrackPointExtension>
        </extensions>
      </trkpt>
      <trkpt lat="48.429927" lon="10.274523">
        <ele>452</ele>
        <extensions>
          <gpxtpx:TrackPointExtension>
            <gpxtpx:Extensions>
              <highway>motorway</highway>
              <surface>asphalt</surface>
              <maxspeed>unknown</maxspeed>
              <oneway>yes</oneway>
            </gpxtpx:Extensions>
          </gpxtpx:TrackPointExtension>
        </extensions>
      </trkpt>
      <trkpt lat="48.430058" lon="10.279224">
        <ele>452</ele>
        <extensions>
          <gpxtpx:TrackPointExtension>
            <gpxtpx:Extensions>
              <highway>motorway</highway>
              <surface>asphalt</surface>
              <maxspeed>unknown</maxspeed>
              <oneway>yes</oneway>
            </gpxtpx:Extensions>
          </gpxtpx:TrackPointExtension>
        </extensions>
      </trkpt>
      <trkpt lat="48.430078" lon="10.279853">
        <ele>453.5</ele>
        <extensions>
          <gpxtpx:TrackPointExtension>
            <gpxtpx:Extensions>
              <highway>motorway</highway>
              <surface>asphalt</surface>
              <maxspeed>unknown</maxspeed>
              <oneway>yes</oneway>
            </gpxtpx:Extensions>
          </gpxtpx:TrackPointExtension>
        </extensions>
      </trkpt>
      <trkpt lat="48.430169" lon="10.282758">
        <ele>452.5</ele>
        <extensions>
          <gpxtpx:TrackPointExtension>
            <gpxtpx:Extensions>
              <highway>motorway</highway>
              <surface>asphalt</surface>
              <maxspeed>unknown</maxspeed>
              <oneway>yes</oneway>
            </gpxtpx:Extensions>
          </gpxtpx:TrackPointExtension>
        </extensions>
      </trkpt>
      <trkpt lat="48.430239" lon="10.28403">
        <ele>451.5</ele>
        <extensions>
          <gpxtpx:TrackPointExtension>
            <gpxtpx:Extensions>
              <highway>motorway</highway>
              <surface>asphalt</surface>
              <maxspeed>unknown</maxspeed>
              <oneway>yes</oneway>
            </gpxtpx:Extensions>
          </gpxtpx:TrackPointExtension>
        </extensions>
      </trkpt>
      <trkpt lat="48.430321" lon="10.285043">
        <ele>453</ele>
        <extensions>
          <gpxtpx:TrackPointExtension>
            <gpxtpx:Extensions>
              <highway>motorway</highway>
              <surface>asphalt</surface>
              <maxspeed>unknown</maxspeed>
              <oneway>yes</oneway>
            </gpxtpx:Extensions>
          </gpxtpx:TrackPointExtension>
        </extensions>
      </trkpt>
      <trkpt lat="48.430436" lon="10.286159">
        <ele>454.25</ele>
        <extensions>
          <gpxtpx:TrackPointExtension>
            <gpxtpx:Extensions>
              <highway>motorway</highway>
              <surface>asphalt</surface>
              <maxspeed>unknown</maxspeed>
              <oneway>yes</oneway>
            </gpxtpx:Extensions>
          </gpxtpx:TrackPointExtension>
        </extensions>
      </trkpt>
      <trkpt lat="48.430574" lon="10.287169">
        <ele>456.5</ele>
        <extensions>
          <gpxtpx:TrackPointExtension>
            <gpxtpx:Extensions>
              <highway>motorway</highway>
              <surface>asphalt</surface>
              <maxspeed>unknown</maxspeed>
              <oneway>yes</oneway>
            </gpxtpx:Extensions>
          </gpxtpx:TrackPointExtension>
        </extensions>
      </trkpt>
      <trkpt lat="48.430776" lon="10.288431">
        <ele>459</ele>
        <extensions>
          <gpxtpx:TrackPointExtension>
            <gpxtpx:Extensions>
              <highway>motorway</highway>
              <surface>asphalt</surface>
              <maxspeed>unknown</maxspeed>
              <oneway>yes</oneway>
            </gpxtpx:Extensions>
          </gpxtpx:TrackPointExtension>
        </extensions>
      </trkpt>
      <trkpt lat="48.430985" lon="10.289478">
        <ele>462.25</ele>
        <extensions>
          <gpxtpx:TrackPointExtension>
            <gpxtpx:Extensions>
              <highway>motorway</highway>
              <surface>asphalt</surface>
              <maxspeed>unknown</maxspeed>
              <oneway>yes</oneway>
            </gpxtpx:Extensions>
          </gpxtpx:TrackPointExtension>
        </extensions>
      </trkpt>
      <trkpt lat="48.431161" lon="10.290273">
        <ele>464.5</ele>
        <extensions>
          <gpxtpx:TrackPointExtension>
            <gpxtpx:Extensions>
              <highway>motorway</highway>
              <surface>asphalt</surface>
              <maxspeed>unknown</maxspeed>
              <oneway>yes</oneway>
            </gpxtpx:Extensions>
          </gpxtpx:TrackPointExtension>
        </extensions>
      </trkpt>
      <trkpt lat="48.431439" lon="10.291429">
        <ele>467</ele>
        <extensions>
          <gpxtpx:TrackPointExtension>
            <gpxtpx:Extensions>
              <highway>motorway</highway>
              <surface>asphalt</surface>
              <maxspeed>unknown</maxspeed>
              <oneway>yes</oneway>
            </gpxtpx:Extensions>
          </gpxtpx:TrackPointExtension>
        </extensions>
      </trkpt>
      <trkpt lat="48.431812" lon="10.292869">
        <ele>468.75</ele>
        <extensions>
          <gpxtpx:TrackPointExtension>
            <gpxtpx:Extensions>
              <highway>motorway</highway>
              <surface>asphalt</surface>
              <maxspeed>unknown</maxspeed>
              <oneway>yes</oneway>
            </gpxtpx:Extensions>
          </gpxtpx:TrackPointExtension>
        </extensions>
      </trkpt>
      <trkpt lat="48.432458" lon="10.295279">
        <ele>474.75</ele>
        <extensions>
          <gpxtpx:TrackPointExtension>
            <gpxtpx:Extensions>
              <highway>motorway</highway>
              <surface>asphalt</surface>
              <maxspeed>unknown</maxspeed>
              <oneway>yes</oneway>
            </gpxtpx:Extensions>
          </gpxtpx:TrackPointExtension>
        </extensions>
      </trkpt>
      <trkpt lat="48.433057" lon="10.297528">
        <ele>474.5</ele>
        <extensions>
          <gpxtpx:TrackPointExtension>
            <gpxtpx:Extensions>
              <highway>motorway</highway>
              <surface>asphalt</surface>
              <maxspeed>unknown</maxspeed>
              <oneway>yes</oneway>
            </gpxtpx:Extensions>
          </gpxtpx:TrackPointExtension>
        </extensions>
      </trkpt>
      <trkpt lat="48.433276" lon="10.298321">
        <ele>475</ele>
        <extensions>
          <gpxtpx:TrackPointExtension>
            <gpxtpx:Extensions>
              <highway>motorway</highway>
              <surface>asphalt</surface>
              <maxspeed>unknown</maxspeed>
              <oneway>yes</oneway>
            </gpxtpx:Extensions>
          </gpxtpx:TrackPointExtension>
        </extensions>
      </trkpt>
      <trkpt lat="48.434198" lon="10.301779">
        <ele>478.25</ele>
        <extensions>
          <gpxtpx:TrackPointExtension>
            <gpxtpx:Extensions>
              <highway>motorway</highway>
              <surface>asphalt</surface>
              <maxspeed>unknown</maxspeed>
              <oneway>yes</oneway>
            </gpxtpx:Extensions>
          </gpxtpx:TrackPointExtension>
        </extensions>
      </trkpt>
      <trkpt lat="48.435248" lon="10.305606">
        <ele>482.5</ele>
        <extensions>
          <gpxtpx:TrackPointExtension>
            <gpxtpx:Extensions>
              <highway>motorway</highway>
              <surface>asphalt</surface>
              <maxspeed>unknown</maxspeed>
              <oneway>yes</oneway>
            </gpxtpx:Extensions>
          </gpxtpx:TrackPointExtension>
        </extensions>
      </trkpt>
      <trkpt lat="48.435614" lon="10.307056">
        <ele>480.5</ele>
        <extensions>
          <gpxtpx:TrackPointExtension>
            <gpxtpx:Extensions>
              <highway>motorway</highway>
              <surface>asphalt</surface>
              <maxspeed>unknown</maxspeed>
              <oneway>yes</oneway>
            </gpxtpx:Extensions>
          </gpxtpx:TrackPointExtension>
        </extensions>
      </trkpt>
      <trkpt lat="48.435803" lon="10.307858">
        <ele>480</ele>
        <extensions>
          <gpxtpx:TrackPointExtension>
            <gpxtpx:Extensions>
              <highway>motorway</highway>
              <surface>asphalt</surface>
              <maxspeed>unknown</maxspeed>
              <oneway>yes</oneway>
            </gpxtpx:Extensions>
          </gpxtpx:TrackPointExtension>
        </extensions>
      </trkpt>
      <trkpt lat="48.435977" lon="10.308648">
        <ele>478.5</ele>
        <extensions>
          <gpxtpx:TrackPointExtension>
            <gpxtpx:Extensions>
              <highway>motorway</highway>
              <surface>asphalt</surface>
              <maxspeed>unknown</maxspeed>
              <oneway>yes</oneway>
            </gpxtpx:Extensions>
          </gpxtpx:TrackPointExtension>
        </extensions>
      </trkpt>
      <trkpt lat="48.436175" lon="10.309664">
        <ele>476.75</ele>
        <extensions>
          <gpxtpx:TrackPointExtension>
            <gpxtpx:Extensions>
              <highway>motorway</highway>
              <surface>asphalt</surface>
              <maxspeed>unknown</maxspeed>
              <oneway>yes</oneway>
            </gpxtpx:Extensions>
          </gpxtpx:TrackPointExtension>
        </extensions>
      </trkpt>
      <trkpt lat="48.43631" lon="10.310461">
        <ele>475.5</ele>
        <extensions>
          <gpxtpx:TrackPointExtension>
            <gpxtpx:Extensions>
              <highway>motorway</highway>
              <surface>asphalt</surface>
              <maxspeed>unknown</maxspeed>
              <oneway>yes</oneway>
            </gpxtpx:Extensions>
          </gpxtpx:TrackPointExtension>
        </extensions>
      </trkpt>
      <trkpt lat="48.436417" lon="10.311152">
        <ele>474.25</ele>
        <extensions>
          <gpxtpx:TrackPointExtension>
            <gpxtpx:Extensions>
              <highway>motorway</highway>
              <surface>asphalt</surface>
              <maxspeed>unknown</maxspeed>
              <oneway>yes</oneway>
            </gpxtpx:Extensions>
          </gpxtpx:TrackPointExtension>
        </extensions>
      </trkpt>
      <trkpt lat="48.436539" lon="10.312012">
        <ele>473.75</ele>
        <extensions>
          <gpxtpx:TrackPointExtension>
            <gpxtpx:Extensions>
              <highway>motorway</highway>
              <surface>asphalt</surface>
              <maxspeed>unknown</maxspeed>
              <oneway>yes</oneway>
            </gpxtpx:Extensions>
          </gpxtpx:TrackPointExtension>
        </extensions>
      </trkpt>
      <trkpt lat="48.436654" lon="10.312886">
        <ele>476.75</ele>
        <extensions>
          <gpxtpx:TrackPointExtension>
            <gpxtpx:Extensions>
              <highway>motorway</highway>
              <surface>asphalt</surface>
              <maxspeed>unknown</maxspeed>
              <oneway>yes</oneway>
            </gpxtpx:Extensions>
          </gpxtpx:TrackPointExtension>
        </extensions>
      </trkpt>
      <trkpt lat="48.436753" lon="10.313806">
        <ele>482</ele>
        <extensions>
          <gpxtpx:TrackPointExtension>
            <gpxtpx:Extensions>
              <highway>motorway</highway>
              <surface>asphalt</surface>
              <maxspeed>unknown</maxspeed>
              <oneway>yes</oneway>
            </gpxtpx:Extensions>
          </gpxtpx:TrackPointExtension>
        </extensions>
      </trkpt>
      <trkpt lat="48.436829" lon="10.314811">
        <ele>483</ele>
        <extensions>
          <gpxtpx:TrackPointExtension>
            <gpxtpx:Extensions>
              <highway>motorway</highway>
              <surface>asphalt</surface>
              <maxspeed>unknown</maxspeed>
              <oneway>yes</oneway>
            </gpxtpx:Extensions>
          </gpxtpx:TrackPointExtension>
        </extensions>
      </trkpt>
      <trkpt lat="48.4369" lon="10.31576">
        <ele>485</ele>
        <extensions>
          <gpxtpx:TrackPointExtension>
            <gpxtpx:Extensions>
              <highway>motorway</highway>
              <surface>asphalt</surface>
              <maxspeed>unknown</maxspeed>
              <oneway>yes</oneway>
            </gpxtpx:Extensions>
          </gpxtpx:TrackPointExtension>
        </extensions>
      </trkpt>
      <trkpt lat="48.436945" lon="10.316719">
        <ele>489.25</ele>
        <extensions>
          <gpxtpx:TrackPointExtension>
            <gpxtpx:Extensions>
              <highway>motorway</highway>
              <surface>asphalt</surface>
              <maxspeed>unknown</maxspeed>
              <oneway>yes</oneway>
            </gpxtpx:Extensions>
          </gpxtpx:TrackPointExtension>
        </extensions>
      </trkpt>
      <trkpt lat="48.436982" lon="10.318579">
        <ele>491.25</ele>
        <extensions>
          <gpxtpx:TrackPointExtension>
            <gpxtpx:Extensions>
              <highway>motorway</highway>
              <surface>asphalt</surface>
              <maxspeed>unknown</maxspeed>
              <oneway>yes</oneway>
            </gpxtpx:Extensions>
          </gpxtpx:TrackPointExtension>
        </extensions>
      </trkpt>
      <trkpt lat="48.436979" lon="10.319279">
        <ele>491.75</ele>
        <extensions>
          <gpxtpx:TrackPointExtension>
            <gpxtpx:Extensions>
              <highway>motorway</highway>
              <surface>asphalt</surface>
              <maxspeed>unknown</maxspeed>
              <oneway>yes</oneway>
            </gpxtpx:Extensions>
          </gpxtpx:TrackPointExtension>
        </extensions>
      </trkpt>
      <trkpt lat="48.436974" lon="10.319888">
        <ele>493.5</ele>
        <extensions>
          <gpxtpx:TrackPointExtension>
            <gpxtpx:Extensions>
              <highway>motorway</highway>
              <surface>asphalt</surface>
              <maxspeed>unknown</maxspeed>
              <oneway>yes</oneway>
            </gpxtpx:Extensions>
          </gpxtpx:TrackPointExtension>
        </extensions>
      </trkpt>
      <trkpt lat="48.436942" lon="10.320885">
        <ele>493.5</ele>
        <extensions>
          <gpxtpx:TrackPointExtension>
            <gpxtpx:Extensions>
              <highway>motorway</highway>
              <surface>asphalt</surface>
              <maxspeed>unknown</maxspeed>
              <oneway>yes</oneway>
            </gpxtpx:Extensions>
          </gpxtpx:TrackPointExtension>
        </extensions>
      </trkpt>
      <trkpt lat="48.436903" lon="10.321677">
        <ele>493.25</ele>
        <extensions>
          <gpxtpx:TrackPointExtension>
            <gpxtpx:Extensions>
              <highway>motorway</highway>
              <surface>asphalt</surface>
              <maxspeed>unknown</maxspeed>
              <oneway>yes</oneway>
            </gpxtpx:Extensions>
          </gpxtpx:TrackPointExtension>
        </extensions>
      </trkpt>
      <trkpt lat="48.436844" lon="10.322453">
        <ele>494</ele>
        <extensions>
          <gpxtpx:TrackPointExtension>
            <gpxtpx:Extensions>
              <highway>motorway</highway>
              <surface>asphalt</surface>
              <maxspeed>unknown</maxspeed>
              <oneway>yes</oneway>
            </gpxtpx:Extensions>
          </gpxtpx:TrackPointExtension>
        </extensions>
      </trkpt>
      <trkpt lat="48.436686" lon="10.324086">
        <ele>489</ele>
        <extensions>
          <gpxtpx:TrackPointExtension>
            <gpxtpx:Extensions>
              <highway>motorway</highway>
              <surface>asphalt</surface>
              <maxspeed>unknown</maxspeed>
              <oneway>yes</oneway>
            </gpxtpx:Extensions>
          </gpxtpx:TrackPointExtension>
        </extensions>
      </trkpt>
      <trkpt lat="48.436627" lon="10.324583">
        <ele>488</ele>
        <extensions>
          <gpxtpx:TrackPointExtension>
            <gpxtpx:Extensions>
              <highway>motorway</highway>
              <surface>asphalt</surface>
              <maxspeed>unknown</maxspeed>
              <oneway>yes</oneway>
            </gpxtpx:Extensions>
          </gpxtpx:TrackPointExtension>
        </extensions>
      </trkpt>
      <trkpt lat="48.436616" lon="10.324667">
        <ele>488</ele>
        <extensions>
          <gpxtpx:TrackPointExtension>
            <gpxtpx:Extensions>
              <highway>motorway</highway>
              <surface>asphalt</surface>
              <maxspeed>unknown</maxspeed>
              <oneway>yes</oneway>
            </gpxtpx:Extensions>
          </gpxtpx:TrackPointExtension>
        </extensions>
      </trkpt>
      <trkpt lat="48.436518" lon="10.325486">
        <ele>486.75</ele>
        <extensions>
          <gpxtpx:TrackPointExtension>
            <gpxtpx:Extensions>
              <highway>motorway</highway>
              <surface>asphalt</surface>
              <maxspeed>unknown</maxspeed>
              <oneway>yes</oneway>
            </gpxtpx:Extensions>
          </gpxtpx:TrackPointExtension>
        </extensions>
      </trkpt>
      <trkpt lat="48.436371" lon="10.326434">
        <ele>486.25</ele>
        <extensions>
          <gpxtpx:TrackPointExtension>
            <gpxtpx:Extensions>
              <highway>motorway</highway>
              <surface>asphalt</surface>
              <maxspeed>unknown</maxspeed>
              <oneway>yes</oneway>
            </gpxtpx:Extensions>
          </gpxtpx:TrackPointExtension>
        </extensions>
      </trkpt>
      <trkpt lat="48.436073" lon="10.328136">
        <ele>488</ele>
        <extensions>
          <gpxtpx:TrackPointExtension>
            <gpxtpx:Extensions>
              <highway>motorway</highway>
              <surface>asphalt</surface>
              <maxspeed>unknown</maxspeed>
              <oneway>yes</oneway>
            </gpxtpx:Extensions>
          </gpxtpx:TrackPointExtension>
        </extensions>
      </trkpt>
      <trkpt lat="48.435859" lon="10.329103">
        <ele>489.75</ele>
        <extensions>
          <gpxtpx:TrackPointExtension>
            <gpxtpx:Extensions>
              <highway>motorway</highway>
              <surface>asphalt</surface>
              <maxspeed>unknown</maxspeed>
              <oneway>yes</oneway>
            </gpxtpx:Extensions>
          </gpxtpx:TrackPointExtension>
        </extensions>
      </trkpt>
      <trkpt lat="48.435505" lon="10.330596">
        <ele>489.75</ele>
        <extensions>
          <gpxtpx:TrackPointExtension>
            <gpxtpx:Extensions>
              <highway>motorway</highway>
              <surface>asphalt</surface>
              <maxspeed>unknown</maxspeed>
              <oneway>yes</oneway>
            </gpxtpx:Extensions>
          </gpxtpx:TrackPointExtension>
        </extensions>
      </trkpt>
      <trkpt lat="48.435011" lon="10.332609">
        <ele>490.75</ele>
        <extensions>
          <gpxtpx:TrackPointExtension>
            <gpxtpx:Extensions>
              <highway>motorway</highway>
              <surface>asphalt</surface>
              <maxspeed>unknown</maxspeed>
              <oneway>yes</oneway>
            </gpxtpx:Extensions>
          </gpxtpx:TrackPointExtension>
        </extensions>
      </trkpt>
      <trkpt lat="48.434537" lon="10.334626">
        <ele>492.5</ele>
        <extensions>
          <gpxtpx:TrackPointExtension>
            <gpxtpx:Extensions>
              <highway>motorway</highway>
              <surface>asphalt</surface>
              <maxspeed>unknown</maxspeed>
              <oneway>yes</oneway>
            </gpxtpx:Extensions>
          </gpxtpx:TrackPointExtension>
        </extensions>
      </trkpt>
      <trkpt lat="48.434153" lon="10.3364">
        <ele>493</ele>
        <extensions>
          <gpxtpx:TrackPointExtension>
            <gpxtpx:Extensions>
              <highway>motorway</highway>
              <surface>asphalt</surface>
              <maxspeed>unknown</maxspeed>
              <oneway>yes</oneway>
            </gpxtpx:Extensions>
          </gpxtpx:TrackPointExtension>
        </extensions>
      </trkpt>
      <trkpt lat="48.433736" lon="10.338598">
        <ele>494.25</ele>
        <extensions>
          <gpxtpx:TrackPointExtension>
            <gpxtpx:Extensions>
              <highway>motorway</highway>
              <surface>asphalt</surface>
              <maxspeed>unknown</maxspeed>
              <oneway>yes</oneway>
            </gpxtpx:Extensions>
          </gpxtpx:TrackPointExtension>
        </extensions>
      </trkpt>
      <trkpt lat="48.433417" lon="10.340415">
        <ele>494.5</ele>
        <extensions>
          <gpxtpx:TrackPointExtension>
            <gpxtpx:Extensions>
              <highway>motorway</highway>
              <surface>asphalt</surface>
              <maxspeed>unknown</maxspeed>
              <oneway>yes</oneway>
            </gpxtpx:Extensions>
          </gpxtpx:TrackPointExtension>
        </extensions>
      </trkpt>
      <trkpt lat="48.433324" lon="10.340977">
        <ele>496.75</ele>
        <extensions>
          <gpxtpx:TrackPointExtension>
            <gpxtpx:Extensions>
              <highway>motorway</highway>
              <surface>asphalt</surface>
              <maxspeed>unknown</maxspeed>
              <oneway>yes</oneway>
            </gpxtpx:Extensions>
          </gpxtpx:TrackPointExtension>
        </extensions>
      </trkpt>
      <trkpt lat="48.432913" lon="10.343753">
        <ele>509</ele>
        <extensions>
          <gpxtpx:TrackPointExtension>
            <gpxtpx:Extensions>
              <highway>motorway</highway>
              <surface>asphalt</surface>
              <maxspeed>unknown</maxspeed>
              <oneway>yes</oneway>
            </gpxtpx:Extensions>
          </gpxtpx:TrackPointExtension>
        </extensions>
      </trkpt>
      <trkpt lat="48.432699" lon="10.345427">
        <ele>510.25</ele>
        <extensions>
          <gpxtpx:TrackPointExtension>
            <gpxtpx:Extensions>
              <highway>motorway</highway>
              <surface>asphalt</surface>
              <maxspeed>unknown</maxspeed>
              <oneway>yes</oneway>
            </gpxtpx:Extensions>
          </gpxtpx:TrackPointExtension>
        </extensions>
      </trkpt>
      <trkpt lat="48.432414" lon="10.348015">
        <ele>508</ele>
        <extensions>
          <gpxtpx:TrackPointExtension>
            <gpxtpx:Extensions>
              <highway>motorway</highway>
              <surface>asphalt</surface>
              <maxspeed>unknown</maxspeed>
              <oneway>yes</oneway>
            </gpxtpx:Extensions>
          </gpxtpx:TrackPointExtension>
        </extensions>
      </trkpt>
      <trkpt lat="48.432241" lon="10.349986">
        <ele>504.75</ele>
        <extensions>
          <gpxtpx:TrackPointExtension>
            <gpxtpx:Extensions>
              <highway>motorway</highway>
              <surface>asphalt</surface>
              <maxspeed>unknown</maxspeed>
              <oneway>yes</oneway>
            </gpxtpx:Extensions>
          </gpxtpx:TrackPointExtension>
        </extensions>
      </trkpt>
      <trkpt lat="48.432133" lon="10.351451">
        <ele>500</ele>
        <extensions>
          <gpxtpx:TrackPointExtension>
            <gpxtpx:Extensions>
              <highway>motorway</highway>
              <surface>asphalt</surface>
              <maxspeed>unknown</maxspeed>
              <oneway>yes</oneway>
            </gpxtpx:Extensions>
          </gpxtpx:TrackPointExtension>
        </extensions>
      </trkpt>
      <trkpt lat="48.432042" lon="10.35297">
        <ele>492.75</ele>
        <extensions>
          <gpxtpx:TrackPointExtension>
            <gpxtpx:Extensions>
              <highway>motorway</highway>
              <surface>asphalt</surface>
              <maxspeed>unknown</maxspeed>
              <oneway>yes</oneway>
            </gpxtpx:Extensions>
          </gpxtpx:TrackPointExtension>
        </extensions>
      </trkpt>
      <trkpt lat="48.431958" lon="10.354537">
        <ele>487.5</ele>
        <extensions>
          <gpxtpx:TrackPointExtension>
            <gpxtpx:Extensions>
              <highway>motorway</highway>
              <surface>asphalt</surface>
              <maxspeed>unknown</maxspeed>
              <oneway>yes</oneway>
            </gpxtpx:Extensions>
          </gpxtpx:TrackPointExtension>
        </extensions>
      </trkpt>
      <trkpt lat="48.431909" lon="10.355781">
        <ele>481</ele>
        <extensions>
          <gpxtpx:TrackPointExtension>
            <gpxtpx:Extensions>
              <highway>motorway</highway>
              <surface>asphalt</surface>
              <maxspeed>unknown</maxspeed>
              <oneway>yes</oneway>
            </gpxtpx:Extensions>
          </gpxtpx:TrackPointExtension>
        </extensions>
      </trkpt>
      <trkpt lat="48.431797" lon="10.35932">
        <ele>470</ele>
        <extensions>
          <gpxtpx:TrackPointExtension>
            <gpxtpx:Extensions>
              <highway>motorway</highway>
              <surface>asphalt</surface>
              <maxspeed>unknown</maxspeed>
              <oneway>yes</oneway>
            </gpxtpx:Extensions>
          </gpxtpx:TrackPointExtension>
        </extensions>
      </trkpt>
      <trkpt lat="48.431787" lon="10.359823">
        <ele>468.75</ele>
        <extensions>
          <gpxtpx:TrackPointExtension>
            <gpxtpx:Extensions>
              <highway>motorway</highway>
              <surface>asphalt</surface>
              <maxspeed>unknown</maxspeed>
              <oneway>yes</oneway>
            </gpxtpx:Extensions>
          </gpxtpx:TrackPointExtension>
        </extensions>
      </trkpt>
      <trkpt lat="48.431759" lon="10.361102">
        <ele>468</ele>
        <extensions>
          <gpxtpx:TrackPointExtension>
            <gpxtpx:Extensions>
              <highway>motorway</highway>
              <surface>asphalt</surface>
              <maxspeed>unknown</maxspeed>
              <oneway>yes</oneway>
            </gpxtpx:Extensions>
          </gpxtpx:TrackPointExtension>
        </extensions>
      </trkpt>
      <trkpt lat="48.43169" lon="10.363096">
        <ele>469.25</ele>
        <extensions>
          <gpxtpx:TrackPointExtension>
            <gpxtpx:Extensions>
              <highway>motorway</highway>
              <surface>asphalt</surface>
              <maxspeed>unknown</maxspeed>
              <oneway>yes</oneway>
            </gpxtpx:Extensions>
          </gpxtpx:TrackPointExtension>
        </extensions>
      </trkpt>
      <trkpt lat="48.431637" lon="10.364432">
        <ele>472.75</ele>
        <extensions>
          <gpxtpx:TrackPointExtension>
            <gpxtpx:Extensions>
              <highway>motorway</highway>
              <surface>asphalt</surface>
              <maxspeed>unknown</maxspeed>
              <oneway>yes</oneway>
            </gpxtpx:Extensions>
          </gpxtpx:TrackPointExtension>
        </extensions>
      </trkpt>
      <trkpt lat="48.431567" lon="10.365436">
        <ele>472.5</ele>
        <extensions>
          <gpxtpx:TrackPointExtension>
            <gpxtpx:Extensions>
              <highway>motorway</highway>
              <surface>asphalt</surface>
              <maxspeed>unknown</maxspeed>
              <oneway>yes</oneway>
            </gpxtpx:Extensions>
          </gpxtpx:TrackPointExtension>
        </extensions>
      </trkpt>
      <trkpt lat="48.431438" lon="10.366732">
        <ele>464.75</ele>
        <extensions>
          <gpxtpx:TrackPointExtension>
            <gpxtpx:Extensions>
              <highway>motorway</highway>
              <surface>asphalt</surface>
              <maxspeed>unknown</maxspeed>
              <oneway>yes</oneway>
            </gpxtpx:Extensions>
          </gpxtpx:TrackPointExtension>
        </extensions>
      </trkpt>
      <trkpt lat="48.431276" lon="10.36795">
        <ele>458.25</ele>
        <extensions>
          <gpxtpx:TrackPointExtension>
            <gpxtpx:Extensions>
              <highway>motorway</highway>
              <surface>asphalt</surface>
              <maxspeed>unknown</maxspeed>
              <oneway>yes</oneway>
            </gpxtpx:Extensions>
          </gpxtpx:TrackPointExtension>
        </extensions>
      </trkpt>
      <trkpt lat="48.431133" lon="10.368856">
        <ele>453.75</ele>
        <extensions>
          <gpxtpx:TrackPointExtension>
            <gpxtpx:Extensions>
              <highway>motorway</highway>
              <surface>asphalt</surface>
              <maxspeed>unknown</maxspeed>
              <oneway>yes</oneway>
            </gpxtpx:Extensions>
          </gpxtpx:TrackPointExtension>
        </extensions>
      </trkpt>
      <trkpt lat="48.431055" lon="10.369315">
        <ele>452</ele>
        <extensions>
          <gpxtpx:TrackPointExtension>
            <gpxtpx:Extensions>
              <highway>motorway</highway>
              <surface>asphalt</surface>
              <maxspeed>unknown</maxspeed>
              <oneway>yes</oneway>
            </gpxtpx:Extensions>
          </gpxtpx:TrackPointExtension>
        </extensions>
      </trkpt>
      <trkpt lat="48.430834" lon="10.370356">
        <ele>450</ele>
        <extensions>
          <gpxtpx:TrackPointExtension>
            <gpxtpx:Extensions>
              <highway>motorway</highway>
              <surface>asphalt</surface>
              <maxspeed>unknown</maxspeed>
              <oneway>yes</oneway>
            </gpxtpx:Extensions>
          </gpxtpx:TrackPointExtension>
        </extensions>
      </trkpt>
      <trkpt lat="48.430637" lon="10.371244">
        <ele>449.25</ele>
        <extensions>
          <gpxtpx:TrackPointExtension>
            <gpxtpx:Extensions>
              <highway>motorway</highway>
              <surface>asphalt</surface>
              <maxspeed>unknown</maxspeed>
              <oneway>yes</oneway>
            </gpxtpx:Extensions>
          </gpxtpx:TrackPointExtension>
        </extensions>
      </trkpt>
      <trkpt lat="48.430536" lon="10.37165">
        <ele>449.25</ele>
        <extensions>
          <gpxtpx:TrackPointExtension>
            <gpxtpx:Extensions>
              <highway>motorway</highway>
              <surface>asphalt</surface>
              <maxspeed>unknown</maxspeed>
              <oneway>yes</oneway>
            </gpxtpx:Extensions>
          </gpxtpx:TrackPointExtension>
        </extensions>
      </trkpt>
      <trkpt lat="48.430317" lon="10.372475">
        <ele>449.25</ele>
        <extensions>
          <gpxtpx:TrackPointExtension>
            <gpxtpx:Extensions>
              <highway>motorway</highway>
              <surface>asphalt</surface>
              <maxspeed>unknown</maxspeed>
              <oneway>yes</oneway>
            </gpxtpx:Extensions>
          </gpxtpx:TrackPointExtension>
        </extensions>
      </trkpt>
      <trkpt lat="48.430067" lon="10.373335">
        <ele>450</ele>
        <extensions>
          <gpxtpx:TrackPointExtension>
            <gpxtpx:Extensions>
              <highway>motorway</highway>
              <surface>asphalt</surface>
              <maxspeed>unknown</maxspeed>
              <oneway>yes</oneway>
            </gpxtpx:Extensions>
          </gpxtpx:TrackPointExtension>
        </extensions>
      </trkpt>
      <trkpt lat="48.429922" lon="10.373806">
        <ele>449.75</ele>
        <extensions>
          <gpxtpx:TrackPointExtension>
            <gpxtpx:Extensions>
              <highway>motorway</highway>
              <surface>asphalt</surface>
              <maxspeed>unknown</maxspeed>
              <oneway>yes</oneway>
            </gpxtpx:Extensions>
          </gpxtpx:TrackPointExtension>
        </extensions>
      </trkpt>
      <trkpt lat="48.429725" lon="10.374398">
        <ele>449.5</ele>
        <extensions>
          <gpxtpx:TrackPointExtension>
            <gpxtpx:Extensions>
              <highway>motorway</highway>
              <surface>asphalt</surface>
              <maxspeed>unknown</maxspeed>
              <oneway>yes</oneway>
            </gpxtpx:Extensions>
          </gpxtpx:TrackPointExtension>
        </extensions>
      </trkpt>
      <trkpt lat="48.429406" lon="10.375306">
        <ele>450</ele>
        <extensions>
          <gpxtpx:TrackPointExtension>
            <gpxtpx:Extensions>
              <highway>motorway</highway>
              <surface>asphalt</surface>
              <maxspeed>unknown</maxspeed>
              <oneway>yes</oneway>
            </gpxtpx:Extensions>
          </gpxtpx:TrackPointExtension>
        </extensions>
      </trkpt>
      <trkpt lat="48.429073" lon="10.37617">
        <ele>450.5</ele>
        <extensions>
          <gpxtpx:TrackPointExtension>
            <gpxtpx:Extensions>
              <highway>motorway</highway>
              <surface>asphalt</surface>
              <maxspeed>unknown</maxspeed>
              <oneway>yes</oneway>
            </gpxtpx:Extensions>
          </gpxtpx:TrackPointExtension>
        </extensions>
      </trkpt>
      <trkpt lat="48.428721" lon="10.377006">
        <ele>449.75</ele>
        <extensions>
          <gpxtpx:TrackPointExtension>
            <gpxtpx:Extensions>
              <highway>motorway</highway>
              <surface>asphalt</surface>
              <maxspeed>unknown</maxspeed>
              <oneway>yes</oneway>
            </gpxtpx:Extensions>
          </gpxtpx:TrackPointExtension>
        </extensions>
      </trkpt>
      <trkpt lat="48.4283" lon="10.377955">
        <ele>451</ele>
        <extensions>
          <gpxtpx:TrackPointExtension>
            <gpxtpx:Extensions>
              <highway>motorway</highway>
              <surface>asphalt</surface>
              <maxspeed>unknown</maxspeed>
              <oneway>yes</oneway>
            </gpxtpx:Extensions>
          </gpxtpx:TrackPointExtension>
        </extensions>
      </trkpt>
      <trkpt lat="48.428112" lon="10.378379">
        <ele>452.5</ele>
        <extensions>
          <gpxtpx:TrackPointExtension>
            <gpxtpx:Extensions>
              <highway>motorway</highway>
              <surface>asphalt</surface>
              <maxspeed>unknown</maxspeed>
              <oneway>yes</oneway>
            </gpxtpx:Extensions>
          </gpxtpx:TrackPointExtension>
        </extensions>
      </trkpt>
      <trkpt lat="48.427547" lon="10.379638">
        <ele>458</ele>
        <extensions>
          <gpxtpx:TrackPointExtension>
            <gpxtpx:Extensions>
              <highway>motorway</highway>
              <surface>asphalt</surface>
              <maxspeed>unknown</maxspeed>
              <oneway>yes</oneway>
            </gpxtpx:Extensions>
          </gpxtpx:TrackPointExtension>
        </extensions>
      </trkpt>
      <trkpt lat="48.426987" lon="10.380891">
        <ele>468</ele>
        <extensions>
          <gpxtpx:TrackPointExtension>
            <gpxtpx:Extensions>
              <highway>motorway</highway>
              <surface>asphalt</surface>
              <maxspeed>unknown</maxspeed>
              <oneway>yes</oneway>
            </gpxtpx:Extensions>
          </gpxtpx:TrackPointExtension>
        </extensions>
      </trkpt>
      <trkpt lat="48.426523" lon="10.381904">
        <ele>471.25</ele>
        <extensions>
          <gpxtpx:TrackPointExtension>
            <gpxtpx:Extensions>
              <highway>motorway</highway>
              <surface>asphalt</surface>
              <maxspeed>unknown</maxspeed>
              <oneway>yes</oneway>
            </gpxtpx:Extensions>
          </gpxtpx:TrackPointExtension>
        </extensions>
      </trkpt>
      <trkpt lat="48.425644" lon="10.383895">
        <ele>480</ele>
        <extensions>
          <gpxtpx:TrackPointExtension>
            <gpxtpx:Extensions>
              <highway>motorway</highway>
              <surface>asphalt</surface>
              <maxspeed>unknown</maxspeed>
              <oneway>yes</oneway>
            </gpxtpx:Extensions>
          </gpxtpx:TrackPointExtension>
        </extensions>
      </trkpt>
      <trkpt lat="48.424773" lon="10.385813">
        <ele>487.5</ele>
        <extensions>
          <gpxtpx:TrackPointExtension>
            <gpxtpx:Extensions>
              <highway>motorway</highway>
              <surface>asphalt</surface>
              <maxspeed>unknown</maxspeed>
              <oneway>yes</oneway>
            </gpxtpx:Extensions>
          </gpxtpx:TrackPointExtension>
        </extensions>
      </trkpt>
      <trkpt lat="48.423686" lon="10.388122">
        <ele>495</ele>
        <extensions>
          <gpxtpx:TrackPointExtension>
            <gpxtpx:Extensions>
              <highway>motorway</highway>
              <surface>asphalt</surface>
              <maxspeed>unknown</maxspeed>
              <oneway>yes</oneway>
            </gpxtpx:Extensions>
          </gpxtpx:TrackPointExtension>
        </extensions>
      </trkpt>
      <trkpt lat="48.423236" lon="10.389096">
        <ele>494.5</ele>
        <extensions>
          <gpxtpx:TrackPointExtension>
            <gpxtpx:Extensions>
              <highway>motorway</highway>
              <surface>asphalt</surface>
              <maxspeed>unknown</maxspeed>
              <oneway>yes</oneway>
            </gpxtpx:Extensions>
          </gpxtpx:TrackPointExtension>
        </extensions>
      </trkpt>
      <trkpt lat="48.42275" lon="10.390112">
        <ele>492.75</ele>
        <extensions>
          <gpxtpx:TrackPointExtension>
            <gpxtpx:Extensions>
              <highway>motorway</highway>
              <surface>asphalt</surface>
              <maxspeed>unknown</maxspeed>
              <oneway>yes</oneway>
            </gpxtpx:Extensions>
          </gpxtpx:TrackPointExtension>
        </extensions>
      </trkpt>
      <trkpt lat="48.42239" lon="10.390828">
        <ele>491</ele>
        <extensions>
          <gpxtpx:TrackPointExtension>
            <gpxtpx:Extensions>
              <highway>motorway</highway>
              <surface>asphalt</surface>
              <maxspeed>unknown</maxspeed>
              <oneway>yes</oneway>
            </gpxtpx:Extensions>
          </gpxtpx:TrackPointExtension>
        </extensions>
      </trkpt>
      <trkpt lat="48.421858" lon="10.391885">
        <ele>489</ele>
        <extensions>
          <gpxtpx:TrackPointExtension>
            <gpxtpx:Extensions>
              <highway>motorway</highway>
              <surface>asphalt</surface>
              <maxspeed>unknown</maxspeed>
              <oneway>yes</oneway>
            </gpxtpx:Extensions>
          </gpxtpx:TrackPointExtension>
        </extensions>
      </trkpt>
      <trkpt lat="48.420612" lon="10.394245">
        <ele>487.75</ele>
        <extensions>
          <gpxtpx:TrackPointExtension>
            <gpxtpx:Extensions>
              <highway>motorway</highway>
              <surface>asphalt</surface>
              <maxspeed>unknown</maxspeed>
              <oneway>yes</oneway>
            </gpxtpx:Extensions>
          </gpxtpx:TrackPointExtension>
        </extensions>
      </trkpt>
      <trkpt lat="48.420407" lon="10.394637">
        <ele>487.5</ele>
        <extensions>
          <gpxtpx:TrackPointExtension>
            <gpxtpx:Extensions>
              <highway>motorway</highway>
              <surface>asphalt</surface>
              <maxspeed>unknown</maxspeed>
              <oneway>yes</oneway>
            </gpxtpx:Extensions>
          </gpxtpx:TrackPointExtension>
        </extensions>
      </trkpt>
      <trkpt lat="48.41982" lon="10.395773">
        <ele>487.25</ele>
        <extensions>
          <gpxtpx:TrackPointExtension>
            <gpxtpx:Extensions>
              <highway>motorway</highway>
              <surface>asphalt</surface>
              <maxspeed>unknown</maxspeed>
              <oneway>yes</oneway>
            </gpxtpx:Extensions>
          </gpxtpx:TrackPointExtension>
        </extensions>
      </trkpt>
      <trkpt lat="48.418221" lon="10.398789">
        <ele>487</ele>
        <extensions>
          <gpxtpx:TrackPointExtension>
            <gpxtpx:Extensions>
              <highway>motorway</highway>
              <surface>asphalt</surface>
              <maxspeed>unknown</maxspeed>
              <oneway>yes</oneway>
            </gpxtpx:Extensions>
          </gpxtpx:TrackPointExtension>
        </extensions>
      </trkpt>
      <trkpt lat="48.417558" lon="10.4">
        <ele>487</ele>
        <extensions>
          <gpxtpx:TrackPointExtension>
            <gpxtpx:Extensions>
              <highway>motorway</highway>
              <surface>asphalt</surface>
              <maxspeed>unknown</maxspeed>
              <oneway>yes</oneway>
            </gpxtpx:Extensions>
          </gpxtpx:TrackPointExtension>
        </extensions>
      </trkpt>
      <trkpt lat="48.416787" lon="10.401464">
        <ele>484.25</ele>
        <extensions>
          <gpxtpx:TrackPointExtension>
            <gpxtpx:Extensions>
              <highway>motorway</highway>
              <surface>asphalt</surface>
              <maxspeed>unknown</maxspeed>
              <oneway>yes</oneway>
            </gpxtpx:Extensions>
          </gpxtpx:TrackPointExtension>
        </extensions>
      </trkpt>
      <trkpt lat="48.416172" lon="10.402631">
        <ele>485</ele>
        <extensions>
          <gpxtpx:TrackPointExtension>
            <gpxtpx:Extensions>
              <highway>motorway</highway>
              <surface>asphalt</surface>
              <maxspeed>unknown</maxspeed>
              <oneway>yes</oneway>
            </gpxtpx:Extensions>
          </gpxtpx:TrackPointExtension>
        </extensions>
      </trkpt>
      <trkpt lat="48.415578" lon="10.403826">
        <ele>485.25</ele>
        <extensions>
          <gpxtpx:TrackPointExtension>
            <gpxtpx:Extensions>
              <highway>motorway</highway>
              <surface>asphalt</surface>
              <maxspeed>unknown</maxspeed>
              <oneway>yes</oneway>
            </gpxtpx:Extensions>
          </gpxtpx:TrackPointExtension>
        </extensions>
      </trkpt>
      <trkpt lat="48.415171" lon="10.4047">
        <ele>484.5</ele>
        <extensions>
          <gpxtpx:TrackPointExtension>
            <gpxtpx:Extensions>
              <highway>motorway</highway>
              <surface>asphalt</surface>
              <maxspeed>unknown</maxspeed>
              <oneway>yes</oneway>
            </gpxtpx:Extensions>
          </gpxtpx:TrackPointExtension>
        </extensions>
      </trkpt>
      <trkpt lat="48.4148" lon="10.405585">
        <ele>484</ele>
        <extensions>
          <gpxtpx:TrackPointExtension>
            <gpxtpx:Extensions>
              <highway>motorway</highway>
              <surface>asphalt</surface>
              <maxspeed>unknown</maxspeed>
              <oneway>yes</oneway>
            </gpxtpx:Extensions>
          </gpxtpx:TrackPointExtension>
        </extensions>
      </trkpt>
      <trkpt lat="48.414499" lon="10.406404">
        <ele>482.5</ele>
        <extensions>
          <gpxtpx:TrackPointExtension>
            <gpxtpx:Extensions>
              <highway>motorway</highway>
              <surface>asphalt</surface>
              <maxspeed>unknown</maxspeed>
              <oneway>yes</oneway>
            </gpxtpx:Extensions>
          </gpxtpx:TrackPointExtension>
        </extensions>
      </trkpt>
      <trkpt lat="48.414209" lon="10.407221">
        <ele>473.5</ele>
        <extensions>
          <gpxtpx:TrackPointExtension>
            <gpxtpx:Extensions>
              <highway>motorway</highway>
              <surface>asphalt</surface>
              <maxspeed>unknown</maxspeed>
              <oneway>yes</oneway>
            </gpxtpx:Extensions>
          </gpxtpx:TrackPointExtension>
        </extensions>
      </trkpt>
      <trkpt lat="48.414119" lon="10.407471">
        <ele>469</ele>
        <extensions>
          <gpxtpx:TrackPointExtension>
            <gpxtpx:Extensions>
              <highway>motorway</highway>
              <surface>asphalt</surface>
              <maxspeed>unknown</maxspeed>
              <oneway>yes</oneway>
            </gpxtpx:Extensions>
          </gpxtpx:TrackPointExtension>
        </extensions>
      </trkpt>
      <trkpt lat="48.413999" lon="10.407862">
        <ele>465.25</ele>
        <extensions>
          <gpxtpx:TrackPointExtension>
            <gpxtpx:Extensions>
              <highway>motorway</highway>
              <surface>asphalt</surface>
              <maxspeed>unknown</maxspeed>
              <oneway>yes</oneway>
            </gpxtpx:Extensions>
          </gpxtpx:TrackPointExtension>
        </extensions>
      </trkpt>
      <trkpt lat="48.413789" lon="10.408545">
        <ele>460.25</ele>
        <extensions>
          <gpxtpx:TrackPointExtension>
            <gpxtpx:Extensions>
              <highway>motorway</highway>
              <surface>asphalt</surface>
              <maxspeed>unknown</maxspeed>
              <oneway>yes</oneway>
            </gpxtpx:Extensions>
          </gpxtpx:TrackPointExtension>
        </extensions>
      </trkpt>
      <trkpt lat="48.413579" lon="10.409347">
        <ele>458.5</ele>
        <extensions>
          <gpxtpx:TrackPointExtension>
            <gpxtpx:Extensions>
              <highway>motorway</highway>
              <surface>asphalt</surface>
              <maxspeed>unknown</maxspeed>
              <oneway>yes</oneway>
            </gpxtpx:Extensions>
          </gpxtpx:TrackPointExtension>
        </extensions>
      </trkpt>
      <trkpt lat="48.413326" lon="10.410397">
        <ele>458</ele>
        <extensions>
          <gpxtpx:TrackPointExtension>
            <gpxtpx:Extensions>
              <highway>motorway</highway>
              <surface>asphalt</surface>
              <maxspeed>unknown</maxspeed>
              <oneway>yes</oneway>
            </gpxtpx:Extensions>
          </gpxtpx:TrackPointExtension>
        </extensions>
      </trkpt>
      <trkpt lat="48.413122" lon="10.411374">
        <ele>456.75</ele>
        <extensions>
          <gpxtpx:TrackPointExtension>
            <gpxtpx:Extensions>
              <highway>motorway</highway>
              <surface>asphalt</surface>
              <maxspeed>unknown</maxspeed>
              <oneway>yes</oneway>
            </gpxtpx:Extensions>
          </gpxtpx:TrackPointExtension>
        </extensions>
      </trkpt>
      <trkpt lat="48.412945" lon="10.41231">
        <ele>455.5</ele>
        <extensions>
          <gpxtpx:TrackPointExtension>
            <gpxtpx:Extensions>
              <highway>motorway</highway>
              <surface>asphalt</surface>
              <maxspeed>unknown</maxspeed>
              <oneway>yes</oneway>
            </gpxtpx:Extensions>
          </gpxtpx:TrackPointExtension>
        </extensions>
      </trkpt>
      <trkpt lat="48.412745" lon="10.413658">
        <ele>454.75</ele>
        <extensions>
          <gpxtpx:TrackPointExtension>
            <gpxtpx:Extensions>
              <highway>motorway</highway>
              <surface>asphalt</surface>
              <maxspeed>unknown</maxspeed>
              <oneway>yes</oneway>
            </gpxtpx:Extensions>
          </gpxtpx:TrackPointExtension>
        </extensions>
      </trkpt>
      <trkpt lat="48.41259" lon="10.414972">
        <ele>454</ele>
        <extensions>
          <gpxtpx:TrackPointExtension>
            <gpxtpx:Extensions>
              <highway>motorway</highway>
              <surface>asphalt</surface>
              <maxspeed>unknown</maxspeed>
              <oneway>yes</oneway>
            </gpxtpx:Extensions>
          </gpxtpx:TrackPointExtension>
        </extensions>
      </trkpt>
      <trkpt lat="48.412492" lon="10.416168">
        <ele>454.25</ele>
        <extensions>
          <gpxtpx:TrackPointExtension>
            <gpxtpx:Extensions>
              <highway>motorway</highway>
              <surface>asphalt</surface>
              <maxspeed>unknown</maxspeed>
              <oneway>yes</oneway>
            </gpxtpx:Extensions>
          </gpxtpx:TrackPointExtension>
        </extensions>
      </trkpt>
      <trkpt lat="48.412436" lon="10.417292">
        <ele>455.5</ele>
        <extensions>
          <gpxtpx:TrackPointExtension>
            <gpxtpx:Extensions>
              <highway>motorway</highway>
              <surface>asphalt</surface>
              <maxspeed>unknown</maxspeed>
              <oneway>yes</oneway>
            </gpxtpx:Extensions>
          </gpxtpx:TrackPointExtension>
        </extensions>
      </trkpt>
      <trkpt lat="48.412407" lon="10.418475">
        <ele>456</ele>
        <extensions>
          <gpxtpx:TrackPointExtension>
            <gpxtpx:Extensions>
              <highway>motorway</highway>
              <surface>asphalt</surface>
              <maxspeed>unknown</maxspeed>
              <oneway>yes</oneway>
            </gpxtpx:Extensions>
          </gpxtpx:TrackPointExtension>
        </extensions>
      </trkpt>
      <trkpt lat="48.412406" lon="10.419389">
        <ele>455.75</ele>
        <extensions>
          <gpxtpx:TrackPointExtension>
            <gpxtpx:Extensions>
              <highway>motorway</highway>
              <surface>asphalt</surface>
              <maxspeed>unknown</maxspeed>
              <oneway>yes</oneway>
            </gpxtpx:Extensions>
          </gpxtpx:TrackPointExtension>
        </extensions>
      </trkpt>
      <trkpt lat="48.412418" lon="10.420414">
        <ele>457.25</ele>
        <extensions>
          <gpxtpx:TrackPointExtension>
            <gpxtpx:Extensions>
              <highway>motorway</highway>
              <surface>asphalt</surface>
              <maxspeed>unknown</maxspeed>
              <oneway>yes</oneway>
            </gpxtpx:Extensions>
          </gpxtpx:TrackPointExtension>
        </extensions>
      </trkpt>
      <trkpt lat="48.412428" lon="10.421092">
        <ele>459</ele>
        <extensions>
          <gpxtpx:TrackPointExtension>
            <gpxtpx:Extensions>
              <highway>motorway</highway>
              <surface>asphalt</surface>
              <maxspeed>unknown</maxspeed>
              <oneway>yes</oneway>
            </gpxtpx:Extensions>
          </gpxtpx:TrackPointExtension>
        </extensions>
      </trkpt>
      <trkpt lat="48.412482" lon="10.425076">
        <ele>459.75</ele>
        <extensions>
          <gpxtpx:TrackPointExtension>
            <gpxtpx:Extensions>
              <highway>motorway</highway>
              <surface>asphalt</surface>
              <maxspeed>unknown</maxspeed>
              <oneway>yes</oneway>
            </gpxtpx:Extensions>
          </gpxtpx:TrackPointExtension>
        </extensions>
      </trkpt>
      <trkpt lat="48.412509" lon="10.426314">
        <ele>457.75</ele>
        <extensions>
          <gpxtpx:TrackPointExtension>
            <gpxtpx:Extensions>
              <highway>motorway</highway>
              <surface>asphalt</surface>
              <maxspeed>unknown</maxspeed>
              <oneway>yes</oneway>
            </gpxtpx:Extensions>
          </gpxtpx:TrackPointExtension>
        </extensions>
      </trkpt>
      <trkpt lat="48.412564" lon="10.430155">
        <ele>456.75</ele>
        <extensions>
          <gpxtpx:TrackPointExtension>
            <gpxtpx:Extensions>
              <highway>motorway</highway>
              <surface>asphalt</surface>
              <maxspeed>unknown</maxspeed>
              <oneway>yes</oneway>
            </gpxtpx:Extensions>
          </gpxtpx:TrackPointExtension>
        </extensions>
      </trkpt>
      <trkpt lat="48.412607" lon="10.431611">
        <ele>455.25</ele>
        <extensions>
          <gpxtpx:TrackPointExtension>
            <gpxtpx:Extensions>
              <highway>motorway</highway>
              <surface>asphalt</surface>
              <maxspeed>unknown</maxspeed>
              <oneway>yes</oneway>
            </gpxtpx:Extensions>
          </gpxtpx:TrackPointExtension>
        </extensions>
      </trkpt>
      <trkpt lat="48.412634" lon="10.43351">
        <ele>456</ele>
        <extensions>
          <gpxtpx:TrackPointExtension>
            <gpxtpx:Extensions>
              <highway>motorway</highway>
              <surface>asphalt</surface>
              <maxspeed>unknown</maxspeed>
              <oneway>yes</oneway>
            </gpxtpx:Extensions>
          </gpxtpx:TrackPointExtension>
        </extensions>
      </trkpt>
      <trkpt lat="48.412646" lon="10.434379">
        <ele>457.25</ele>
        <extensions>
          <gpxtpx:TrackPointExtension>
            <gpxtpx:Extensions>
              <highway>motorway</highway>
              <surface>asphalt</surface>
              <maxspeed>unknown</maxspeed>
              <oneway>yes</oneway>
            </gpxtpx:Extensions>
          </gpxtpx:TrackPointExtension>
        </extensions>
      </trkpt>
      <trkpt lat="48.412671" lon="10.436405">
        <ele>456.25</ele>
        <extensions>
          <gpxtpx:TrackPointExtension>
            <gpxtpx:Extensions>
              <highway>motorway</highway>
              <surface>asphalt</surface>
              <maxspeed>unknown</maxspeed>
              <oneway>yes</oneway>
            </gpxtpx:Extensions>
          </gpxtpx:TrackPointExtension>
        </extensions>
      </trkpt>
      <trkpt lat="48.412695" lon="10.437795">
        <ele>457.75</ele>
        <extensions>
          <gpxtpx:TrackPointExtension>
            <gpxtpx:Extensions>
              <highway>motorway</highway>
              <surface>asphalt</surface>
              <maxspeed>unknown</maxspeed>
              <oneway>yes</oneway>
            </gpxtpx:Extensions>
          </gpxtpx:TrackPointExtension>
        </extensions>
      </trkpt>
      <trkpt lat="48.412716" lon="10.439296">
        <ele>459.75</ele>
        <extensions>
          <gpxtpx:TrackPointExtension>
            <gpxtpx:Extensions>
              <highway>motorway</highway>
              <surface>asphalt</surface>
              <maxspeed>unknown</maxspeed>
              <oneway>yes</oneway>
            </gpxtpx:Extensions>
          </gpxtpx:TrackPointExtension>
        </extensions>
      </trkpt>
      <trkpt lat="48.412736" lon="10.440376">
        <ele>462</ele>
        <extensions>
          <gpxtpx:TrackPointExtension>
            <gpxtpx:Extensions>
              <highway>motorway</highway>
              <surface>asphalt</surface>
              <maxspeed>unknown</maxspeed>
              <oneway>yes</oneway>
            </gpxtpx:Extensions>
          </gpxtpx:TrackPointExtension>
        </extensions>
      </trkpt>
      <trkpt lat="48.412751" lon="10.442458">
        <ele>466.75</ele>
        <extensions>
          <gpxtpx:TrackPointExtension>
            <gpxtpx:Extensions>
              <highway>motorway</highway>
              <surface>asphalt</surface>
              <maxspeed>unknown</maxspeed>
              <oneway>yes</oneway>
            </gpxtpx:Extensions>
          </gpxtpx:TrackPointExtension>
        </extensions>
      </trkpt>
      <trkpt lat="48.41277" lon="10.443682">
        <ele>470.25</ele>
        <extensions>
          <gpxtpx:TrackPointExtension>
            <gpxtpx:Extensions>
              <highway>motorway</highway>
              <surface>asphalt</surface>
              <maxspeed>unknown</maxspeed>
              <oneway>yes</oneway>
            </gpxtpx:Extensions>
          </gpxtpx:TrackPointExtension>
        </extensions>
      </trkpt>
      <trkpt lat="48.412778" lon="10.444484">
        <ele>471.75</ele>
        <extensions>
          <gpxtpx:TrackPointExtension>
            <gpxtpx:Extensions>
              <highway>motorway</highway>
              <surface>asphalt</surface>
              <maxspeed>unknown</maxspeed>
              <oneway>yes</oneway>
            </gpxtpx:Extensions>
          </gpxtpx:TrackPointExtension>
        </extensions>
      </trkpt>
      <trkpt lat="48.412831" lon="10.447177">
        <ele>480.5</ele>
        <extensions>
          <gpxtpx:TrackPointExtension>
            <gpxtpx:Extensions>
              <highway>motorway</highway>
              <surface>asphalt</surface>
              <maxspeed>unknown</maxspeed>
              <oneway>yes</oneway>
            </gpxtpx:Extensions>
          </gpxtpx:TrackPointExtension>
        </extensions>
      </trkpt>
      <trkpt lat="48.412877" lon="10.449027">
        <ele>487.25</ele>
        <extensions>
          <gpxtpx:TrackPointExtension>
            <gpxtpx:Extensions>
              <highway>motorway</highway>
              <surface>asphalt</surface>
              <maxspeed>unknown</maxspeed>
              <oneway>yes</oneway>
            </gpxtpx:Extensions>
          </gpxtpx:TrackPointExtension>
        </extensions>
      </trkpt>
      <trkpt lat="48.41292" lon="10.450161">
        <ele>490.25</ele>
        <extensions>
          <gpxtpx:TrackPointExtension>
            <gpxtpx:Extensions>
              <highway>motorway</highway>
              <surface>asphalt</surface>
              <maxspeed>unknown</maxspeed>
              <oneway>yes</oneway>
            </gpxtpx:Extensions>
          </gpxtpx:TrackPointExtension>
        </extensions>
      </trkpt>
      <trkpt lat="48.41297" lon="10.451304">
        <ele>494</ele>
        <extensions>
          <gpxtpx:TrackPointExtension>
            <gpxtpx:Extensions>
              <highway>motorway</highway>
              <surface>asphalt</surface>
              <maxspeed>unknown</maxspeed>
              <oneway>yes</oneway>
            </gpxtpx:Extensions>
          </gpxtpx:TrackPointExtension>
        </extensions>
      </trkpt>
      <trkpt lat="48.413106" lon="10.453971">
        <ele>508</ele>
        <extensions>
          <gpxtpx:TrackPointExtension>
            <gpxtpx:Extensions>
              <highway>motorway</highway>
              <surface>asphalt</surface>
              <maxspeed>unknown</maxspeed>
              <oneway>yes</oneway>
            </gpxtpx:Extensions>
          </gpxtpx:TrackPointExtension>
        </extensions>
      </trkpt>
      <trkpt lat="48.413235" lon="10.456305">
        <ele>514.25</ele>
        <extensions>
          <gpxtpx:TrackPointExtension>
            <gpxtpx:Extensions>
              <highway>motorway</highway>
              <surface>asphalt</surface>
              <maxspeed>unknown</maxspeed>
              <oneway>yes</oneway>
            </gpxtpx:Extensions>
          </gpxtpx:TrackPointExtension>
        </extensions>
      </trkpt>
      <trkpt lat="48.413286" lon="10.45796">
        <ele>516</ele>
        <extensions>
          <gpxtpx:TrackPointExtension>
            <gpxtpx:Extensions>
              <highway>motorway</highway>
              <surface>asphalt</surface>
              <maxspeed>unknown</maxspeed>
              <oneway>yes</oneway>
            </gpxtpx:Extensions>
          </gpxtpx:TrackPointExtension>
        </extensions>
      </trkpt>
      <trkpt lat="48.413289" lon="10.458904">
        <ele>517.75</ele>
        <extensions>
          <gpxtpx:TrackPointExtension>
            <gpxtpx:Extensions>
              <highway>motorway</highway>
              <surface>asphalt</surface>
              <maxspeed>unknown</maxspeed>
              <oneway>yes</oneway>
            </gpxtpx:Extensions>
          </gpxtpx:TrackPointExtension>
        </extensions>
      </trkpt>
      <trkpt lat="48.41327" lon="10.460882">
        <ele>516.75</ele>
        <extensions>
          <gpxtpx:TrackPointExtension>
            <gpxtpx:Extensions>
              <highway>motorway</highway>
              <surface>asphalt</surface>
              <maxspeed>unknown</maxspeed>
              <oneway>yes</oneway>
            </gpxtpx:Extensions>
          </gpxtpx:TrackPointExtension>
        </extensions>
      </trkpt>
      <trkpt lat="48.413255" lon="10.461514">
        <ele>516.75</ele>
        <extensions>
          <gpxtpx:TrackPointExtension>
            <gpxtpx:Extensions>
              <highway>motorway</highway>
              <surface>asphalt</surface>
              <maxspeed>unknown</maxspeed>
              <oneway>yes</oneway>
            </gpxtpx:Extensions>
          </gpxtpx:TrackPointExtension>
        </extensions>
      </trkpt>
      <trkpt lat="48.413226" lon="10.46223">
        <ele>516.75</ele>
        <extensions>
          <gpxtpx:TrackPointExtension>
            <gpxtpx:Extensions>
              <highway>motorway</highway>
              <surface>asphalt</surface>
              <maxspeed>unknown</maxspeed>
              <oneway>yes</oneway>
            </gpxtpx:Extensions>
          </gpxtpx:TrackPointExtension>
        </extensions>
      </trkpt>
      <trkpt lat="48.413112" lon="10.464024">
        <ele>515.75</ele>
        <extensions>
          <gpxtpx:TrackPointExtension>
            <gpxtpx:Extensions>
              <highway>motorway</highway>
              <surface>asphalt</surface>
              <maxspeed>unknown</maxspeed>
              <oneway>yes</oneway>
            </gpxtpx:Extensions>
          </gpxtpx:TrackPointExtension>
        </extensions>
      </trkpt>
      <trkpt lat="48.413014" lon="10.465178">
        <ele>516</ele>
        <extensions>
          <gpxtpx:TrackPointExtension>
            <gpxtpx:Extensions>
              <highway>motorway</highway>
              <surface>asphalt</surface>
              <maxspeed>unknown</maxspeed>
              <oneway>yes</oneway>
            </gpxtpx:Extensions>
          </gpxtpx:TrackPointExtension>
        </extensions>
      </trkpt>
      <trkpt lat="48.412721" lon="10.468014">
        <ele>519</ele>
        <extensions>
          <gpxtpx:TrackPointExtension>
            <gpxtpx:Extensions>
              <highway>motorway</highway>
              <surface>asphalt</surface>
              <maxspeed>unknown</maxspeed>
              <oneway>yes</oneway>
            </gpxtpx:Extensions>
          </gpxtpx:TrackPointExtension>
        </extensions>
      </trkpt>
      <trkpt lat="48.41237" lon="10.471195">
        <ele>521.75</ele>
        <extensions>
          <gpxtpx:TrackPointExtension>
            <gpxtpx:Extensions>
              <highway>motorway</highway>
              <surface>asphalt</surface>
              <maxspeed>unknown</maxspeed>
              <oneway>yes</oneway>
            </gpxtpx:Extensions>
          </gpxtpx:TrackPointExtension>
        </extensions>
      </trkpt>
      <trkpt lat="48.41205" lon="10.474211">
        <ele>521.25</ele>
        <extensions>
          <gpxtpx:TrackPointExtension>
            <gpxtpx:Extensions>
              <highway>motorway</highway>
              <surface>asphalt</surface>
              <maxspeed>unknown</maxspeed>
              <oneway>yes</oneway>
            </gpxtpx:Extensions>
          </gpxtpx:TrackPointExtension>
        </extensions>
      </trkpt>
      <trkpt lat="48.411664" lon="10.477535">
        <ele>524</ele>
        <extensions>
          <gpxtpx:TrackPointExtension>
            <gpxtpx:Extensions>
              <highway>motorway</highway>
              <surface>asphalt</surface>
              <maxspeed>unknown</maxspeed>
              <oneway>yes</oneway>
            </gpxtpx:Extensions>
          </gpxtpx:TrackPointExtension>
        </extensions>
      </trkpt>
      <trkpt lat="48.411278" lon="10.480783">
        <ele>525</ele>
        <extensions>
          <gpxtpx:TrackPointExtension>
            <gpxtpx:Extensions>
              <highway>motorway</highway>
              <surface>asphalt</surface>
              <maxspeed>unknown</maxspeed>
              <oneway>yes</oneway>
            </gpxtpx:Extensions>
          </gpxtpx:TrackPointExtension>
        </extensions>
      </trkpt>
      <trkpt lat="48.411035" lon="10.482947">
        <ele>522.75</ele>
        <extensions>
          <gpxtpx:TrackPointExtension>
            <gpxtpx:Extensions>
              <highway>motorway</highway>
              <surface>asphalt</surface>
              <maxspeed>unknown</maxspeed>
              <oneway>yes</oneway>
            </gpxtpx:Extensions>
          </gpxtpx:TrackPointExtension>
        </extensions>
      </trkpt>
      <trkpt lat="48.410767" lon="10.485496">
        <ele>523.75</ele>
        <extensions>
          <gpxtpx:TrackPointExtension>
            <gpxtpx:Extensions>
              <highway>motorway</highway>
              <surface>asphalt</surface>
              <maxspeed>unknown</maxspeed>
              <oneway>yes</oneway>
            </gpxtpx:Extensions>
          </gpxtpx:TrackPointExtension>
        </extensions>
      </trkpt>
      <trkpt lat="48.410555" lon="10.487439">
        <ele>523.75</ele>
        <extensions>
          <gpxtpx:TrackPointExtension>
            <gpxtpx:Extensions>
              <highway>motorway</highway>
              <surface>asphalt</surface>
              <maxspeed>unknown</maxspeed>
              <oneway>yes</oneway>
            </gpxtpx:Extensions>
          </gpxtpx:TrackPointExtension>
        </extensions>
      </trkpt>
      <trkpt lat="48.41043" lon="10.488629">
        <ele>523.25</ele>
        <extensions>
          <gpxtpx:TrackPointExtension>
            <gpxtpx:Extensions>
              <highway>motorway</highway>
              <surface>asphalt</surface>
              <maxspeed>unknown</maxspeed>
              <oneway>yes</oneway>
            </gpxtpx:Extensions>
          </gpxtpx:TrackPointExtension>
        </extensions>
      </trkpt>
      <trkpt lat="48.409808" lon="10.494267">
        <ele>526</ele>
        <extensions>
          <gpxtpx:TrackPointExtension>
            <gpxtpx:Extensions>
              <highway>motorway</highway>
              <surface>asphalt</surface>
              <maxspeed>unknown</maxspeed>
              <oneway>yes</oneway>
            </gpxtpx:Extensions>
          </gpxtpx:TrackPointExtension>
        </extensions>
      </trkpt>
      <trkpt lat="48.409025" lon="10.501538">
        <ele>530.25</ele>
        <extensions>
          <gpxtpx:TrackPointExtension>
            <gpxtpx:Extensions>
              <highway>motorway</highway>
              <surface>asphalt</surface>
              <maxspeed>unknown</maxspeed>
              <oneway>yes</oneway>
            </gpxtpx:Extensions>
          </gpxtpx:TrackPointExtension>
        </extensions>
      </trkpt>
      <trkpt lat="48.408816" lon="10.503429">
        <ele>531.25</ele>
        <extensions>
          <gpxtpx:TrackPointExtension>
            <gpxtpx:Extensions>
              <highway>motorway</highway>
              <surface>asphalt</surface>
              <maxspeed>unknown</maxspeed>
              <oneway>yes</oneway>
            </gpxtpx:Extensions>
          </gpxtpx:TrackPointExtension>
        </extensions>
      </trkpt>
      <trkpt lat="48.408628" lon="10.504998">
        <ele>532.5</ele>
        <extensions>
          <gpxtpx:TrackPointExtension>
            <gpxtpx:Extensions>
              <highway>motorway</highway>
              <surface>asphalt</surface>
              <maxspeed>unknown</maxspeed>
              <oneway>yes</oneway>
            </gpxtpx:Extensions>
          </gpxtpx:TrackPointExtension>
        </extensions>
      </trkpt>
      <trkpt lat="48.408368" lon="10.506922">
        <ele>529.25</ele>
        <extensions>
          <gpxtpx:TrackPointExtension>
            <gpxtpx:Extensions>
              <highway>motorway</highway>
              <surface>asphalt</surface>
              <maxspeed>unknown</maxspeed>
              <oneway>yes</oneway>
            </gpxtpx:Extensions>
          </gpxtpx:TrackPointExtension>
        </extensions>
      </trkpt>
      <trkpt lat="48.408292" lon="10.50744">
        <ele>528.25</ele>
        <extensions>
          <gpxtpx:TrackPointExtension>
            <gpxtpx:Extensions>
              <highway>motorway</highway>
              <surface>asphalt</surface>
              <maxspeed>unknown</maxspeed>
              <oneway>yes</oneway>
            </gpxtpx:Extensions>
          </gpxtpx:TrackPointExtension>
        </extensions>
      </trkpt>
      <trkpt lat="48.408081" lon="10.508773">
        <ele>530.75</ele>
        <extensions>
          <gpxtpx:TrackPointExtension>
            <gpxtpx:Extensions>
              <highway>motorway</highway>
              <surface>asphalt</surface>
              <maxspeed>unknown</maxspeed>
              <oneway>yes</oneway>
            </gpxtpx:Extensions>
          </gpxtpx:TrackPointExtension>
        </extensions>
      </trkpt>
      <trkpt lat="48.407803" lon="10.510464">
        <ele>534</ele>
        <extensions>
          <gpxtpx:TrackPointExtension>
            <gpxtpx:Extensions>
              <highway>motorway</highway>
              <surface>asphalt</surface>
              <maxspeed>unknown</maxspeed>
              <oneway>yes</oneway>
            </gpxtpx:Extensions>
          </gpxtpx:TrackPointExtension>
        </extensions>
      </trkpt>
      <trkpt lat="48.407542" lon="10.511915">
        <ele>530.5</ele>
        <extensions>
          <gpxtpx:TrackPointExtension>
            <gpxtpx:Extensions>
              <highway>motorway</highway>
              <surface>asphalt</surface>
              <maxspeed>unknown</maxspeed>
              <oneway>yes</oneway>
            </gpxtpx:Extensions>
          </gpxtpx:TrackPointExtension>
        </extensions>
      </trkpt>
      <trkpt lat="48.407244" lon="10.51334">
        <ele>528.25</ele>
        <extensions>
          <gpxtpx:TrackPointExtension>
            <gpxtpx:Extensions>
              <highway>motorway</highway>
              <surface>asphalt</surface>
              <maxspeed>unknown</maxspeed>
              <oneway>yes</oneway>
            </gpxtpx:Extensions>
          </gpxtpx:TrackPointExtension>
        </extensions>
      </trkpt>
      <trkpt lat="48.406869" lon="10.515015">
        <ele>528.25</ele>
        <extensions>
          <gpxtpx:TrackPointExtension>
            <gpxtpx:Extensions>
              <highway>motorway</highway>
              <surface>asphalt</surface>
              <maxspeed>unknown</maxspeed>
              <oneway>yes</oneway>
            </gpxtpx:Extensions>
          </gpxtpx:TrackPointExtension>
        </extensions>
      </trkpt>
      <trkpt lat="48.406361" lon="10.517234">
        <ele>530.25</ele>
        <extensions>
          <gpxtpx:TrackPointExtension>
            <gpxtpx:Extensions>
              <highway>motorway</highway>
              <surface>asphalt</surface>
              <maxspeed>unknown</maxspeed>
              <oneway>yes</oneway>
            </gpxtpx:Extensions>
          </gpxtpx:TrackPointExtension>
        </extensions>
      </trkpt>
      <trkpt lat="48.40598" lon="10.518945">
        <ele>534.75</ele>
        <extensions>
          <gpxtpx:TrackPointExtension>
            <gpxtpx:Extensions>
              <highway>motorway</highway>
              <surface>asphalt</surface>
              <maxspeed>unknown</maxspeed>
              <oneway>yes</oneway>
            </gpxtpx:Extensions>
          </gpxtpx:TrackPointExtension>
        </extensions>
      </trkpt>
      <trkpt lat="48.405652" lon="10.520332">
        <ele>531.5</ele>
        <extensions>
          <gpxtpx:TrackPointExtension>
            <gpxtpx:Extensions>
              <highway>motorway</highway>
              <surface>asphalt</surface>
              <maxspeed>unknown</maxspeed>
              <oneway>yes</oneway>
            </gpxtpx:Extensions>
          </gpxtpx:TrackPointExtension>
        </extensions>
      </trkpt>
      <trkpt lat="48.40537" lon="10.521476">
        <ele>535.75</ele>
        <extensions>
          <gpxtpx:TrackPointExtension>
            <gpxtpx:Extensions>
              <highway>motorway</highway>
              <surface>asphalt</surface>
              <maxspeed>unknown</maxspeed>
              <oneway>yes</oneway>
            </gpxtpx:Extensions>
          </gpxtpx:TrackPointExtension>
        </extensions>
      </trkpt>
      <trkpt lat="48.405203" lon="10.522164">
        <ele>538</ele>
        <extensions>
          <gpxtpx:TrackPointExtension>
            <gpxtpx:Extensions>
              <highway>motorway</highway>
              <surface>asphalt</surface>
              <maxspeed>unknown</maxspeed>
              <oneway>yes</oneway>
            </gpxtpx:Extensions>
          </gpxtpx:TrackPointExtension>
        </extensions>
      </trkpt>
      <trkpt lat="48.405021" lon="10.522869">
        <ele>537.5</ele>
        <extensions>
          <gpxtpx:TrackPointExtension>
            <gpxtpx:Extensions>
              <highway>motorway</highway>
              <surface>asphalt</surface>
              <maxspeed>unknown</maxspeed>
              <oneway>yes</oneway>
            </gpxtpx:Extensions>
          </gpxtpx:TrackPointExtension>
        </extensions>
      </trkpt>
      <trkpt lat="48.404602" lon="10.524428">
        <ele>532.75</ele>
        <extensions>
          <gpxtpx:TrackPointExtension>
            <gpxtpx:Extensions>
              <highway>motorway</highway>
              <surface>asphalt</surface>
              <maxspeed>unknown</maxspeed>
              <oneway>yes</oneway>
            </gpxtpx:Extensions>
          </gpxtpx:TrackPointExtension>
        </extensions>
      </trkpt>
      <trkpt lat="48.402762" lon="10.530837">
        <ele>524.5</ele>
        <extensions>
          <gpxtpx:TrackPointExtension>
            <gpxtpx:Extensions>
              <highway>motorway</highway>
              <surface>asphalt</surface>
              <maxspeed>unknown</maxspeed>
              <oneway>yes</oneway>
            </gpxtpx:Extensions>
          </gpxtpx:TrackPointExtension>
        </extensions>
      </trkpt>
      <trkpt lat="48.402247" lon="10.532647">
        <ele>526.75</ele>
        <extensions>
          <gpxtpx:TrackPointExtension>
            <gpxtpx:Extensions>
              <highway>motorway</highway>
              <surface>asphalt</surface>
              <maxspeed>unknown</maxspeed>
              <oneway>yes</oneway>
            </gpxtpx:Extensions>
          </gpxtpx:TrackPointExtension>
        </extensions>
      </trkpt>
      <trkpt lat="48.401868" lon="10.533933">
        <ele>524.25</ele>
        <extensions>
          <gpxtpx:TrackPointExtension>
            <gpxtpx:Extensions>
              <highway>motorway</highway>
              <surface>asphalt</surface>
              <maxspeed>unknown</maxspeed>
              <oneway>yes</oneway>
            </gpxtpx:Extensions>
          </gpxtpx:TrackPointExtension>
        </extensions>
      </trkpt>
      <trkpt lat="48.401026" lon="10.536908">
        <ele>525.5</ele>
        <extensions>
          <gpxtpx:TrackPointExtension>
            <gpxtpx:Extensions>
              <highway>motorway</highway>
              <surface>asphalt</surface>
              <maxspeed>unknown</maxspeed>
              <oneway>yes</oneway>
            </gpxtpx:Extensions>
          </gpxtpx:TrackPointExtension>
        </extensions>
      </trkpt>
      <trkpt lat="48.400664" lon="10.538273">
        <ele>521</ele>
        <extensions>
          <gpxtpx:TrackPointExtension>
            <gpxtpx:Extensions>
              <highway>motorway</highway>
              <surface>asphalt</surface>
              <maxspeed>unknown</maxspeed>
              <oneway>yes</oneway>
            </gpxtpx:Extensions>
          </gpxtpx:TrackPointExtension>
        </extensions>
      </trkpt>
      <trkpt lat="48.400504" lon="10.538987">
        <ele>521.5</ele>
        <extensions>
          <gpxtpx:TrackPointExtension>
            <gpxtpx:Extensions>
              <highway>motorway</highway>
              <surface>asphalt</surface>
              <maxspeed>unknown</maxspeed>
              <oneway>yes</oneway>
            </gpxtpx:Extensions>
          </gpxtpx:TrackPointExtension>
        </extensions>
      </trkpt>
      <trkpt lat="48.400401" lon="10.539494">
        <ele>523</ele>
        <extensions>
          <gpxtpx:TrackPointExtension>
            <gpxtpx:Extensions>
              <highway>motorway</highway>
              <surface>asphalt</surface>
              <maxspeed>unknown</maxspeed>
              <oneway>yes</oneway>
            </gpxtpx:Extensions>
          </gpxtpx:TrackPointExtension>
        </extensions>
      </trkpt>
      <trkpt lat="48.400244" lon="10.540367">
        <ele>526</ele>
        <extensions>
          <gpxtpx:TrackPointExtension>
            <gpxtpx:Extensions>
              <highway>motorway</highway>
              <surface>asphalt</surface>
              <maxspeed>unknown</maxspeed>
              <oneway>yes</oneway>
            </gpxtpx:Extensions>
          </gpxtpx:TrackPointExtension>
        </extensions>
      </trkpt>
      <trkpt lat="48.400103" lon="10.541272">
        <ele>528.5</ele>
        <extensions>
          <gpxtpx:TrackPointExtension>
            <gpxtpx:Extensions>
              <highway>motorway</highway>
              <surface>asphalt</surface>
              <maxspeed>unknown</maxspeed>
              <oneway>yes</oneway>
            </gpxtpx:Extensions>
          </gpxtpx:TrackPointExtension>
        </extensions>
      </trkpt>
      <trkpt lat="48.399996" lon="10.542131">
        <ele>529.75</ele>
        <extensions>
          <gpxtpx:TrackPointExtension>
            <gpxtpx:Extensions>
              <highway>motorway</highway>
              <surface>asphalt</surface>
              <maxspeed>unknown</maxspeed>
              <oneway>yes</oneway>
            </gpxtpx:Extensions>
          </gpxtpx:TrackPointExtension>
        </extensions>
      </trkpt>
      <trkpt lat="48.399924" lon="10.542911">
        <ele>530.5</ele>
        <extensions>
          <gpxtpx:TrackPointExtension>
            <gpxtpx:Extensions>
              <highway>motorway</highway>
              <surface>asphalt</surface>
              <maxspeed>unknown</maxspeed>
              <oneway>yes</oneway>
            </gpxtpx:Extensions>
          </gpxtpx:TrackPointExtension>
        </extensions>
      </trkpt>
      <trkpt lat="48.399871" lon="10.543775">
        <ele>533.25</ele>
        <extensions>
          <gpxtpx:TrackPointExtension>
            <gpxtpx:Extensions>
              <highway>motorway</highway>
              <surface>asphalt</surface>
              <maxspeed>unknown</maxspeed>
              <oneway>yes</oneway>
            </gpxtpx:Extensions>
          </gpxtpx:TrackPointExtension>
        </extensions>
      </trkpt>
      <trkpt lat="48.399834" lon="10.544647">
        <ele>533</ele>
        <extensions>
          <gpxtpx:TrackPointExtension>
            <gpxtpx:Extensions>
              <highway>motorway</highway>
              <surface>asphalt</surface>
              <maxspeed>unknown</maxspeed>
              <oneway>yes</oneway>
            </gpxtpx:Extensions>
          </gpxtpx:TrackPointExtension>
        </extensions>
      </trkpt>
      <trkpt lat="48.399829" lon="10.545737">
        <ele>529</ele>
        <extensions>
          <gpxtpx:TrackPointExtension>
            <gpxtpx:Extensions>
              <highway>motorway</highway>
              <surface>asphalt</surface>
              <maxspeed>unknown</maxspeed>
              <oneway>yes</oneway>
            </gpxtpx:Extensions>
          </gpxtpx:TrackPointExtension>
        </extensions>
      </trkpt>
      <trkpt lat="48.399876" lon="10.54697">
        <ele>522.5</ele>
        <extensions>
          <gpxtpx:TrackPointExtension>
            <gpxtpx:Extensions>
              <highway>motorway</highway>
              <surface>asphalt</surface>
              <maxspeed>unknown</maxspeed>
              <oneway>yes</oneway>
            </gpxtpx:Extensions>
          </gpxtpx:TrackPointExtension>
        </extensions>
      </trkpt>
      <trkpt lat="48.399956" lon="10.548142">
        <ele>520</ele>
        <extensions>
          <gpxtpx:TrackPointExtension>
            <gpxtpx:Extensions>
              <highway>motorway</highway>
              <surface>asphalt</surface>
              <maxspeed>unknown</maxspeed>
              <oneway>yes</oneway>
            </gpxtpx:Extensions>
          </gpxtpx:TrackPointExtension>
        </extensions>
      </trkpt>
      <trkpt lat="48.400036" lon="10.548949">
        <ele>529</ele>
        <extensions>
          <gpxtpx:TrackPointExtension>
            <gpxtpx:Extensions>
              <highway>motorway</highway>
              <surface>asphalt</surface>
              <maxspeed>unknown</maxspeed>
              <oneway>yes</oneway>
            </gpxtpx:Extensions>
          </gpxtpx:TrackPointExtension>
        </extensions>
      </trkpt>
      <trkpt lat="48.400182" lon="10.550055">
        <ele>532.5</ele>
        <extensions>
          <gpxtpx:TrackPointExtension>
            <gpxtpx:Extensions>
              <highway>motorway</highway>
              <surface>asphalt</surface>
              <maxspeed>unknown</maxspeed>
              <oneway>yes</oneway>
            </gpxtpx:Extensions>
          </gpxtpx:TrackPointExtension>
        </extensions>
      </trkpt>
      <trkpt lat="48.400379" lon="10.551113">
        <ele>526.5</ele>
        <extensions>
          <gpxtpx:TrackPointExtension>
            <gpxtpx:Extensions>
              <highway>motorway</highway>
              <surface>asphalt</surface>
              <maxspeed>unknown</maxspeed>
              <oneway>yes</oneway>
            </gpxtpx:Extensions>
          </gpxtpx:TrackPointExtension>
        </extensions>
      </trkpt>
      <trkpt lat="48.400689" lon="10.552486">
        <ele>523.5</ele>
        <extensions>
          <gpxtpx:TrackPointExtension>
            <gpxtpx:Extensions>
              <highway>motorway</highway>
              <surface>asphalt</surface>
              <maxspeed>unknown</maxspeed>
              <oneway>yes</oneway>
            </gpxtpx:Extensions>
          </gpxtpx:TrackPointExtension>
        </extensions>
      </trkpt>
      <trkpt lat="48.401027" lon="10.55377">
        <ele>524.75</ele>
        <extensions>
          <gpxtpx:TrackPointExtension>
            <gpxtpx:Extensions>
              <highway>motorway</highway>
              <surface>asphalt</surface>
              <maxspeed>unknown</maxspeed>
              <oneway>yes</oneway>
            </gpxtpx:Extensions>
          </gpxtpx:TrackPointExtension>
        </extensions>
      </trkpt>
      <trkpt lat="48.40139" lon="10.554905">
        <ele>526.75</ele>
        <extensions>
          <gpxtpx:TrackPointExtension>
            <gpxtpx:Extensions>
              <highway>motorway</highway>
              <surface>asphalt</surface>
              <maxspeed>unknown</maxspeed>
              <oneway>yes</oneway>
            </gpxtpx:Extensions>
          </gpxtpx:TrackPointExtension>
        </extensions>
      </trkpt>
      <trkpt lat="48.401713" lon="10.555756">
        <ele>526.75</ele>
        <extensions>
          <gpxtpx:TrackPointExtension>
            <gpxtpx:Extensions>
              <highway>motorway</highway>
              <surface>asphalt</surface>
              <maxspeed>unknown</maxspeed>
              <oneway>yes</oneway>
            </gpxtpx:Extensions>
          </gpxtpx:TrackPointExtension>
        </extensions>
      </trkpt>
      <trkpt lat="48.402005" lon="10.556473">
        <ele>527</ele>
        <extensions>
          <gpxtpx:TrackPointExtension>
            <gpxtpx:Extensions>
              <highway>motorway</highway>
              <surface>asphalt</surface>
              <maxspeed>unknown</maxspeed>
              <oneway>yes</oneway>
            </gpxtpx:Extensions>
          </gpxtpx:TrackPointExtension>
        </extensions>
      </trkpt>
      <trkpt lat="48.402406" lon="10.557338">
        <ele>527.5</ele>
        <extensions>
          <gpxtpx:TrackPointExtension>
            <gpxtpx:Extensions>
              <highway>motorway</highway>
              <surface>asphalt</surface>
              <maxspeed>unknown</maxspeed>
              <oneway>yes</oneway>
            </gpxtpx:Extensions>
          </gpxtpx:TrackPointExtension>
        </extensions>
      </trkpt>
      <trkpt lat="48.402776" lon="10.558112">
        <ele>529.25</ele>
        <extensions>
          <gpxtpx:TrackPointExtension>
            <gpxtpx:Extensions>
              <highway>motorway</highway>
              <surface>asphalt</surface>
              <maxspeed>unknown</maxspeed>
              <oneway>yes</oneway>
            </gpxtpx:Extensions>
          </gpxtpx:TrackPointExtension>
        </extensions>
      </trkpt>
      <trkpt lat="48.40327" lon="10.559124">
        <ele>526.25</ele>
        <extensions>
          <gpxtpx:TrackPointExtension>
            <gpxtpx:Extensions>
              <highway>motorway</highway>
              <surface>asphalt</surface>
              <maxspeed>unknown</maxspeed>
              <oneway>yes</oneway>
            </gpxtpx:Extensions>
          </gpxtpx:TrackPointExtension>
        </extensions>
      </trkpt>
      <trkpt lat="48.403537" lon="10.559709">
        <ele>528.5</ele>
        <extensions>
          <gpxtpx:TrackPointExtension>
            <gpxtpx:Extensions>
              <highway>motorway</highway>
              <surface>asphalt</surface>
              <maxspeed>unknown</maxspeed>
              <oneway>yes</oneway>
            </gpxtpx:Extensions>
          </gpxtpx:TrackPointExtension>
        </extensions>
      </trkpt>
      <trkpt lat="48.403938" lon="10.560681">
        <ele>530.25</ele>
        <extensions>
          <gpxtpx:TrackPointExtension>
            <gpxtpx:Extensions>
              <highway>motorway</highway>
              <surface>asphalt</surface>
              <maxspeed>unknown</maxspeed>
              <oneway>yes</oneway>
            </gpxtpx:Extensions>
          </gpxtpx:TrackPointExtension>
        </extensions>
      </trkpt>
      <trkpt lat="48.404257" lon="10.561532">
        <ele>527.25</ele>
        <extensions>
          <gpxtpx:TrackPointExtension>
            <gpxtpx:Extensions>
              <highway>motorway</highway>
              <surface>asphalt</surface>
              <maxspeed>unknown</maxspeed>
              <oneway>yes</oneway>
            </gpxtpx:Extensions>
          </gpxtpx:TrackPointExtension>
        </extensions>
      </trkpt>
      <trkpt lat="48.404515" lon="10.562246">
        <ele>525</ele>
        <extensions>
          <gpxtpx:TrackPointExtension>
            <gpxtpx:Extensions>
              <highway>motorway</highway>
              <surface>asphalt</surface>
              <maxspeed>unknown</maxspeed>
              <oneway>yes</oneway>
            </gpxtpx:Extensions>
          </gpxtpx:TrackPointExtension>
        </extensions>
      </trkpt>
      <trkpt lat="48.404753" lon="10.56299">
        <ele>520</ele>
        <extensions>
          <gpxtpx:TrackPointExtension>
            <gpxtpx:Extensions>
              <highway>motorway</highway>
              <surface>asphalt</surface>
              <maxspeed>unknown</maxspeed>
              <oneway>yes</oneway>
            </gpxtpx:Extensions>
          </gpxtpx:TrackPointExtension>
        </extensions>
      </trkpt>
      <trkpt lat="48.405055" lon="10.56403">
        <ele>513.5</ele>
        <extensions>
          <gpxtpx:TrackPointExtension>
            <gpxtpx:Extensions>
              <highway>motorway</highway>
              <surface>asphalt</surface>
              <maxspeed>unknown</maxspeed>
              <oneway>yes</oneway>
            </gpxtpx:Extensions>
          </gpxtpx:TrackPointExtension>
        </extensions>
      </trkpt>
      <trkpt lat="48.405255" lon="10.564812">
        <ele>511.25</ele>
        <extensions>
          <gpxtpx:TrackPointExtension>
            <gpxtpx:Extensions>
              <highway>motorway</highway>
              <surface>asphalt</surface>
              <maxspeed>unknown</maxspeed>
              <oneway>yes</oneway>
            </gpxtpx:Extensions>
          </gpxtpx:TrackPointExtension>
        </extensions>
      </trkpt>
      <trkpt lat="48.405496" lon="10.565894">
        <ele>513.75</ele>
        <extensions>
          <gpxtpx:TrackPointExtension>
            <gpxtpx:Extensions>
              <highway>motorway</highway>
              <surface>asphalt</surface>
              <maxspeed>unknown</maxspeed>
              <oneway>yes</oneway>
            </gpxtpx:Extensions>
          </gpxtpx:TrackPointExtension>
        </extensions>
      </trkpt>
      <trkpt lat="48.405711" lon="10.567002">
        <ele>512.75</ele>
        <extensions>
          <gpxtpx:TrackPointExtension>
            <gpxtpx:Extensions>
              <highway>motorway</highway>
              <surface>asphalt</surface>
              <maxspeed>unknown</maxspeed>
              <oneway>yes</oneway>
            </gpxtpx:Extensions>
          </gpxtpx:TrackPointExtension>
        </extensions>
      </trkpt>
      <trkpt lat="48.405927" lon="10.568342">
        <ele>506.75</ele>
        <extensions>
          <gpxtpx:TrackPointExtension>
            <gpxtpx:Extensions>
              <highway>motorway</highway>
              <surface>asphalt</surface>
              <maxspeed>unknown</maxspeed>
              <oneway>yes</oneway>
            </gpxtpx:Extensions>
          </gpxtpx:TrackPointExtension>
        </extensions>
      </trkpt>
      <trkpt lat="48.406219" lon="10.570339">
        <ele>503.25</ele>
        <extensions>
          <gpxtpx:TrackPointExtension>
            <gpxtpx:Extensions>
              <highway>motorway</highway>
              <surface>asphalt</surface>
              <maxspeed>unknown</maxspeed>
              <oneway>yes</oneway>
            </gpxtpx:Extensions>
          </gpxtpx:TrackPointExtension>
        </extensions>
      </trkpt>
      <trkpt lat="48.406427" lon="10.571699">
        <ele>500.5</ele>
        <extensions>
          <gpxtpx:TrackPointExtension>
            <gpxtpx:Extensions>
              <highway>motorway</highway>
              <surface>asphalt</surface>
              <maxspeed>unknown</maxspeed>
              <oneway>yes</oneway>
            </gpxtpx:Extensions>
          </gpxtpx:TrackPointExtension>
        </extensions>
      </trkpt>
      <trkpt lat="48.406651" lon="10.573073">
        <ele>494.75</ele>
        <extensions>
          <gpxtpx:TrackPointExtension>
            <gpxtpx:Extensions>
              <highway>motorway</highway>
              <surface>asphalt</surface>
              <maxspeed>unknown</maxspeed>
              <oneway>yes</oneway>
            </gpxtpx:Extensions>
          </gpxtpx:TrackPointExtension>
        </extensions>
      </trkpt>
      <trkpt lat="48.406988" lon="10.574791">
        <ele>485</ele>
        <extensions>
          <gpxtpx:TrackPointExtension>
            <gpxtpx:Extensions>
              <highway>motorway</highway>
              <surface>asphalt</surface>
              <maxspeed>unknown</maxspeed>
              <oneway>yes</oneway>
            </gpxtpx:Extensions>
          </gpxtpx:TrackPointExtension>
        </extensions>
      </trkpt>
      <trkpt lat="48.407299" lon="10.576102">
        <ele>476.5</ele>
        <extensions>
          <gpxtpx:TrackPointExtension>
            <gpxtpx:Extensions>
              <highway>motorway</highway>
              <surface>asphalt</surface>
              <maxspeed>unknown</maxspeed>
              <oneway>yes</oneway>
            </gpxtpx:Extensions>
          </gpxtpx:TrackPointExtension>
        </extensions>
      </trkpt>
      <trkpt lat="48.408075" lon="10.579276">
        <ele>469.25</ele>
        <extensions>
          <gpxtpx:TrackPointExtension>
            <gpxtpx:Extensions>
              <highway>motorway</highway>
              <surface>asphalt</surface>
              <maxspeed>unknown</maxspeed>
              <oneway>yes</oneway>
            </gpxtpx:Extensions>
          </gpxtpx:TrackPointExtension>
        </extensions>
      </trkpt>
      <trkpt lat="48.408366" lon="10.580606">
        <ele>468</ele>
        <extensions>
          <gpxtpx:TrackPointExtension>
            <gpxtpx:Extensions>
              <highway>motorway</highway>
              <surface>asphalt</surface>
              <maxspeed>unknown</maxspeed>
              <oneway>yes</oneway>
            </gpxtpx:Extensions>
          </gpxtpx:TrackPointExtension>
        </extensions>
      </trkpt>
      <trkpt lat="48.408586" lon="10.581726">
        <ele>468.25</ele>
        <extensions>
          <gpxtpx:TrackPointExtension>
            <gpxtpx:Extensions>
              <highway>motorway</highway>
              <surface>asphalt</surface>
              <maxspeed>unknown</maxspeed>
              <oneway>yes</oneway>
            </gpxtpx:Extensions>
          </gpxtpx:TrackPointExtension>
        </extensions>
      </trkpt>
      <trkpt lat="48.408899" lon="10.583558">
        <ele>463.75</ele>
        <extensions>
          <gpxtpx:TrackPointExtension>
            <gpxtpx:Extensions>
              <highway>motorway</highway>
              <surface>asphalt</surface>
              <maxspeed>unknown</maxspeed>
              <oneway>yes</oneway>
            </gpxtpx:Extensions>
          </gpxtpx:TrackPointExtension>
        </extensions>
      </trkpt>
      <trkpt lat="48.409158" lon="10.585424">
        <ele>461.25</ele>
        <extensions>
          <gpxtpx:TrackPointExtension>
            <gpxtpx:Extensions>
              <highway>motorway</highway>
              <surface>asphalt</surface>
              <maxspeed>unknown</maxspeed>
              <oneway>yes</oneway>
            </gpxtpx:Extensions>
          </gpxtpx:TrackPointExtension>
        </extensions>
      </trkpt>
      <trkpt lat="48.409382" lon="10.587861">
        <ele>449</ele>
        <extensions>
          <gpxtpx:TrackPointExtension>
            <gpxtpx:Extensions>
              <highway>motorway</highway>
              <surface>asphalt</surface>
              <maxspeed>unknown</maxspeed>
              <oneway>yes</oneway>
            </gpxtpx:Extensions>
          </gpxtpx:TrackPointExtension>
        </extensions>
      </trkpt>
      <trkpt lat="48.40968" lon="10.590777">
        <ele>444.5</ele>
        <extensions>
          <gpxtpx:TrackPointExtension>
            <gpxtpx:Extensions>
              <highway>motorway</highway>
              <surface>asphalt</surface>
              <maxspeed>unknown</maxspeed>
              <oneway>yes</oneway>
            </gpxtpx:Extensions>
          </gpxtpx:TrackPointExtension>
        </extensions>
      </trkpt>
      <trkpt lat="48.409807" lon="10.592485">
        <ele>444.25</ele>
        <extensions>
          <gpxtpx:TrackPointExtension>
            <gpxtpx:Extensions>
              <highway>motorway</highway>
              <surface>asphalt</surface>
              <maxspeed>unknown</maxspeed>
              <oneway>yes</oneway>
            </gpxtpx:Extensions>
          </gpxtpx:TrackPointExtension>
        </extensions>
      </trkpt>
      <trkpt lat="48.409831" lon="10.592882">
        <ele>443.75</ele>
        <extensions>
          <gpxtpx:TrackPointExtension>
            <gpxtpx:Extensions>
              <highway>motorway</highway>
              <surface>asphalt</surface>
              <maxspeed>unknown</maxspeed>
              <oneway>yes</oneway>
            </gpxtpx:Extensions>
          </gpxtpx:TrackPointExtension>
        </extensions>
      </trkpt>
      <trkpt lat="48.409867" lon="10.593723">
        <ele>444.75</ele>
        <extensions>
          <gpxtpx:TrackPointExtension>
            <gpxtpx:Extensions>
              <highway>motorway</highway>
              <surface>asphalt</surface>
              <maxspeed>unknown</maxspeed>
              <oneway>yes</oneway>
            </gpxtpx:Extensions>
          </gpxtpx:TrackPointExtension>
        </extensions>
      </trkpt>
      <trkpt lat="48.409881" lon="10.594196">
        <ele>447.25</ele>
        <extensions>
          <gpxtpx:TrackPointExtension>
            <gpxtpx:Extensions>
              <highway>motorway</highway>
              <surface>asphalt</surface>
              <maxspeed>unknown</maxspeed>
              <oneway>yes</oneway>
            </gpxtpx:Extensions>
          </gpxtpx:TrackPointExtension>
        </extensions>
      </trkpt>
      <trkpt lat="48.409915" lon="10.595049">
        <ele>449.75</ele>
        <extensions>
          <gpxtpx:TrackPointExtension>
            <gpxtpx:Extensions>
              <highway>motorway</highway>
              <surface>asphalt</surface>
              <maxspeed>unknown</maxspeed>
              <oneway>yes</oneway>
            </gpxtpx:Extensions>
          </gpxtpx:TrackPointExtension>
        </extensions>
      </trkpt>
      <trkpt lat="48.409923" lon="10.595538">
        <ele>451</ele>
        <extensions>
          <gpxtpx:TrackPointExtension>
            <gpxtpx:Extensions>
              <highway>motorway</highway>
              <surface>asphalt</surface>
              <maxspeed>unknown</maxspeed>
              <oneway>yes</oneway>
            </gpxtpx:Extensions>
          </gpxtpx:TrackPointExtension>
        </extensions>
      </trkpt>
      <trkpt lat="48.409915" lon="10.596985">
        <ele>455.75</ele>
        <extensions>
          <gpxtpx:TrackPointExtension>
            <gpxtpx:Extensions>
              <highway>motorway</highway>
              <surface>asphalt</surface>
              <maxspeed>unknown</maxspeed>
              <oneway>yes</oneway>
            </gpxtpx:Extensions>
          </gpxtpx:TrackPointExtension>
        </extensions>
      </trkpt>
      <trkpt lat="48.409892" lon="10.598793">
        <ele>462.25</ele>
        <extensions>
          <gpxtpx:TrackPointExtension>
            <gpxtpx:Extensions>
              <highway>motorway</highway>
              <surface>asphalt</surface>
              <maxspeed>unknown</maxspeed>
              <oneway>yes</oneway>
            </gpxtpx:Extensions>
          </gpxtpx:TrackPointExtension>
        </extensions>
      </trkpt>
      <trkpt lat="48.409872" lon="10.600957">
        <ele>468.5</ele>
        <extensions>
          <gpxtpx:TrackPointExtension>
            <gpxtpx:Extensions>
              <highway>motorway</highway>
              <surface>asphalt</surface>
              <maxspeed>unknown</maxspeed>
              <oneway>yes</oneway>
            </gpxtpx:Extensions>
          </gpxtpx:TrackPointExtension>
        </extensions>
      </trkpt>
      <trkpt lat="48.409865" lon="10.601986">
        <ele>469</ele>
        <extensions>
          <gpxtpx:TrackPointExtension>
            <gpxtpx:Extensions>
              <highway>motorway</highway>
              <surface>asphalt</surface>
              <maxspeed>unknown</maxspeed>
              <oneway>yes</oneway>
            </gpxtpx:Extensions>
          </gpxtpx:TrackPointExtension>
        </extensions>
      </trkpt>
      <trkpt lat="48.409842" lon="10.603806">
        <ele>465</ele>
        <extensions>
          <gpxtpx:TrackPointExtension>
            <gpxtpx:Extensions>
              <highway>motorway</highway>
              <surface>asphalt</surface>
              <maxspeed>unknown</maxspeed>
              <oneway>yes</oneway>
            </gpxtpx:Extensions>
          </gpxtpx:TrackPointExtension>
        </extensions>
      </trkpt>
      <trkpt lat="48.409826" lon="10.605051">
        <ele>465.5</ele>
        <extensions>
          <gpxtpx:TrackPointExtension>
            <gpxtpx:Extensions>
              <highway>motorway</highway>
              <surface>asphalt</surface>
              <maxspeed>unknown</maxspeed>
              <oneway>yes</oneway>
            </gpxtpx:Extensions>
          </gpxtpx:TrackPointExtension>
        </extensions>
      </trkpt>
      <trkpt lat="48.409753" lon="10.607976">
        <ele>479.25</ele>
        <extensions>
          <gpxtpx:TrackPointExtension>
            <gpxtpx:Extensions>
              <highway>motorway</highway>
              <surface>asphalt</surface>
              <maxspeed>unknown</maxspeed>
              <oneway>yes</oneway>
            </gpxtpx:Extensions>
          </gpxtpx:TrackPointExtension>
        </extensions>
      </trkpt>
      <trkpt lat="48.409756" lon="10.609936">
        <ele>500.75</ele>
        <extensions>
          <gpxtpx:TrackPointExtension>
            <gpxtpx:Extensions>
              <highway>motorway</highway>
              <surface>asphalt</surface>
              <maxspeed>unknown</maxspeed>
              <oneway>yes</oneway>
            </gpxtpx:Extensions>
          </gpxtpx:TrackPointExtension>
        </extensions>
      </trkpt>
      <trkpt lat="48.409791" lon="10.610903">
        <ele>507</ele>
        <extensions>
          <gpxtpx:TrackPointExtension>
            <gpxtpx:Extensions>
              <highway>motorway</highway>
              <surface>asphalt</surface>
              <maxspeed>unknown</maxspeed>
              <oneway>yes</oneway>
            </gpxtpx:Extensions>
          </gpxtpx:TrackPointExtension>
        </extensions>
      </trkpt>
      <trkpt lat="48.409852" lon="10.61208">
        <ele>509.5</ele>
        <extensions>
          <gpxtpx:TrackPointExtension>
            <gpxtpx:Extensions>
              <highway>motorway</highway>
              <surface>asphalt</surface>
              <maxspeed>unknown</maxspeed>
              <oneway>yes</oneway>
            </gpxtpx:Extensions>
          </gpxtpx:TrackPointExtension>
        </extensions>
      </trkpt>
      <trkpt lat="48.409924" lon="10.612932">
        <ele>512.75</ele>
        <extensions>
          <gpxtpx:TrackPointExtension>
            <gpxtpx:Extensions>
              <highway>motorway</highway>
              <surface>asphalt</surface>
              <maxspeed>unknown</maxspeed>
              <oneway>yes</oneway>
            </gpxtpx:Extensions>
          </gpxtpx:TrackPointExtension>
        </extensions>
      </trkpt>
      <trkpt lat="48.410169" lon="10.615606">
        <ele>524</ele>
        <extensions>
          <gpxtpx:TrackPointExtension>
            <gpxtpx:Extensions>
              <highway>motorway</highway>
              <surface>asphalt</surface>
              <maxspeed>unknown</maxspeed>
              <oneway>yes</oneway>
            </gpxtpx:Extensions>
          </gpxtpx:TrackPointExtension>
        </extensions>
      </trkpt>
      <trkpt lat="48.410243" lon="10.616464">
        <ele>527.25</ele>
        <extensions>
          <gpxtpx:TrackPointExtension>
            <gpxtpx:Extensions>
              <highway>motorway</highway>
              <surface>asphalt</surface>
              <maxspeed>unknown</maxspeed>
              <oneway>yes</oneway>
            </gpxtpx:Extensions>
          </gpxtpx:TrackPointExtension>
        </extensions>
      </trkpt>
      <trkpt lat="48.410298" lon="10.617218">
        <ele>527.5</ele>
        <extensions>
          <gpxtpx:TrackPointExtension>
            <gpxtpx:Extensions>
              <highway>motorway</highway>
              <surface>asphalt</surface>
              <maxspeed>unknown</maxspeed>
              <oneway>yes</oneway>
            </gpxtpx:Extensions>
          </gpxtpx:TrackPointExtension>
        </extensions>
      </trkpt>
      <trkpt lat="48.410349" lon="10.618258">
        <ele>529.25</ele>
        <extensions>
          <gpxtpx:TrackPointExtension>
            <gpxtpx:Extensions>
              <highway>motorway</highway>
              <surface>asphalt</surface>
              <maxspeed>unknown</maxspeed>
              <oneway>yes</oneway>
            </gpxtpx:Extensions>
          </gpxtpx:TrackPointExtension>
        </extensions>
      </trkpt>
      <trkpt lat="48.410368" lon="10.619143">
        <ele>531.25</ele>
        <extensions>
          <gpxtpx:TrackPointExtension>
            <gpxtpx:Extensions>
              <highway>motorway</highway>
              <surface>asphalt</surface>
              <maxspeed>unknown</maxspeed>
              <oneway>yes</oneway>
            </gpxtpx:Extensions>
          </gpxtpx:TrackPointExtension>
        </extensions>
      </trkpt>
      <trkpt lat="48.410368" lon="10.619995">
        <ele>531.5</ele>
        <extensions>
          <gpxtpx:TrackPointExtension>
            <gpxtpx:Extensions>
              <highway>motorway</highway>
              <surface>asphalt</surface>
              <maxspeed>unknown</maxspeed>
              <oneway>yes</oneway>
            </gpxtpx:Extensions>
          </gpxtpx:TrackPointExtension>
        </extensions>
      </trkpt>
      <trkpt lat="48.410337" lon="10.621386">
        <ele>531.25</ele>
        <extensions>
          <gpxtpx:TrackPointExtension>
            <gpxtpx:Extensions>
              <highway>motorway</highway>
              <surface>asphalt</surface>
              <maxspeed>unknown</maxspeed>
              <oneway>yes</oneway>
            </gpxtpx:Extensions>
          </gpxtpx:TrackPointExtension>
        </extensions>
      </trkpt>
      <trkpt lat="48.410248" lon="10.622868">
        <ele>532.5</ele>
        <extensions>
          <gpxtpx:TrackPointExtension>
            <gpxtpx:Extensions>
              <highway>motorway</highway>
              <surface>asphalt</surface>
              <maxspeed>unknown</maxspeed>
              <oneway>yes</oneway>
            </gpxtpx:Extensions>
          </gpxtpx:TrackPointExtension>
        </extensions>
      </trkpt>
      <trkpt lat="48.410148" lon="10.623811">
        <ele>532</ele>
        <extensions>
          <gpxtpx:TrackPointExtension>
            <gpxtpx:Extensions>
              <highway>motorway</highway>
              <surface>asphalt</surface>
              <maxspeed>unknown</maxspeed>
              <oneway>yes</oneway>
            </gpxtpx:Extensions>
          </gpxtpx:TrackPointExtension>
        </extensions>
      </trkpt>
      <trkpt lat="48.409915" lon="10.625802">
        <ele>532.75</ele>
        <extensions>
          <gpxtpx:TrackPointExtension>
            <gpxtpx:Extensions>
              <highway>motorway</highway>
              <surface>asphalt</surface>
              <maxspeed>unknown</maxspeed>
              <oneway>yes</oneway>
            </gpxtpx:Extensions>
          </gpxtpx:TrackPointExtension>
        </extensions>
      </trkpt>
      <trkpt lat="48.409704" lon="10.627729">
        <ele>534</ele>
        <extensions>
          <gpxtpx:TrackPointExtension>
            <gpxtpx:Extensions>
              <highway>motorway</highway>
              <surface>asphalt</surface>
              <maxspeed>unknown</maxspeed>
              <oneway>yes</oneway>
            </gpxtpx:Extensions>
          </gpxtpx:TrackPointExtension>
        </extensions>
      </trkpt>
      <trkpt lat="48.409599" lon="10.628882">
        <ele>531.75</ele>
        <extensions>
          <gpxtpx:TrackPointExtension>
            <gpxtpx:Extensions>
              <highway>motorway</highway>
              <surface>asphalt</surface>
              <maxspeed>unknown</maxspeed>
              <oneway>yes</oneway>
            </gpxtpx:Extensions>
          </gpxtpx:TrackPointExtension>
        </extensions>
      </trkpt>
      <trkpt lat="48.40953" lon="10.629974">
        <ele>529.5</ele>
        <extensions>
          <gpxtpx:TrackPointExtension>
            <gpxtpx:Extensions>
              <highway>motorway</highway>
              <surface>asphalt</surface>
              <maxspeed>unknown</maxspeed>
              <oneway>yes</oneway>
            </gpxtpx:Extensions>
          </gpxtpx:TrackPointExtension>
        </extensions>
      </trkpt>
      <trkpt lat="48.409489" lon="10.631291">
        <ele>531.5</ele>
        <extensions>
          <gpxtpx:TrackPointExtension>
            <gpxtpx:Extensions>
              <highway>motorway</highway>
              <surface>asphalt</surface>
              <maxspeed>unknown</maxspeed>
              <oneway>yes</oneway>
            </gpxtpx:Extensions>
          </gpxtpx:TrackPointExtension>
        </extensions>
      </trkpt>
      <trkpt lat="48.409486" lon="10.632418">
        <ele>533</ele>
        <extensions>
          <gpxtpx:TrackPointExtension>
            <gpxtpx:Extensions>
              <highway>motorway</highway>
              <surface>asphalt</surface>
              <maxspeed>unknown</maxspeed>
              <oneway>yes</oneway>
            </gpxtpx:Extensions>
          </gpxtpx:TrackPointExtension>
        </extensions>
      </trkpt>
      <trkpt lat="48.409515" lon="10.633829">
        <ele>533.5</ele>
        <extensions>
          <gpxtpx:TrackPointExtension>
            <gpxtpx:Extensions>
              <highway>motorway</highway>
              <surface>asphalt</surface>
              <maxspeed>unknown</maxspeed>
              <oneway>yes</oneway>
            </gpxtpx:Extensions>
          </gpxtpx:TrackPointExtension>
        </extensions>
      </trkpt>
      <trkpt lat="48.409552" lon="10.63451">
        <ele>534.75</ele>
        <extensions>
          <gpxtpx:TrackPointExtension>
            <gpxtpx:Extensions>
              <highway>motorway</highway>
              <surface>asphalt</surface>
              <maxspeed>unknown</maxspeed>
              <oneway>yes</oneway>
            </gpxtpx:Extensions>
          </gpxtpx:TrackPointExtension>
        </extensions>
      </trkpt>
      <trkpt lat="48.409691" lon="10.636222">
        <ele>535.75</ele>
        <extensions>
          <gpxtpx:TrackPointExtension>
            <gpxtpx:Extensions>
              <highway>motorway</highway>
              <surface>asphalt</surface>
              <maxspeed>unknown</maxspeed>
              <oneway>yes</oneway>
            </gpxtpx:Extensions>
          </gpxtpx:TrackPointExtension>
        </extensions>
      </trkpt>
      <trkpt lat="48.409843" lon="10.637469">
        <ele>533.75</ele>
        <extensions>
          <gpxtpx:TrackPointExtension>
            <gpxtpx:Extensions>
              <highway>motorway</highway>
              <surface>asphalt</surface>
              <maxspeed>unknown</maxspeed>
              <oneway>yes</oneway>
            </gpxtpx:Extensions>
          </gpxtpx:TrackPointExtension>
        </extensions>
      </trkpt>
      <trkpt lat="48.409984" lon="10.638489">
        <ele>532.5</ele>
        <extensions>
          <gpxtpx:TrackPointExtension>
            <gpxtpx:Extensions>
              <highway>motorway</highway>
              <surface>asphalt</surface>
              <maxspeed>unknown</maxspeed>
              <oneway>yes</oneway>
            </gpxtpx:Extensions>
          </gpxtpx:TrackPointExtension>
        </extensions>
      </trkpt>
      <trkpt lat="48.410134" lon="10.639492">
        <ele>535.25</ele>
        <extensions>
          <gpxtpx:TrackPointExtension>
            <gpxtpx:Extensions>
              <highway>motorway</highway>
              <surface>asphalt</surface>
              <maxspeed>unknown</maxspeed>
              <oneway>yes</oneway>
            </gpxtpx:Extensions>
          </gpxtpx:TrackPointExtension>
        </extensions>
      </trkpt>
      <trkpt lat="48.410431" lon="10.641517">
        <ele>536</ele>
        <extensions>
          <gpxtpx:TrackPointExtension>
            <gpxtpx:Extensions>
              <highway>motorway</highway>
              <surface>asphalt</surface>
              <maxspeed>unknown</maxspeed>
              <oneway>yes</oneway>
            </gpxtpx:Extensions>
          </gpxtpx:TrackPointExtension>
        </extensions>
      </trkpt>
      <trkpt lat="48.410633" lon="10.642944">
        <ele>531.75</ele>
        <extensions>
          <gpxtpx:TrackPointExtension>
            <gpxtpx:Extensions>
              <highway>motorway</highway>
              <surface>asphalt</surface>
              <maxspeed>unknown</maxspeed>
              <oneway>yes</oneway>
            </gpxtpx:Extensions>
          </gpxtpx:TrackPointExtension>
        </extensions>
      </trkpt>
      <trkpt lat="48.410977" lon="10.645229">
        <ele>529.75</ele>
        <extensions>
          <gpxtpx:TrackPointExtension>
            <gpxtpx:Extensions>
              <highway>motorway</highway>
              <surface>asphalt</surface>
              <maxspeed>unknown</maxspeed>
              <oneway>yes</oneway>
            </gpxtpx:Extensions>
          </gpxtpx:TrackPointExtension>
        </extensions>
      </trkpt>
      <trkpt lat="48.411226" lon="10.646955">
        <ele>539.25</ele>
        <extensions>
          <gpxtpx:TrackPointExtension>
            <gpxtpx:Extensions>
              <highway>motorway</highway>
              <surface>asphalt</surface>
              <maxspeed>unknown</maxspeed>
              <oneway>yes</oneway>
            </gpxtpx:Extensions>
          </gpxtpx:TrackPointExtension>
        </extensions>
      </trkpt>
      <trkpt lat="48.411595" lon="10.649542">
        <ele>539.5</ele>
        <extensions>
          <gpxtpx:TrackPointExtension>
            <gpxtpx:Extensions>
              <highway>motorway</highway>
              <surface>asphalt</surface>
              <maxspeed>unknown</maxspeed>
              <oneway>yes</oneway>
            </gpxtpx:Extensions>
          </gpxtpx:TrackPointExtension>
        </extensions>
      </trkpt>
      <trkpt lat="48.411712" lon="10.650304">
        <ele>539.75</ele>
        <extensions>
          <gpxtpx:TrackPointExtension>
            <gpxtpx:Extensions>
              <highway>motorway</highway>
              <surface>asphalt</surface>
              <maxspeed>unknown</maxspeed>
              <oneway>yes</oneway>
            </gpxtpx:Extensions>
          </gpxtpx:TrackPointExtension>
        </extensions>
      </trkpt>
      <trkpt lat="48.412488" lon="10.65566">
        <ele>540.75</ele>
        <extensions>
          <gpxtpx:TrackPointExtension>
            <gpxtpx:Extensions>
              <highway>motorway</highway>
              <surface>asphalt</surface>
              <maxspeed>unknown</maxspeed>
              <oneway>yes</oneway>
            </gpxtpx:Extensions>
          </gpxtpx:TrackPointExtension>
        </extensions>
      </trkpt>
      <trkpt lat="48.41271" lon="10.657006">
        <ele>543.5</ele>
        <extensions>
          <gpxtpx:TrackPointExtension>
            <gpxtpx:Extensions>
              <highway>motorway</highway>
              <surface>asphalt</surface>
              <maxspeed>unknown</maxspeed>
              <oneway>yes</oneway>
            </gpxtpx:Extensions>
          </gpxtpx:TrackPointExtension>
        </extensions>
      </trkpt>
      <trkpt lat="48.412972" lon="10.658287">
        <ele>546</ele>
        <extensions>
          <gpxtpx:TrackPointExtension>
            <gpxtpx:Extensions>
              <highway>motorway</highway>
              <surface>asphalt</surface>
              <maxspeed>unknown</maxspeed>
              <oneway>yes</oneway>
            </gpxtpx:Extensions>
          </gpxtpx:TrackPointExtension>
        </extensions>
      </trkpt>
      <trkpt lat="48.413217" lon="10.659421">
        <ele>543.75</ele>
        <extensions>
          <gpxtpx:TrackPointExtension>
            <gpxtpx:Extensions>
              <highway>motorway</highway>
              <surface>asphalt</surface>
              <maxspeed>unknown</maxspeed>
              <oneway>yes</oneway>
            </gpxtpx:Extensions>
          </gpxtpx:TrackPointExtension>
        </extensions>
      </trkpt>
      <trkpt lat="48.413442" lon="10.660236">
        <ele>543</ele>
        <extensions>
          <gpxtpx:TrackPointExtension>
            <gpxtpx:Extensions>
              <highway>motorway</highway>
              <surface>asphalt</surface>
              <maxspeed>unknown</maxspeed>
              <oneway>yes</oneway>
            </gpxtpx:Extensions>
          </gpxtpx:TrackPointExtension>
        </extensions>
      </trkpt>
      <trkpt lat="48.4138" lon="10.661454">
        <ele>542</ele>
        <extensions>
          <gpxtpx:TrackPointExtension>
            <gpxtpx:Extensions>
              <highway>motorway</highway>
              <surface>asphalt</surface>
              <maxspeed>unknown</maxspeed>
              <oneway>yes</oneway>
            </gpxtpx:Extensions>
          </gpxtpx:TrackPointExtension>
        </extensions>
      </trkpt>
      <trkpt lat="48.414124" lon="10.662477">
        <ele>538.25</ele>
        <extensions>
          <gpxtpx:TrackPointExtension>
            <gpxtpx:Extensions>
              <highway>motorway</highway>
              <surface>asphalt</surface>
              <maxspeed>unknown</maxspeed>
              <oneway>yes</oneway>
            </gpxtpx:Extensions>
          </gpxtpx:TrackPointExtension>
        </extensions>
      </trkpt>
      <trkpt lat="48.414443" lon="10.663383">
        <ele>537</ele>
        <extensions>
          <gpxtpx:TrackPointExtension>
            <gpxtpx:Extensions>
              <highway>motorway</highway>
              <surface>asphalt</surface>
              <maxspeed>unknown</maxspeed>
              <oneway>yes</oneway>
            </gpxtpx:Extensions>
          </gpxtpx:TrackPointExtension>
        </extensions>
      </trkpt>
      <trkpt lat="48.414937" lon="10.664563">
        <ele>529.5</ele>
        <extensions>
          <gpxtpx:TrackPointExtension>
            <gpxtpx:Extensions>
              <highway>motorway</highway>
              <surface>asphalt</surface>
              <maxspeed>unknown</maxspeed>
              <oneway>yes</oneway>
            </gpxtpx:Extensions>
          </gpxtpx:TrackPointExtension>
        </extensions>
      </trkpt>
      <trkpt lat="48.415158" lon="10.665072">
        <ele>525.5</ele>
        <extensions>
          <gpxtpx:TrackPointExtension>
            <gpxtpx:Extensions>
              <highway>motorway</highway>
              <surface>asphalt</surface>
              <maxspeed>unknown</maxspeed>
              <oneway>yes</oneway>
            </gpxtpx:Extensions>
          </gpxtpx:TrackPointExtension>
        </extensions>
      </trkpt>
      <trkpt lat="48.415312" lon="10.665438">
        <ele>525.25</ele>
        <extensions>
          <gpxtpx:TrackPointExtension>
            <gpxtpx:Extensions>
              <highway>motorway</highway>
              <surface>asphalt</surface>
              <maxspeed>unknown</maxspeed>
              <oneway>yes</oneway>
            </gpxtpx:Extensions>
          </gpxtpx:TrackPointExtension>
        </extensions>
      </trkpt>
      <trkpt lat="48.415607" lon="10.666068">
        <ele>523.25</ele>
        <extensions>
          <gpxtpx:TrackPointExtension>
            <gpxtpx:Extensions>
              <highway>motorway</highway>
              <surface>asphalt</surface>
              <maxspeed>unknown</maxspeed>
              <oneway>yes</oneway>
            </gpxtpx:Extensions>
          </gpxtpx:TrackPointExtension>
        </extensions>
      </trkpt>
      <trkpt lat="48.416914" lon="10.668764">
        <ele>528.5</ele>
        <extensions>
          <gpxtpx:TrackPointExtension>
            <gpxtpx:Extensions>
              <highway>motorway</highway>
              <surface>asphalt</surface>
              <maxspeed>unknown</maxspeed>
              <oneway>yes</oneway>
            </gpxtpx:Extensions>
          </gpxtpx:TrackPointExtension>
        </extensions>
      </trkpt>
      <trkpt lat="48.417216" lon="10.669385">
        <ele>532.25</ele>
        <extensions>
          <gpxtpx:TrackPointExtension>
            <gpxtpx:Extensions>
              <highway>motorway</highway>
              <surface>asphalt</surface>
              <maxspeed>unknown</maxspeed>
              <oneway>yes</oneway>
            </gpxtpx:Extensions>
          </gpxtpx:TrackPointExtension>
        </extensions>
      </trkpt>
      <trkpt lat="48.417831" lon="10.670794">
        <ele>539.5</ele>
        <extensions>
          <gpxtpx:TrackPointExtension>
            <gpxtpx:Extensions>
              <highway>motorway</highway>
              <surface>asphalt</surface>
              <maxspeed>unknown</maxspeed>
              <oneway>yes</oneway>
            </gpxtpx:Extensions>
          </gpxtpx:TrackPointExtension>
        </extensions>
      </trkpt>
      <trkpt lat="48.418274" lon="10.671987">
        <ele>536</ele>
        <extensions>
          <gpxtpx:TrackPointExtension>
            <gpxtpx:Extensions>
              <highway>motorway</highway>
              <surface>asphalt</surface>
              <maxspeed>unknown</maxspeed>
              <oneway>yes</oneway>
            </gpxtpx:Extensions>
          </gpxtpx:TrackPointExtension>
        </extensions>
      </trkpt>
      <trkpt lat="48.418531" lon="10.672749">
        <ele>534.25</ele>
        <extensions>
          <gpxtpx:TrackPointExtension>
            <gpxtpx:Extensions>
              <highway>motorway</highway>
              <surface>asphalt</surface>
              <maxspeed>unknown</maxspeed>
              <oneway>yes</oneway>
            </gpxtpx:Extensions>
          </gpxtpx:TrackPointExtension>
        </extensions>
      </trkpt>
      <trkpt lat="48.418756" lon="10.673475">
        <ele>530.5</ele>
        <extensions>
          <gpxtpx:TrackPointExtension>
            <gpxtpx:Extensions>
              <highway>motorway</highway>
              <surface>asphalt</surface>
              <maxspeed>unknown</maxspeed>
              <oneway>yes</oneway>
            </gpxtpx:Extensions>
          </gpxtpx:TrackPointExtension>
        </extensions>
      </trkpt>
      <trkpt lat="48.419045" lon="10.674567">
        <ele>525</ele>
        <extensions>
          <gpxtpx:TrackPointExtension>
            <gpxtpx:Extensions>
              <highway>motorway</highway>
              <surface>asphalt</surface>
              <maxspeed>unknown</maxspeed>
              <oneway>yes</oneway>
            </gpxtpx:Extensions>
          </gpxtpx:TrackPointExtension>
        </extensions>
      </trkpt>
      <trkpt lat="48.419212" lon="10.675298">
        <ele>525.25</ele>
        <extensions>
          <gpxtpx:TrackPointExtension>
            <gpxtpx:Extensions>
              <highway>motorway</highway>
              <surface>asphalt</surface>
              <maxspeed>unknown</maxspeed>
              <oneway>yes</oneway>
            </gpxtpx:Extensions>
          </gpxtpx:TrackPointExtension>
        </extensions>
      </trkpt>
      <trkpt lat="48.419463" lon="10.676581">
        <ele>527.75</ele>
        <extensions>
          <gpxtpx:TrackPointExtension>
            <gpxtpx:Extensions>
              <highway>motorway</highway>
              <surface>asphalt</surface>
              <maxspeed>unknown</maxspeed>
              <oneway>yes</oneway>
            </gpxtpx:Extensions>
          </gpxtpx:TrackPointExtension>
        </extensions>
      </trkpt>
      <trkpt lat="48.419683" lon="10.67797">
        <ele>530.25</ele>
        <extensions>
          <gpxtpx:TrackPointExtension>
            <gpxtpx:Extensions>
              <highway>motorway</highway>
              <surface>asphalt</surface>
              <maxspeed>unknown</maxspeed>
              <oneway>yes</oneway>
            </gpxtpx:Extensions>
          </gpxtpx:TrackPointExtension>
        </extensions>
      </trkpt>
      <trkpt lat="48.419826" lon="10.679436">
        <ele>534</ele>
        <extensions>
          <gpxtpx:TrackPointExtension>
            <gpxtpx:Extensions>
              <highway>motorway</highway>
              <surface>asphalt</surface>
              <maxspeed>unknown</maxspeed>
              <oneway>yes</oneway>
            </gpxtpx:Extensions>
          </gpxtpx:TrackPointExtension>
        </extensions>
      </trkpt>
      <trkpt lat="48.419893" lon="10.680456">
        <ele>535.5</ele>
        <extensions>
          <gpxtpx:TrackPointExtension>
            <gpxtpx:Extensions>
              <highway>motorway</highway>
              <surface>asphalt</surface>
              <maxspeed>unknown</maxspeed>
              <oneway>yes</oneway>
            </gpxtpx:Extensions>
          </gpxtpx:TrackPointExtension>
        </extensions>
      </trkpt>
      <trkpt lat="48.419928" lon="10.681483">
        <ele>535.5</ele>
        <extensions>
          <gpxtpx:TrackPointExtension>
            <gpxtpx:Extensions>
              <highway>motorway</highway>
              <surface>asphalt</surface>
              <maxspeed>unknown</maxspeed>
              <oneway>yes</oneway>
            </gpxtpx:Extensions>
          </gpxtpx:TrackPointExtension>
        </extensions>
      </trkpt>
      <trkpt lat="48.419929" lon="10.68201">
        <ele>535.25</ele>
        <extensions>
          <gpxtpx:TrackPointExtension>
            <gpxtpx:Extensions>
              <highway>motorway</highway>
              <surface>asphalt</surface>
              <maxspeed>unknown</maxspeed>
              <oneway>yes</oneway>
            </gpxtpx:Extensions>
          </gpxtpx:TrackPointExtension>
        </extensions>
      </trkpt>
      <trkpt lat="48.419915" lon="10.682621">
        <ele>534.25</ele>
        <extensions>
          <gpxtpx:TrackPointExtension>
            <gpxtpx:Extensions>
              <highway>motorway</highway>
              <surface>asphalt</surface>
              <maxspeed>unknown</maxspeed>
              <oneway>yes</oneway>
            </gpxtpx:Extensions>
          </gpxtpx:TrackPointExtension>
        </extensions>
      </trkpt>
      <trkpt lat="48.419876" lon="10.683831">
        <ele>528</ele>
        <extensions>
          <gpxtpx:TrackPointExtension>
            <gpxtpx:Extensions>
              <highway>motorway</highway>
              <surface>asphalt</surface>
              <maxspeed>unknown</maxspeed>
              <oneway>yes</oneway>
            </gpxtpx:Extensions>
          </gpxtpx:TrackPointExtension>
        </extensions>
      </trkpt>
      <trkpt lat="48.419801" lon="10.684788">
        <ele>525.25</ele>
        <extensions>
          <gpxtpx:TrackPointExtension>
            <gpxtpx:Extensions>
              <highway>motorway</highway>
              <surface>asphalt</surface>
              <maxspeed>unknown</maxspeed>
              <oneway>yes</oneway>
            </gpxtpx:Extensions>
          </gpxtpx:TrackPointExtension>
        </extensions>
      </trkpt>
      <trkpt lat="48.419685" lon="10.685944">
        <ele>523.5</ele>
        <extensions>
          <gpxtpx:TrackPointExtension>
            <gpxtpx:Extensions>
              <highway>motorway</highway>
              <surface>asphalt</surface>
              <maxspeed>unknown</maxspeed>
              <oneway>yes</oneway>
            </gpxtpx:Extensions>
          </gpxtpx:TrackPointExtension>
        </extensions>
      </trkpt>
      <trkpt lat="48.419466" lon="10.687776">
        <ele>525.25</ele>
        <extensions>
          <gpxtpx:TrackPointExtension>
            <gpxtpx:Extensions>
              <highway>motorway</highway>
              <surface>asphalt</surface>
              <maxspeed>unknown</maxspeed>
              <oneway>yes</oneway>
            </gpxtpx:Extensions>
          </gpxtpx:TrackPointExtension>
        </extensions>
      </trkpt>
      <trkpt lat="48.419426" lon="10.68811">
        <ele>525.5</ele>
        <extensions>
          <gpxtpx:TrackPointExtension>
            <gpxtpx:Extensions>
              <highway>motorway</highway>
              <surface>asphalt</surface>
              <maxspeed>unknown</maxspeed>
              <oneway>yes</oneway>
            </gpxtpx:Extensions>
          </gpxtpx:TrackPointExtension>
        </extensions>
      </trkpt>
      <trkpt lat="48.419318" lon="10.688988">
        <ele>527.75</ele>
        <extensions>
          <gpxtpx:TrackPointExtension>
            <gpxtpx:Extensions>
              <highway>motorway</highway>
              <surface>asphalt</surface>
              <maxspeed>unknown</maxspeed>
              <oneway>yes</oneway>
            </gpxtpx:Extensions>
          </gpxtpx:TrackPointExtension>
        </extensions>
      </trkpt>
      <trkpt lat="48.419162" lon="10.690434">
        <ele>533.5</ele>
        <extensions>
          <gpxtpx:TrackPointExtension>
            <gpxtpx:Extensions>
              <highway>motorway</highway>
              <surface>asphalt</surface>
              <maxspeed>unknown</maxspeed>
              <oneway>yes</oneway>
            </gpxtpx:Extensions>
          </gpxtpx:TrackPointExtension>
        </extensions>
      </trkpt>
      <trkpt lat="48.419081" lon="10.691277">
        <ele>538</ele>
        <extensions>
          <gpxtpx:TrackPointExtension>
            <gpxtpx:Extensions>
              <highway>motorway</highway>
              <surface>asphalt</surface>
              <maxspeed>unknown</maxspeed>
              <oneway>yes</oneway>
            </gpxtpx:Extensions>
          </gpxtpx:TrackPointExtension>
        </extensions>
      </trkpt>
      <trkpt lat="48.41896" lon="10.692685">
        <ele>543</ele>
        <extensions>
          <gpxtpx:TrackPointExtension>
            <gpxtpx:Extensions>
              <highway>motorway</highway>
              <surface>asphalt</surface>
              <maxspeed>unknown</maxspeed>
              <oneway>yes</oneway>
            </gpxtpx:Extensions>
          </gpxtpx:TrackPointExtension>
        </extensions>
      </trkpt>
      <trkpt lat="48.418917" lon="10.693248">
        <ele>542.5</ele>
        <extensions>
          <gpxtpx:TrackPointExtension>
            <gpxtpx:Extensions>
              <highway>motorway</highway>
              <surface>asphalt</surface>
              <maxspeed>unknown</maxspeed>
              <oneway>yes</oneway>
            </gpxtpx:Extensions>
          </gpxtpx:TrackPointExtension>
        </extensions>
      </trkpt>
      <trkpt lat="48.418819" lon="10.694542">
        <ele>541</ele>
        <extensions>
          <gpxtpx:TrackPointExtension>
            <gpxtpx:Extensions>
              <highway>motorway</highway>
              <surface>asphalt</surface>
              <maxspeed>unknown</maxspeed>
              <oneway>yes</oneway>
            </gpxtpx:Extensions>
          </gpxtpx:TrackPointExtension>
        </extensions>
      </trkpt>
      <trkpt lat="48.418701" lon="10.696288">
        <ele>541.5</ele>
        <extensions>
          <gpxtpx:TrackPointExtension>
            <gpxtpx:Extensions>
              <highway>motorway</highway>
              <surface>asphalt</surface>
              <maxspeed>unknown</maxspeed>
              <oneway>yes</oneway>
            </gpxtpx:Extensions>
          </gpxtpx:TrackPointExtension>
        </extensions>
      </trkpt>
      <trkpt lat="48.418609" lon="10.697476">
        <ele>541</ele>
        <extensions>
          <gpxtpx:TrackPointExtension>
            <gpxtpx:Extensions>
              <highway>motorway</highway>
              <surface>asphalt</surface>
              <maxspeed>unknown</maxspeed>
              <oneway>yes</oneway>
            </gpxtpx:Extensions>
          </gpxtpx:TrackPointExtension>
        </extensions>
      </trkpt>
      <trkpt lat="48.418327" lon="10.70156">
        <ele>543.75</ele>
        <extensions>
          <gpxtpx:TrackPointExtension>
            <gpxtpx:Extensions>
              <highway>motorway</highway>
              <surface>asphalt</surface>
              <maxspeed>unknown</maxspeed>
              <oneway>yes</oneway>
            </gpxtpx:Extensions>
          </gpxtpx:TrackPointExtension>
        </extensions>
      </trkpt>
      <trkpt lat="48.418237" lon="10.702673">
        <ele>541.5</ele>
        <extensions>
          <gpxtpx:TrackPointExtension>
            <gpxtpx:Extensions>
              <highway>motorway</highway>
              <surface>asphalt</surface>
              <maxspeed>unknown</maxspeed>
              <oneway>yes</oneway>
            </gpxtpx:Extensions>
          </gpxtpx:TrackPointExtension>
        </extensions>
      </trkpt>
      <trkpt lat="48.418083" lon="10.704992">
        <ele>534.5</ele>
        <extensions>
          <gpxtpx:TrackPointExtension>
            <gpxtpx:Extensions>
              <highway>motorway</highway>
              <surface>asphalt</surface>
              <maxspeed>unknown</maxspeed>
              <oneway>yes</oneway>
            </gpxtpx:Extensions>
          </gpxtpx:TrackPointExtension>
        </extensions>
      </trkpt>
      <trkpt lat="48.417986" lon="10.706619">
        <ele>529</ele>
        <extensions>
          <gpxtpx:TrackPointExtension>
            <gpxtpx:Extensions>
              <highway>motorway</highway>
              <surface>asphalt</surface>
              <maxspeed>unknown</maxspeed>
              <oneway>yes</oneway>
            </gpxtpx:Extensions>
          </gpxtpx:TrackPointExtension>
        </extensions>
      </trkpt>
      <trkpt lat="48.417875" lon="10.7083">
        <ele>527</ele>
        <extensions>
          <gpxtpx:TrackPointExtension>
            <gpxtpx:Extensions>
              <highway>motorway</highway>
              <surface>asphalt</surface>
              <maxspeed>unknown</maxspeed>
              <oneway>yes</oneway>
            </gpxtpx:Extensions>
          </gpxtpx:TrackPointExtension>
        </extensions>
      </trkpt>
      <trkpt lat="48.417675" lon="10.71094">
        <ele>519.5</ele>
        <extensions>
          <gpxtpx:TrackPointExtension>
            <gpxtpx:Extensions>
              <highway>motorway</highway>
              <surface>asphalt</surface>
              <maxspeed>unknown</maxspeed>
              <oneway>yes</oneway>
            </gpxtpx:Extensions>
          </gpxtpx:TrackPointExtension>
        </extensions>
      </trkpt>
      <trkpt lat="48.417608" lon="10.711812">
        <ele>512.25</ele>
        <extensions>
          <gpxtpx:TrackPointExtension>
            <gpxtpx:Extensions>
              <highway>motorway</highway>
              <surface>asphalt</surface>
              <maxspeed>unknown</maxspeed>
              <oneway>yes</oneway>
            </gpxtpx:Extensions>
          </gpxtpx:TrackPointExtension>
        </extensions>
      </trkpt>
      <trkpt lat="48.417453" lon="10.713866">
        <ele>504.25</ele>
        <extensions>
          <gpxtpx:TrackPointExtension>
            <gpxtpx:Extensions>
              <highway>motorway</highway>
              <surface>asphalt</surface>
              <maxspeed>unknown</maxspeed>
              <oneway>yes</oneway>
            </gpxtpx:Extensions>
          </gpxtpx:TrackPointExtension>
        </extensions>
      </trkpt>
      <trkpt lat="48.417376" lon="10.715039">
        <ele>499.75</ele>
        <extensions>
          <gpxtpx:TrackPointExtension>
            <gpxtpx:Extensions>
              <highway>motorway</highway>
              <surface>asphalt</surface>
              <maxspeed>unknown</maxspeed>
              <oneway>yes</oneway>
            </gpxtpx:Extensions>
          </gpxtpx:TrackPointExtension>
        </extensions>
      </trkpt>
      <trkpt lat="48.417075" lon="10.719171">
        <ele>494.5</ele>
        <extensions>
          <gpxtpx:TrackPointExtension>
            <gpxtpx:Extensions>
              <highway>motorway</highway>
              <surface>asphalt</surface>
              <maxspeed>unknown</maxspeed>
              <oneway>yes</oneway>
            </gpxtpx:Extensions>
          </gpxtpx:TrackPointExtension>
        </extensions>
      </trkpt>
      <trkpt lat="48.417039" lon="10.719637">
        <ele>497</ele>
        <extensions>
          <gpxtpx:TrackPointExtension>
            <gpxtpx:Extensions>
              <highway>motorway</highway>
              <surface>asphalt</surface>
              <maxspeed>unknown</maxspeed>
              <oneway>yes</oneway>
            </gpxtpx:Extensions>
          </gpxtpx:TrackPointExtension>
        </extensions>
      </trkpt>
      <trkpt lat="48.416941" lon="10.721084">
        <ele>502.75</ele>
        <extensions>
          <gpxtpx:TrackPointExtension>
            <gpxtpx:Extensions>
              <highway>motorway</highway>
              <surface>asphalt</surface>
              <maxspeed>unknown</maxspeed>
              <oneway>yes</oneway>
            </gpxtpx:Extensions>
          </gpxtpx:TrackPointExtension>
        </extensions>
      </trkpt>
      <trkpt lat="48.416774" lon="10.723988">
        <ele>513.5</ele>
        <extensions>
          <gpxtpx:TrackPointExtension>
            <gpxtpx:Extensions>
              <highway>motorway</highway>
              <surface>asphalt</surface>
              <maxspeed>unknown</maxspeed>
              <oneway>yes</oneway>
            </gpxtpx:Extensions>
          </gpxtpx:TrackPointExtension>
        </extensions>
      </trkpt>
      <trkpt lat="48.416698" lon="10.726474">
        <ele>513</ele>
        <extensions>
          <gpxtpx:TrackPointExtension>
            <gpxtpx:Extensions>
              <highway>motorway</highway>
              <surface>asphalt</surface>
              <maxspeed>unknown</maxspeed>
              <oneway>yes</oneway>
            </gpxtpx:Extensions>
          </gpxtpx:TrackPointExtension>
        </extensions>
      </trkpt>
      <trkpt lat="48.416673" lon="10.728526">
        <ele>513.5</ele>
        <extensions>
          <gpxtpx:TrackPointExtension>
            <gpxtpx:Extensions>
              <highway>motorway</highway>
              <surface>asphalt</surface>
              <maxspeed>unknown</maxspeed>
              <oneway>yes</oneway>
            </gpxtpx:Extensions>
          </gpxtpx:TrackPointExtension>
        </extensions>
      </trkpt>
      <trkpt lat="48.416694" lon="10.731507">
        <ele>531.5</ele>
        <extensions>
          <gpxtpx:TrackPointExtension>
            <gpxtpx:Extensions>
              <highway>motorway</highway>
              <surface>asphalt</surface>
              <maxspeed>unknown</maxspeed>
              <oneway>yes</oneway>
            </gpxtpx:Extensions>
          </gpxtpx:TrackPointExtension>
        </extensions>
      </trkpt>
      <trkpt lat="48.416749" lon="10.733324">
        <ele>538.25</ele>
        <extensions>
          <gpxtpx:TrackPointExtension>
            <gpxtpx:Extensions>
              <highway>motorway</highway>
              <surface>asphalt</surface>
              <maxspeed>unknown</maxspeed>
              <oneway>yes</oneway>
            </gpxtpx:Extensions>
          </gpxtpx:TrackPointExtension>
        </extensions>
      </trkpt>
      <trkpt lat="48.416833" lon="10.735525">
        <ele>544</ele>
        <extensions>
          <gpxtpx:TrackPointExtension>
            <gpxtpx:Extensions>
              <highway>motorway</highway>
              <surface>asphalt</surface>
              <maxspeed>unknown</maxspeed>
              <oneway>yes</oneway>
            </gpxtpx:Extensions>
          </gpxtpx:TrackPointExtension>
        </extensions>
      </trkpt>
      <trkpt lat="48.416922" lon="10.73775">
        <ele>547</ele>
        <extensions>
          <gpxtpx:TrackPointExtension>
            <gpxtpx:Extensions>
              <highway>motorway</highway>
              <surface>asphalt</surface>
              <maxspeed>unknown</maxspeed>
              <oneway>yes</oneway>
            </gpxtpx:Extensions>
          </gpxtpx:TrackPointExtension>
        </extensions>
      </trkpt>
      <trkpt lat="48.416999" lon="10.739935">
        <ele>552.75</ele>
        <extensions>
          <gpxtpx:TrackPointExtension>
            <gpxtpx:Extensions>
              <highway>motorway</highway>
              <surface>asphalt</surface>
              <maxspeed>unknown</maxspeed>
              <oneway>yes</oneway>
            </gpxtpx:Extensions>
          </gpxtpx:TrackPointExtension>
        </extensions>
      </trkpt>
      <trkpt lat="48.417035" lon="10.740676">
        <ele>553</ele>
        <extensions>
          <gpxtpx:TrackPointExtension>
            <gpxtpx:Extensions>
              <highway>motorway</highway>
              <surface>asphalt</surface>
              <maxspeed>unknown</maxspeed>
              <oneway>yes</oneway>
            </gpxtpx:Extensions>
          </gpxtpx:TrackPointExtension>
        </extensions>
      </trkpt>
      <trkpt lat="48.417071" lon="10.741572">
        <ele>547.25</ele>
        <extensions>
          <gpxtpx:TrackPointExtension>
            <gpxtpx:Extensions>
              <highway>motorway</highway>
              <surface>asphalt</surface>
              <maxspeed>unknown</maxspeed>
              <oneway>yes</oneway>
            </gpxtpx:Extensions>
          </gpxtpx:TrackPointExtension>
        </extensions>
      </trkpt>
      <trkpt lat="48.417104" lon="10.742212">
        <ele>545.5</ele>
        <extensions>
          <gpxtpx:TrackPointExtension>
            <gpxtpx:Extensions>
              <highway>motorway</highway>
              <surface>asphalt</surface>
              <maxspeed>unknown</maxspeed>
              <oneway>yes</oneway>
            </gpxtpx:Extensions>
          </gpxtpx:TrackPointExtension>
        </extensions>
      </trkpt>
      <trkpt lat="48.417199" lon="10.744909">
        <ele>545.5</ele>
        <extensions>
          <gpxtpx:TrackPointExtension>
            <gpxtpx:Extensions>
              <highway>motorway</highway>
              <surface>asphalt</surface>
              <maxspeed>unknown</maxspeed>
              <oneway>yes</oneway>
            </gpxtpx:Extensions>
          </gpxtpx:TrackPointExtension>
        </extensions>
      </trkpt>
      <trkpt lat="48.417348" lon="10.748652">
        <ele>540.75</ele>
        <extensions>
          <gpxtpx:TrackPointExtension>
            <gpxtpx:Extensions>
              <highway>motorway</highway>
              <surface>asphalt</surface>
              <maxspeed>unknown</maxspeed>
              <oneway>yes</oneway>
            </gpxtpx:Extensions>
          </gpxtpx:TrackPointExtension>
        </extensions>
      </trkpt>
      <trkpt lat="48.417446" lon="10.751078">
        <ele>540.75</ele>
        <extensions>
          <gpxtpx:TrackPointExtension>
            <gpxtpx:Extensions>
              <highway>motorway</highway>
              <surface>asphalt</surface>
              <maxspeed>unknown</maxspeed>
              <oneway>yes</oneway>
            </gpxtpx:Extensions>
          </gpxtpx:TrackPointExtension>
        </extensions>
      </trkpt>
      <trkpt lat="48.417617" lon="10.755538">
        <ele>535.75</ele>
        <extensions>
          <gpxtpx:TrackPointExtension>
            <gpxtpx:Extensions>
              <highway>motorway</highway>
              <surface>asphalt</surface>
              <maxspeed>unknown</maxspeed>
              <oneway>yes</oneway>
            </gpxtpx:Extensions>
          </gpxtpx:TrackPointExtension>
        </extensions>
      </trkpt>
      <trkpt lat="48.417854" lon="10.761405">
        <ele>513.25</ele>
        <extensions>
          <gpxtpx:TrackPointExtension>
            <gpxtpx:Extensions>
              <highway>motorway</highway>
              <surface>asphalt</surface>
              <maxspeed>unknown</maxspeed>
              <oneway>yes</oneway>
            </gpxtpx:Extensions>
          </gpxtpx:TrackPointExtension>
        </extensions>
      </trkpt>
      <trkpt lat="48.417953" lon="10.763731">
        <ele>509.5</ele>
        <extensions>
          <gpxtpx:TrackPointExtension>
            <gpxtpx:Extensions>
              <highway>motorway</highway>
              <surface>asphalt</surface>
              <maxspeed>unknown</maxspeed>
              <oneway>yes</oneway>
            </gpxtpx:Extensions>
          </gpxtpx:TrackPointExtension>
        </extensions>
      </trkpt>
      <trkpt lat="48.417979" lon="10.764341">
        <ele>507.75</ele>
        <extensions>
          <gpxtpx:TrackPointExtension>
            <gpxtpx:Extensions>
              <highway>motorway</highway>
              <surface>asphalt</surface>
              <maxspeed>unknown</maxspeed>
              <oneway>yes</oneway>
            </gpxtpx:Extensions>
          </gpxtpx:TrackPointExtension>
        </extensions>
      </trkpt>
      <trkpt lat="48.418131" lon="10.766793">
        <ele>505</ele>
        <extensions>
          <gpxtpx:TrackPointExtension>
            <gpxtpx:Extensions>
              <highway>motorway</highway>
              <surface>asphalt</surface>
              <maxspeed>unknown</maxspeed>
              <oneway>yes</oneway>
            </gpxtpx:Extensions>
          </gpxtpx:TrackPointExtension>
        </extensions>
      </trkpt>
      <trkpt lat="48.418276" lon="10.768702">
        <ele>490.75</ele>
        <extensions>
          <gpxtpx:TrackPointExtension>
            <gpxtpx:Extensions>
              <highway>motorway</highway>
              <surface>asphalt</surface>
              <maxspeed>unknown</maxspeed>
              <oneway>yes</oneway>
            </gpxtpx:Extensions>
          </gpxtpx:TrackPointExtension>
        </extensions>
      </trkpt>
      <trkpt lat="48.418282" lon="10.768777">
        <ele>490.25</ele>
        <extensions>
          <gpxtpx:TrackPointExtension>
            <gpxtpx:Extensions>
              <highway>motorway</highway>
              <surface>asphalt</surface>
              <maxspeed>unknown</maxspeed>
              <oneway>yes</oneway>
            </gpxtpx:Extensions>
          </gpxtpx:TrackPointExtension>
        </extensions>
      </trkpt>
      <trkpt lat="48.418399" lon="10.770105">
        <ele>484.75</ele>
        <extensions>
          <gpxtpx:TrackPointExtension>
            <gpxtpx:Extensions>
              <highway>motorway</highway>
              <surface>asphalt</surface>
              <maxspeed>unknown</maxspeed>
              <oneway>yes</oneway>
            </gpxtpx:Extensions>
          </gpxtpx:TrackPointExtension>
        </extensions>
      </trkpt>
      <trkpt lat="48.418597" lon="10.772102">
        <ele>487.5</ele>
        <extensions>
          <gpxtpx:TrackPointExtension>
            <gpxtpx:Extensions>
              <highway>motorway</highway>
              <surface>asphalt</surface>
              <maxspeed>unknown</maxspeed>
              <oneway>yes</oneway>
            </gpxtpx:Extensions>
          </gpxtpx:TrackPointExtension>
        </extensions>
      </trkpt>
      <trkpt lat="48.418812" lon="10.773877">
        <ele>493.5</ele>
        <extensions>
          <gpxtpx:TrackPointExtension>
            <gpxtpx:Extensions>
              <highway>motorway</highway>
              <surface>asphalt</surface>
              <maxspeed>unknown</maxspeed>
              <oneway>yes</oneway>
            </gpxtpx:Extensions>
          </gpxtpx:TrackPointExtension>
        </extensions>
      </trkpt>
      <trkpt lat="48.419059" lon="10.775804">
        <ele>492.25</ele>
        <extensions>
          <gpxtpx:TrackPointExtension>
            <gpxtpx:Extensions>
              <highway>motorway</highway>
              <surface>asphalt</surface>
              <maxspeed>unknown</maxspeed>
              <oneway>yes</oneway>
            </gpxtpx:Extensions>
          </gpxtpx:TrackPointExtension>
        </extensions>
      </trkpt>
      <trkpt lat="48.419231" lon="10.777322">
        <ele>490.25</ele>
        <extensions>
          <gpxtpx:TrackPointExtension>
            <gpxtpx:Extensions>
              <highway>motorway</highway>
              <surface>asphalt</surface>
              <maxspeed>unknown</maxspeed>
              <oneway>yes</oneway>
            </gpxtpx:Extensions>
          </gpxtpx:TrackPointExtension>
        </extensions>
      </trkpt>
      <trkpt lat="48.419347" lon="10.778469">
        <ele>492.5</ele>
        <extensions>
          <gpxtpx:TrackPointExtension>
            <gpxtpx:Extensions>
              <highway>motorway</highway>
              <surface>asphalt</surface>
              <maxspeed>unknown</maxspeed>
              <oneway>yes</oneway>
            </gpxtpx:Extensions>
          </gpxtpx:TrackPointExtension>
        </extensions>
      </trkpt>
      <trkpt lat="48.41953" lon="10.780427">
        <ele>492.5</ele>
        <extensions>
          <gpxtpx:TrackPointExtension>
            <gpxtpx:Extensions>
              <highway>motorway</highway>
              <surface>asphalt</surface>
              <maxspeed>unknown</maxspeed>
              <oneway>yes</oneway>
            </gpxtpx:Extensions>
          </gpxtpx:TrackPointExtension>
        </extensions>
      </trkpt>
      <trkpt lat="48.419669" lon="10.78219">
        <ele>494</ele>
        <extensions>
          <gpxtpx:TrackPointExtension>
            <gpxtpx:Extensions>
              <highway>motorway</highway>
              <surface>asphalt</surface>
              <maxspeed>unknown</maxspeed>
              <oneway>yes</oneway>
            </gpxtpx:Extensions>
          </gpxtpx:TrackPointExtension>
        </extensions>
      </trkpt>
      <trkpt lat="48.419743" lon="10.783437">
        <ele>490</ele>
        <extensions>
          <gpxtpx:TrackPointExtension>
            <gpxtpx:Extensions>
              <highway>motorway</highway>
              <surface>asphalt</surface>
              <maxspeed>unknown</maxspeed>
              <oneway>yes</oneway>
            </gpxtpx:Extensions>
          </gpxtpx:TrackPointExtension>
        </extensions>
      </trkpt>
      <trkpt lat="48.419869" lon="10.78637">
        <ele>486.75</ele>
        <extensions>
          <gpxtpx:TrackPointExtension>
            <gpxtpx:Extensions>
              <highway>motorway</highway>
              <surface>asphalt</surface>
              <maxspeed>unknown</maxspeed>
              <oneway>yes</oneway>
            </gpxtpx:Extensions>
          </gpxtpx:TrackPointExtension>
        </extensions>
      </trkpt>
      <trkpt lat="48.419894" lon="10.787104">
        <ele>486.5</ele>
        <extensions>
          <gpxtpx:TrackPointExtension>
            <gpxtpx:Extensions>
              <highway>motorway</highway>
              <surface>asphalt</surface>
              <maxspeed>unknown</maxspeed>
              <oneway>yes</oneway>
            </gpxtpx:Extensions>
          </gpxtpx:TrackPointExtension>
        </extensions>
      </trkpt>
      <trkpt lat="48.41993" lon="10.788991">
        <ele>483</ele>
        <extensions>
          <gpxtpx:TrackPointExtension>
            <gpxtpx:Extensions>
              <highway>motorway</highway>
              <surface>asphalt</surface>
              <maxspeed>unknown</maxspeed>
              <oneway>yes</oneway>
            </gpxtpx:Extensions>
          </gpxtpx:TrackPointExtension>
        </extensions>
      </trkpt>
      <trkpt lat="48.419982" lon="10.793681">
        <ele>471</ele>
        <extensions>
          <gpxtpx:TrackPointExtension>
            <gpxtpx:Extensions>
              <highway>motorway</highway>
              <surface>asphalt</surface>
              <maxspeed>unknown</maxspeed>
              <oneway>yes</oneway>
            </gpxtpx:Extensions>
          </gpxtpx:TrackPointExtension>
        </extensions>
      </trkpt>
      <trkpt lat="48.420014" lon="10.795808">
        <ele>471</ele>
        <extensions>
          <gpxtpx:TrackPointExtension>
            <gpxtpx:Extensions>
              <highway>motorway</highway>
              <surface>asphalt</surface>
              <maxspeed>unknown</maxspeed>
              <oneway>yes</oneway>
            </gpxtpx:Extensions>
          </gpxtpx:TrackPointExtension>
        </extensions>
      </trkpt>
      <trkpt lat="48.42002" lon="10.798118">
        <ele>466.75</ele>
        <extensions>
          <gpxtpx:TrackPointExtension>
            <gpxtpx:Extensions>
              <highway>motorway</highway>
              <surface>asphalt</surface>
              <maxspeed>unknown</maxspeed>
              <oneway>yes</oneway>
            </gpxtpx:Extensions>
          </gpxtpx:TrackPointExtension>
        </extensions>
      </trkpt>
      <trkpt lat="48.420005" lon="10.800551">
        <ele>465</ele>
        <extensions>
          <gpxtpx:TrackPointExtension>
            <gpxtpx:Extensions>
              <highway>motorway</highway>
              <surface>asphalt</surface>
              <maxspeed>unknown</maxspeed>
              <oneway>yes</oneway>
            </gpxtpx:Extensions>
          </gpxtpx:TrackPointExtension>
        </extensions>
      </trkpt>
      <trkpt lat="48.419964" lon="10.802082">
        <ele>463.5</ele>
        <extensions>
          <gpxtpx:TrackPointExtension>
            <gpxtpx:Extensions>
              <highway>motorway</highway>
              <surface>asphalt</surface>
              <maxspeed>unknown</maxspeed>
              <oneway>yes</oneway>
            </gpxtpx:Extensions>
          </gpxtpx:TrackPointExtension>
        </extensions>
      </trkpt>
      <trkpt lat="48.419915" lon="10.803357">
        <ele>467</ele>
        <extensions>
          <gpxtpx:TrackPointExtension>
            <gpxtpx:Extensions>
              <highway>motorway</highway>
              <surface>asphalt</surface>
              <maxspeed>unknown</maxspeed>
              <oneway>yes</oneway>
            </gpxtpx:Extensions>
          </gpxtpx:TrackPointExtension>
        </extensions>
      </trkpt>
      <trkpt lat="48.419813" lon="10.805563">
        <ele>475.75</ele>
      </trkpt>
    </trkseg>
  </trk>
</gpx>
